FID,Join_Count,TARGET_FID,JOIN_FID,ObjectID,NAME,STATE_NAME,STATE_FIPS,CNTY_FIPS,FIPS,SQMI,Cnty_Statu,Id,SwinePres
0,1,1,407,1,Monroe,Florida,12,087,12087,997.2, ,0,Yes
1,1,2,22,2,Kalawao,Hawaii,15,005,15005,13.2, ,0,Yes
2,1,3,27,3,Kauai,Hawaii,15,007,15007,627.3, ,0,Yes
3,1,3,28,3,Kauai,Hawaii,15,007,15007,627.3, ,0,Yes
4,1,3,29,3,Kauai,Hawaii,15,007,15007,627.3, ,0,Yes
5,1,4,23,4,Honolulu,Hawaii,15,003,15003,599.3, ,0,Yes
6,1,4,24,4,Honolulu,Hawaii,15,003,15003,599.3, ,0,Yes
7,1,4,25,4,Honolulu,Hawaii,15,003,15003,599.3, ,0,Yes
8,1,4,26,4,Honolulu,Hawaii,15,003,15003,599.3, ,0,Yes
9,1,5,20,5,Maui,Hawaii,15,009,15009,1160.2, ,0,Yes
10,1,5,21,5,Maui,Hawaii,15,009,15009,1160.2, ,0,Yes
11,1,5,22,5,Maui,Hawaii,15,009,15009,1160.2, ,0,Yes
12,1,6,16,6,Hawaii,Hawaii,15,001,15001,4028.5, ,0,Yes
13,1,6,17,6,Hawaii,Hawaii,15,001,15001,4028.5, ,0,Yes
14,1,6,18,6,Hawaii,Hawaii,15,001,15001,4028.5, ,0,Yes
15,1,6,19,6,Hawaii,Hawaii,15,001,15001,4028.5, ,0,Yes
16,1,14,613,14,Curry,Oregon,41,015,41015,1633.9, ,0,Yes
17,1,16,610,16,Del Norte,California,06,015,06015,1014.4, ,0,Yes
18,1,17,610,17,Humboldt,California,06,023,06023,3586.5, ,0,Yes
19,1,18,610,18,Trinity,California,06,105,06105,3207.6, ,0,Yes
20,1,19,610,19,Mendocino,California,06,045,06045,3513.3, ,0,Yes
21,1,20,610,20,Lake,California,06,033,06033,1329.9, ,0,Yes
22,1,21,610,21,Sonoma,California,06,097,06097,1590.5, ,0,Yes
23,1,22,610,22,Marin,California,06,041,06041,525, ,0,Yes
24,1,80,617,80,Wasco,Oregon,41,065,41065,2395.3, ,0,Yes
25,1,96,617,96,Gilliam,Oregon,41,021,41021,1222.9, ,0,Yes
26,1,97,617,97,Sherman,Oregon,41,055,41055,831.3, ,0,Yes
27,1,189,619,189,Rolette,North Dakota,38,079,38079,939.3, ,0,Yes
28,1,297,618,297,Dickinson,Michigan,26,043,26043,777.1, ,0,Yes
29,1,305,618,305,Marquette,Michigan,26,103,26103,1870.1, ,0,Yes
30,1,320,254,320,Cochise,Arizona,04,003,04003,6219.2, ,0,Yes
31,1,320,255,320,Cochise,Arizona,04,003,04003,6219.2, ,0,Yes
32,1,320,256,320,Cochise,Arizona,04,003,04003,6219.2, ,0,Yes
33,1,320,257,320,Cochise,Arizona,04,003,04003,6219.2, ,0,Yes
34,1,320,258,320,Cochise,Arizona,04,003,04003,6219.2, ,0,Yes
35,1,320,259,320,Cochise,Arizona,04,003,04003,6219.2, ,0,Yes
36,1,320,260,320,Cochise,Arizona,04,003,04003,6219.2, ,0,Yes
37,1,320,261,320,Cochise,Arizona,04,003,04003,6219.2, ,0,Yes
38,1,320,262,320,Cochise,Arizona,04,003,04003,6219.2, ,0,Yes
39,1,320,263,320,Cochise,Arizona,04,003,04003,6219.2, ,0,Yes
40,1,320,264,320,Cochise,Arizona,04,003,04003,6219.2, ,0,Yes
41,1,320,265,320,Cochise,Arizona,04,003,04003,6219.2, ,0,Yes
42,1,320,269,320,Cochise,Arizona,04,003,04003,6219.2, ,0,Yes
43,1,320,270,320,Cochise,Arizona,04,003,04003,6219.2, ,0,Yes
44,1,320,271,320,Cochise,Arizona,04,003,04003,6219.2, ,0,Yes
45,1,320,272,320,Cochise,Arizona,04,003,04003,6219.2, ,0,Yes
46,1,320,273,320,Cochise,Arizona,04,003,04003,6219.2, ,0,Yes
47,1,320,274,320,Cochise,Arizona,04,003,04003,6219.2, ,0,Yes
48,1,320,275,320,Cochise,Arizona,04,003,04003,6219.2, ,0,Yes
49,1,320,276,320,Cochise,Arizona,04,003,04003,6219.2, ,0,Yes
50,1,320,277,320,Cochise,Arizona,04,003,04003,6219.2, ,0,Yes
51,1,320,281,320,Cochise,Arizona,04,003,04003,6219.2, ,0,Yes
52,1,320,282,320,Cochise,Arizona,04,003,04003,6219.2, ,0,Yes
53,1,322,581,322,Crockett,Texas,48,105,48105,2807.4, ,0,Yes
54,1,323,581,323,Matagorda,Texas,48,321,48321,1144.9, ,0,Yes
55,1,324,581,324,Victoria,Texas,48,469,48469,888.9, ,0,Yes
56,1,325,581,325,Maverick,Texas,48,323,48323,1291.7, ,0,Yes
57,1,326,581,326,Hudspeth,Texas,48,229,48229,4571.9, ,0,Yes
58,1,328,581,328,Pecos,Texas,48,371,48371,4764.7, ,0,Yes
59,1,329,581,329,Brewster,Texas,48,043,48043,6192.8, ,0,Yes
60,1,330,581,330,Terrell,Texas,48,443,48443,2357.7, ,0,Yes
61,1,331,581,331,Presidio,Texas,48,377,48377,3856.2, ,0,Yes
62,1,332,581,332,Culberson,Texas,48,109,48109,3812.7, ,0,Yes
63,1,333,581,333,Reeves,Texas,48,389,48389,2642, ,0,Yes
64,1,334,581,334,Loving,Texas,48,301,48301,676.9, ,0,Yes
65,1,335,581,335,Crane,Texas,48,103,48103,785.6, ,0,Yes
66,1,336,581,336,Upton,Texas,48,461,48461,1241.8, ,0,Yes
67,1,337,581,337,Jeff Davis,Texas,48,243,48243,2264.6, ,0,Yes
68,1,338,581,338,Midland,Texas,48,329,48329,902, ,0,Yes
69,1,339,581,339,Winkler,Texas,48,495,48495,841.2, ,0,Yes
70,1,340,581,340,Ector,Texas,48,135,48135,901.7, ,0,Yes
71,1,341,581,341,Ward,Texas,48,475,48475,835.7, ,0,Yes
72,1,342,581,342,Hill,Texas,48,217,48217,986.3, ,0,Yes
73,1,343,581,343,Comanche,Texas,48,093,48093,947.7, ,0,Yes
74,1,344,581,344,Bosque,Texas,48,035,48035,1002.6, ,0,Yes
75,1,345,581,345,Lampasas,Texas,48,281,48281,713.5, ,0,Yes
76,1,346,581,346,Grimes,Texas,48,185,48185,801, ,0,Yes
77,1,347,581,347,Travis,Texas,48,453,48453,1023.7, ,0,Yes
78,1,348,581,348,Montgomery,Texas,48,339,48339,1076.7, ,0,Yes
79,1,349,581,349,Lee,Texas,48,287,48287,633.5, ,0,Yes
80,1,350,581,350,Liberty,Texas,48,291,48291,1176.4, ,0,Yes
81,1,351,581,351,Galveston,Texas,48,167,48167,403.3, ,0,Yes
82,1,352,581,352,Atascosa,Texas,48,013,48013,1235.6, ,0,Yes
83,1,353,581,353,Zavala,Texas,48,507,48507,1301.7, ,0,Yes
84,1,354,581,354,Frio,Texas,48,163,48163,1134.3, ,0,Yes
85,1,355,581,355,Gillespie,Texas,48,171,48171,1061.8, ,0,Yes
86,1,356,581,356,Blanco,Texas,48,031,48031,713.4, ,0,Yes
87,1,357,581,357,Edwards,Texas,48,137,48137,2119.9, ,0,Yes
88,1,358,581,358,Val Verde,Texas,48,465,48465,3232.4, ,0,Yes
89,1,359,581,359,Comal,Texas,48,091,48091,574.7, ,0,Yes
90,1,360,581,360,Bexar,Texas,48,029,48029,1256.1, ,0,Yes
91,1,361,581,361,Medina,Texas,48,325,48325,1334.5, ,0,Yes
92,1,362,581,362,Uvalde,Texas,48,463,48463,1558.6, ,0,Yes
93,1,363,581,363,Kinney,Texas,48,271,48271,1365.3, ,0,Yes
94,1,364,581,364,Kerr,Texas,48,265,48265,1107.7, ,0,Yes
95,1,365,581,365,Kendall,Texas,48,259,48259,663.1, ,0,Yes
96,1,366,581,366,Real,Texas,48,385,48385,700, ,0,Yes
97,1,367,581,367,Bandera,Texas,48,019,48019,797.5, ,0,Yes
98,1,368,581,368,Runnels,Texas,48,399,48399,1057.1, ,0,Yes
99,1,369,581,369,Tom Green,Texas,48,451,48451,1540.5, ,0,Yes
100,1,370,581,370,Reagan,Texas,48,383,48383,1176, ,0,Yes
101,1,371,581,371,Concho,Texas,48,095,48095,993.6, ,0,Yes
102,1,372,581,372,Irion,Texas,48,235,48235,1051.6, ,0,Yes
103,1,373,581,373,McCulloch,Texas,48,307,48307,1073.4, ,0,Yes
104,1,374,581,374,San Saba,Texas,48,411,48411,1138.8, ,0,Yes
105,1,375,581,375,Kimble,Texas,48,267,48267,1250.9, ,0,Yes
106,1,376,581,376,Sutton,Texas,48,435,48435,1454.4, ,0,Yes
107,1,377,581,377,Schleicher,Texas,48,413,48413,1310.7, ,0,Yes
108,1,378,581,378,Sterling,Texas,48,431,48431,923.5, ,0,Yes
109,1,379,581,379,Glasscock,Texas,48,173,48173,900.9, ,0,Yes
110,1,380,581,380,Coke,Texas,48,081,48081,928, ,0,Yes
111,1,381,581,381,Coleman,Texas,48,083,48083,1281.6, ,0,Yes
112,1,382,581,382,Brown,Texas,48,049,48049,956.9, ,0,Yes
113,1,383,581,383,Mills,Texas,48,333,48333,749.9, ,0,Yes
114,1,384,581,384,Menard,Texas,48,327,48327,902.2, ,0,Yes
115,1,385,581,385,Mason,Texas,48,319,48319,932.5, ,0,Yes
116,1,386,581,386,Llano,Texas,48,299,48299,965.6, ,0,Yes
117,1,387,581,387,Cherokee,Texas,48,073,48073,1062, ,0,Yes
118,1,388,581,388,Hamilton,Texas,48,193,48193,836.4, ,0,Yes
119,1,389,581,389,Limestone,Texas,48,293,48293,933.2, ,0,Yes
120,1,390,581,390,Coryell,Texas,48,099,48099,1056.7, ,0,Yes
121,1,391,581,391,Leon,Texas,48,289,48289,1080.4, ,0,Yes
122,1,392,581,392,Houston,Texas,48,225,48225,1236.8, ,0,Yes
123,1,393,581,393,Falls,Texas,48,145,48145,773.8, ,0,Yes
124,1,394,581,394,Trinity,Texas,48,455,48455,714, ,0,Yes
125,1,395,581,395,Robertson,Texas,48,395,48395,865.6, ,0,Yes
126,1,396,581,396,Bell,Texas,48,027,48027,1088.3, ,0,Yes
127,1,397,581,397,Polk,Texas,48,373,48373,1109.8, ,0,Yes
128,1,398,581,398,Burnet,Texas,48,053,48053,1021.4, ,0,Yes
129,1,399,581,399,Brazos,Texas,48,041,48041,590.7, ,0,Yes
130,1,400,581,400,San Jacinto,Texas,48,407,48407,627.9, ,0,Yes
131,1,401,581,401,Burleson,Texas,48,051,48051,677.8, ,0,Yes
132,1,402,581,402,Milam,Texas,48,331,48331,1021.8, ,0,Yes
133,1,403,581,403,Williamson,Texas,48,491,48491,1133.9, ,0,Yes
134,1,404,581,404,McLennan,Texas,48,309,48309,1060.2, ,0,Yes
135,1,405,581,405,Anderson,Texas,48,001,48001,1077.9, ,0,Yes
136,1,406,581,406,Freestone,Texas,48,161,48161,892.1, ,0,Yes
137,1,407,581,407,Madison,Texas,48,313,48313,472.4, ,0,Yes
138,1,408,581,408,Walker,Texas,48,471,48471,801.4, ,0,Yes
139,1,409,581,409,Washington,Texas,48,477,48477,621.5, ,0,Yes
140,1,410,581,410,Harris,Texas,48,201,48201,1773.5, ,0,Yes
141,1,411,581,411,Colorado,Texas,48,089,48089,973.2, ,0,Yes
142,1,412,581,412,Guadalupe,Texas,48,187,48187,714.6, ,0,Yes
143,1,413,581,413,Fort Bend,Texas,48,157,48157,884.8, ,0,Yes
144,1,414,581,414,Gonzales,Texas,48,177,48177,1069.8, ,0,Yes
145,1,415,581,415,Wharton,Texas,48,481,48481,1094.4, ,0,Yes
146,1,416,581,416,Wilson,Texas,48,493,48493,808.5, ,0,Yes
147,1,417,581,417,Jackson,Texas,48,239,48239,852.5, ,0,Yes
148,1,418,581,418,Karnes,Texas,48,255,48255,753.7, ,0,Yes
149,1,419,581,419,Lavaca,Texas,48,285,48285,970.6, ,0,Yes
150,1,420,581,420,DeWitt,Texas,48,123,48123,910.6, ,0,Yes
151,1,421,581,421,Bastrop,Texas,48,021,48021,895.9, ,0,Yes
152,1,422,581,422,Hays,Texas,48,209,48209,678.9, ,0,Yes
153,1,423,581,423,Fayette,Texas,48,149,48149,959.5, ,0,Yes
154,1,424,581,424,Caldwell,Texas,48,055,48055,546.9, ,0,Yes
155,1,425,581,425,Waller,Texas,48,473,48473,518.8, ,0,Yes
156,1,426,581,426,Austin,Texas,48,015,48015,656.6, ,0,Yes
157,1,427,581,427,Brazoria,Texas,48,039,48039,1442.5, ,0,Yes
158,1,428,581,428,Goliad,Texas,48,175,48175,859.1, ,0,Yes
159,1,429,581,429,Jim Hogg,Texas,48,247,48247,1136.2, ,0,Yes
160,1,430,581,430,Zapata,Texas,48,505,48505,1058.1, ,0,Yes
161,1,431,581,431,Brooks,Texas,48,047,48047,943.6, ,0,Yes
162,1,432,581,432,Kenedy,Texas,48,261,48261,1416.9, ,0,Yes
163,1,433,581,433,Starr,Texas,48,427,48427,1229.3, ,0,Yes
164,1,434,581,434,Hidalgo,Texas,48,215,48215,1582.6, ,0,Yes
165,1,435,581,435,La Salle,Texas,48,283,48283,1494.2, ,0,Yes
166,1,436,581,436,McMullen,Texas,48,311,48311,1142.7, ,0,Yes
167,1,437,581,437,Dimmit,Texas,48,127,48127,1334.5, ,0,Yes
168,1,438,581,438,Webb,Texas,48,479,48479,3375.5, ,0,Yes
169,1,439,581,439,Duval,Texas,48,131,48131,1795.6, ,0,Yes
170,1,440,581,440,Live Oak,Texas,48,297,48297,1078.9, ,0,Yes
171,1,441,581,441,Bee,Texas,48,025,48025,880.4, ,0,Yes
172,1,442,581,442,Refugio,Texas,48,391,48391,778.5, ,0,Yes
173,1,443,126,443,Calhoun,Texas,48,057,48057,530.9, ,0,Yes
174,1,443,581,443,Calhoun,Texas,48,057,48057,530.9, ,0,Yes
175,1,444,581,444,San Patricio,Texas,48,409,48409,704.3, ,0,Yes
176,1,445,581,445,Aransas,Texas,48,007,48007,242.6, ,0,Yes
177,1,446,581,446,Jim Wells,Texas,48,249,48249,868.3, ,0,Yes
178,1,447,581,447,Nueces,Texas,48,355,48355,841.3, ,0,Yes
179,1,448,581,448,Kleberg,Texas,48,273,48273,886.5, ,0,Yes
180,1,449,581,449,Willacy,Texas,48,489,48489,600.2, ,0,Yes
181,1,450,581,450,Cameron,Texas,48,061,48061,943.5, ,0,Yes
182,1,455,610,455,Siskiyou,California,06,093,06093,6347.5, ,0,Yes
183,1,457,252,457,Hidalgo,New Mexico,35,023,35023,3445.9, ,0,Yes
184,1,459,610,459,Napa,California,06,055,06055,788.1, ,0,Yes
185,1,460,418,460,Navajo,Arizona,04,017,04017,9959.5, ,0,Yes
186,1,462,431,462,Mohave,Arizona,04,015,04015,13470.8, ,0,Yes
187,1,462,528,462,Mohave,Arizona,04,015,04015,13470.8, ,0,Yes
188,1,465,610,465,Kern,California,06,029,06029,8161, ,0,Yes
189,1,466,431,466,San Bernardino,California,06,071,06071,20106, ,0,Yes
190,1,466,435,466,San Bernardino,California,06,071,06071,20106, ,0,Yes
191,1,467,610,467,San Luis Obispo,California,06,079,06079,3319.5, ,0,Yes
192,1,468,435,468,Riverside,California,06,065,06065,7302.9, ,0,Yes
193,1,469,610,469,Ventura,California,06,111,06111,1857.3, ,0,Yes
194,1,470,610,470,Santa Barbara,California,06,083,06083,2748.8, ,0,Yes
195,1,471,435,471,Orange,California,06,059,06059,799.2, ,0,Yes
196,1,472,435,472,San Diego,California,06,073,06073,4238.6, ,0,Yes
197,1,473,435,473,Los Angeles,California,06,037,06037,4086.8, ,0,Yes
198,1,473,610,473,Los Angeles,California,06,037,06037,4086.8, ,0,Yes
199,1,474,610,474,Sacramento,California,06,067,06067,995.3, ,0,Yes
200,1,475,610,475,Mono,California,06,051,06051,3131.8, ,0,Yes
201,1,477,610,477,Madera,California,06,039,06039,2153.7, ,0,Yes
202,1,478,610,478,Merced,California,06,047,06047,1963.7, ,0,Yes
203,1,479,610,479,Fresno,California,06,019,06019,6017.2, ,0,Yes
204,1,480,610,480,Inyo,California,06,027,06027,10227.2, ,0,Yes
205,1,481,610,481,Tulare,California,06,107,06107,4838.8, ,0,Yes
206,1,482,610,482,San Benito,California,06,069,06069,1390.8, ,0,Yes
207,1,483,610,483,Monterey,California,06,053,06053,3314.6, ,0,Yes
208,1,484,610,484,Kings,California,06,031,06031,1391.6, ,0,Yes
209,1,485,610,485,Amador,California,06,005,06005,604.6, ,0,Yes
210,1,486,610,486,Tuolumne,California,06,109,06109,2275.2, ,0,Yes
211,1,487,610,487,San Joaquin,California,06,077,06077,1431.5, ,0,Yes
212,1,488,610,488,Contra Costa,California,06,013,06013,750, ,0,Yes
213,1,489,610,489,Stanislaus,California,06,099,06099,1513.8, ,0,Yes
214,1,490,610,490,Alameda,California,06,001,06001,744, ,0,Yes
215,1,491,610,491,Mariposa,California,06,043,06043,1458.2, ,0,Yes
216,1,492,610,492,Santa Clara,California,06,085,06085,1298, ,0,Yes
217,1,493,610,493,Santa Cruz,California,06,087,06087,447.4, ,0,Yes
218,1,494,610,494,San Francisco,California,06,075,06075,47.2, ,0,Yes
219,1,495,610,495,San Mateo,California,06,081,06081,454.9, ,0,Yes
220,1,496,610,496,Solano,California,06,095,06095,848.9, ,0,Yes
221,1,497,610,497,Calaveras,California,06,009,06009,1042.6, ,0,Yes
222,1,498,574,498,Lincoln,Nevada,32,017,32017,10637.4, ,0,Yes
223,1,502,576,502,San Juan,Utah,49,037,49037,7933.2, ,0,Yes
224,1,505,558,505,Washington,Utah,49,053,49053,2429.6, ,0,Yes
225,1,507,403,507,Yavapai,Arizona,04,025,04025,8127.1, ,0,Yes
226,1,524,610,524,Yolo,California,06,113,06113,1023.3, ,0,Yes
227,1,525,610,525,Alpine,California,06,003,06003,743.2, ,0,Yes
228,1,527,610,527,Shasta,California,06,089,06089,3847.4, ,0,Yes
229,1,528,609,528,Lassen,California,06,035,06035,4720.4, ,0,Yes
230,1,528,610,528,Lassen,California,06,035,06035,4720.4, ,0,Yes
231,1,532,610,532,Tehama,California,06,103,06103,2962.1, ,0,Yes
232,1,533,610,533,Plumas,California,06,063,06063,2613.8, ,0,Yes
233,1,534,610,534,Glenn,California,06,021,06021,1327, ,0,Yes
234,1,536,610,536,Butte,California,06,007,06007,1677.7, ,0,Yes
235,1,537,610,537,Sierra,California,06,091,06091,962, ,0,Yes
236,1,538,610,538,Yuba,California,06,115,06115,643.2, ,0,Yes
237,1,540,610,540,Nevada,California,06,057,06057,974.8, ,0,Yes
238,1,541,610,541,Colusa,California,06,011,06011,1156.2, ,0,Yes
239,1,542,610,542,Placer,California,06,061,06061,1500.5, ,0,Yes
240,1,544,610,544,El Dorado,California,06,017,06017,1790, ,0,Yes
241,1,545,610,545,Sutter,California,06,101,06101,608.4, ,0,Yes
242,1,547,609,547,Modoc,California,06,049,06049,4203.4, ,0,Yes
243,1,547,610,547,Modoc,California,06,049,06049,4203.4, ,0,Yes
244,1,552,615,552,Harney,Oregon,41,025,41025,10226.6, ,0,Yes
245,1,555,612,555,Klamath,Oregon,41,035,41035,6135.7, ,0,Yes
246,1,557,617,557,Wheeler,Oregon,41,069,41069,1715.5, ,0,Yes
247,1,558,617,558,Jefferson,Oregon,41,031,41031,1791.2, ,0,Yes
248,1,559,617,559,Crook,Oregon,41,013,41013,2987.4, ,0,Yes
249,1,592,611,592,Box Elder,Utah,49,003,49003,6729, ,0,Yes
250,1,910,581,910,Quay,New Mexico,35,037,35037,2881.8, ,0,Yes
251,1,916,341,916,Lincoln,New Mexico,35,027,35027,4831.3, ,0,Yes
252,1,918,581,918,Lubbock,Texas,48,303,48303,900.7, ,0,Yes
253,1,919,581,919,Hockley,Texas,48,219,48219,908.6, ,0,Yes
254,1,920,581,920,Cochran,Texas,48,079,48079,775.3, ,0,Yes
255,1,921,341,921,Otero,New Mexico,35,035,35035,6627.3, ,0,Yes
256,1,928,581,928,Curry,New Mexico,35,009,35009,1407.8, ,0,Yes
257,1,930,581,930,Parmer,Texas,48,369,48369,885.2, ,0,Yes
258,1,931,581,931,Castro,Texas,48,069,48069,899.3, ,0,Yes
259,1,932,348,932,Roosevelt,New Mexico,35,041,35041,2454.7, ,0,Yes
260,1,932,581,932,Roosevelt,New Mexico,35,041,35041,2454.7, ,0,Yes
261,1,933,581,933,Hale,Texas,48,189,48189,1004.8, ,0,Yes
262,1,934,581,934,Randall,Texas,48,381,48381,922.4, ,0,Yes
263,1,935,581,935,Deaf Smith,Texas,48,117,48117,1498.3, ,0,Yes
264,1,936,581,936,Lamb,Texas,48,279,48279,1017.7, ,0,Yes
265,1,937,581,937,Bailey,Texas,48,017,48017,827.4, ,0,Yes
266,1,938,267,938,Lea,New Mexico,35,025,35025,4394, ,0,Yes
267,1,938,581,938,Lea,New Mexico,35,025,35025,4394, ,0,Yes
268,1,939,581,939,Lynn,Texas,48,305,48305,893.5, ,0,Yes
269,1,940,581,940,Terry,Texas,48,445,48445,890.9, ,0,Yes
270,1,941,581,941,Yoakum,Texas,48,501,48501,799.8, ,0,Yes
271,1,943,581,943,Dawson,Texas,48,115,48115,902.1, ,0,Yes
272,1,944,581,944,Gaines,Texas,48,165,48165,1502.8, ,0,Yes
273,1,945,581,945,Martin,Texas,48,317,48317,915.6, ,0,Yes
274,1,946,581,946,Andrews,Texas,48,003,48003,1501, ,0,Yes
275,1,955,581,955,Potter,Texas,48,375,48375,922, ,0,Yes
276,1,956,581,956,Oldham,Texas,48,359,48359,1501.4, ,0,Yes
277,1,981,559,981,Morton,Kansas,20,129,20129,729.9, ,0,Yes
278,1,985,581,985,Union,New Mexico,35,059,35059,3830.8, ,0,Yes
279,1,986,552,986,Cimarron,Oklahoma,40,025,40025,1841.2, ,0,Yes
280,1,986,553,986,Cimarron,Oklahoma,40,025,40025,1841.2, ,0,Yes
281,1,986,581,986,Cimarron,Oklahoma,40,025,40025,1841.2, ,0,Yes
282,1,988,581,988,Sherman,Texas,48,421,48421,923.2, ,0,Yes
283,1,989,581,989,Dallam,Texas,48,111,48111,1505.3, ,0,Yes
284,1,991,581,991,Hartley,Texas,48,205,48205,1463.2, ,0,Yes
285,1,992,581,992,Moore,Texas,48,341,48341,909.6, ,0,Yes
286,1,996,548,996,Texas,Oklahoma,40,139,40139,2048.8, ,0,Yes
287,1,997,581,997,Carson,Texas,48,065,48065,924.1, ,0,Yes
288,1,998,581,998,Gray,Texas,48,179,48179,929.3, ,0,Yes
289,1,999,581,999,Wheeler,Texas,48,483,48483,915.3, ,0,Yes
290,1,1000,581,1000,McIntosh,Oklahoma,40,091,40091,712.5, ,0,Yes
291,1,1001,581,1001,Alfalfa,Oklahoma,40,003,40003,881.4, ,0,Yes
292,1,1002,548,1002,Beaver,Oklahoma,40,007,40007,1817.6, ,0,Yes
293,1,1002,554,1002,Beaver,Oklahoma,40,007,40007,1817.6, ,0,Yes
294,1,1003,581,1003,Ellis,Oklahoma,40,045,40045,1231.7, ,0,Yes
295,1,1004,581,1004,Major,Oklahoma,40,093,40093,957.9, ,0,Yes
296,1,1005,581,1005,Lipscomb,Texas,48,295,48295,932.2, ,0,Yes
297,1,1006,581,1006,Hansford,Texas,48,195,48195,920.4, ,0,Yes
298,1,1007,581,1007,Ochiltree,Texas,48,357,48357,918.1, ,0,Yes
299,1,1008,581,1008,Roberts,Texas,48,393,48393,924.2, ,0,Yes
300,1,1009,581,1009,Hemphill,Texas,48,211,48211,912.1, ,0,Yes
301,1,1010,581,1010,Hutchinson,Texas,48,233,48233,894.9, ,0,Yes
302,1,1011,581,1011,Woods,Oklahoma,40,151,40151,1290.1, ,0,Yes
303,1,1012,554,1012,Harper,Oklahoma,40,059,40059,1041, ,0,Yes
304,1,1012,581,1012,Harper,Oklahoma,40,059,40059,1041, ,0,Yes
305,1,1013,581,1013,Woodward,Oklahoma,40,153,40153,1246, ,0,Yes
306,1,1014,581,1014,Blaine,Oklahoma,40,011,40011,938.9, ,0,Yes
307,1,1015,581,1015,Dewey,Oklahoma,40,043,40043,1008.3, ,0,Yes
308,1,1016,581,1016,Roger Mills,Oklahoma,40,129,40129,1146.6, ,0,Yes
309,1,1017,581,1017,Custer,Oklahoma,40,039,40039,1002, ,0,Yes
310,1,1029,554,1029,Meade,Kansas,20,119,20119,979.7, ,0,Yes
311,1,1041,581,1041,Comanche,Kansas,20,033,20033,789.7, ,0,Yes
312,1,1044,580,1044,Linn,Kansas,20,107,20107,606.3, ,0,Yes
313,1,1048,575,1048,Bourbon,Kansas,20,011,20011,638.8, ,0,Yes
314,1,1048,580,1048,Bourbon,Kansas,20,011,20011,638.8, ,0,Yes
315,1,1052,581,1052,Cherokee,Kansas,20,021,20021,591, ,0,Yes
316,1,1054,581,1054,Cowley,Kansas,20,035,20035,1132.6, ,0,Yes
317,1,1060,580,1060,Anderson,Kansas,20,003,20003,584.3, ,0,Yes
318,1,1062,580,1062,Allen,Kansas,20,001,20001,505.2, ,0,Yes
319,1,1066,581,1066,Montgomery,Kansas,20,125,20125,651.4, ,0,Yes
320,1,1067,581,1067,Labette,Kansas,20,099,20099,653.3, ,0,Yes
321,1,1068,581,1068,Chautauqua,Kansas,20,019,20019,644.8, ,0,Yes
322,1,1069,581,1069,Ottawa,Oklahoma,40,115,40115,484.7, ,0,Yes
323,1,1070,581,1070,Osage,Oklahoma,40,113,40113,2303.8, ,0,Yes
324,1,1071,581,1071,Delaware,Oklahoma,40,041,40041,792.3, ,0,Yes
325,1,1072,581,1072,Rogers,Oklahoma,40,131,40131,711.8, ,0,Yes
326,1,1073,581,1073,Pawnee,Oklahoma,40,117,40117,594.9, ,0,Yes
327,1,1074,581,1074,Mayes,Oklahoma,40,097,40097,683.5, ,0,Yes
328,1,1075,581,1075,Tulsa,Oklahoma,40,143,40143,587, ,0,Yes
329,1,1076,581,1076,Payne,Oklahoma,40,119,40119,697.1, ,0,Yes
330,1,1077,581,1077,Kingfisher,Oklahoma,40,073,40073,905.9, ,0,Yes
331,1,1078,581,1078,Logan,Oklahoma,40,083,40083,748.8, ,0,Yes
332,1,1079,581,1079,Lincoln,Oklahoma,40,081,40081,965.6, ,0,Yes
333,1,1080,581,1080,Canadian,Oklahoma,40,017,40017,905.4, ,0,Yes
334,1,1081,581,1081,Oklahoma,Oklahoma,40,109,40109,718.4, ,0,Yes
335,1,1082,581,1082,Kay,Oklahoma,40,071,40071,945.1, ,0,Yes
336,1,1084,581,1084,Noble,Oklahoma,40,103,40103,742.4, ,0,Yes
337,1,1085,581,1085,Garfield,Oklahoma,40,047,40047,1059.9, ,0,Yes
338,1,1086,581,1086,Craig,Oklahoma,40,035,40035,762.7, ,0,Yes
339,1,1087,581,1087,Nowata,Oklahoma,40,105,40105,580.9, ,0,Yes
340,1,1088,581,1088,Washington,Oklahoma,40,147,40147,424.2, ,0,Yes
341,1,1089,581,1089,Cherokee,Oklahoma,40,021,40021,776.4, ,0,Yes
342,1,1090,581,1090,Creek,Oklahoma,40,037,40037,969.8, ,0,Yes
343,1,1091,581,1091,Wagoner,Oklahoma,40,145,40145,590.7, ,0,Yes
344,1,1092,581,1092,Muskogee,Oklahoma,40,101,40101,839, ,0,Yes
345,1,1093,581,1093,Okmulgee,Oklahoma,40,111,40111,702.3, ,0,Yes
346,1,1094,581,1094,Okfuskee,Oklahoma,40,107,40107,628.8, ,0,Yes
347,1,1095,581,1095,Caddo,Oklahoma,40,015,40015,1290.3, ,0,Yes
348,1,1096,581,1096,Beckham,Oklahoma,40,009,40009,904.1, ,0,Yes
349,1,1097,581,1097,Washita,Oklahoma,40,149,40149,1009.1, ,0,Yes
350,1,1098,581,1098,Pottawatomie,Oklahoma,40,125,40125,793.3, ,0,Yes
351,1,1099,581,1099,Haskell,Oklahoma,40,061,40061,625.3, ,0,Yes
352,1,1100,581,1100,Seminole,Oklahoma,40,133,40133,640.7, ,0,Yes
353,1,1101,581,1101,McCurtain,Oklahoma,40,089,40089,1901.3, ,0,Yes
354,1,1102,581,1102,Clay,Texas,48,077,48077,1116.2, ,0,Yes
355,1,1103,581,1103,Montague,Texas,48,337,48337,938.4, ,0,Yes
356,1,1104,581,1104,Red River,Texas,48,387,48387,1057.6, ,0,Yes
357,1,1105,581,1105,Grayson,Texas,48,181,48181,978.6, ,0,Yes
358,1,1106,581,1106,Cooke,Texas,48,097,48097,898.7, ,0,Yes
359,1,1107,581,1107,Lamar,Texas,48,277,48277,932.5, ,0,Yes
360,1,1108,581,1108,Fannin,Texas,48,147,48147,899.2, ,0,Yes
361,1,1109,581,1109,King,Texas,48,269,48269,913.3, ,0,Yes
362,1,1110,581,1110,Dickens,Texas,48,125,48125,905.2, ,0,Yes
363,1,1111,581,1111,Crosby,Texas,48,107,48107,901.7, ,0,Yes
364,1,1112,581,1112,Archer,Texas,48,009,48009,925.8, ,0,Yes
365,1,1113,581,1113,Knox,Texas,48,275,48275,855.4, ,0,Yes
366,1,1114,581,1114,Baylor,Texas,48,023,48023,901, ,0,Yes
367,1,1115,581,1115,Erath,Texas,48,143,48143,1089.8, ,0,Yes
368,1,1116,581,1116,Navarro,Texas,48,349,48349,1086.3, ,0,Yes
369,1,1117,581,1117,Palo Pinto,Texas,48,363,48363,985.8, ,0,Yes
370,1,1118,581,1118,Shackelford,Texas,48,417,48417,915.5, ,0,Yes
371,1,1119,581,1119,Jones,Texas,48,253,48253,937.1, ,0,Yes
372,1,1120,581,1120,Fisher,Texas,48,151,48151,901.7, ,0,Yes
373,1,1121,581,1121,Scurry,Texas,48,415,48415,907.5, ,0,Yes
374,1,1122,581,1122,Borden,Texas,48,033,48033,906, ,0,Yes
375,1,1123,581,1123,Stephens,Texas,48,429,48429,921.5, ,0,Yes
376,1,1124,581,1124,Taylor,Texas,48,441,48441,919.3, ,0,Yes
377,1,1125,581,1125,Howard,Texas,48,227,48227,904.2, ,0,Yes
378,1,1126,581,1126,Mitchell,Texas,48,335,48335,915.9, ,0,Yes
379,1,1127,581,1127,Nolan,Texas,48,353,48353,913.9, ,0,Yes
380,1,1128,581,1128,Kent,Texas,48,263,48263,902.9, ,0,Yes
381,1,1129,581,1129,Stonewall,Texas,48,433,48433,920.2, ,0,Yes
382,1,1130,581,1130,Garza,Texas,48,169,48169,896.2, ,0,Yes
383,1,1131,581,1131,Haskell,Texas,48,207,48207,910.3, ,0,Yes
384,1,1132,581,1132,Throckmorton,Texas,48,447,48447,915.5, ,0,Yes
385,1,1133,581,1133,Young,Texas,48,503,48503,930.8, ,0,Yes
386,1,1134,581,1134,Eastland,Texas,48,133,48133,931.9, ,0,Yes
387,1,1135,581,1135,Callahan,Texas,48,059,48059,901.3, ,0,Yes
388,1,1136,581,1136,Comanche,Oklahoma,40,031,40031,1083.8, ,0,Yes
389,1,1137,581,1137,Jackson,Oklahoma,40,065,40065,803.9, ,0,Yes
390,1,1138,581,1138,Swisher,Texas,48,437,48437,900.7, ,0,Yes
391,1,1139,581,1139,Briscoe,Texas,48,045,48045,901.6, ,0,Yes
392,1,1140,581,1140,Childress,Texas,48,075,48075,713.6, ,0,Yes
393,1,1141,581,1141,Hall,Texas,48,191,48191,904.1, ,0,Yes
394,1,1142,581,1142,Tillman,Oklahoma,40,141,40141,879.4, ,0,Yes
395,1,1143,581,1143,Hardeman,Texas,48,197,48197,697, ,0,Yes
396,1,1144,581,1144,Motley,Texas,48,345,48345,989.8, ,0,Yes
397,1,1145,581,1145,Cottle,Texas,48,101,48101,901.6, ,0,Yes
398,1,1146,581,1146,Floyd,Texas,48,153,48153,992.5, ,0,Yes
399,1,1147,581,1147,Armstrong,Texas,48,011,48011,913.8, ,0,Yes
400,1,1148,581,1148,Collingsworth,Texas,48,087,48087,919.4, ,0,Yes
401,1,1149,581,1149,Donley,Texas,48,129,48129,933, ,0,Yes
402,1,1150,581,1150,Kiowa,Oklahoma,40,075,40075,1030.6, ,0,Yes
403,1,1151,581,1151,Greer,Oklahoma,40,055,40055,643.7, ,0,Yes
404,1,1152,581,1152,Harmon,Oklahoma,40,057,40057,538.6, ,0,Yes
405,1,1153,581,1153,Cotton,Oklahoma,40,033,40033,641.9, ,0,Yes
406,1,1154,581,1154,Wilbarger,Texas,48,487,48487,978.1, ,0,Yes
407,1,1155,581,1155,Foard,Texas,48,155,48155,707.7, ,0,Yes
408,1,1156,581,1156,Wichita,Texas,48,485,48485,633, ,0,Yes
409,1,1157,581,1157,Cleveland,Oklahoma,40,027,40027,558.7, ,0,Yes
410,1,1158,581,1158,Coal,Oklahoma,40,029,40029,521.3, ,0,Yes
411,1,1159,581,1159,Pushmataha,Oklahoma,40,127,40127,1422.8, ,0,Yes
412,1,1160,581,1160,Atoka,Oklahoma,40,005,40005,990, ,0,Yes
413,1,1161,581,1161,Stephens,Oklahoma,40,137,40137,891.1, ,0,Yes
414,1,1162,581,1162,Murray,Oklahoma,40,099,40099,424.9, ,0,Yes
415,1,1163,581,1163,Johnston,Oklahoma,40,069,40069,658.3, ,0,Yes
416,1,1164,581,1164,Carter,Oklahoma,40,019,40019,833.7, ,0,Yes
417,1,1165,581,1165,Jefferson,Oklahoma,40,067,40067,773.8, ,0,Yes
418,1,1166,581,1166,Marshall,Oklahoma,40,095,40095,427, ,0,Yes
419,1,1167,581,1167,Love,Oklahoma,40,085,40085,531.9, ,0,Yes
420,1,1168,581,1168,Grady,Oklahoma,40,051,40051,1105.2, ,0,Yes
421,1,1169,581,1169,McClain,Oklahoma,40,087,40087,579.7, ,0,Yes
422,1,1170,581,1170,Pontotoc,Oklahoma,40,123,40123,725.5, ,0,Yes
423,1,1171,581,1171,Garvin,Oklahoma,40,049,40049,813.7, ,0,Yes
424,1,1172,581,1172,Pittsburg,Oklahoma,40,121,40121,1377.9, ,0,Yes
425,1,1173,581,1173,Hughes,Oklahoma,40,063,40063,814.6, ,0,Yes
426,1,1174,581,1174,Latimer,Oklahoma,40,077,40077,729.1, ,0,Yes
427,1,1175,581,1175,Bryan,Oklahoma,40,013,40013,943.4, ,0,Yes
428,1,1176,581,1176,Choctaw,Oklahoma,40,023,40023,800.7, ,0,Yes
429,1,1177,581,1177,Jack,Texas,48,237,48237,920.1, ,0,Yes
430,1,1178,581,1178,Collin,Texas,48,085,48085,886.2, ,0,Yes
431,1,1179,581,1179,Wood,Texas,48,499,48499,695.8, ,0,Yes
432,1,1180,581,1180,Parker,Texas,48,367,48367,909.5, ,0,Yes
433,1,1181,581,1181,Tarrant,Texas,48,439,48439,897.6, ,0,Yes
434,1,1182,581,1182,Dallas,Texas,48,113,48113,907.7, ,0,Yes
435,1,1183,581,1183,Rains,Texas,48,379,48379,259, ,0,Yes
436,1,1184,581,1184,Gregg,Texas,48,183,48183,276.3, ,0,Yes
437,1,1185,581,1185,Johnson,Texas,48,251,48251,733.8, ,0,Yes
438,1,1186,581,1186,Hood,Texas,48,221,48221,437, ,0,Yes
439,1,1187,581,1187,Ellis,Texas,48,139,48139,951.9, ,0,Yes
440,1,1188,581,1188,Somervell,Texas,48,425,48425,192, ,0,Yes
441,1,1189,581,1189,Wise,Texas,48,497,48497,922.7, ,0,Yes
442,1,1190,581,1190,Denton,Texas,48,121,48121,958.2, ,0,Yes
443,1,1191,581,1191,Delta,Texas,48,119,48119,277.9, ,0,Yes
444,1,1192,581,1192,Hunt,Texas,48,231,48231,881.8, ,0,Yes
445,1,1193,581,1193,Titus,Texas,48,449,48449,425.7, ,0,Yes
446,1,1194,581,1194,Franklin,Texas,48,159,48159,294.8, ,0,Yes
447,1,1195,581,1195,Hopkins,Texas,48,223,48223,793.1, ,0,Yes
448,1,1196,581,1196,Camp,Texas,48,063,48063,203.2, ,0,Yes
449,1,1197,581,1197,Rockwall,Texas,48,397,48397,148.8, ,0,Yes
450,1,1198,581,1198,Upshur,Texas,48,459,48459,592.8, ,0,Yes
451,1,1199,581,1199,Kaufman,Texas,48,257,48257,806.4, ,0,Yes
452,1,1200,581,1200,Van Zandt,Texas,48,467,48467,859.4, ,0,Yes
453,1,1201,581,1201,Smith,Texas,48,423,48423,949.9, ,0,Yes
454,1,1202,581,1202,Henderson,Texas,48,213,48213,949.1, ,0,Yes
455,1,1205,491,1205,Hyde,North Carolina,37,095,37095,692, ,0,Yes
456,1,1205,504,1205,Hyde,North Carolina,37,095,37095,692, ,0,Yes
457,1,1206,407,1206,Tattnall,Georgia,13,267,13267,488.2, ,0,Yes
458,1,1207,476,1207,White,Arkansas,05,145,05145,1042.2, ,0,Yes
459,1,1207,581,1207,White,Arkansas,05,145,05145,1042.2, ,0,Yes
460,1,1208,516,1208,Shelby,Tennessee,47,157,47157,783.7, ,0,Yes
461,1,1209,581,1209,Conway,Arkansas,05,029,05029,566.7, ,0,Yes
462,1,1210,581,1210,Sebastian,Arkansas,05,131,05131,545.9, ,0,Yes
463,1,1211,581,1211,Cross,Arkansas,05,037,05037,622.3, ,0,Yes
464,1,1212,476,1212,Woodruff,Arkansas,05,147,05147,594.1, ,0,Yes
465,1,1212,581,1212,Woodruff,Arkansas,05,147,05147,594.1, ,0,Yes
466,1,1213,581,1213,Le Flore,Oklahoma,40,079,40079,1608, ,0,Yes
467,1,1214,389,1214,Franklin,Alabama,01,059,01059,646.5, ,0,Yes
468,1,1214,419,1214,Franklin,Alabama,01,059,01059,646.5, ,0,Yes
469,1,1215,581,1215,Arkansas,Arkansas,05,001,05001,1033.8, ,0,Yes
470,1,1216,581,1216,Desha,Arkansas,05,041,05041,819.5, ,0,Yes
471,1,1217,359,1217,Bolivar,Mississippi,28,011,28011,905.8, ,0,Yes
472,1,1217,581,1217,Bolivar,Mississippi,28,011,28011,905.8, ,0,Yes
473,1,1218,356,1218,Lamar,Alabama,01,075,01075,605.5, ,0,Yes
474,1,1218,581,1218,Lamar,Alabama,01,075,01075,605.5, ,0,Yes
475,1,1219,581,1219,Hempstead,Arkansas,05,057,05057,741.4, ,0,Yes
476,1,1220,319,1220,Sunflower,Mississippi,28,133,28133,707.2, ,0,Yes
477,1,1220,329,1220,Sunflower,Mississippi,28,133,28133,707.2, ,0,Yes
478,1,1220,344,1220,Sunflower,Mississippi,28,133,28133,707.2, ,0,Yes
479,1,1220,359,1220,Sunflower,Mississippi,28,133,28133,707.2, ,0,Yes
480,1,1221,581,1221,Nevada,Arkansas,05,099,05099,620.8, ,0,Yes
481,1,1222,581,1222,Little River,Arkansas,05,081,05081,564.9, ,0,Yes
482,1,1223,581,1223,Ouachita,Arkansas,05,103,05103,739.6, ,0,Yes
483,1,1224,316,1224,Leflore,Mississippi,28,083,28083,606.3, ,0,Yes
484,1,1224,327,1224,Leflore,Mississippi,28,083,28083,606.3, ,0,Yes
485,1,1224,329,1224,Leflore,Mississippi,28,083,28083,606.3, ,0,Yes
486,1,1224,344,1224,Leflore,Mississippi,28,083,28083,606.3, ,0,Yes
487,1,1224,417,1224,Leflore,Mississippi,28,083,28083,606.3, ,0,Yes
488,1,1224,581,1224,Leflore,Mississippi,28,083,28083,606.3, ,0,Yes
489,1,1225,345,1225,Clay,Mississippi,28,025,28025,416, ,0,Yes
490,1,1225,349,1225,Clay,Mississippi,28,025,28025,416, ,0,Yes
491,1,1225,350,1225,Clay,Mississippi,28,025,28025,416, ,0,Yes
492,1,1225,581,1225,Clay,Mississippi,28,025,28025,416, ,0,Yes
493,1,1226,581,1226,Calhoun,Arkansas,05,013,05013,632.5, ,0,Yes
494,1,1227,581,1227,Franklin,Louisiana,22,041,22041,635.4, ,0,Yes
495,1,1228,581,1228,Rusk,Texas,48,401,48401,938.6, ,0,Yes
496,1,1229,581,1229,De Soto,Louisiana,22,031,22031,894.6, ,0,Yes
497,1,1230,581,1230,Red River,Louisiana,22,081,22081,402.1, ,0,Yes
498,1,1231,581,1231,Drew,Arkansas,05,043,05043,835.7, ,0,Yes
499,1,1232,581,1232,Caddo,Louisiana,22,017,22017,936.4, ,0,Yes
500,1,1233,581,1233,Bossier,Louisiana,22,015,22015,867.2, ,0,Yes
501,1,1234,581,1234,Webster,Louisiana,22,119,22119,615.1, ,0,Yes
502,1,1235,581,1235,Claiborne,Louisiana,22,027,22027,767.5, ,0,Yes
503,1,1236,581,1236,Union,Louisiana,22,111,22111,905.3, ,0,Yes
504,1,1237,581,1237,Morehouse,Louisiana,22,067,22067,805.2, ,0,Yes
505,1,1238,299,1238,West Carroll,Louisiana,22,123,22123,360.3, ,0,Yes
506,1,1238,581,1238,West Carroll,Louisiana,22,123,22123,360.3, ,0,Yes
507,1,1239,581,1239,Bienville,Louisiana,22,013,22013,821.8, ,0,Yes
508,1,1240,581,1240,Panola,Texas,48,365,48365,821.3, ,0,Yes
509,1,1241,581,1241,Caldwell,Louisiana,22,021,22021,540.7, ,0,Yes
510,1,1242,581,1242,Marion,Texas,48,315,48315,420.4, ,0,Yes
511,1,1243,581,1243,Harrison,Texas,48,203,48203,915.1, ,0,Yes
512,1,1244,581,1244,Bowie,Texas,48,037,48037,922.8, ,0,Yes
513,1,1245,581,1245,Miller,Arkansas,05,091,05091,637.5, ,0,Yes
514,1,1246,581,1246,Lafayette,Arkansas,05,073,05073,545.1, ,0,Yes
515,1,1247,581,1247,Columbia,Arkansas,05,027,05027,766.9, ,0,Yes
516,1,1248,581,1248,Morris,Texas,48,343,48343,258.6, ,0,Yes
517,1,1249,581,1249,Cass,Texas,48,067,48067,960.3, ,0,Yes
518,1,1250,581,1250,Bradley,Arkansas,05,011,05011,654.4, ,0,Yes
519,1,1251,581,1251,Ashley,Arkansas,05,003,05003,939.1, ,0,Yes
520,1,1252,581,1252,Union,Arkansas,05,139,05139,1055.3, ,0,Yes
521,1,1253,581,1253,Lincoln,Louisiana,22,061,22061,472.3, ,0,Yes
522,1,1254,581,1254,Ouachita,Louisiana,22,073,22073,632.7, ,0,Yes
523,1,1255,581,1255,Richland,Louisiana,22,083,22083,564.5, ,0,Yes
524,1,1256,581,1256,Jackson,Louisiana,22,049,22049,580.3, ,0,Yes
525,1,1257,581,1257,Logan,Arkansas,05,083,05083,731.5, ,0,Yes
526,1,1258,581,1258,Perry,Arkansas,05,105,05105,560.6, ,0,Yes
527,1,1259,581,1259,Saline,Arkansas,05,125,05125,730.5, ,0,Yes
528,1,1260,581,1260,Garland,Arkansas,05,051,05051,734.6, ,0,Yes
529,1,1261,581,1261,Montgomery,Arkansas,05,097,05097,800.3, ,0,Yes
530,1,1262,581,1262,Polk,Arkansas,05,113,05113,862.4, ,0,Yes
531,1,1263,581,1263,Hot Spring,Arkansas,05,059,05059,622.2, ,0,Yes
532,1,1264,581,1264,Clark,Arkansas,05,019,05019,882.6, ,0,Yes
533,1,1265,581,1265,Howard,Arkansas,05,061,05061,595.2, ,0,Yes
534,1,1266,581,1266,Pike,Arkansas,05,109,05109,613.9, ,0,Yes
535,1,1267,581,1267,Sevier,Arkansas,05,133,05133,581.3, ,0,Yes
536,1,1268,581,1268,Yell,Arkansas,05,149,05149,948.8, ,0,Yes
537,1,1269,581,1269,Scott,Arkansas,05,127,05127,898.2, ,0,Yes
538,1,1270,466,1270,Faulkner,Arkansas,05,045,05045,664.2, ,0,Yes
539,1,1270,467,1270,Faulkner,Arkansas,05,045,05045,664.2, ,0,Yes
540,1,1270,474,1270,Faulkner,Arkansas,05,045,05045,664.2, ,0,Yes
541,1,1270,581,1270,Faulkner,Arkansas,05,045,05045,664.2, ,0,Yes
542,1,1271,476,1271,Prairie,Arkansas,05,117,05117,675.7, ,0,Yes
543,1,1271,581,1271,Prairie,Arkansas,05,117,05117,675.7, ,0,Yes
544,1,1273,581,1273,Pulaski,Arkansas,05,119,05119,806.8, ,0,Yes
545,1,1274,581,1274,Grant,Arkansas,05,053,05053,633, ,0,Yes
546,1,1275,581,1275,Jefferson,Arkansas,05,069,05069,914, ,0,Yes
547,1,1276,581,1276,Lincoln,Arkansas,05,079,05079,572.2, ,0,Yes
548,1,1277,581,1277,Dallas,Arkansas,05,039,05039,668.2, ,0,Yes
549,1,1278,581,1278,Cleveland,Arkansas,05,025,05025,598.8, ,0,Yes
550,1,1279,444,1279,Crittenden,Arkansas,05,035,05035,636.7, ,0,Yes
551,1,1279,445,1279,Crittenden,Arkansas,05,035,05035,636.7, ,0,Yes
552,1,1279,516,1279,Crittenden,Arkansas,05,035,05035,636.7, ,0,Yes
553,1,1280,464,1280,Hardeman,Tennessee,47,069,47069,670.4, ,0,Yes
554,1,1280,468,1280,Hardeman,Tennessee,47,069,47069,670.4, ,0,Yes
555,1,1280,480,1280,Hardeman,Tennessee,47,069,47069,670.4, ,0,Yes
556,1,1281,468,1281,Hardin,Tennessee,47,071,47071,596.3, ,0,Yes
557,1,1282,464,1282,Fayette,Tennessee,47,047,47047,706.2, ,0,Yes
558,1,1283,468,1283,McNairy,Tennessee,47,109,47109,560.8, ,0,Yes
559,1,1284,581,1284,Monroe,Arkansas,05,095,05095,621.4, ,0,Yes
560,1,1285,443,1285,Marshall,Mississippi,28,093,28093,709.8, ,0,Yes
561,1,1285,464,1285,Marshall,Mississippi,28,093,28093,709.8, ,0,Yes
562,1,1286,383,1286,Tunica,Mississippi,28,143,28143,480.8, ,0,Yes
563,1,1286,417,1286,Tunica,Mississippi,28,143,28143,480.8, ,0,Yes
564,1,1286,581,1286,Tunica,Mississippi,28,143,28143,480.8, ,0,Yes
565,1,1287,581,1287,Phillips,Arkansas,05,107,05107,727.3, ,0,Yes
566,1,1288,380,1288,Union,Mississippi,28,145,28145,416.9, ,0,Yes
567,1,1288,396,1288,Union,Mississippi,28,145,28145,416.9, ,0,Yes
568,1,1288,443,1288,Union,Mississippi,28,145,28145,416.9, ,0,Yes
569,1,1288,446,1288,Union,Mississippi,28,145,28145,416.9, ,0,Yes
570,1,1289,380,1289,Lafayette,Mississippi,28,071,28071,679.3, ,0,Yes
571,1,1289,417,1289,Lafayette,Mississippi,28,071,28071,679.3, ,0,Yes
572,1,1289,443,1289,Lafayette,Mississippi,28,071,28071,679.3, ,0,Yes
573,1,1290,417,1290,Panola,Mississippi,28,107,28107,705.1, ,0,Yes
574,1,1291,581,1291,Marion,Alabama,01,093,01093,743.6, ,0,Yes
575,1,1292,359,1292,Coahoma,Mississippi,28,027,28027,583.1, ,0,Yes
576,1,1292,378,1292,Coahoma,Mississippi,28,027,28027,583.1, ,0,Yes
577,1,1292,383,1292,Coahoma,Mississippi,28,027,28027,583.1, ,0,Yes
578,1,1292,581,1292,Coahoma,Mississippi,28,027,28027,583.1, ,0,Yes
579,1,1293,383,1293,Quitman,Mississippi,28,119,28119,406.5, ,0,Yes
580,1,1293,417,1293,Quitman,Mississippi,28,119,28119,406.5, ,0,Yes
581,1,1294,417,1294,Yalobusha,Mississippi,28,161,28161,495, ,0,Yes
582,1,1295,359,1295,Tallahatchie,Mississippi,28,135,28135,652.1, ,0,Yes
583,1,1295,417,1295,Tallahatchie,Mississippi,28,135,28135,652.1, ,0,Yes
584,1,1296,417,1296,Grenada,Mississippi,28,043,28043,449.4, ,0,Yes
585,1,1297,581,1297,St. Francis,Arkansas,05,123,05123,642.4, ,0,Yes
586,1,1298,417,1298,DeSoto,Mississippi,28,033,28033,496.8, ,0,Yes
587,1,1298,443,1298,DeSoto,Mississippi,28,033,28033,496.8, ,0,Yes
588,1,1298,444,1298,DeSoto,Mississippi,28,033,28033,496.8, ,0,Yes
589,1,1299,581,1299,Lee,Arkansas,05,077,05077,619.5, ,0,Yes
590,1,1300,417,1300,Tate,Mississippi,28,137,28137,410.9, ,0,Yes
591,1,1301,424,1301,Alcorn,Mississippi,28,003,28003,401.4, ,0,Yes
592,1,1301,429,1301,Alcorn,Mississippi,28,003,28003,401.4, ,0,Yes
593,1,1301,433,1301,Alcorn,Mississippi,28,003,28003,401.4, ,0,Yes
594,1,1301,446,1301,Alcorn,Mississippi,28,003,28003,401.4, ,0,Yes
595,1,1301,448,1301,Alcorn,Mississippi,28,003,28003,401.4, ,0,Yes
596,1,1301,468,1301,Alcorn,Mississippi,28,003,28003,401.4, ,0,Yes
597,1,1302,402,1302,Tishomingo,Mississippi,28,141,28141,444.5, ,0,Yes
598,1,1302,424,1302,Tishomingo,Mississippi,28,141,28141,444.5, ,0,Yes
599,1,1302,442,1302,Tishomingo,Mississippi,28,141,28141,444.5, ,0,Yes
600,1,1302,468,1302,Tishomingo,Mississippi,28,141,28141,444.5, ,0,Yes
601,1,1303,446,1303,Tippah,Mississippi,28,139,28139,460, ,0,Yes
602,1,1303,468,1303,Tippah,Mississippi,28,139,28139,460, ,0,Yes
603,1,1304,443,1304,Benton,Mississippi,28,009,28009,408.6, ,0,Yes
604,1,1304,464,1304,Benton,Mississippi,28,009,28009,408.6, ,0,Yes
605,1,1305,393,1305,Prentiss,Mississippi,28,117,28117,418.2, ,0,Yes
606,1,1305,404,1305,Prentiss,Mississippi,28,117,28117,418.2, ,0,Yes
607,1,1305,424,1305,Prentiss,Mississippi,28,117,28117,418.2, ,0,Yes
608,1,1305,446,1305,Prentiss,Mississippi,28,117,28117,418.2, ,0,Yes
609,1,1306,362,1306,Lee,Mississippi,28,081,28081,453.1, ,0,Yes
610,1,1306,367,1306,Lee,Mississippi,28,081,28081,453.1, ,0,Yes
611,1,1306,393,1306,Lee,Mississippi,28,081,28081,453.1, ,0,Yes
612,1,1306,424,1306,Lee,Mississippi,28,081,28081,453.1, ,0,Yes
613,1,1307,367,1307,Itawamba,Mississippi,28,057,28057,540.4, ,0,Yes
614,1,1307,393,1307,Itawamba,Mississippi,28,057,28057,540.4, ,0,Yes
615,1,1307,424,1307,Itawamba,Mississippi,28,057,28057,540.4, ,0,Yes
616,1,1307,581,1307,Itawamba,Mississippi,28,057,28057,540.4, ,0,Yes
617,1,1308,362,1308,Pontotoc,Mississippi,28,115,28115,501, ,0,Yes
618,1,1308,376,1308,Pontotoc,Mississippi,28,115,28115,501, ,0,Yes
619,1,1308,377,1308,Pontotoc,Mississippi,28,115,28115,501, ,0,Yes
620,1,1308,380,1308,Pontotoc,Mississippi,28,115,28115,501, ,0,Yes
621,1,1308,417,1308,Pontotoc,Mississippi,28,115,28115,501, ,0,Yes
622,1,1309,417,1309,Calhoun,Mississippi,28,013,28013,588, ,0,Yes
623,1,1310,361,1310,Monroe,Mississippi,28,095,28095,772, ,0,Yes
624,1,1310,362,1310,Monroe,Mississippi,28,095,28095,772, ,0,Yes
625,1,1310,424,1310,Monroe,Mississippi,28,095,28095,772, ,0,Yes
626,1,1310,581,1310,Monroe,Mississippi,28,095,28095,772, ,0,Yes
627,1,1311,362,1311,Chickasaw,Mississippi,28,017,28017,504.3, ,0,Yes
628,1,1311,417,1311,Chickasaw,Mississippi,28,017,28017,504.3, ,0,Yes
629,1,1311,581,1311,Chickasaw,Mississippi,28,017,28017,504.3, ,0,Yes
630,1,1312,581,1312,Lowndes,Mississippi,28,087,28087,516.5, ,0,Yes
631,1,1313,581,1313,Montgomery,Mississippi,28,097,28097,407.9, ,0,Yes
632,1,1314,581,1314,Chicot,Arkansas,05,017,05017,690.9, ,0,Yes
633,1,1315,301,1315,Attala,Mississippi,28,007,28007,737.1, ,0,Yes
634,1,1315,314,1315,Attala,Mississippi,28,007,28007,737.1, ,0,Yes
635,1,1315,581,1315,Attala,Mississippi,28,007,28007,737.1, ,0,Yes
636,1,1316,322,1316,Greene,Alabama,01,063,01063,659.9, ,0,Yes
637,1,1316,407,1316,Greene,Alabama,01,063,01063,659.9, ,0,Yes
638,1,1317,581,1317,Sharkey,Mississippi,28,125,28125,434.9, ,0,Yes
639,1,1318,581,1318,Yazoo,Mississippi,28,163,28163,934.1, ,0,Yes
640,1,1319,581,1319,Issaquena,Mississippi,28,055,28055,441.4, ,0,Yes
641,1,1320,581,1320,East Carroll,Louisiana,22,035,22035,442.4, ,0,Yes
642,1,1321,407,1321,Sumter,Alabama,01,119,01119,913.3, ,0,Yes
643,1,1322,288,1322,Neshoba,Mississippi,28,099,28099,571.6, ,0,Yes
644,1,1322,300,1322,Neshoba,Mississippi,28,099,28099,571.6, ,0,Yes
645,1,1322,314,1322,Neshoba,Mississippi,28,099,28099,571.6, ,0,Yes
646,1,1323,286,1323,Leake,Mississippi,28,079,28079,585.4, ,0,Yes
647,1,1323,290,1323,Leake,Mississippi,28,079,28079,585.4, ,0,Yes
648,1,1323,291,1323,Leake,Mississippi,28,079,28079,585.4, ,0,Yes
649,1,1323,301,1323,Leake,Mississippi,28,079,28079,585.4, ,0,Yes
650,1,1323,314,1323,Leake,Mississippi,28,079,28079,585.4, ,0,Yes
651,1,1324,314,1324,Kemper,Mississippi,28,069,28069,767, ,0,Yes
652,1,1324,407,1324,Kemper,Mississippi,28,069,28069,767, ,0,Yes
653,1,1325,285,1325,Scott,Mississippi,28,123,28123,610.4, ,0,Yes
654,1,1325,286,1325,Scott,Mississippi,28,123,28123,610.4, ,0,Yes
655,1,1325,290,1325,Scott,Mississippi,28,123,28123,610.4, ,0,Yes
656,1,1325,314,1325,Scott,Mississippi,28,123,28123,610.4, ,0,Yes
657,1,1326,581,1326,Madison,Louisiana,22,065,22065,650.5, ,0,Yes
658,1,1327,314,1327,Madison,Mississippi,28,089,28089,741.9, ,0,Yes
659,1,1327,581,1327,Madison,Mississippi,28,089,28089,741.9, ,0,Yes
660,1,1328,581,1328,Warren,Mississippi,28,149,28149,618.8, ,0,Yes
661,1,1329,286,1329,Rankin,Mississippi,28,121,28121,806.1, ,0,Yes
662,1,1329,314,1329,Rankin,Mississippi,28,121,28121,806.1, ,0,Yes
663,1,1330,314,1330,Hinds,Mississippi,28,049,28049,877.3, ,0,Yes
664,1,1330,581,1330,Hinds,Mississippi,28,049,28049,877.3, ,0,Yes
665,1,1331,317,1331,Carroll,Mississippi,28,015,28015,634.5, ,0,Yes
666,1,1331,417,1331,Carroll,Mississippi,28,015,28015,634.5, ,0,Yes
667,1,1331,581,1331,Carroll,Mississippi,28,015,28015,634.5, ,0,Yes
668,1,1332,319,1332,Washington,Mississippi,28,151,28151,761.3, ,0,Yes
669,1,1332,326,1332,Washington,Mississippi,28,151,28151,761.3, ,0,Yes
670,1,1332,581,1332,Washington,Mississippi,28,151,28151,761.3, ,0,Yes
671,1,1333,581,1333,Holmes,Mississippi,28,051,28051,764.2, ,0,Yes
672,1,1334,316,1334,Humphreys,Mississippi,28,053,28053,431.2, ,0,Yes
673,1,1334,581,1334,Humphreys,Mississippi,28,053,28053,431.2, ,0,Yes
674,1,1335,581,1335,Webster,Mississippi,28,155,28155,423.3, ,0,Yes
675,1,1336,407,1336,Oktibbeha,Mississippi,28,105,28105,461.9, ,0,Yes
676,1,1336,581,1336,Oktibbeha,Mississippi,28,105,28105,461.9, ,0,Yes
677,1,1337,322,1337,Pickens,Alabama,01,107,01107,890.1, ,0,Yes
678,1,1337,356,1337,Pickens,Alabama,01,107,01107,890.1, ,0,Yes
679,1,1337,407,1337,Pickens,Alabama,01,107,01107,890.1, ,0,Yes
680,1,1338,581,1338,Choctaw,Mississippi,28,019,28019,419.8, ,0,Yes
681,1,1339,314,1339,Noxubee,Mississippi,28,103,28103,700, ,0,Yes
682,1,1339,407,1339,Noxubee,Mississippi,28,103,28103,700, ,0,Yes
683,1,1340,300,1340,Winston,Mississippi,28,159,28159,610.1, ,0,Yes
684,1,1340,301,1340,Winston,Mississippi,28,159,28159,610.1, ,0,Yes
685,1,1340,314,1340,Winston,Mississippi,28,159,28159,610.1, ,0,Yes
686,1,1340,407,1340,Winston,Mississippi,28,159,28159,610.1, ,0,Yes
687,1,1341,314,1341,Lauderdale,Mississippi,28,075,28075,715.3, ,0,Yes
688,1,1341,407,1341,Lauderdale,Mississippi,28,075,28075,715.3, ,0,Yes
689,1,1342,285,1342,Newton,Mississippi,28,101,28101,579.6, ,0,Yes
690,1,1342,288,1342,Newton,Mississippi,28,101,28101,579.6, ,0,Yes
691,1,1342,314,1342,Newton,Mississippi,28,101,28101,579.6, ,0,Yes
692,1,1345,581,1345,Shannon,Missouri,29,203,29203,1004, ,0,Yes
693,1,1346,581,1346,Stoddard,Missouri,29,207,29207,828.9, ,0,Yes
694,1,1347,581,1347,Carter,Missouri,29,035,29035,509, ,0,Yes
695,1,1348,581,1348,Christian,Missouri,29,043,29043,564.2, ,0,Yes
696,1,1350,581,1350,Jackson,Arkansas,05,067,05067,641.4, ,0,Yes
697,1,1351,581,1351,Pope,Arkansas,05,115,05115,830.8, ,0,Yes
698,1,1352,581,1352,Sequoyah,Oklahoma,40,135,40135,714.9, ,0,Yes
699,1,1353,549,1353,Douglas,Missouri,29,067,29067,814.6, ,0,Yes
700,1,1353,581,1353,Douglas,Missouri,29,067,29067,814.6, ,0,Yes
701,1,1354,581,1354,Newton,Missouri,29,145,29145,626.7, ,0,Yes
702,1,1355,581,1355,Howell,Missouri,29,091,29091,928.3, ,0,Yes
703,1,1356,581,1356,Oregon,Missouri,29,149,29149,791.6, ,0,Yes
704,1,1357,581,1357,Taney,Missouri,29,213,29213,651.5, ,0,Yes
705,1,1358,581,1358,Baxter,Arkansas,05,005,05005,586.7, ,0,Yes
706,1,1359,581,1359,Sharp,Arkansas,05,135,05135,606.4, ,0,Yes
707,1,1360,581,1360,Marion,Arkansas,05,089,05089,640.3, ,0,Yes
708,1,1361,581,1361,Boone,Arkansas,05,009,05009,601.8, ,0,Yes
709,1,1362,581,1362,Madison,Arkansas,05,087,05087,837.1, ,0,Yes
710,1,1363,581,1363,Izard,Arkansas,05,065,05065,584, ,0,Yes
711,1,1364,581,1364,Washington,Arkansas,05,143,05143,956, ,0,Yes
712,1,1365,581,1365,Franklin,Arkansas,05,047,05047,619.7, ,0,Yes
713,1,1366,581,1366,Adair,Oklahoma,40,001,40001,577, ,0,Yes
714,1,1367,581,1367,Newton,Arkansas,05,101,05101,823.2, ,0,Yes
715,1,1368,581,1368,Johnson,Arkansas,05,071,05071,682.7, ,0,Yes
716,1,1369,581,1369,Crawford,Arkansas,05,033,05033,604.2, ,0,Yes
717,1,1370,581,1370,Stone,Missouri,29,209,29209,510.9, ,0,Yes
718,1,1371,581,1371,Barry,Missouri,29,009,29009,790.9, ,0,Yes
719,1,1372,581,1372,McDonald,Missouri,29,119,29119,539.7, ,0,Yes
720,1,1373,581,1373,Benton,Arkansas,05,007,05007,880.3, ,0,Yes
721,1,1374,581,1374,Carroll,Arkansas,05,015,05015,638.8, ,0,Yes
722,1,1375,581,1375,Ozark,Missouri,29,153,29153,755.1, ,0,Yes
723,1,1376,581,1376,Fulton,Arkansas,05,049,05049,620.3, ,0,Yes
724,1,1377,581,1377,Searcy,Arkansas,05,129,05129,668.5, ,0,Yes
725,1,1378,581,1378,Stone,Arkansas,05,137,05137,609.4, ,0,Yes
726,1,1379,581,1379,Independence,Arkansas,05,063,05063,771.6, ,0,Yes
727,1,1380,581,1380,Van Buren,Arkansas,05,141,05141,724.3, ,0,Yes
728,1,1381,581,1381,Cleburne,Arkansas,05,023,05023,591.9, ,0,Yes
729,1,1385,581,1385,Crawford,Missouri,29,055,29055,744.4, ,0,Yes
730,1,1386,577,1386,Phelps,Missouri,29,161,29161,674.3, ,0,Yes
731,1,1388,577,1388,Pulaski,Missouri,29,169,29169,551.4, ,0,Yes
732,1,1390,566,1390,Cedar,Missouri,29,039,29039,498.5, ,0,Yes
733,1,1390,579,1390,Cedar,Missouri,29,039,29039,498.5, ,0,Yes
734,1,1391,577,1391,Laclede,Missouri,29,105,29105,768, ,0,Yes
735,1,1392,567,1392,Dent,Missouri,29,065,29065,754.5, ,0,Yes
736,1,1392,568,1392,Dent,Missouri,29,065,29065,754.5, ,0,Yes
737,1,1392,569,1392,Dent,Missouri,29,065,29065,754.5, ,0,Yes
738,1,1392,570,1392,Dent,Missouri,29,065,29065,754.5, ,0,Yes
739,1,1392,571,1392,Dent,Missouri,29,065,29065,754.5, ,0,Yes
740,1,1392,572,1392,Dent,Missouri,29,065,29065,754.5, ,0,Yes
741,1,1392,581,1392,Dent,Missouri,29,065,29065,754.5, ,0,Yes
742,1,1395,563,1395,Dade,Missouri,29,057,29057,506.4, ,0,Yes
743,1,1395,564,1395,Dade,Missouri,29,057,29057,506.4, ,0,Yes
744,1,1395,566,1395,Dade,Missouri,29,057,29057,506.4, ,0,Yes
745,1,1398,564,1398,Lawrence,Missouri,29,109,29109,613.4, ,0,Yes
746,1,1400,583,1400,Benton,Missouri,29,015,29015,752.5, ,0,Yes
747,1,1402,579,1402,St. Clair,Missouri,29,185,29185,701.9, ,0,Yes
748,1,1403,583,1403,Hickory,Missouri,29,085,29085,411.7, ,0,Yes
749,1,1407,577,1407,Texas,Missouri,29,215,29215,1179.2, ,0,Yes
750,1,1407,581,1407,Texas,Missouri,29,215,29215,1179.2, ,0,Yes
751,1,1409,577,1409,Wright,Missouri,29,229,29229,683.2, ,0,Yes
752,1,1424,556,1424,Lyon,Kentucky,21,143,21143,256.4, ,0,Yes
753,1,1425,581,1425,Iron,Missouri,29,093,29093,552.6, ,0,Yes
754,1,1426,581,1426,Madison,Missouri,29,123,29123,497.8, ,0,Yes
755,1,1427,581,1427,Reynolds,Missouri,29,179,29179,814.4, ,0,Yes
756,1,1428,581,1428,Bollinger,Missouri,29,017,29017,621.4, ,0,Yes
757,1,1429,581,1429,Wayne,Missouri,29,223,29223,774.1, ,0,Yes
758,1,1434,581,1434,Washington,Missouri,29,221,29221,762.2, ,0,Yes
759,1,1443,565,1443,Pope,Illinois,17,151,17151,374.6, ,0,Yes
760,1,1453,556,1453,Marshall,Kentucky,21,157,21157,340.3, ,0,Yes
761,1,1454,546,1454,Trigg,Kentucky,21,221,21221,481.1, ,0,Yes
762,1,1454,556,1454,Trigg,Kentucky,21,221,21221,481.1, ,0,Yes
763,1,1456,535,1456,Stewart,Tennessee,47,161,47161,493.2, ,0,Yes
764,1,1456,546,1456,Stewart,Tennessee,47,161,47161,493.2, ,0,Yes
765,1,1456,556,1456,Stewart,Tennessee,47,161,47161,493.2, ,0,Yes
766,1,1457,511,1457,Dunklin,Missouri,29,069,29069,547.1, ,0,Yes
767,1,1459,516,1459,Pemiscot,Missouri,29,155,29155,512.4, ,0,Yes
768,1,1462,581,1462,Lawrence,Arkansas,05,075,05075,592.3, ,0,Yes
769,1,1464,516,1464,Dyer,Tennessee,47,045,47045,526.5, ,0,Yes
770,1,1465,516,1465,Lauderdale,Tennessee,47,097,47097,507.1, ,0,Yes
771,1,1468,511,1468,Mississippi,Arkansas,05,093,05093,919.7, ,0,Yes
772,1,1468,516,1468,Mississippi,Arkansas,05,093,05093,919.7, ,0,Yes
773,1,1469,509,1469,Craighead,Arkansas,05,031,05031,713, ,0,Yes
774,1,1470,509,1470,Poinsett,Arkansas,05,111,05111,763.4, ,0,Yes
775,1,1471,516,1471,Tipton,Tennessee,47,167,47167,474.7, ,0,Yes
776,1,1472,581,1472,Butler,Missouri,29,023,29023,699, ,0,Yes
777,1,1473,581,1473,Ripley,Missouri,29,181,29181,631.7, ,0,Yes
778,1,1475,581,1475,Randolph,Arkansas,05,121,05121,656, ,0,Yes
779,1,1479,539,1479,Calloway,Kentucky,21,035,21035,410.8, ,0,Yes
780,1,1479,556,1479,Calloway,Kentucky,21,035,21035,410.8, ,0,Yes
781,1,1483,539,1483,Henry,Tennessee,47,079,47079,593.5, ,0,Yes
782,1,1483,556,1483,Henry,Tennessee,47,079,47079,593.5, ,0,Yes
783,1,1484,514,1484,Carroll,Tennessee,47,017,47017,599.9, ,0,Yes
784,1,1490,592,1490,Washington,Indiana,18,175,18175,516.5, ,0,Yes
785,1,1492,550,1492,Wise,Virginia,51,195,51195,405.2, ,0,Yes
786,1,1492,561,1492,Wise,Virginia,51,195,51195,405.2, ,0,Yes
787,1,1493,551,1493,Warren,Kentucky,21,227,21227,547.7, ,0,Yes
788,1,1494,562,1494,Russell,Kentucky,21,207,21207,282.8, ,0,Yes
789,1,1495,555,1495,Metcalfe,Kentucky,21,169,21169,290.9, ,0,Yes
790,1,1496,551,1496,Barren,Kentucky,21,009,21009,500, ,0,Yes
791,1,1497,546,1497,Christian,Kentucky,21,047,21047,724, ,0,Yes
792,1,1497,560,1497,Christian,Kentucky,21,047,21047,724, ,0,Yes
793,1,1499,475,1499,Rutherford,North Carolina,37,161,37161,565.8, ,0,Yes
794,1,1499,494,1499,Rutherford,North Carolina,37,161,37161,565.8, ,0,Yes
795,1,1500,547,1500,Sequatchie,Tennessee,47,153,47153,266, ,0,Yes
796,1,1501,465,1501,Cleveland,North Carolina,37,045,37045,468.5, ,0,Yes
797,1,1501,475,1501,Cleveland,North Carolina,37,045,37045,468.5, ,0,Yes
798,1,1501,494,1501,Cleveland,North Carolina,37,045,37045,468.5, ,0,Yes
799,1,1502,557,1502,Todd,Kentucky,21,219,21219,377, ,0,Yes
800,1,1502,560,1502,Todd,Kentucky,21,219,21219,377, ,0,Yes
801,1,1504,551,1504,Allen,Kentucky,21,003,21003,352, ,0,Yes
802,1,1509,547,1509,Morgan,Tennessee,47,129,47129,522.4, ,0,Yes
803,1,1512,547,1512,Putnam,Tennessee,47,141,47141,402.5, ,0,Yes
804,1,1514,517,1514,Loudon,Tennessee,47,105,47105,247.3, ,0,Yes
805,1,1516,517,1516,McMinn,Tennessee,47,107,47107,432.3, ,0,Yes
806,1,1517,547,1517,Grundy,Tennessee,47,061,47061,361.1, ,0,Yes
807,1,1528,530,1528,Montgomery,Tennessee,47,125,47125,543.8, ,0,Yes
808,1,1528,546,1528,Montgomery,Tennessee,47,125,47125,543.8, ,0,Yes
809,1,1530,547,1530,Wayne,Kentucky,21,231,21231,484.2, ,0,Yes
810,1,1531,547,1531,McCreary,Kentucky,21,147,21147,430.6, ,0,Yes
811,1,1533,542,1533,Clay,Tennessee,47,027,47027,259.3, ,0,Yes
812,1,1533,547,1533,Clay,Tennessee,47,027,47027,259.3, ,0,Yes
813,1,1534,547,1534,Pickett,Tennessee,47,137,47137,174.6, ,0,Yes
814,1,1535,547,1535,Scott,Tennessee,47,151,47151,533.2, ,0,Yes
815,1,1536,547,1536,Overton,Tennessee,47,133,47133,434.8, ,0,Yes
816,1,1537,547,1537,Jackson,Tennessee,47,087,47087,319.6, ,0,Yes
817,1,1539,555,1539,Cumberland,Kentucky,21,057,21057,310.9, ,0,Yes
818,1,1541,547,1541,Fentress,Tennessee,47,049,47049,499, ,0,Yes
819,1,1542,547,1542,Cumberland,Tennessee,47,035,47035,684.9, ,0,Yes
820,1,1543,517,1543,Roane,Tennessee,47,145,47145,395, ,0,Yes
821,1,1543,547,1543,Roane,Tennessee,47,145,47145,395, ,0,Yes
822,1,1546,547,1546,Rhea,Tennessee,47,143,47143,336.4, ,0,Yes
823,1,1547,547,1547,Van Buren,Tennessee,47,175,47175,274.6, ,0,Yes
824,1,1548,547,1548,Bledsoe,Tennessee,47,007,47007,406.7, ,0,Yes
825,1,1549,517,1549,Meigs,Tennessee,47,121,47121,216.8, ,0,Yes
826,1,1551,506,1551,White,Tennessee,47,185,47185,379.4, ,0,Yes
827,1,1551,547,1551,White,Tennessee,47,185,47185,379.4, ,0,Yes
828,1,1552,585,1552,Owen,Kentucky,21,187,21187,354.2, ,0,Yes
829,1,1565,562,1565,Pulaski,Kentucky,21,199,21199,677.1, ,0,Yes
830,1,1570,560,1570,Hopkins,Kentucky,21,107,21107,554.2, ,0,Yes
831,1,1571,557,1571,Muhlenberg,Kentucky,21,177,21177,479.4, ,0,Yes
832,1,1571,560,1571,Muhlenberg,Kentucky,21,177,21177,479.4, ,0,Yes
833,1,1582,585,1582,Henry,Kentucky,21,103,21103,291.2, ,0,Yes
834,1,1585,585,1585,Franklin,Kentucky,21,073,21073,212.1, ,0,Yes
835,1,1600,562,1600,Casey,Kentucky,21,045,21045,445.7, ,0,Yes
836,1,1604,555,1604,Adair,Kentucky,21,001,21001,412.2, ,0,Yes
837,1,1612,582,1612,Logan,West Virginia,54,045,54045,455.6, ,0,Yes
838,1,1613,578,1613,Johnson,Kentucky,21,115,21115,263.9, ,0,Yes
839,1,1614,582,1614,Raleigh,West Virginia,54,081,54081,609.3, ,0,Yes
840,1,1619,578,1619,Magoffin,Kentucky,21,153,21153,309.4, ,0,Yes
841,1,1624,578,1624,Floyd,Kentucky,21,071,21071,395.5, ,0,Yes
842,1,1631,561,1631,Letcher,Kentucky,21,133,21133,339.1, ,0,Yes
843,1,1646,582,1646,Kanawha,West Virginia,54,039,54039,911, ,0,Yes
844,1,1650,582,1650,Fayette,West Virginia,54,019,54019,668.4, ,0,Yes
845,1,1651,582,1651,Boone,West Virginia,54,005,54005,503.2, ,0,Yes
846,1,1662,545,1662,Scott,Virginia,51,169,51169,538.6, ,0,Yes
847,1,1662,547,1662,Scott,Virginia,51,169,51169,538.6, ,0,Yes
848,1,1662,550,1662,Scott,Virginia,51,169,51169,538.6, ,0,Yes
849,1,1663,518,1663,Wilkes,North Carolina,37,193,37193,759.7, ,0,Yes
850,1,1663,521,1663,Wilkes,North Carolina,37,193,37193,759.7, ,0,Yes
851,1,1664,517,1664,Greene,Tennessee,47,059,47059,624.3, ,0,Yes
852,1,1664,533,1664,Greene,Tennessee,47,059,47059,624.3, ,0,Yes
853,1,1665,519,1665,Anderson,Tennessee,47,001,47001,344.8, ,0,Yes
854,1,1665,547,1665,Anderson,Tennessee,47,001,47001,344.8, ,0,Yes
855,1,1666,520,1666,Avery,North Carolina,37,011,37011,247.3, ,0,Yes
856,1,1666,521,1666,Avery,North Carolina,37,011,37011,247.3, ,0,Yes
857,1,1667,520,1667,Unicoi,Tennessee,47,171,47171,186.5, ,0,Yes
858,1,1668,498,1668,Madison,North Carolina,37,115,37115,451.5, ,0,Yes
859,1,1668,517,1668,Madison,North Carolina,37,115,37115,451.5, ,0,Yes
860,1,1670,517,1670,Buncombe,North Carolina,37,021,37021,659.9, ,0,Yes
861,1,1671,517,1671,Monroe,Tennessee,47,123,47123,652.6, ,0,Yes
862,1,1672,517,1672,Graham,North Carolina,37,075,37075,301.6, ,0,Yes
863,1,1673,517,1673,Knox,Tennessee,47,093,47093,525.8, ,0,Yes
864,1,1673,519,1673,Knox,Tennessee,47,093,47093,525.8, ,0,Yes
865,1,1674,517,1674,Jefferson,Tennessee,47,089,47089,314.3, ,0,Yes
866,1,1675,517,1675,Cocke,Tennessee,47,029,47029,443.1, ,0,Yes
867,1,1676,517,1676,Sevier,Tennessee,47,155,47155,597.7, ,0,Yes
868,1,1677,517,1677,Blount,Tennessee,47,009,47009,566.6, ,0,Yes
869,1,1678,517,1678,Haywood,North Carolina,37,087,37087,554.6, ,0,Yes
870,1,1679,517,1679,Swain,North Carolina,37,173,37173,540.5, ,0,Yes
871,1,1680,561,1680,Harlan,Kentucky,21,095,21095,468, ,0,Yes
872,1,1681,541,1681,Lee,Virginia,51,105,51105,437.3, ,0,Yes
873,1,1681,544,1681,Lee,Virginia,51,105,51105,437.3, ,0,Yes
874,1,1681,547,1681,Lee,Virginia,51,105,51105,437.3, ,0,Yes
875,1,1681,561,1681,Lee,Virginia,51,105,51105,437.3, ,0,Yes
876,1,1682,547,1682,Hancock,Tennessee,47,067,47067,223.5, ,0,Yes
877,1,1683,547,1683,Claiborne,Tennessee,47,025,47025,441.5, ,0,Yes
878,1,1684,547,1684,Campbell,Tennessee,47,013,47013,498.3, ,0,Yes
879,1,1685,533,1685,Hawkins,Tennessee,47,073,47073,499.4, ,0,Yes
880,1,1685,547,1685,Hawkins,Tennessee,47,073,47073,499.4, ,0,Yes
881,1,1686,519,1686,Union,Tennessee,47,173,47173,247.2, ,0,Yes
882,1,1688,517,1688,Hamblen,Tennessee,47,063,47063,175.8, ,0,Yes
883,1,1689,547,1689,Whitley,Kentucky,21,235,21235,445.1, ,0,Yes
884,1,1690,541,1690,Bell,Kentucky,21,013,21013,361.4, ,0,Yes
885,1,1690,547,1690,Bell,Kentucky,21,013,21013,361.4, ,0,Yes
886,1,1690,561,1690,Bell,Kentucky,21,013,21013,361.4, ,0,Yes
887,1,1693,533,1693,Sullivan,Tennessee,47,163,47163,430.1, ,0,Yes
888,1,1697,520,1697,Carter,Tennessee,47,019,47019,347.7, ,0,Yes
889,1,1698,533,1698,Washington,Tennessee,47,179,47179,329.2, ,0,Yes
890,1,1699,521,1699,Watauga,North Carolina,37,189,37189,312.4, ,0,Yes
891,1,1704,520,1704,Mitchell,North Carolina,37,121,37121,222.1, ,0,Yes
892,1,1705,497,1705,Caldwell,North Carolina,37,027,37027,475.3, ,0,Yes
893,1,1705,521,1705,Caldwell,North Carolina,37,027,37027,475.3, ,0,Yes
894,1,1706,520,1706,Yancey,North Carolina,37,199,37199,313.1, ,0,Yes
895,1,1708,494,1708,Burke,North Carolina,37,023,37023,513.4, ,0,Yes
896,1,1708,497,1708,Burke,North Carolina,37,023,37023,513.4, ,0,Yes
897,1,1708,521,1708,Burke,North Carolina,37,023,37023,513.4, ,0,Yes
898,1,1709,494,1709,McDowell,North Carolina,37,111,37111,447, ,0,Yes
899,1,1709,521,1709,McDowell,North Carolina,37,111,37111,447, ,0,Yes
900,1,1710,494,1710,Catawba,North Carolina,37,035,37035,413.6, ,0,Yes
901,1,1711,494,1711,Lincoln,North Carolina,37,109,37109,307.1, ,0,Yes
902,1,1712,517,1712,Jackson,North Carolina,37,099,37099,494.5, ,0,Yes
903,1,1713,461,1713,Wayne,Tennessee,47,181,47181,735.6, ,0,Yes
904,1,1713,468,1713,Wayne,Tennessee,47,181,47181,735.6, ,0,Yes
905,1,1713,472,1713,Wayne,Tennessee,47,181,47181,735.6, ,0,Yes
906,1,1714,517,1714,Henderson,North Carolina,37,089,37089,375, ,0,Yes
907,1,1715,517,1715,Hamilton,Tennessee,47,065,47065,575.7, ,0,Yes
908,1,1718,447,1718,Lauderdale,Alabama,01,077,01077,718.8, ,0,Yes
909,1,1718,451,1718,Lauderdale,Alabama,01,077,01077,718.8, ,0,Yes
910,1,1718,461,1718,Lauderdale,Alabama,01,077,01077,718.8, ,0,Yes
911,1,1718,468,1718,Lauderdale,Alabama,01,077,01077,718.8, ,0,Yes
912,1,1719,410,1719,Colbert,Alabama,01,033,01033,623.6, ,0,Yes
913,1,1719,414,1719,Colbert,Alabama,01,033,01033,623.6, ,0,Yes
914,1,1719,419,1719,Colbert,Alabama,01,033,01033,623.6, ,0,Yes
915,1,1719,468,1719,Colbert,Alabama,01,033,01033,623.6, ,0,Yes
916,1,1720,366,1720,Richland,South Carolina,45,079,45079,771.2, ,0,Yes
917,1,1721,346,1721,Fulton,Georgia,13,121,13121,534.9, ,0,Yes
918,1,1722,339,1722,Walker,Alabama,01,127,01127,805.3, ,0,Yes
919,1,1722,353,1722,Walker,Alabama,01,127,01127,805.3, ,0,Yes
920,1,1722,356,1722,Walker,Alabama,01,127,01127,805.3, ,0,Yes
921,1,1723,333,1723,St. Clair,Alabama,01,115,01115,653.6, ,0,Yes
922,1,1723,334,1723,St. Clair,Alabama,01,115,01115,653.6, ,0,Yes
923,1,1723,352,1723,St. Clair,Alabama,01,115,01115,653.6, ,0,Yes
924,1,1723,354,1723,St. Clair,Alabama,01,115,01115,653.6, ,0,Yes
925,1,1724,407,1724,Edgefield,South Carolina,45,037,45037,506.6, ,0,Yes
926,1,1725,358,1725,Cleburne,Alabama,01,029,01029,561, ,0,Yes
927,1,1725,517,1725,Cleburne,Alabama,01,029,01029,561, ,0,Yes
928,1,1726,356,1726,Fayette,Alabama,01,057,01057,629.3, ,0,Yes
929,1,1726,581,1726,Fayette,Alabama,01,057,01057,629.3, ,0,Yes
930,1,1727,340,1727,Aiken,South Carolina,45,003,45003,1080.3, ,0,Yes
931,1,1727,343,1727,Aiken,South Carolina,45,003,45003,1080.3, ,0,Yes
932,1,1727,347,1727,Aiken,South Carolina,45,003,45003,1080.3, ,0,Yes
933,1,1727,351,1727,Aiken,South Carolina,45,003,45003,1080.3, ,0,Yes
934,1,1727,407,1727,Aiken,South Carolina,45,003,45003,1080.3, ,0,Yes
935,1,1728,310,1728,Jefferson,Alabama,01,073,01073,1123.8, ,0,Yes
936,1,1728,334,1728,Jefferson,Alabama,01,073,01073,1123.8, ,0,Yes
937,1,1728,339,1728,Jefferson,Alabama,01,073,01073,1123.8, ,0,Yes
938,1,1728,353,1728,Jefferson,Alabama,01,073,01073,1123.8, ,0,Yes
939,1,1729,330,1729,Carroll,Georgia,13,045,13045,504, ,0,Yes
940,1,1729,358,1729,Carroll,Georgia,13,045,13045,504, ,0,Yes
941,1,1729,517,1729,Carroll,Georgia,13,045,13045,504, ,0,Yes
942,1,1730,407,1730,Morgan,Georgia,13,211,13211,354.6, ,0,Yes
943,1,1731,407,1731,Marengo,Alabama,01,091,01091,982.8, ,0,Yes
944,1,1732,407,1732,Dodge,Georgia,13,091,13091,503.3, ,0,Yes
945,1,1733,407,1733,Toombs,Georgia,13,279,13279,368.7, ,0,Yes
946,1,1734,407,1734,Bullock,Alabama,01,011,01011,626.1, ,0,Yes
947,1,1735,407,1735,Wheeler,Georgia,13,309,13309,300.2, ,0,Yes
948,1,1736,407,1736,Wilcox,Alabama,01,131,01131,907.5, ,0,Yes
949,1,1737,407,1737,Webster,Georgia,13,307,13307,210.2, ,0,Yes
950,1,1738,407,1738,Sumter,Georgia,13,261,13261,492.6, ,0,Yes
951,1,1739,309,1739,Talladega,Alabama,01,121,01121,760.2, ,0,Yes
952,1,1739,332,1739,Talladega,Alabama,01,121,01121,760.2, ,0,Yes
953,1,1739,334,1739,Talladega,Alabama,01,121,01121,760.2, ,0,Yes
954,1,1739,336,1739,Talladega,Alabama,01,121,01121,760.2, ,0,Yes
955,1,1740,295,1740,Chambers,Alabama,01,017,01017,603.1, ,0,Yes
956,1,1740,302,1740,Chambers,Alabama,01,017,01017,603.1, ,0,Yes
957,1,1740,303,1740,Chambers,Alabama,01,017,01017,603.1, ,0,Yes
958,1,1740,407,1740,Chambers,Alabama,01,017,01017,603.1, ,0,Yes
959,1,1741,294,1741,Tallapoosa,Alabama,01,123,01123,766.2, ,0,Yes
960,1,1741,302,1741,Tallapoosa,Alabama,01,123,01123,766.2, ,0,Yes
961,1,1742,294,1742,Coosa,Alabama,01,037,01037,666.4, ,0,Yes
962,1,1742,304,1742,Coosa,Alabama,01,037,01037,666.4, ,0,Yes
963,1,1742,407,1742,Coosa,Alabama,01,037,01037,666.4, ,0,Yes
964,1,1743,297,1743,Chilton,Alabama,01,021,01021,700.8, ,0,Yes
965,1,1743,304,1743,Chilton,Alabama,01,021,01021,700.8, ,0,Yes
966,1,1743,407,1743,Chilton,Alabama,01,021,01021,700.8, ,0,Yes
967,1,1744,306,1744,Hale,Alabama,01,065,01065,656.5, ,0,Yes
968,1,1744,322,1744,Hale,Alabama,01,065,01065,656.5, ,0,Yes
969,1,1744,407,1744,Hale,Alabama,01,065,01065,656.5, ,0,Yes
970,1,1745,287,1745,Elmore,Alabama,01,051,01051,657.2, ,0,Yes
971,1,1745,294,1745,Elmore,Alabama,01,051,01051,657.2, ,0,Yes
972,1,1745,407,1745,Elmore,Alabama,01,051,01051,657.2, ,0,Yes
973,1,1746,266,1746,Montgomery,Alabama,01,101,01101,799.8, ,0,Yes
974,1,1746,268,1746,Montgomery,Alabama,01,101,01101,799.8, ,0,Yes
975,1,1746,278,1746,Montgomery,Alabama,01,101,01101,799.8, ,0,Yes
976,1,1746,279,1746,Montgomery,Alabama,01,101,01101,799.8, ,0,Yes
977,1,1746,407,1746,Montgomery,Alabama,01,101,01101,799.8, ,0,Yes
978,1,1747,268,1747,Lowndes,Alabama,01,085,01085,725, ,0,Yes
979,1,1747,407,1747,Lowndes,Alabama,01,085,01085,725, ,0,Yes
980,1,1748,407,1748,Stewart,Georgia,13,259,13259,463.5, ,0,Yes
981,1,1749,283,1749,Perry,Alabama,01,105,01105,724.1, ,0,Yes
982,1,1749,297,1749,Perry,Alabama,01,105,01105,724.1, ,0,Yes
983,1,1749,306,1749,Perry,Alabama,01,105,01105,724.1, ,0,Yes
984,1,1749,407,1749,Perry,Alabama,01,105,01105,724.1, ,0,Yes
985,1,1750,297,1750,Autauga,Alabama,01,001,01001,604.4, ,0,Yes
986,1,1750,407,1750,Autauga,Alabama,01,001,01001,604.4, ,0,Yes
987,1,1751,297,1751,Dallas,Alabama,01,047,01047,993.4, ,0,Yes
988,1,1751,407,1751,Dallas,Alabama,01,047,01047,993.4, ,0,Yes
989,1,1752,306,1752,Tuscaloosa,Alabama,01,125,01125,1351.2, ,0,Yes
990,1,1752,322,1752,Tuscaloosa,Alabama,01,125,01125,1351.2, ,0,Yes
991,1,1752,339,1752,Tuscaloosa,Alabama,01,125,01125,1351.2, ,0,Yes
992,1,1752,356,1752,Tuscaloosa,Alabama,01,125,01125,1351.2, ,0,Yes
993,1,1753,304,1753,Shelby,Alabama,01,117,01117,809.5, ,0,Yes
994,1,1753,309,1753,Shelby,Alabama,01,117,01117,809.5, ,0,Yes
995,1,1753,310,1753,Shelby,Alabama,01,117,01117,809.5, ,0,Yes
996,1,1753,333,1753,Shelby,Alabama,01,117,01117,809.5, ,0,Yes
997,1,1753,334,1753,Shelby,Alabama,01,117,01117,809.5, ,0,Yes
998,1,1754,297,1754,Bibb,Alabama,01,007,01007,626.1, ,0,Yes
999,1,1754,306,1754,Bibb,Alabama,01,007,01007,626.1, ,0,Yes
1000,1,1754,310,1754,Bibb,Alabama,01,007,01007,626.1, ,0,Yes
1001,1,1754,407,1754,Bibb,Alabama,01,007,01007,626.1, ,0,Yes
1002,1,1755,321,1755,Fayette,Georgia,13,113,13113,198.8, ,0,Yes
1003,1,1757,407,1757,Randolph,Alabama,01,111,01111,584.1, ,0,Yes
1004,1,1758,308,1758,Clay,Alabama,01,027,01027,606, ,0,Yes
1005,1,1758,320,1758,Clay,Alabama,01,027,01027,606, ,0,Yes
1006,1,1758,323,1758,Clay,Alabama,01,027,01027,606, ,0,Yes
1007,1,1759,407,1759,Heard,Georgia,13,149,13149,300.8, ,0,Yes
1008,1,1760,407,1760,Meriwether,Georgia,13,199,13199,505.1, ,0,Yes
1009,1,1761,407,1761,Troup,Georgia,13,285,13285,446.3, ,0,Yes
1010,1,1762,407,1762,Pike,Georgia,13,231,13231,219.3, ,0,Yes
1011,1,1763,407,1763,Talbot,Georgia,13,263,13263,394.7, ,0,Yes
1012,1,1764,292,1764,Harris,Georgia,13,145,13145,473, ,0,Yes
1013,1,1764,407,1764,Harris,Georgia,13,145,13145,473, ,0,Yes
1014,1,1765,289,1765,Lee,Alabama,01,081,01081,615.5, ,0,Yes
1015,1,1765,292,1765,Lee,Alabama,01,081,01081,615.5, ,0,Yes
1016,1,1765,294,1765,Lee,Alabama,01,081,01081,615.5, ,0,Yes
1017,1,1765,407,1765,Lee,Alabama,01,081,01081,615.5, ,0,Yes
1018,1,1766,292,1766,Muscogee,Georgia,13,215,13215,221, ,0,Yes
1019,1,1766,407,1766,Muscogee,Georgia,13,215,13215,221, ,0,Yes
1020,1,1767,294,1767,Macon,Alabama,01,087,01087,613.2, ,0,Yes
1021,1,1767,407,1767,Macon,Alabama,01,087,01087,613.2, ,0,Yes
1022,1,1768,407,1768,Marion,Georgia,13,197,13197,367.4, ,0,Yes
1023,1,1769,407,1769,Chattahoochee,Georgia,13,053,13053,251.2, ,0,Yes
1024,1,1770,294,1770,Russell,Alabama,01,113,01113,647.4, ,0,Yes
1025,1,1770,407,1770,Russell,Alabama,01,113,01113,647.4, ,0,Yes
1026,1,1772,470,1772,Franklin,Tennessee,47,051,47051,574.3, ,0,Yes
1027,1,1773,416,1773,Jackson,Alabama,01,071,01071,1126.7, ,0,Yes
1028,1,1773,420,1773,Jackson,Alabama,01,071,01071,1126.7, ,0,Yes
1029,1,1773,437,1773,Jackson,Alabama,01,071,01071,1126.7, ,0,Yes
1030,1,1773,470,1773,Jackson,Alabama,01,071,01071,1126.7, ,0,Yes
1031,1,1774,517,1774,Fannin,Georgia,13,111,13111,391.1, ,0,Yes
1032,1,1775,373,1775,DeKalb,Alabama,01,049,01049,778.7, ,0,Yes
1033,1,1775,392,1775,DeKalb,Alabama,01,049,01049,778.7, ,0,Yes
1034,1,1775,406,1775,DeKalb,Alabama,01,049,01049,778.7, ,0,Yes
1035,1,1775,420,1775,DeKalb,Alabama,01,049,01049,778.7, ,0,Yes
1036,1,1776,517,1776,Gilmer,Georgia,13,123,13123,431.8, ,0,Yes
1037,1,1777,389,1777,Lawrence,Alabama,01,079,01079,718.1, ,0,Yes
1038,1,1777,419,1777,Lawrence,Alabama,01,079,01079,718.1, ,0,Yes
1039,1,1778,386,1778,Morgan,Alabama,01,103,01103,599, ,0,Yes
1040,1,1778,389,1778,Morgan,Alabama,01,103,01103,599, ,0,Yes
1041,1,1778,400,1778,Morgan,Alabama,01,103,01103,599, ,0,Yes
1042,1,1778,412,1778,Morgan,Alabama,01,103,01103,599, ,0,Yes
1043,1,1779,517,1779,Gordon,Georgia,13,129,13129,358.3, ,0,Yes
1044,1,1780,373,1780,Marshall,Alabama,01,095,01095,623.2, ,0,Yes
1045,1,1780,387,1780,Marshall,Alabama,01,095,01095,623.2, ,0,Yes
1046,1,1780,416,1780,Marshall,Alabama,01,095,01095,623.2, ,0,Yes
1047,1,1781,517,1781,Floyd,Georgia,13,115,13115,518.5, ,0,Yes
1048,1,1782,517,1782,Chattooga,Georgia,13,055,13055,313.5, ,0,Yes
1049,1,1783,360,1783,Etowah,Alabama,01,055,01055,548.7, ,0,Yes
1050,1,1783,373,1783,Etowah,Alabama,01,055,01055,548.7, ,0,Yes
1051,1,1784,355,1784,Calhoun,Alabama,01,015,01015,612.3, ,0,Yes
1052,1,1784,358,1784,Calhoun,Alabama,01,015,01015,612.3, ,0,Yes
1053,1,1784,360,1784,Calhoun,Alabama,01,015,01015,612.3, ,0,Yes
1054,1,1785,346,1785,Douglas,Georgia,13,097,13097,200.1, ,0,Yes
1055,1,1786,372,1786,Cullman,Alabama,01,043,01043,754.8, ,0,Yes
1056,1,1786,389,1786,Cullman,Alabama,01,043,01043,754.8, ,0,Yes
1057,1,1787,363,1787,Winston,Alabama,01,133,01133,631.8, ,0,Yes
1058,1,1787,389,1787,Winston,Alabama,01,133,01133,631.8, ,0,Yes
1059,1,1788,353,1788,Blount,Alabama,01,009,01009,650.6, ,0,Yes
1060,1,1788,357,1788,Blount,Alabama,01,009,01009,650.6, ,0,Yes
1061,1,1790,412,1790,Limestone,Alabama,01,083,01083,607.1, ,0,Yes
1062,1,1790,447,1790,Limestone,Alabama,01,083,01083,607.1, ,0,Yes
1063,1,1791,387,1791,Madison,Alabama,01,089,01089,812.8, ,0,Yes
1064,1,1791,412,1791,Madison,Alabama,01,089,01089,812.8, ,0,Yes
1065,1,1791,416,1791,Madison,Alabama,01,089,01089,812.8, ,0,Yes
1066,1,1791,437,1791,Madison,Alabama,01,089,01089,812.8, ,0,Yes
1067,1,1792,517,1792,Bradley,Tennessee,47,011,47011,331.6, ,0,Yes
1068,1,1793,470,1793,Marion,Tennessee,47,115,47115,513.6, ,0,Yes
1069,1,1794,517,1794,Polk,Tennessee,47,139,47139,442.3, ,0,Yes
1070,1,1795,517,1795,Whitfield,Georgia,13,313,13313,290.5, ,0,Yes
1071,1,1796,517,1796,Murray,Georgia,13,213,13213,347, ,0,Yes
1072,1,1797,517,1797,Catoosa,Georgia,13,047,13047,162.4, ,0,Yes
1073,1,1798,517,1798,Dade,Georgia,13,083,13083,174.2, ,0,Yes
1074,1,1799,517,1799,Walker,Georgia,13,295,13295,447.3, ,0,Yes
1075,1,1800,517,1800,Pickens,Georgia,13,227,13227,232.7, ,0,Yes
1076,1,1801,358,1801,Cherokee,Alabama,01,019,01019,600, ,0,Yes
1077,1,1801,360,1801,Cherokee,Alabama,01,019,01019,600, ,0,Yes
1078,1,1801,517,1801,Cherokee,Alabama,01,019,01019,600, ,0,Yes
1079,1,1802,517,1802,Bartow,Georgia,13,015,13015,469.8, ,0,Yes
1080,1,1803,517,1803,Cherokee,Georgia,13,057,13057,434.1, ,0,Yes
1081,1,1804,517,1804,Cobb,Georgia,13,067,13067,344.4, ,0,Yes
1082,1,1805,358,1805,Polk,Georgia,13,233,13233,312.2, ,0,Yes
1083,1,1805,517,1805,Polk,Georgia,13,233,13233,312.2, ,0,Yes
1084,1,1806,517,1806,Paulding,Georgia,13,223,13223,315.3, ,0,Yes
1085,1,1807,358,1807,Haralson,Georgia,13,143,13143,283, ,0,Yes
1086,1,1807,517,1807,Haralson,Georgia,13,143,13143,283, ,0,Yes
1087,1,1808,517,1808,Transylvania,North Carolina,37,175,37175,380.6, ,0,Yes
1088,1,1810,517,1810,Polk,North Carolina,37,149,37149,238.7, ,0,Yes
1089,1,1811,394,1811,Greenville,South Carolina,45,045,45045,794.6, ,0,Yes
1090,1,1811,405,1811,Greenville,South Carolina,45,045,45045,794.6, ,0,Yes
1091,1,1811,423,1811,Greenville,South Carolina,45,045,45045,794.6, ,0,Yes
1092,1,1811,517,1811,Greenville,South Carolina,45,045,45045,794.6, ,0,Yes
1093,1,1812,395,1812,Habersham,Georgia,13,137,13137,279.2, ,0,Yes
1094,1,1812,407,1812,Habersham,Georgia,13,137,13137,279.2, ,0,Yes
1095,1,1812,517,1812,Habersham,Georgia,13,137,13137,279.2, ,0,Yes
1096,1,1813,390,1813,Anderson,South Carolina,45,007,45007,757.5, ,0,Yes
1097,1,1813,394,1813,Anderson,South Carolina,45,007,45007,757.5, ,0,Yes
1098,1,1813,399,1813,Anderson,South Carolina,45,007,45007,757.5, ,0,Yes
1099,1,1813,405,1813,Anderson,South Carolina,45,007,45007,757.5, ,0,Yes
1100,1,1813,407,1813,Anderson,South Carolina,45,007,45007,757.5, ,0,Yes
1101,1,1814,379,1814,Laurens,South Carolina,45,059,45059,723.8, ,0,Yes
1102,1,1814,385,1814,Laurens,South Carolina,45,059,45059,723.8, ,0,Yes
1103,1,1814,391,1814,Laurens,South Carolina,45,059,45059,723.8, ,0,Yes
1104,1,1814,415,1814,Laurens,South Carolina,45,059,45059,723.8, ,0,Yes
1105,1,1815,395,1815,Lumpkin,Georgia,13,187,13187,284.3, ,0,Yes
1106,1,1815,517,1815,Lumpkin,Georgia,13,187,13187,284.3, ,0,Yes
1107,1,1816,395,1816,Dawson,Georgia,13,085,13085,214.5, ,0,Yes
1108,1,1816,517,1816,Dawson,Georgia,13,085,13085,214.5, ,0,Yes
1109,1,1817,411,1817,Fairfield,South Carolina,45,039,45039,710.2, ,0,Yes
1110,1,1818,407,1818,McCormick,South Carolina,45,065,45065,394, ,0,Yes
1111,1,1819,407,1819,Wilkes,Georgia,13,317,13317,473.5, ,0,Yes
1112,1,1820,407,1820,Walton,Georgia,13,297,13297,329.7, ,0,Yes
1113,1,1821,407,1821,Franklin,Georgia,13,119,13119,266.3, ,0,Yes
1114,1,1822,395,1822,Banks,Georgia,13,011,13011,233.9, ,0,Yes
1115,1,1822,407,1822,Banks,Georgia,13,011,13011,233.9, ,0,Yes
1116,1,1824,407,1824,Jackson,Georgia,13,157,13157,343.1, ,0,Yes
1117,1,1825,407,1825,Elbert,Georgia,13,105,13105,374.6, ,0,Yes
1118,1,1826,407,1826,Madison,Georgia,13,195,13195,285.3, ,0,Yes
1119,1,1828,407,1828,Barrow,Georgia,13,013,13013,163, ,0,Yes
1120,1,1829,407,1829,Oconee,Georgia,13,219,13219,186.3, ,0,Yes
1121,1,1831,395,1831,Hall,Georgia,13,139,13139,429.1, ,0,Yes
1122,1,1832,399,1832,Hart,Georgia,13,147,13147,256.2, ,0,Yes
1123,1,1832,407,1832,Hart,Georgia,13,147,13147,256.2, ,0,Yes
1124,1,1833,407,1833,Clarke,Georgia,13,059,13059,121.4, ,0,Yes
1125,1,1834,407,1834,Oglethorpe,Georgia,13,221,13221,442.2, ,0,Yes
1126,1,1835,517,1835,Macon,North Carolina,37,113,37113,519.7, ,0,Yes
1127,1,1836,517,1836,Pickens,South Carolina,45,077,45077,512, ,0,Yes
1128,1,1837,407,1837,Oconee,South Carolina,45,073,45073,673.6, ,0,Yes
1129,1,1837,409,1837,Oconee,South Carolina,45,073,45073,673.6, ,0,Yes
1130,1,1837,517,1837,Oconee,South Carolina,45,073,45073,673.6, ,0,Yes
1131,1,1838,517,1838,Rabun,Georgia,13,241,13241,377.1, ,0,Yes
1132,1,1839,517,1839,Towns,Georgia,13,281,13281,171.7, ,0,Yes
1133,1,1840,517,1840,Union,Georgia,13,291,13291,329.6, ,0,Yes
1134,1,1841,395,1841,White,Georgia,13,311,13311,242.3, ,0,Yes
1135,1,1841,517,1841,White,Georgia,13,311,13311,242.3, ,0,Yes
1136,1,1842,407,1842,Stephens,Georgia,13,257,13257,184.3, ,0,Yes
1137,1,1842,517,1842,Stephens,Georgia,13,257,13257,184.3, ,0,Yes
1138,1,1843,517,1843,Cherokee,North Carolina,37,039,37039,466.6, ,0,Yes
1139,1,1844,517,1844,Clay,North Carolina,37,043,37043,220.6, ,0,Yes
1140,1,1845,415,1845,Spartanburg,South Carolina,45,083,45083,819.2, ,0,Yes
1141,1,1845,440,1845,Spartanburg,South Carolina,45,083,45083,819.2, ,0,Yes
1142,1,1845,475,1845,Spartanburg,South Carolina,45,083,45083,819.2, ,0,Yes
1143,1,1845,517,1845,Spartanburg,South Carolina,45,083,45083,819.2, ,0,Yes
1144,1,1846,436,1846,Cherokee,South Carolina,45,021,45021,397, ,0,Yes
1145,1,1846,460,1846,Cherokee,South Carolina,45,021,45021,397, ,0,Yes
1146,1,1846,475,1846,Cherokee,South Carolina,45,021,45021,397, ,0,Yes
1147,1,1847,436,1847,York,South Carolina,45,091,45091,695.6, ,0,Yes
1148,1,1848,391,1848,Union,South Carolina,45,087,45087,516.4, ,0,Yes
1149,1,1848,427,1848,Union,South Carolina,45,087,45087,516.4, ,0,Yes
1150,1,1848,436,1848,Union,South Carolina,45,087,45087,516.4, ,0,Yes
1151,1,1849,411,1849,Chester,South Carolina,45,023,45023,586.5, ,0,Yes
1152,1,1849,436,1849,Chester,South Carolina,45,023,45023,586.5, ,0,Yes
1153,1,1850,368,1850,Newberry,South Carolina,45,071,45071,647.6, ,0,Yes
1154,1,1850,374,1850,Newberry,South Carolina,45,071,45071,647.6, ,0,Yes
1155,1,1850,391,1850,Newberry,South Carolina,45,071,45071,647.6, ,0,Yes
1156,1,1851,375,1851,Abbeville,South Carolina,45,001,45001,511.1, ,0,Yes
1157,1,1851,381,1851,Abbeville,South Carolina,45,001,45001,511.1, ,0,Yes
1158,1,1851,394,1851,Abbeville,South Carolina,45,001,45001,511.1, ,0,Yes
1159,1,1851,407,1851,Abbeville,South Carolina,45,001,45001,511.1, ,0,Yes
1160,1,1852,365,1852,Greenwood,South Carolina,45,047,45047,462.4, ,0,Yes
1161,1,1852,368,1852,Greenwood,South Carolina,45,047,45047,462.4, ,0,Yes
1162,1,1852,379,1852,Greenwood,South Carolina,45,047,45047,462.4, ,0,Yes
1163,1,1852,381,1852,Greenwood,South Carolina,45,047,45047,462.4, ,0,Yes
1164,1,1852,407,1852,Greenwood,South Carolina,45,047,45047,462.4, ,0,Yes
1165,1,1853,366,1853,Lexington,South Carolina,45,063,45063,757.2, ,0,Yes
1166,1,1854,364,1854,Saluda,South Carolina,45,081,45081,462.2, ,0,Yes
1167,1,1854,368,1854,Saluda,South Carolina,45,081,45081,462.2, ,0,Yes
1168,1,1854,407,1854,Saluda,South Carolina,45,081,45081,462.2, ,0,Yes
1169,1,1855,407,1855,Lincoln,Georgia,13,181,13181,257.8, ,0,Yes
1170,1,1857,407,1857,Greene,Georgia,13,133,13133,406.1, ,0,Yes
1171,1,1858,407,1858,Newton,Georgia,13,217,13217,279.1, ,0,Yes
1172,1,1859,407,1859,Warren,Georgia,13,301,13301,286.8, ,0,Yes
1173,1,1860,407,1860,Spalding,Georgia,13,255,13255,199.6, ,0,Yes
1174,1,1861,407,1861,Glascock,Georgia,13,125,13125,144.4, ,0,Yes
1175,1,1862,407,1862,Jefferson,Georgia,13,163,13163,529.1, ,0,Yes
1176,1,1863,407,1863,Burke,Georgia,13,033,13033,835.3, ,0,Yes
1177,1,1864,407,1864,Washington,Georgia,13,303,13303,684.7, ,0,Yes
1178,1,1865,307,1865,Allendale,South Carolina,45,005,45005,412.3, ,0,Yes
1179,1,1865,407,1865,Allendale,South Carolina,45,005,45005,412.3, ,0,Yes
1180,1,1866,407,1866,Screven,Georgia,13,251,13251,655.5, ,0,Yes
1181,1,1867,307,1867,Hampton,South Carolina,45,049,45049,562.6, ,0,Yes
1182,1,1867,407,1867,Hampton,South Carolina,45,049,45049,562.6, ,0,Yes
1183,1,1868,407,1868,Wilkinson,Georgia,13,319,13319,452.1, ,0,Yes
1184,1,1869,407,1869,Upson,Georgia,13,293,13293,327.7, ,0,Yes
1185,1,1870,407,1870,Bibb,Georgia,13,021,13021,255.6, ,0,Yes
1186,1,1871,407,1871,Jenkins,Georgia,13,165,13165,352.1, ,0,Yes
1187,1,1872,407,1872,Johnson,Georgia,13,167,13167,306.4, ,0,Yes
1188,1,1873,407,1873,Montgomery,Georgia,13,209,13209,247.3, ,0,Yes
1189,1,1874,407,1874,Twiggs,Georgia,13,289,13289,362.7, ,0,Yes
1190,1,1875,407,1875,Taylor,Georgia,13,269,13269,379.8, ,0,Yes
1191,1,1876,407,1876,Laurens,Georgia,13,175,13175,818.9, ,0,Yes
1192,1,1877,407,1877,Houston,Georgia,13,153,13153,379.7, ,0,Yes
1193,1,1878,407,1878,Bleckley,Georgia,13,023,13023,218.6, ,0,Yes
1194,1,1879,407,1879,Macon,Georgia,13,193,13193,405.9, ,0,Yes
1195,1,1880,407,1880,Schley,Georgia,13,249,13249,167.8, ,0,Yes
1196,1,1881,407,1881,Pulaski,Georgia,13,235,13235,250, ,0,Yes
1197,1,1882,407,1882,Dooly,Georgia,13,093,13093,397.1, ,0,Yes
1198,1,1883,407,1883,Crawford,Georgia,13,079,13079,326.5, ,0,Yes
1199,1,1884,407,1884,Peach,Georgia,13,225,13225,151.5, ,0,Yes
1200,1,1885,407,1885,Taliaferro,Georgia,13,265,13265,195.5, ,0,Yes
1201,1,1886,321,1886,Clayton,Georgia,13,063,13063,144.8, ,0,Yes
1202,1,1887,318,1887,Henry,Georgia,13,151,13151,324.8, ,0,Yes
1203,1,1887,324,1887,Henry,Georgia,13,151,13151,324.8, ,0,Yes
1204,1,1887,407,1887,Henry,Georgia,13,151,13151,324.8, ,0,Yes
1205,1,1888,407,1888,Jasper,Georgia,13,159,13159,373.7, ,0,Yes
1206,1,1889,407,1889,Putnam,Georgia,13,237,13237,360.7, ,0,Yes
1207,1,1890,407,1890,Hancock,Georgia,13,141,13141,478.5, ,0,Yes
1208,1,1891,407,1891,Butts,Georgia,13,035,13035,190.1, ,0,Yes
1209,1,1892,407,1892,Baldwin,Georgia,13,009,13009,267.7, ,0,Yes
1210,1,1893,407,1893,Jones,Georgia,13,169,13169,395.5, ,0,Yes
1211,1,1894,407,1894,Lamar,Georgia,13,171,13171,185.9, ,0,Yes
1212,1,1895,407,1895,Monroe,Georgia,13,207,13207,397.3, ,0,Yes
1213,1,1896,407,1896,Columbia,Georgia,13,073,13073,307.8, ,0,Yes
1214,1,1897,407,1897,McDuffie,Georgia,13,189,13189,266.3, ,0,Yes
1215,1,1898,407,1898,Richmond,Georgia,13,245,13245,328.5, ,0,Yes
1216,1,1899,307,1899,Barnwell,South Carolina,45,011,45011,557.5, ,0,Yes
1217,1,1899,343,1899,Barnwell,South Carolina,45,011,45011,557.5, ,0,Yes
1218,1,1899,407,1899,Barnwell,South Carolina,45,011,45011,557.5, ,0,Yes
1219,1,1900,307,1900,Bamberg,South Carolina,45,009,45009,395.3, ,0,Yes
1220,1,1900,343,1900,Bamberg,South Carolina,45,009,45009,395.3, ,0,Yes
1221,1,1901,407,1901,Emanuel,Georgia,13,107,13107,690.4, ,0,Yes
1222,1,1902,284,1902,Jasper,South Carolina,45,053,45053,666.8, ,0,Yes
1223,1,1902,407,1902,Jasper,South Carolina,45,053,45053,666.8, ,0,Yes
1224,1,1903,407,1903,Bulloch,Georgia,13,031,13031,688.9, ,0,Yes
1225,1,1904,407,1904,Effingham,Georgia,13,103,13103,482.8, ,0,Yes
1226,1,1905,407,1905,Candler,Georgia,13,043,13043,248.8, ,0,Yes
1227,1,1906,407,1906,Treutlen,Georgia,13,283,13283,202.1, ,0,Yes
1228,1,1907,407,1907,Evans,Georgia,13,109,13109,186.9, ,0,Yes
1229,1,2223,616,2223,Kalkaska,Michigan,26,079,26079,570.8, ,0,Yes
1230,1,2257,590,2257,Lawrence,Ohio,39,087,39087,457.3, ,0,Yes
1231,1,2259,588,2259,Mason,Kentucky,21,161,21161,246.6, ,0,Yes
1232,1,2273,592,2273,Jackson,Indiana,18,071,18071,513.8, ,0,Yes
1233,1,2284,592,2284,Lawrence,Indiana,18,093,18093,452.1, ,0,Yes
1234,1,2390,607,2390,Tuscarawas,Ohio,39,157,39157,571.5, ,0,Yes
1235,1,2390,608,2390,Tuscarawas,Ohio,39,157,39157,571.5, ,0,Yes
1236,1,2393,603,2393,Belmont,Ohio,39,013,39013,541.4, ,0,Yes
1237,1,2396,593,2396,Hocking,Ohio,39,073,39073,423.6, ,0,Yes
1238,1,2396,595,2396,Hocking,Ohio,39,073,39073,423.6, ,0,Yes
1239,1,2397,594,2397,Washington,Ohio,39,167,39167,640.2, ,0,Yes
1240,1,2397,596,2397,Washington,Ohio,39,167,39167,640.2, ,0,Yes
1241,1,2400,594,2400,Athens,Ohio,39,009,39009,508.5, ,0,Yes
1242,1,2400,595,2400,Athens,Ohio,39,009,39009,508.5, ,0,Yes
1243,1,2402,593,2402,Vinton,Ohio,39,163,39163,415, ,0,Yes
1244,1,2402,595,2402,Vinton,Ohio,39,163,39163,415, ,0,Yes
1245,1,2403,590,2403,Jackson,Ohio,39,079,39079,421.5, ,0,Yes
1246,1,2403,591,2403,Jackson,Ohio,39,079,39079,421.5, ,0,Yes
1247,1,2409,589,2409,Adams,Ohio,39,001,39001,585.8, ,0,Yes
1248,1,2410,587,2410,Scioto,Ohio,39,145,39145,616.1, ,0,Yes
1249,1,2410,590,2410,Scioto,Ohio,39,145,39145,616.1, ,0,Yes
1250,1,2411,588,2411,Bracken,Kentucky,21,023,21023,208.9, ,0,Yes
1251,1,2412,604,2412,Champaign,Ohio,39,021,39021,429.6, ,0,Yes
1252,1,2412,606,2412,Champaign,Ohio,39,021,39021,429.6, ,0,Yes
1253,1,2420,601,2420,Guernsey,Ohio,39,059,39059,528.3, ,0,Yes
1254,1,2420,602,2420,Guernsey,Ohio,39,059,39059,528.3, ,0,Yes
1255,1,2420,603,2420,Guernsey,Ohio,39,059,39059,528.3, ,0,Yes
1256,1,2422,596,2422,Noble,Ohio,39,121,39121,404.6, ,0,Yes
1257,1,2422,597,2422,Noble,Ohio,39,121,39121,404.6, ,0,Yes
1258,1,2422,599,2422,Noble,Ohio,39,121,39121,404.6, ,0,Yes
1259,1,2422,601,2422,Noble,Ohio,39,121,39121,404.6, ,0,Yes
1260,1,2422,603,2422,Noble,Ohio,39,121,39121,404.6, ,0,Yes
1261,1,2424,598,2424,Monroe,Ohio,39,111,39111,457.4, ,0,Yes
1262,1,2424,603,2424,Monroe,Ohio,39,111,39111,457.4, ,0,Yes
1263,1,2433,591,2433,Gallia,Ohio,39,053,39053,471.1, ,0,Yes
1264,1,2451,600,2451,Bedford,Pennsylvania,42,009,42009,1017, ,0,Yes
1265,1,2452,605,2452,Somerset,Pennsylvania,42,111,42111,1081, ,0,Yes
1266,1,2481,600,2481,Fulton,Pennsylvania,42,057,42057,438.2, ,0,Yes
1267,1,2652,614,2652,Sullivan,New Hampshire,33,019,33019,552.1, ,0,Yes
1268,1,2676,614,2676,Grafton,New Hampshire,33,009,33009,1750.5, ,0,Yes
1269,1,2715,457,2715,Moore,North Carolina,37,125,37125,705.6, ,0,Yes
1270,1,2715,473,2715,Moore,North Carolina,37,125,37125,705.6, ,0,Yes
1271,1,2716,482,2716,Mecklenburg,North Carolina,37,119,37119,546.2, ,0,Yes
1272,1,2717,462,2717,Montgomery,North Carolina,37,123,37123,501.6, ,0,Yes
1273,1,2717,492,2717,Montgomery,North Carolina,37,123,37123,501.6, ,0,Yes
1274,1,2718,426,2718,Jones,North Carolina,37,103,37103,473.1, ,0,Yes
1275,1,2718,454,2718,Jones,North Carolina,37,103,37103,473.1, ,0,Yes
1276,1,2718,479,2718,Jones,North Carolina,37,103,37103,473.1, ,0,Yes
1277,1,2719,421,2719,Onslow,North Carolina,37,133,37133,761.9, ,0,Yes
1278,1,2719,426,2719,Onslow,North Carolina,37,133,37133,761.9, ,0,Yes
1279,1,2720,328,2720,Clarendon,South Carolina,45,027,45027,695.6, ,0,Yes
1280,1,2720,338,2720,Clarendon,South Carolina,45,027,45027,695.6, ,0,Yes
1281,1,2720,342,2720,Clarendon,South Carolina,45,027,45027,695.6, ,0,Yes
1282,1,2720,366,2720,Clarendon,South Carolina,45,027,45027,695.6, ,0,Yes
1283,1,2721,328,2721,Williamsburg,South Carolina,45,089,45089,937.4, ,0,Yes
1284,1,2721,331,2721,Williamsburg,South Carolina,45,089,45089,937.4, ,0,Yes
1285,1,2721,338,2721,Williamsburg,South Carolina,45,089,45089,937.4, ,0,Yes
1286,1,2721,397,2721,Williamsburg,South Carolina,45,089,45089,937.4, ,0,Yes
1287,1,2722,337,2722,Calhoun,South Carolina,45,017,45017,392.9, ,0,Yes
1288,1,2722,366,2722,Calhoun,South Carolina,45,017,45017,392.9, ,0,Yes
1289,1,2723,312,2723,Orangeburg,South Carolina,45,075,45075,1127.8, ,0,Yes
1290,1,2723,313,2723,Orangeburg,South Carolina,45,075,45075,1127.8, ,0,Yes
1291,1,2723,343,2723,Orangeburg,South Carolina,45,075,45075,1127.8, ,0,Yes
1292,1,2724,311,2724,Georgetown,South Carolina,45,043,45043,847.2, ,0,Yes
1293,1,2724,325,2724,Georgetown,South Carolina,45,043,45043,847.2, ,0,Yes
1294,1,2724,328,2724,Georgetown,South Carolina,45,043,45043,847.2, ,0,Yes
1295,1,2724,331,2724,Georgetown,South Carolina,45,043,45043,847.2, ,0,Yes
1296,1,2724,335,2724,Georgetown,South Carolina,45,043,45043,847.2, ,0,Yes
1297,1,2724,397,2724,Georgetown,South Carolina,45,043,45043,847.2, ,0,Yes
1298,1,2725,305,2725,Berkeley,South Carolina,45,015,45015,1228.3, ,0,Yes
1299,1,2725,312,2725,Berkeley,South Carolina,45,015,45015,1228.3, ,0,Yes
1300,1,2725,313,2725,Berkeley,South Carolina,45,015,45015,1228.3, ,0,Yes
1301,1,2725,328,2725,Berkeley,South Carolina,45,015,45015,1228.3, ,0,Yes
1302,1,2726,296,2726,Dorchester,South Carolina,45,035,45035,576.2, ,0,Yes
1303,1,2726,312,2726,Dorchester,South Carolina,45,035,45035,576.2, ,0,Yes
1304,1,2726,315,2726,Dorchester,South Carolina,45,035,45035,576.2, ,0,Yes
1305,1,2726,343,2726,Dorchester,South Carolina,45,035,45035,576.2, ,0,Yes
1306,1,2727,307,2727,Colleton,South Carolina,45,029,45029,1075.1, ,0,Yes
1307,1,2727,343,2727,Colleton,South Carolina,45,029,45029,1075.1, ,0,Yes
1308,1,2728,293,2728,Charleston,South Carolina,45,019,45019,986.2, ,0,Yes
1309,1,2728,296,2728,Charleston,South Carolina,45,019,45019,986.2, ,0,Yes
1310,1,2728,298,2728,Charleston,South Carolina,45,019,45019,986.2, ,0,Yes
1311,1,2728,305,2728,Charleston,South Carolina,45,019,45019,986.2, ,0,Yes
1312,1,2728,328,2728,Charleston,South Carolina,45,019,45019,986.2, ,0,Yes
1313,1,2728,343,2728,Charleston,South Carolina,45,019,45019,986.2, ,0,Yes
1314,1,2729,284,2729,Beaufort,South Carolina,45,013,45013,615.2, ,0,Yes
1315,1,2729,307,2729,Beaufort,South Carolina,45,013,45013,615.2, ,0,Yes
1316,1,2729,407,2729,Beaufort,South Carolina,45,013,45013,615.2, ,0,Yes
1317,1,2730,479,2730,Lenoir,North Carolina,37,107,37107,402.8, ,0,Yes
1318,1,2731,397,2731,Robeson,North Carolina,37,155,37155,951, ,0,Yes
1319,1,2731,413,2731,Robeson,North Carolina,37,155,37155,951, ,0,Yes
1320,1,2732,430,2732,Bladen,North Carolina,37,017,37017,887.2, ,0,Yes
1321,1,2733,408,2733,Chesterfield,South Carolina,45,025,45025,806, ,0,Yes
1322,1,2733,422,2733,Chesterfield,South Carolina,45,025,45025,806, ,0,Yes
1323,1,2733,458,2733,Chesterfield,South Carolina,45,025,45025,806, ,0,Yes
1324,1,2733,462,2733,Chesterfield,South Carolina,45,025,45025,806, ,0,Yes
1325,1,2734,397,2734,Marlboro,South Carolina,45,069,45069,485.4, ,0,Yes
1326,1,2734,413,2734,Marlboro,South Carolina,45,069,45069,485.4, ,0,Yes
1327,1,2734,462,2734,Marlboro,South Carolina,45,069,45069,485.4, ,0,Yes
1328,1,2735,388,2735,Pender,North Carolina,37,141,37141,870.5, ,0,Yes
1329,1,2735,398,2735,Pender,North Carolina,37,141,37141,870.5, ,0,Yes
1330,1,2735,421,2735,Pender,North Carolina,37,141,37141,870.5, ,0,Yes
1331,1,2735,430,2735,Pender,North Carolina,37,141,37141,870.5, ,0,Yes
1332,1,2736,397,2736,Dillon,South Carolina,45,033,45033,406.3, ,0,Yes
1333,1,2736,413,2736,Dillon,South Carolina,45,033,45033,406.3, ,0,Yes
1334,1,2737,366,2737,Kershaw,South Carolina,45,055,45055,740.2, ,0,Yes
1335,1,2737,369,2737,Kershaw,South Carolina,45,055,45055,740.2, ,0,Yes
1336,1,2737,382,2737,Kershaw,South Carolina,45,055,45055,740.2, ,0,Yes
1337,1,2738,397,2738,Horry,South Carolina,45,051,45051,1145, ,0,Yes
1338,1,2739,397,2739,Darlington,South Carolina,45,031,45031,566.8, ,0,Yes
1339,1,2740,366,2740,Lee,South Carolina,45,061,45061,411.4, ,0,Yes
1340,1,2740,370,2740,Lee,South Carolina,45,061,45061,411.4, ,0,Yes
1341,1,2741,397,2741,Florence,South Carolina,45,041,45041,803.4, ,0,Yes
1342,1,2742,397,2742,Marion,South Carolina,45,067,45067,494.1, ,0,Yes
1343,1,2743,366,2743,Sumter,South Carolina,45,085,45085,681.6, ,0,Yes
1344,1,2744,458,2744,Union,North Carolina,37,179,37179,639.4, ,0,Yes
1345,1,2744,469,2744,Union,North Carolina,37,179,37179,639.4, ,0,Yes
1346,1,2745,441,2745,Anson,North Carolina,37,007,37007,537.4, ,0,Yes
1347,1,2745,453,2745,Anson,North Carolina,37,007,37007,537.4, ,0,Yes
1348,1,2745,458,2745,Anson,North Carolina,37,007,37007,537.4, ,0,Yes
1349,1,2745,462,2745,Anson,North Carolina,37,007,37007,537.4, ,0,Yes
1350,1,2745,469,2745,Anson,North Carolina,37,007,37007,537.4, ,0,Yes
1351,1,2746,452,2746,Hoke,North Carolina,37,093,37093,392.3, ,0,Yes
1352,1,2746,457,2746,Hoke,North Carolina,37,093,37093,392.3, ,0,Yes
1353,1,2746,473,2746,Hoke,North Carolina,37,093,37093,392.3, ,0,Yes
1354,1,2747,455,2747,Richmond,North Carolina,37,153,37153,479.6, ,0,Yes
1355,1,2747,457,2747,Richmond,North Carolina,37,153,37153,479.6, ,0,Yes
1356,1,2747,462,2747,Richmond,North Carolina,37,153,37153,479.6, ,0,Yes
1357,1,2748,401,2748,Lancaster,South Carolina,45,057,45057,555.6, ,0,Yes
1358,1,2749,413,2749,Scotland,North Carolina,37,165,37165,320.7, ,0,Yes
1359,1,2749,452,2749,Scotland,North Carolina,37,165,37165,320.7, ,0,Yes
1360,1,2749,457,2749,Scotland,North Carolina,37,165,37165,320.7, ,0,Yes
1361,1,2750,428,2750,Sampson,North Carolina,37,163,37163,947.4, ,0,Yes
1362,1,2750,430,2750,Sampson,North Carolina,37,163,37163,947.4, ,0,Yes
1363,1,2750,432,2750,Sampson,North Carolina,37,163,37163,947.4, ,0,Yes
1364,1,2750,438,2750,Sampson,North Carolina,37,163,37163,947.4, ,0,Yes
1365,1,2750,439,2750,Sampson,North Carolina,37,163,37163,947.4, ,0,Yes
1366,1,2750,449,2750,Sampson,North Carolina,37,163,37163,947.4, ,0,Yes
1367,1,2750,450,2750,Sampson,North Carolina,37,163,37163,947.4, ,0,Yes
1368,1,2751,430,2751,Cumberland,North Carolina,37,051,37051,658.8, ,0,Yes
1369,1,2751,450,2751,Cumberland,North Carolina,37,051,37051,658.8, ,0,Yes
1370,1,2751,473,2751,Cumberland,North Carolina,37,051,37051,658.8, ,0,Yes
1371,1,2752,421,2752,Duplin,North Carolina,37,061,37061,818.8, ,0,Yes
1372,1,2752,456,2752,Duplin,North Carolina,37,061,37061,818.8, ,0,Yes
1373,1,2752,459,2752,Duplin,North Carolina,37,061,37061,818.8, ,0,Yes
1374,1,2753,384,2753,Columbus,North Carolina,37,047,37047,953.6, ,0,Yes
1375,1,2753,397,2753,Columbus,North Carolina,37,047,37047,953.6, ,0,Yes
1376,1,2753,430,2753,Columbus,North Carolina,37,047,37047,953.6, ,0,Yes
1377,1,2755,371,2755,Brunswick,North Carolina,37,019,37019,864.2, ,0,Yes
1378,1,2755,397,2755,Brunswick,North Carolina,37,019,37019,864.2, ,0,Yes
1379,1,2755,430,2755,Brunswick,North Carolina,37,019,37019,864.2, ,0,Yes
1380,1,2756,471,2756,Pamlico,North Carolina,37,137,37137,347, ,0,Yes
1381,1,2757,426,2757,Craven,North Carolina,37,049,37049,727.2, ,0,Yes
1382,1,2757,463,2757,Craven,North Carolina,37,049,37049,727.2, ,0,Yes
1383,1,2757,479,2757,Craven,North Carolina,37,049,37049,727.2, ,0,Yes
1384,1,2758,425,2758,Carteret,North Carolina,37,031,37031,505.5, ,0,Yes
1385,1,2758,426,2758,Carteret,North Carolina,37,031,37031,505.5, ,0,Yes
1386,1,2758,434,2758,Carteret,North Carolina,37,031,37031,505.5, ,0,Yes
1387,1,2771,523,2771,Northampton,North Carolina,37,131,37131,550.2, ,0,Yes
1388,1,2771,529,2771,Northampton,North Carolina,37,131,37131,550.2, ,0,Yes
1389,1,2772,479,2772,Pitt,North Carolina,37,147,37147,654.7, ,0,Yes
1390,1,2772,487,2772,Pitt,North Carolina,37,147,37147,654.7, ,0,Yes
1391,1,2772,488,2772,Pitt,North Carolina,37,147,37147,654.7, ,0,Yes
1392,1,2772,489,2772,Pitt,North Carolina,37,147,37147,654.7, ,0,Yes
1393,1,2772,499,2772,Pitt,North Carolina,37,147,37147,654.7, ,0,Yes
1394,1,2773,522,2773,Dare,North Carolina,37,055,37055,378, ,0,Yes
1395,1,2774,477,2774,Wayne,North Carolina,37,191,37191,556.5, ,0,Yes
1396,1,2774,486,2774,Wayne,North Carolina,37,191,37191,556.5, ,0,Yes
1397,1,2774,493,2774,Wayne,North Carolina,37,191,37191,556.5, ,0,Yes
1398,1,2775,473,2775,Harnett,North Carolina,37,085,37085,601.7, ,0,Yes
1399,1,2775,483,2775,Harnett,North Carolina,37,085,37085,601.7, ,0,Yes
1400,1,2776,478,2776,Cabarrus,North Carolina,37,025,37025,364.2, ,0,Yes
1401,1,2776,481,2776,Cabarrus,North Carolina,37,025,37025,364.2, ,0,Yes
1402,1,2777,469,2777,Stanly,North Carolina,37,167,37167,404.5, ,0,Yes
1403,1,2783,523,2783,Halifax,North Carolina,37,083,37083,731.8, ,0,Yes
1404,1,2783,525,2783,Halifax,North Carolina,37,083,37083,731.8, ,0,Yes
1405,1,2784,518,2784,Yadkin,North Carolina,37,197,37197,337.6, ,0,Yes
1406,1,2787,510,2787,Guilford,North Carolina,37,081,37081,655.9, ,0,Yes
1407,1,2788,510,2788,Alamance,North Carolina,37,001,37001,435.8, ,0,Yes
1408,1,2792,484,2792,Johnston,North Carolina,37,101,37101,795.3, ,0,Yes
1409,1,2792,486,2792,Johnston,North Carolina,37,101,37101,795.3, ,0,Yes
1410,1,2792,493,2792,Johnston,North Carolina,37,101,37101,795.3, ,0,Yes
1411,1,2792,495,2792,Johnston,North Carolina,37,101,37101,795.3, ,0,Yes
1412,1,2794,501,2794,Davie,North Carolina,37,059,37059,266.7, ,0,Yes
1413,1,2795,501,2795,Davidson,North Carolina,37,057,37057,567.2, ,0,Yes
1414,1,2796,492,2796,Randolph,North Carolina,37,151,37151,789.8, ,0,Yes
1415,1,2796,496,2796,Randolph,North Carolina,37,151,37151,789.8, ,0,Yes
1416,1,2797,501,2797,Rowan,North Carolina,37,159,37159,524.1, ,0,Yes
1417,1,2803,538,2803,Caswell,North Carolina,37,033,37033,428.6, ,0,Yes
1418,1,2804,538,2804,Rockingham,North Carolina,37,157,37157,573.1, ,0,Yes
1419,1,2810,537,2810,Person,North Carolina,37,145,37145,404.1, ,0,Yes
1420,1,2810,538,2810,Person,North Carolina,37,145,37145,404.1, ,0,Yes
1421,1,2812,525,2812,Nash,North Carolina,37,127,37127,542, ,0,Yes
1422,1,2813,499,2813,Edgecombe,North Carolina,37,065,37065,506.4, ,0,Yes
1423,1,2813,508,2813,Edgecombe,North Carolina,37,065,37065,506.4, ,0,Yes
1424,1,2813,525,2813,Edgecombe,North Carolina,37,065,37065,506.4, ,0,Yes
1425,1,2815,493,2815,Wilson,North Carolina,37,195,37195,375.6, ,0,Yes
1426,1,2816,485,2816,Greene,North Carolina,37,079,37079,265.7, ,0,Yes
1427,1,2817,584,2817,Culpeper,Virginia,51,047,51047,382.3, ,0,Yes
1428,1,2817,586,2817,Culpeper,Virginia,51,047,51047,382.3, ,0,Yes
1429,1,2851,586,2851,Orange,Virginia,51,137,51137,343.5, ,0,Yes
1430,1,2876,573,2876,Northumberland,Virginia,51,133,51133,211.2, ,0,Yes
1431,1,2902,522,2902,Currituck,North Carolina,37,053,37053,257.8, ,0,Yes
1432,1,2902,532,2902,Currituck,North Carolina,37,053,37053,257.8, ,0,Yes
1433,1,2902,536,2902,Currituck,North Carolina,37,053,37053,257.8, ,0,Yes
1434,1,2902,540,2902,Currituck,North Carolina,37,053,37053,257.8, ,0,Yes
1435,1,2902,543,2902,Currituck,North Carolina,37,053,37053,257.8, ,0,Yes
1436,1,2904,512,2904,Chowan,North Carolina,37,041,37041,174, ,0,Yes
1437,1,2905,513,2905,Bertie,North Carolina,37,015,37015,708, ,0,Yes
1438,1,2905,515,2905,Bertie,North Carolina,37,015,37015,708, ,0,Yes
1439,1,2905,523,2905,Bertie,North Carolina,37,015,37015,708, ,0,Yes
1440,1,2905,524,2905,Bertie,North Carolina,37,015,37015,708, ,0,Yes
1441,1,2906,471,2906,Beaufort,North Carolina,37,013,37013,853.6, ,0,Yes
1442,1,2906,488,2906,Beaufort,North Carolina,37,013,37013,853.6, ,0,Yes
1443,1,2906,490,2906,Beaufort,North Carolina,37,013,37013,853.6, ,0,Yes
1444,1,2906,499,2906,Beaufort,North Carolina,37,013,37013,853.6, ,0,Yes
1445,1,2907,499,2907,Martin,North Carolina,37,117,37117,461.9, ,0,Yes
1446,1,2907,500,2907,Martin,North Carolina,37,117,37117,461.9, ,0,Yes
1447,1,2907,508,2907,Martin,North Carolina,37,117,37117,461.9, ,0,Yes
1448,1,2907,515,2907,Martin,North Carolina,37,117,37117,461.9, ,0,Yes
1449,1,2908,503,2908,Washington,North Carolina,37,187,37187,377.5, ,0,Yes
1450,1,2908,504,2908,Washington,North Carolina,37,187,37187,377.5, ,0,Yes
1451,1,2908,507,2908,Washington,North Carolina,37,187,37187,377.5, ,0,Yes
1452,1,2909,504,2909,Tyrrell,North Carolina,37,177,37177,398.9, ,0,Yes
1453,1,2909,507,2909,Tyrrell,North Carolina,37,177,37177,398.9, ,0,Yes
1454,1,2913,524,2913,Hertford,North Carolina,37,091,37091,357.3, ,0,Yes
1455,1,2913,527,2913,Hertford,North Carolina,37,091,37091,357.3, ,0,Yes
1456,1,2913,529,2913,Hertford,North Carolina,37,091,37091,357.3, ,0,Yes
1457,1,2913,534,2913,Hertford,North Carolina,37,091,37091,357.3, ,0,Yes
1458,1,2914,531,2914,Gates,North Carolina,37,073,37073,344, ,0,Yes
1459,1,2914,534,2914,Gates,North Carolina,37,073,37073,344, ,0,Yes
1460,1,2916,543,2916,Virginia Beach,Virginia,51,810,51810,257.9, ,0,Yes
1461,1,2917,540,2917,Chesapeake,Virginia,51,550,51550,350.1, ,0,Yes
1462,1,2919,532,2919,Camden,North Carolina,37,029,37029,241.6, ,0,Yes
1463,1,2919,536,2919,Camden,North Carolina,37,029,37029,241.6, ,0,Yes
1464,1,2920,526,2920,Pasquotank,North Carolina,37,139,37139,229, ,0,Yes
1465,1,2920,532,2920,Pasquotank,North Carolina,37,139,37139,229, ,0,Yes
1466,1,2921,314,2921,Choctaw,Alabama,01,023,01023,920.8, ,0,Yes
1467,1,2921,407,2921,Choctaw,Alabama,01,023,01023,920.8, ,0,Yes
1468,1,2922,135,2922,Lake,Florida,12,069,12069,1156.3, ,0,Yes
1469,1,2922,138,2922,Lake,Florida,12,069,12069,1156.3, ,0,Yes
1470,1,2922,142,2922,Lake,Florida,12,069,12069,1156.3, ,0,Yes
1471,1,2922,143,2922,Lake,Florida,12,069,12069,1156.3, ,0,Yes
1472,1,2922,144,2922,Lake,Florida,12,069,12069,1156.3, ,0,Yes
1473,1,2922,146,2922,Lake,Florida,12,069,12069,1156.3, ,0,Yes
1474,1,2922,147,2922,Lake,Florida,12,069,12069,1156.3, ,0,Yes
1475,1,2922,149,2922,Lake,Florida,12,069,12069,1156.3, ,0,Yes
1476,1,2922,150,2922,Lake,Florida,12,069,12069,1156.3, ,0,Yes
1477,1,2922,407,2922,Lake,Florida,12,069,12069,1156.3, ,0,Yes
1478,1,2923,581,2923,Tensas,Louisiana,22,107,22107,641.2, ,0,Yes
1479,1,2924,253,2924,Jasper,Mississippi,28,061,28061,677.4, ,0,Yes
1480,1,2924,280,2924,Jasper,Mississippi,28,061,28061,677.4, ,0,Yes
1481,1,2924,314,2924,Jasper,Mississippi,28,061,28061,677.4, ,0,Yes
1482,1,2925,314,2925,Clarke,Mississippi,28,023,28023,693.4, ,0,Yes
1483,1,2926,280,2926,Smith,Mississippi,28,129,28129,637.3, ,0,Yes
1484,1,2926,314,2926,Smith,Mississippi,28,129,28129,637.3, ,0,Yes
1485,1,2927,250,2927,Claiborne,Mississippi,28,021,28021,501.4, ,0,Yes
1486,1,2927,251,2927,Claiborne,Mississippi,28,021,28021,501.4, ,0,Yes
1487,1,2927,581,2927,Claiborne,Mississippi,28,021,28021,501.4, ,0,Yes
1488,1,2928,407,2928,Clarke,Alabama,01,025,01025,1252.5, ,0,Yes
1489,1,2929,581,2929,Newton,Texas,48,351,48351,939.5, ,0,Yes
1490,1,2930,581,2930,Jasper,Texas,48,241,48241,969.6, ,0,Yes
1491,1,2931,202,2931,Tangipahoa,Louisiana,22,105,22105,823.1, ,0,Yes
1492,1,2931,205,2931,Tangipahoa,Louisiana,22,105,22105,823.1, ,0,Yes
1493,1,2931,218,2931,Tangipahoa,Louisiana,22,105,22105,823.1, ,0,Yes
1494,1,2931,225,2931,Tangipahoa,Louisiana,22,105,22105,823.1, ,0,Yes
1495,1,2931,314,2931,Tangipahoa,Louisiana,22,105,22105,823.1, ,0,Yes
1496,1,2932,204,2932,St. Tammany,Louisiana,22,103,22103,1110, ,0,Yes
1497,1,2932,205,2932,St. Tammany,Louisiana,22,103,22103,1110, ,0,Yes
1498,1,2932,206,2932,St. Tammany,Louisiana,22,103,22103,1110, ,0,Yes
1499,1,2932,314,2932,St. Tammany,Louisiana,22,103,22103,1110, ,0,Yes
1500,1,2933,203,2933,Livingston,Louisiana,22,063,22063,702.9, ,0,Yes
1501,1,2933,232,2933,Livingston,Louisiana,22,063,22063,702.9, ,0,Yes
1502,1,2933,581,2933,Livingston,Louisiana,22,063,22063,702.9, ,0,Yes
1503,1,2934,314,2934,Hancock,Mississippi,28,045,28045,484.5, ,0,Yes
1504,1,2935,581,2935,Iberville,Louisiana,22,047,22047,652.9, ,0,Yes
1505,1,2936,581,2936,Hardin,Texas,48,199,48199,897.4, ,0,Yes
1506,1,2937,199,2937,St. Martin,Louisiana,22,099,22099,816.4, ,0,Yes
1507,1,2937,581,2937,St. Martin,Louisiana,22,099,22099,816.4, ,0,Yes
1508,1,2938,190,2938,Calcasieu,Louisiana,22,019,22019,1094.3, ,0,Yes
1509,1,2938,191,2938,Calcasieu,Louisiana,22,019,22019,1094.3, ,0,Yes
1510,1,2938,196,2938,Calcasieu,Louisiana,22,019,22019,1094.3, ,0,Yes
1511,1,2938,581,2938,Calcasieu,Louisiana,22,019,22019,1094.3, ,0,Yes
1512,1,2939,196,2939,Jefferson Davis,Louisiana,22,053,22053,658.6, ,0,Yes
1513,1,2939,581,2939,Jefferson Davis,Louisiana,22,053,22053,658.6, ,0,Yes
1514,1,2940,581,2940,Acadia,Louisiana,22,001,22001,657.6, ,0,Yes
1515,1,2941,185,2941,Cameron,Louisiana,22,023,22023,1651.8, ,0,Yes
1516,1,2941,186,2941,Cameron,Louisiana,22,023,22023,1651.8, ,0,Yes
1517,1,2941,188,2941,Cameron,Louisiana,22,023,22023,1651.8, ,0,Yes
1518,1,2941,189,2941,Cameron,Louisiana,22,023,22023,1651.8, ,0,Yes
1519,1,2941,196,2941,Cameron,Louisiana,22,023,22023,1651.8, ,0,Yes
1520,1,2941,581,2941,Cameron,Louisiana,22,023,22023,1651.8, ,0,Yes
1521,1,2942,180,2942,St. Mary,Louisiana,22,101,22101,689.4, ,0,Yes
1522,1,2942,181,2942,St. Mary,Louisiana,22,101,22101,689.4, ,0,Yes
1523,1,2942,186,2942,St. Mary,Louisiana,22,101,22101,689.4, ,0,Yes
1524,1,2942,187,2942,St. Mary,Louisiana,22,101,22101,689.4, ,0,Yes
1525,1,2942,581,2942,St. Mary,Louisiana,22,101,22101,689.4, ,0,Yes
1526,1,2943,581,2943,Chambers,Texas,48,071,48071,629.4, ,0,Yes
1527,1,2944,186,2944,Iberia,Louisiana,22,045,22045,626.3, ,0,Yes
1528,1,2944,187,2944,Iberia,Louisiana,22,045,22045,626.3, ,0,Yes
1529,1,2944,581,2944,Iberia,Louisiana,22,045,22045,626.3, ,0,Yes
1530,1,2945,581,2945,Orange,Texas,48,361,48361,379.5, ,0,Yes
1531,1,2946,581,2946,Jefferson,Texas,48,245,48245,990.3, ,0,Yes
1532,1,2947,199,2947,Lafayette,Louisiana,22,055,22055,270.3, ,0,Yes
1533,1,2947,581,2947,Lafayette,Louisiana,22,055,22055,270.3, ,0,Yes
1534,1,2948,184,2948,Vermilion,Louisiana,22,113,22113,1300.8, ,0,Yes
1535,1,2948,185,2948,Vermilion,Louisiana,22,113,22113,1300.8, ,0,Yes
1536,1,2948,186,2948,Vermilion,Louisiana,22,113,22113,1300.8, ,0,Yes
1537,1,2948,581,2948,Vermilion,Louisiana,22,113,22113,1300.8, ,0,Yes
1538,1,2949,581,2949,Winn,Louisiana,22,127,22127,956.9, ,0,Yes
1539,1,2950,581,2950,Natchitoches,Louisiana,22,069,22069,1299.3, ,0,Yes
1540,1,2951,581,2951,Nacogdoches,Texas,48,347,48347,981.3, ,0,Yes
1541,1,2952,581,2952,Concordia,Louisiana,22,029,22029,748.7, ,0,Yes
1542,1,2953,242,2953,Adams,Mississippi,28,001,28001,486.3, ,0,Yes
1543,1,2953,581,2953,Adams,Mississippi,28,001,28001,486.3, ,0,Yes
1544,1,2954,581,2954,San Augustine,Texas,48,405,48405,592.2, ,0,Yes
1545,1,2955,581,2955,Sabine,Texas,48,403,48403,576.6, ,0,Yes
1546,1,2956,581,2956,Angelina,Texas,48,005,48005,864.5, ,0,Yes
1547,1,2957,581,2957,Rapides,Louisiana,22,079,22079,1362, ,0,Yes
1548,1,2958,581,2958,Wilkinson,Mississippi,28,157,28157,687.7, ,0,Yes
1549,1,2959,581,2959,Vernon,Louisiana,22,115,22115,1341.5, ,0,Yes
1550,1,2960,228,2960,Avoyelles,Louisiana,22,009,22009,865.7, ,0,Yes
1551,1,2960,581,2960,Avoyelles,Louisiana,22,009,22009,865.7, ,0,Yes
1552,1,2961,219,2961,St. Landry,Louisiana,22,097,22097,938.8, ,0,Yes
1553,1,2961,228,2961,St. Landry,Louisiana,22,097,22097,938.8, ,0,Yes
1554,1,2961,581,2961,St. Landry,Louisiana,22,097,22097,938.8, ,0,Yes
1555,1,2962,581,2962,West Baton Rouge,Louisiana,22,121,22121,203.6, ,0,Yes
1556,1,2963,581,2963,Tyler,Texas,48,457,48457,935.7, ,0,Yes
1557,1,2964,581,2964,Beauregard,Louisiana,22,011,22011,1166, ,0,Yes
1558,1,2965,581,2965,Shelby,Texas,48,419,48419,834.5, ,0,Yes
1559,1,2966,581,2966,Sabine,Louisiana,22,085,22085,1011.5, ,0,Yes
1560,1,2967,581,2967,Catahoula,Louisiana,22,025,22025,739.4, ,0,Yes
1561,1,2968,581,2968,La Salle,Louisiana,22,059,22059,662.4, ,0,Yes
1562,1,2969,581,2969,Grant,Louisiana,22,043,22043,664.6, ,0,Yes
1563,1,2970,221,2970,Pointe Coupee,Louisiana,22,077,22077,590.7, ,0,Yes
1564,1,2970,581,2970,Pointe Coupee,Louisiana,22,077,22077,590.7, ,0,Yes
1565,1,2971,581,2971,West Feliciana,Louisiana,22,125,22125,426, ,0,Yes
1566,1,2972,581,2972,Evangeline,Louisiana,22,039,22039,679.6, ,0,Yes
1567,1,2973,581,2973,Allen,Louisiana,22,003,22003,765.7, ,0,Yes
1568,1,2974,243,2974,Covington,Mississippi,28,031,28031,414.9, ,0,Yes
1569,1,2974,314,2974,Covington,Mississippi,28,031,28031,414.9, ,0,Yes
1570,1,2975,407,2975,Washington,Alabama,01,129,01129,1088.5, ,0,Yes
1571,1,2976,314,2976,Marion,Mississippi,28,091,28091,548.6, ,0,Yes
1572,1,2977,314,2977,Lamar,Mississippi,28,073,28073,500.4, ,0,Yes
1573,1,2978,314,2978,Forrest,Mississippi,28,035,28035,470.2, ,0,Yes
1574,1,2979,314,2979,Perry,Mississippi,28,111,28111,650.2, ,0,Yes
1575,1,2980,314,2980,Greene,Mississippi,28,041,28041,718.7, ,0,Yes
1576,1,2981,239,2981,Amite,Mississippi,28,005,28005,731.6, ,0,Yes
1577,1,2981,581,2981,Amite,Mississippi,28,005,28005,731.6, ,0,Yes
1578,1,2982,233,2982,Pike,Mississippi,28,113,28113,410.8, ,0,Yes
1579,1,2982,234,2982,Pike,Mississippi,28,113,28113,410.8, ,0,Yes
1580,1,2982,236,2982,Pike,Mississippi,28,113,28113,410.8, ,0,Yes
1581,1,2982,238,2982,Pike,Mississippi,28,113,28113,410.8, ,0,Yes
1582,1,2982,245,2982,Pike,Mississippi,28,113,28113,410.8, ,0,Yes
1583,1,2983,237,2983,Walthall,Mississippi,28,147,28147,404.4, ,0,Yes
1584,1,2983,245,2983,Walthall,Mississippi,28,147,28147,404.4, ,0,Yes
1585,1,2983,314,2983,Walthall,Mississippi,28,147,28147,404.4, ,0,Yes
1586,1,2984,226,2984,Mobile,Alabama,01,097,01097,1252.7, ,0,Yes
1587,1,2984,235,2984,Mobile,Alabama,01,097,01097,1252.7, ,0,Yes
1588,1,2984,314,2984,Mobile,Alabama,01,097,01097,1252.7, ,0,Yes
1589,1,2984,407,2984,Mobile,Alabama,01,097,01097,1252.7, ,0,Yes
1590,1,2985,314,2985,Pearl River,Mississippi,28,109,28109,818.9, ,0,Yes
1591,1,2986,314,2986,Jackson,Mississippi,28,059,28059,738, ,0,Yes
1592,1,2987,581,2987,East Baton Rouge,Louisiana,22,033,22033,470.5, ,0,Yes
1593,1,2988,314,2988,Harrison,Mississippi,28,047,28047,584.2, ,0,Yes
1594,1,2989,227,2989,Washington,Louisiana,22,117,22117,676, ,0,Yes
1595,1,2989,314,2989,Washington,Louisiana,22,117,22117,676, ,0,Yes
1596,1,2990,232,2990,St. Helena,Louisiana,22,091,22091,409.5, ,0,Yes
1597,1,2990,581,2990,St. Helena,Louisiana,22,091,22091,409.5, ,0,Yes
1598,1,2991,581,2991,East Feliciana,Louisiana,22,037,22037,455.7, ,0,Yes
1599,1,2992,314,2992,Simpson,Mississippi,28,127,28127,590.5, ,0,Yes
1600,1,2993,250,2993,Copiah,Mississippi,28,029,28029,779.4, ,0,Yes
1601,1,2993,314,2993,Copiah,Mississippi,28,029,28029,779.4, ,0,Yes
1602,1,2994,248,2994,Jefferson,Mississippi,28,063,28063,527.2, ,0,Yes
1603,1,2994,250,2994,Jefferson,Mississippi,28,063,28063,527.2, ,0,Yes
1604,1,2994,581,2994,Jefferson,Mississippi,28,063,28063,527.2, ,0,Yes
1605,1,2995,243,2995,Jefferson Davis,Mississippi,28,065,28065,409.1, ,0,Yes
1606,1,2995,314,2995,Jefferson Davis,Mississippi,28,065,28065,409.1, ,0,Yes
1607,1,2996,246,2996,Lawrence,Mississippi,28,077,28077,435.7, ,0,Yes
1608,1,2996,314,2996,Lawrence,Mississippi,28,077,28077,435.7, ,0,Yes
1609,1,2997,245,2997,Lincoln,Mississippi,28,085,28085,588.1, ,0,Yes
1610,1,2997,250,2997,Lincoln,Mississippi,28,085,28085,588.1, ,0,Yes
1611,1,2997,581,2997,Lincoln,Mississippi,28,085,28085,588.1, ,0,Yes
1612,1,2998,242,2998,Franklin,Mississippi,28,037,28037,566.7, ,0,Yes
1613,1,2998,581,2998,Franklin,Mississippi,28,037,28037,566.7, ,0,Yes
1614,1,2999,314,2999,Wayne,Mississippi,28,153,28153,813.5, ,0,Yes
1615,1,3000,314,3000,Jones,Mississippi,28,067,28067,699.7, ,0,Yes
1616,1,3001,314,3001,George,Mississippi,28,039,28039,483.6, ,0,Yes
1617,1,3002,314,3002,Stone,Mississippi,28,131,28131,448.1, ,0,Yes
1618,1,3003,192,3003,St. Bernard,Louisiana,22,087,22087,481.6, ,0,Yes
1619,1,3004,171,3004,Lafourche,Louisiana,22,057,22057,1190.9, ,0,Yes
1620,1,3004,177,3004,Lafourche,Louisiana,22,057,22057,1190.9, ,0,Yes
1621,1,3004,181,3004,Lafourche,Louisiana,22,057,22057,1190.9, ,0,Yes
1622,1,3004,192,3004,Lafourche,Louisiana,22,057,22057,1190.9, ,0,Yes
1623,1,3005,192,3005,Plaquemines,Louisiana,22,075,22075,1039.8, ,0,Yes
1624,1,3006,171,3006,Terrebonne,Louisiana,22,109,22109,1481.1, ,0,Yes
1625,1,3006,181,3006,Terrebonne,Louisiana,22,109,22109,1481.1, ,0,Yes
1626,1,3007,192,3007,Jefferson,Louisiana,22,051,22051,488.1, ,0,Yes
1627,1,3008,581,3008,Ascension,Louisiana,22,005,22005,302.9, ,0,Yes
1628,1,3009,202,3009,St. John the Baptist,Louisiana,22,095,22095,348, ,0,Yes
1629,1,3011,192,3011,Orleans,Louisiana,22,071,22071,349.7, ,0,Yes
1630,1,3012,192,3012,St. Charles,Louisiana,22,089,22089,409.9, ,0,Yes
1631,1,3013,181,3013,Assumption,Louisiana,22,007,22007,364.6, ,0,Yes
1632,1,3013,581,3013,Assumption,Louisiana,22,007,22007,364.6, ,0,Yes
1633,1,3014,407,3014,Bryan,Georgia,13,029,13029,448.2, ,0,Yes
1634,1,3015,407,3015,Chatham,Georgia,13,051,13051,482.2, ,0,Yes
1635,1,3016,198,3016,Baldwin,Alabama,01,003,01003,1654.5, ,0,Yes
1636,1,3016,215,3016,Baldwin,Alabama,01,003,01003,1654.5, ,0,Yes
1637,1,3016,407,3016,Baldwin,Alabama,01,003,01003,1654.5, ,0,Yes
1638,1,3017,207,3017,Walton,Florida,12,131,12131,1069.6, ,0,Yes
1639,1,3017,208,3017,Walton,Florida,12,131,12131,1069.6, ,0,Yes
1640,1,3017,210,3017,Walton,Florida,12,131,12131,1069.6, ,0,Yes
1641,1,3017,211,3017,Walton,Florida,12,131,12131,1069.6, ,0,Yes
1642,1,3017,407,3017,Walton,Florida,12,131,12131,1069.6, ,0,Yes
1643,1,3018,407,3018,Nassau,Florida,12,089,12089,667.1, ,0,Yes
1644,1,3019,407,3019,Leon,Florida,12,073,12073,701.1, ,0,Yes
1645,1,3020,407,3020,Jefferson,Florida,12,065,12065,612.4, ,0,Yes
1646,1,3021,407,3021,Madison,Florida,12,079,12079,715.8, ,0,Yes
1647,1,3022,407,3022,Calhoun,Florida,12,013,12013,574.5, ,0,Yes
1648,1,3023,407,3023,Liberty,Florida,12,077,12077,843.1, ,0,Yes
1649,1,3024,193,3024,Columbia,Florida,12,023,12023,800.8, ,0,Yes
1650,1,3024,194,3024,Columbia,Florida,12,023,12023,800.8, ,0,Yes
1651,1,3024,407,3024,Columbia,Florida,12,023,12023,800.8, ,0,Yes
1652,1,3025,407,3025,Baker,Florida,12,003,12003,588.8, ,0,Yes
1653,1,3026,197,3026,Duval,Florida,12,031,12031,847.9, ,0,Yes
1654,1,3026,200,3026,Duval,Florida,12,031,12031,847.9, ,0,Yes
1655,1,3026,201,3026,Duval,Florida,12,031,12031,847.9, ,0,Yes
1656,1,3026,212,3026,Duval,Florida,12,031,12031,847.9, ,0,Yes
1657,1,3026,213,3026,Duval,Florida,12,031,12031,847.9, ,0,Yes
1658,1,3026,214,3026,Duval,Florida,12,031,12031,847.9, ,0,Yes
1659,1,3026,407,3026,Duval,Florida,12,031,12031,847.9, ,0,Yes
1660,1,3027,195,3027,Bay,Florida,12,005,12005,778.2, ,0,Yes
1661,1,3027,407,3027,Bay,Florida,12,005,12005,778.2, ,0,Yes
1662,1,3028,407,3028,Wakulla,Florida,12,129,12129,617.4, ,0,Yes
1663,1,3029,151,3029,Volusia,Florida,12,127,12127,1208.7, ,0,Yes
1664,1,3029,152,3029,Volusia,Florida,12,127,12127,1208.7, ,0,Yes
1665,1,3029,153,3029,Volusia,Florida,12,127,12127,1208.7, ,0,Yes
1666,1,3029,154,3029,Volusia,Florida,12,127,12127,1208.7, ,0,Yes
1667,1,3029,159,3029,Volusia,Florida,12,127,12127,1208.7, ,0,Yes
1668,1,3029,161,3029,Volusia,Florida,12,127,12127,1208.7, ,0,Yes
1669,1,3029,162,3029,Volusia,Florida,12,127,12127,1208.7, ,0,Yes
1670,1,3029,163,3029,Volusia,Florida,12,127,12127,1208.7, ,0,Yes
1671,1,3029,164,3029,Volusia,Florida,12,127,12127,1208.7, ,0,Yes
1672,1,3029,407,3029,Volusia,Florida,12,127,12127,1208.7, ,0,Yes
1673,1,3030,183,3030,Gulf,Florida,12,045,12045,569.4, ,0,Yes
1674,1,3030,407,3030,Gulf,Florida,12,045,12045,569.4, ,0,Yes
1675,1,3031,407,3031,Franklin,Florida,12,037,12037,554.4, ,0,Yes
1676,1,3032,247,3032,Barbour,Alabama,01,005,01005,904.5, ,0,Yes
1677,1,3032,407,3032,Barbour,Alabama,01,005,01005,904.5, ,0,Yes
1678,1,3033,407,3033,Covington,Alabama,01,039,01039,1043.9, ,0,Yes
1679,1,3034,407,3034,Early,Georgia,13,099,13099,516.6, ,0,Yes
1680,1,3035,407,3035,Baker,Georgia,13,007,13007,349.1, ,0,Yes
1681,1,3036,407,3036,Houston,Alabama,01,069,01069,581.6, ,0,Yes
1682,1,3037,407,3037,Escambia,Florida,12,033,12033,668.1, ,0,Yes
1683,1,3038,407,3038,Escambia,Alabama,01,053,01053,953, ,0,Yes
1684,1,3039,209,3039,Okaloosa,Florida,12,091,12091,939.5, ,0,Yes
1685,1,3039,224,3039,Okaloosa,Florida,12,091,12091,939.5, ,0,Yes
1686,1,3039,229,3039,Okaloosa,Florida,12,091,12091,939.5, ,0,Yes
1687,1,3039,231,3039,Okaloosa,Florida,12,091,12091,939.5, ,0,Yes
1688,1,3039,407,3039,Okaloosa,Florida,12,091,12091,939.5, ,0,Yes
1689,1,3040,407,3040,Santa Rosa,Florida,12,113,12113,1025.4, ,0,Yes
1690,1,3041,268,3041,Crenshaw,Alabama,01,041,01041,610.9, ,0,Yes
1691,1,3041,407,3041,Crenshaw,Alabama,01,041,01041,610.9, ,0,Yes
1692,1,3042,249,3042,Butler,Alabama,01,013,01013,777.9, ,0,Yes
1693,1,3042,407,3042,Butler,Alabama,01,013,01013,777.9, ,0,Yes
1694,1,3043,407,3043,Monroe,Alabama,01,099,01099,1034.1, ,0,Yes
1695,1,3044,407,3044,Conecuh,Alabama,01,035,01035,852.9, ,0,Yes
1696,1,3045,407,3045,Pike,Alabama,01,109,01109,672.1, ,0,Yes
1697,1,3046,407,3046,Quitman,Georgia,13,239,13239,160.5, ,0,Yes
1698,1,3047,407,3047,Terrell,Georgia,13,273,13273,337.8, ,0,Yes
1699,1,3048,407,3048,Randolph,Georgia,13,243,13243,431, ,0,Yes
1700,1,3049,247,3049,Henry,Alabama,01,067,01067,568.3, ,0,Yes
1701,1,3049,407,3049,Henry,Alabama,01,067,01067,568.3, ,0,Yes
1702,1,3050,407,3050,Clay,Georgia,13,061,13061,216.6, ,0,Yes
1703,1,3051,407,3051,Calhoun,Georgia,13,037,13037,283.8, ,0,Yes
1704,1,3052,407,3052,Coffee,Alabama,01,031,01031,680.5, ,0,Yes
1705,1,3053,240,3053,Dale,Alabama,01,045,01045,562.7, ,0,Yes
1706,1,3053,241,3053,Dale,Alabama,01,045,01045,562.7, ,0,Yes
1707,1,3053,244,3053,Dale,Alabama,01,045,01045,562.7, ,0,Yes
1708,1,3053,247,3053,Dale,Alabama,01,045,01045,562.7, ,0,Yes
1709,1,3053,407,3053,Dale,Alabama,01,045,01045,562.7, ,0,Yes
1710,1,3054,407,3054,Miller,Georgia,13,201,13201,283.6, ,0,Yes
1711,1,3055,407,3055,Geneva,Alabama,01,061,01061,578.9, ,0,Yes
1712,1,3056,407,3056,Decatur,Georgia,13,087,13087,623.2, ,0,Yes
1713,1,3057,407,3057,Seminole,Georgia,13,253,13253,256.5, ,0,Yes
1714,1,3058,407,3058,Jackson,Florida,12,063,12063,954.6, ,0,Yes
1715,1,3059,222,3059,Holmes,Florida,12,059,12059,488.7, ,0,Yes
1716,1,3059,223,3059,Holmes,Florida,12,059,12059,488.7, ,0,Yes
1717,1,3059,230,3059,Holmes,Florida,12,059,12059,488.7, ,0,Yes
1718,1,3059,407,3059,Holmes,Florida,12,059,12059,488.7, ,0,Yes
1719,1,3060,407,3060,Washington,Florida,12,133,12133,616.4, ,0,Yes
1720,1,3061,216,3061,Gadsden,Florida,12,039,12039,528.6, ,0,Yes
1721,1,3061,217,3061,Gadsden,Florida,12,039,12039,528.6, ,0,Yes
1722,1,3061,220,3061,Gadsden,Florida,12,039,12039,528.6, ,0,Yes
1723,1,3061,407,3061,Gadsden,Florida,12,039,12039,528.6, ,0,Yes
1724,1,3062,407,3062,Telfair,Georgia,13,271,13271,444.1, ,0,Yes
1725,1,3063,407,3063,Wilcox,Georgia,13,315,13315,383.3, ,0,Yes
1726,1,3064,407,3064,Jeff Davis,Georgia,13,161,13161,335.5, ,0,Yes
1727,1,3065,407,3065,Berrien,Georgia,13,019,13019,457.8, ,0,Yes
1728,1,3066,407,3066,Ware,Georgia,13,299,13299,906.7, ,0,Yes
1729,1,3067,407,3067,Glynn,Georgia,13,127,13127,449.4, ,0,Yes
1730,1,3068,407,3068,Mitchell,Georgia,13,205,13205,513.9, ,0,Yes
1731,1,3069,407,3069,Brantley,Georgia,13,025,13025,447.8, ,0,Yes
1732,1,3070,407,3070,Cook,Georgia,13,075,13075,233.2, ,0,Yes
1733,1,3071,407,3071,Colquitt,Georgia,13,071,13071,556.6, ,0,Yes
1734,1,3072,407,3072,Clinch,Georgia,13,065,13065,824.5, ,0,Yes
1735,1,3073,407,3073,Hamilton,Florida,12,047,12047,519.3, ,0,Yes
1736,1,3074,407,3074,Lanier,Georgia,13,173,13173,199.9, ,0,Yes
1737,1,3075,407,3075,Grady,Georgia,13,131,13131,460.3, ,0,Yes
1738,1,3076,407,3076,Thomas,Georgia,13,275,13275,552.1, ,0,Yes
1739,1,3077,407,3077,Brooks,Georgia,13,027,13027,497.8, ,0,Yes
1740,1,3078,407,3078,Lowndes,Georgia,13,185,13185,510.6, ,0,Yes
1741,1,3079,407,3079,Echols,Georgia,13,101,13101,420.8, ,0,Yes
1742,1,3080,407,3080,Worth,Georgia,13,321,13321,574.5, ,0,Yes
1743,1,3081,407,3081,Turner,Georgia,13,287,13287,289.8, ,0,Yes
1744,1,3082,407,3082,Ben Hill,Georgia,13,017,13017,254, ,0,Yes
1745,1,3083,407,3083,Coffee,Georgia,13,069,13069,602.9, ,0,Yes
1746,1,3084,407,3084,Irwin,Georgia,13,155,13155,362.8, ,0,Yes
1747,1,3085,407,3085,Dougherty,Georgia,13,095,13095,334.7, ,0,Yes
1748,1,3086,407,3086,Tift,Georgia,13,277,13277,268.8, ,0,Yes
1749,1,3087,407,3087,Atkinson,Georgia,13,003,13003,343.5, ,0,Yes
1750,1,3088,407,3088,Crisp,Georgia,13,081,13081,281.1, ,0,Yes
1751,1,3089,407,3089,Lee,Georgia,13,177,13177,361.8, ,0,Yes
1752,1,3090,407,3090,Liberty,Georgia,13,179,13179,538.7, ,0,Yes
1753,1,3091,407,3091,Long,Georgia,13,183,13183,403.9, ,0,Yes
1754,1,3092,407,3092,Appling,Georgia,13,001,13001,512.4, ,0,Yes
1755,1,3093,407,3093,Wayne,Georgia,13,305,13305,648.2, ,0,Yes
1756,1,3094,407,3094,Bacon,Georgia,13,005,13005,285.9, ,0,Yes
1757,1,3095,407,3095,McIntosh,Georgia,13,191,13191,456.2, ,0,Yes
1758,1,3096,407,3096,Pierce,Georgia,13,229,13229,343.7, ,0,Yes
1759,1,3097,407,3097,Camden,Georgia,13,039,13039,661.7, ,0,Yes
1760,1,3098,407,3098,Charlton,Georgia,13,049,13049,782.5, ,0,Yes
1761,1,3099,173,3099,Alachua,Florida,12,001,12001,969, ,0,Yes
1762,1,3099,175,3099,Alachua,Florida,12,001,12001,969, ,0,Yes
1763,1,3099,182,3099,Alachua,Florida,12,001,12001,969, ,0,Yes
1764,1,3099,407,3099,Alachua,Florida,12,001,12001,969, ,0,Yes
1765,1,3100,178,3100,Putnam,Florida,12,107,12107,827.1, ,0,Yes
1766,1,3100,407,3100,Putnam,Florida,12,107,12107,827.1, ,0,Yes
1767,1,3101,174,3101,Dixie,Florida,12,029,12029,712.3, ,0,Yes
1768,1,3101,176,3101,Dixie,Florida,12,029,12029,712.3, ,0,Yes
1769,1,3101,407,3101,Dixie,Florida,12,029,12029,712.3, ,0,Yes
1770,1,3102,166,3102,Flagler,Florida,12,035,12035,507.9, ,0,Yes
1771,1,3102,167,3102,Flagler,Florida,12,035,12035,507.9, ,0,Yes
1772,1,3102,168,3102,Flagler,Florida,12,035,12035,507.9, ,0,Yes
1773,1,3102,169,3102,Flagler,Florida,12,035,12035,507.9, ,0,Yes
1774,1,3102,170,3102,Flagler,Florida,12,035,12035,507.9, ,0,Yes
1775,1,3102,407,3102,Flagler,Florida,12,035,12035,507.9, ,0,Yes
1776,1,3103,155,3103,Levy,Florida,12,075,12075,1132.4, ,0,Yes
1777,1,3103,156,3103,Levy,Florida,12,075,12075,1132.4, ,0,Yes
1778,1,3103,157,3103,Levy,Florida,12,075,12075,1132.4, ,0,Yes
1779,1,3103,158,3103,Levy,Florida,12,075,12075,1132.4, ,0,Yes
1780,1,3103,160,3103,Levy,Florida,12,075,12075,1132.4, ,0,Yes
1781,1,3103,172,3103,Levy,Florida,12,075,12075,1132.4, ,0,Yes
1782,1,3103,407,3103,Levy,Florida,12,075,12075,1132.4, ,0,Yes
1783,1,3104,407,3104,Marion,Florida,12,083,12083,1663, ,0,Yes
1784,1,3105,407,3105,Citrus,Florida,12,017,12017,619, ,0,Yes
1785,1,3106,407,3106,Suwannee,Florida,12,121,12121,692.1, ,0,Yes
1786,1,3107,407,3107,Taylor,Florida,12,123,12123,1049.7, ,0,Yes
1787,1,3108,407,3108,Lafayette,Florida,12,067,12067,547.9, ,0,Yes
1788,1,3109,407,3109,Gilchrist,Florida,12,041,12041,355.5, ,0,Yes
1789,1,3110,407,3110,St. Johns,Florida,12,109,12109,660.6, ,0,Yes
1790,1,3111,407,3111,Clay,Florida,12,019,12019,643.7, ,0,Yes
1791,1,3112,407,3112,Union,Florida,12,125,12125,249.7, ,0,Yes
1792,1,3113,407,3113,Bradford,Florida,12,007,12007,300, ,0,Yes
1793,1,3114,131,3114,Sumter,Florida,12,119,12119,580.3, ,0,Yes
1794,1,3114,136,3114,Sumter,Florida,12,119,12119,580.3, ,0,Yes
1795,1,3114,140,3114,Sumter,Florida,12,119,12119,580.3, ,0,Yes
1796,1,3114,142,3114,Sumter,Florida,12,119,12119,580.3, ,0,Yes
1797,1,3114,145,3114,Sumter,Florida,12,119,12119,580.3, ,0,Yes
1798,1,3114,148,3114,Sumter,Florida,12,119,12119,580.3, ,0,Yes
1799,1,3114,407,3114,Sumter,Florida,12,119,12119,580.3, ,0,Yes
1800,1,3115,407,3115,Okeechobee,Florida,12,093,12093,891.7, ,0,Yes
1801,1,3116,60,3116,Sarasota,Florida,12,115,12115,579.2, ,0,Yes
1802,1,3116,407,3116,Sarasota,Florida,12,115,12115,579.2, ,0,Yes
1803,1,3117,130,3117,Seminole,Florida,12,117,12117,344.7, ,0,Yes
1804,1,3117,132,3117,Seminole,Florida,12,117,12117,344.7, ,0,Yes
1805,1,3117,134,3117,Seminole,Florida,12,117,12117,344.7, ,0,Yes
1806,1,3117,137,3117,Seminole,Florida,12,117,12117,344.7, ,0,Yes
1807,1,3117,139,3117,Seminole,Florida,12,117,12117,344.7, ,0,Yes
1808,1,3117,141,3117,Seminole,Florida,12,117,12117,344.7, ,0,Yes
1809,1,3117,407,3117,Seminole,Florida,12,117,12117,344.7, ,0,Yes
1810,1,3118,119,3118,Pasco,Florida,12,101,12101,765.2, ,0,Yes
1811,1,3118,125,3118,Pasco,Florida,12,101,12101,765.2, ,0,Yes
1812,1,3118,407,3118,Pasco,Florida,12,101,12101,765.2, ,0,Yes
1813,1,3119,64,3119,Polk,Florida,12,105,12105,2010, ,0,Yes
1814,1,3119,67,3119,Polk,Florida,12,105,12105,2010, ,0,Yes
1815,1,3119,69,3119,Polk,Florida,12,105,12105,2010, ,0,Yes
1816,1,3119,70,3119,Polk,Florida,12,105,12105,2010, ,0,Yes
1817,1,3119,73,3119,Polk,Florida,12,105,12105,2010, ,0,Yes
1818,1,3119,75,3119,Polk,Florida,12,105,12105,2010, ,0,Yes
1819,1,3119,76,3119,Polk,Florida,12,105,12105,2010, ,0,Yes
1820,1,3119,78,3119,Polk,Florida,12,105,12105,2010, ,0,Yes
1821,1,3119,84,3119,Polk,Florida,12,105,12105,2010, ,0,Yes
1822,1,3119,91,3119,Polk,Florida,12,105,12105,2010, ,0,Yes
1823,1,3119,92,3119,Polk,Florida,12,105,12105,2010, ,0,Yes
1824,1,3119,93,3119,Polk,Florida,12,105,12105,2010, ,0,Yes
1825,1,3119,96,3119,Polk,Florida,12,105,12105,2010, ,0,Yes
1826,1,3119,97,3119,Polk,Florida,12,105,12105,2010, ,0,Yes
1827,1,3119,98,3119,Polk,Florida,12,105,12105,2010, ,0,Yes
1828,1,3119,100,3119,Polk,Florida,12,105,12105,2010, ,0,Yes
1829,1,3119,101,3119,Polk,Florida,12,105,12105,2010, ,0,Yes
1830,1,3119,103,3119,Polk,Florida,12,105,12105,2010, ,0,Yes
1831,1,3119,111,3119,Polk,Florida,12,105,12105,2010, ,0,Yes
1832,1,3119,112,3119,Polk,Florida,12,105,12105,2010, ,0,Yes
1833,1,3119,113,3119,Polk,Florida,12,105,12105,2010, ,0,Yes
1834,1,3119,114,3119,Polk,Florida,12,105,12105,2010, ,0,Yes
1835,1,3119,115,3119,Polk,Florida,12,105,12105,2010, ,0,Yes
1836,1,3119,116,3119,Polk,Florida,12,105,12105,2010, ,0,Yes
1837,1,3119,117,3119,Polk,Florida,12,105,12105,2010, ,0,Yes
1838,1,3119,118,3119,Polk,Florida,12,105,12105,2010, ,0,Yes
1839,1,3119,120,3119,Polk,Florida,12,105,12105,2010, ,0,Yes
1840,1,3119,121,3119,Polk,Florida,12,105,12105,2010, ,0,Yes
1841,1,3119,122,3119,Polk,Florida,12,105,12105,2010, ,0,Yes
1842,1,3119,123,3119,Polk,Florida,12,105,12105,2010, ,0,Yes
1843,1,3119,407,3119,Polk,Florida,12,105,12105,2010, ,0,Yes
1844,1,3120,124,3120,Osceola,Florida,12,097,12097,1506.2, ,0,Yes
1845,1,3120,407,3120,Osceola,Florida,12,097,12097,1506.2, ,0,Yes
1846,1,3121,110,3121,Pinellas,Florida,12,103,12103,291, ,0,Yes
1847,1,3121,119,3121,Pinellas,Florida,12,103,12103,291, ,0,Yes
1848,1,3122,71,3122,Hillsborough,Florida,12,057,12057,1072.8, ,0,Yes
1849,1,3122,74,3122,Hillsborough,Florida,12,057,12057,1072.8, ,0,Yes
1850,1,3122,88,3122,Hillsborough,Florida,12,057,12057,1072.8, ,0,Yes
1851,1,3122,94,3122,Hillsborough,Florida,12,057,12057,1072.8, ,0,Yes
1852,1,3122,95,3122,Hillsborough,Florida,12,057,12057,1072.8, ,0,Yes
1853,1,3122,99,3122,Hillsborough,Florida,12,057,12057,1072.8, ,0,Yes
1854,1,3122,407,3122,Hillsborough,Florida,12,057,12057,1072.8, ,0,Yes
1855,1,3123,407,3123,Highlands,Florida,12,055,12055,1106.4, ,0,Yes
1856,1,3124,407,3124,DeSoto,Florida,12,027,12027,639.4, ,0,Yes
1857,1,3125,129,3125,Orange,Florida,12,095,12095,1004.4, ,0,Yes
1858,1,3125,133,3125,Orange,Florida,12,095,12095,1004.4, ,0,Yes
1859,1,3125,407,3125,Orange,Florida,12,095,12095,1004.4, ,0,Yes
1860,1,3126,407,3126,Hernando,Florida,12,053,12053,488.2, ,0,Yes
1861,1,3127,407,3127,Hardee,Florida,12,049,12049,638.3, ,0,Yes
1862,1,3128,63,3128,Manatee,Florida,12,081,12081,761.9, ,0,Yes
1863,1,3128,407,3128,Manatee,Florida,12,081,12081,761.9, ,0,Yes
1864,1,3129,407,3129,Glades,Florida,12,043,12043,986.3, ,0,Yes
1865,1,3130,54,3130,Charlotte,Florida,12,015,12015,716.2, ,0,Yes
1866,1,3130,57,3130,Charlotte,Florida,12,015,12015,716.2, ,0,Yes
1867,1,3130,58,3130,Charlotte,Florida,12,015,12015,716.2, ,0,Yes
1868,1,3130,407,3130,Charlotte,Florida,12,015,12015,716.2, ,0,Yes
1869,1,3131,407,3131,Hendry,Florida,12,051,12051,1189.6, ,0,Yes
1870,1,3132,41,3132,Lee,Florida,12,071,12071,810.1, ,0,Yes
1871,1,3132,42,3132,Lee,Florida,12,071,12071,810.1, ,0,Yes
1872,1,3132,43,3132,Lee,Florida,12,071,12071,810.1, ,0,Yes
1873,1,3132,47,3132,Lee,Florida,12,071,12071,810.1, ,0,Yes
1874,1,3132,407,3132,Lee,Florida,12,071,12071,810.1, ,0,Yes
1875,1,3133,407,3133,Collier,Florida,12,021,12021,2029, ,0,Yes
1876,1,3134,65,3134,Brevard,Florida,12,009,12009,1055.3, ,0,Yes
1877,1,3134,66,3134,Brevard,Florida,12,009,12009,1055.3, ,0,Yes
1878,1,3134,68,3134,Brevard,Florida,12,009,12009,1055.3, ,0,Yes
1879,1,3134,72,3134,Brevard,Florida,12,009,12009,1055.3, ,0,Yes
1880,1,3134,77,3134,Brevard,Florida,12,009,12009,1055.3, ,0,Yes
1881,1,3134,79,3134,Brevard,Florida,12,009,12009,1055.3, ,0,Yes
1882,1,3134,80,3134,Brevard,Florida,12,009,12009,1055.3, ,0,Yes
1883,1,3134,81,3134,Brevard,Florida,12,009,12009,1055.3, ,0,Yes
1884,1,3134,82,3134,Brevard,Florida,12,009,12009,1055.3, ,0,Yes
1885,1,3134,83,3134,Brevard,Florida,12,009,12009,1055.3, ,0,Yes
1886,1,3134,85,3134,Brevard,Florida,12,009,12009,1055.3, ,0,Yes
1887,1,3134,86,3134,Brevard,Florida,12,009,12009,1055.3, ,0,Yes
1888,1,3134,87,3134,Brevard,Florida,12,009,12009,1055.3, ,0,Yes
1889,1,3134,89,3134,Brevard,Florida,12,009,12009,1055.3, ,0,Yes
1890,1,3134,90,3134,Brevard,Florida,12,009,12009,1055.3, ,0,Yes
1891,1,3134,102,3134,Brevard,Florida,12,009,12009,1055.3, ,0,Yes
1892,1,3134,104,3134,Brevard,Florida,12,009,12009,1055.3, ,0,Yes
1893,1,3134,105,3134,Brevard,Florida,12,009,12009,1055.3, ,0,Yes
1894,1,3134,106,3134,Brevard,Florida,12,009,12009,1055.3, ,0,Yes
1895,1,3134,107,3134,Brevard,Florida,12,009,12009,1055.3, ,0,Yes
1896,1,3134,108,3134,Brevard,Florida,12,009,12009,1055.3, ,0,Yes
1897,1,3134,109,3134,Brevard,Florida,12,009,12009,1055.3, ,0,Yes
1898,1,3134,127,3134,Brevard,Florida,12,009,12009,1055.3, ,0,Yes
1899,1,3134,128,3134,Brevard,Florida,12,009,12009,1055.3, ,0,Yes
1900,1,3134,407,3134,Brevard,Florida,12,009,12009,1055.3, ,0,Yes
1901,1,3135,407,3135,Indian River,Florida,12,061,12061,513.4, ,0,Yes
1902,1,3136,61,3136,St. Lucie,Florida,12,111,12111,575.5, ,0,Yes
1903,1,3136,62,3136,St. Lucie,Florida,12,111,12111,575.5, ,0,Yes
1904,1,3136,407,3136,St. Lucie,Florida,12,111,12111,575.5, ,0,Yes
1905,1,3137,407,3137,Martin,Florida,12,085,12085,657, ,0,Yes
1906,1,3138,44,3138,Palm Beach,Florida,12,099,12099,2219.5, ,0,Yes
1907,1,3138,45,3138,Palm Beach,Florida,12,099,12099,2219.5, ,0,Yes
1908,1,3138,46,3138,Palm Beach,Florida,12,099,12099,2219.5, ,0,Yes
1909,1,3138,48,3138,Palm Beach,Florida,12,099,12099,2219.5, ,0,Yes
1910,1,3138,49,3138,Palm Beach,Florida,12,099,12099,2219.5, ,0,Yes
1911,1,3138,50,3138,Palm Beach,Florida,12,099,12099,2219.5, ,0,Yes
1912,1,3138,51,3138,Palm Beach,Florida,12,099,12099,2219.5, ,0,Yes
1913,1,3138,52,3138,Palm Beach,Florida,12,099,12099,2219.5, ,0,Yes
1914,1,3138,53,3138,Palm Beach,Florida,12,099,12099,2219.5, ,0,Yes
1915,1,3138,55,3138,Palm Beach,Florida,12,099,12099,2219.5, ,0,Yes
1916,1,3138,56,3138,Palm Beach,Florida,12,099,12099,2219.5, ,0,Yes
1917,1,3138,407,3138,Palm Beach,Florida,12,099,12099,2219.5, ,0,Yes
1918,1,3139,32,3139,Broward,Florida,12,011,12011,1221.1, ,0,Yes
1919,1,3139,33,3139,Broward,Florida,12,011,12011,1221.1, ,0,Yes
1920,1,3139,34,3139,Broward,Florida,12,011,12011,1221.1, ,0,Yes
1921,1,3139,35,3139,Broward,Florida,12,011,12011,1221.1, ,0,Yes
1922,1,3139,36,3139,Broward,Florida,12,011,12011,1221.1, ,0,Yes
1923,1,3139,37,3139,Broward,Florida,12,011,12011,1221.1, ,0,Yes
1924,1,3139,38,3139,Broward,Florida,12,011,12011,1221.1, ,0,Yes
1925,1,3139,40,3139,Broward,Florida,12,011,12011,1221.1, ,0,Yes
1926,1,3139,407,3139,Broward,Florida,12,011,12011,1221.1, ,0,Yes
1927,1,3140,30,3140,Miami-Dade,Florida,12,086,12086,1985.2, ,0,Yes
1928,1,3140,31,3140,Miami-Dade,Florida,12,086,12086,1985.2, ,0,Yes
1929,1,3140,407,3140,Miami-Dade,Florida,12,086,12086,1985.2, ,0,Yes
