FID,OBJECTID_1,Join_Count,TARGET_FID,ObjectID,NAME,STATE_NAME,STATE_FIPS,CNTY_FIPS,FIPS,SQMI,Cnty_Statu,Id,Shape_Leng,Shape_Area
421,1215,2,1214,1214,Franklin,Alabama,01,059,01059,646.5, ,0,1.752371087,0.159311387
425,1219,2,1218,1218,Lamar,Alabama,01,075,01075,605.5, ,0,1.633889436,0.152430918
497,1292,1,1291,1291,Marion,Alabama,01,093,01093,743.6, ,0,1.892501116,0.187300346
522,1317,2,1316,1316,Greene,Alabama,01,063,01063,659.9, ,0,2.815250905,0.169989892
527,1322,1,1321,1321,Sumter,Alabama,01,119,01119,913.3, ,0,2.897067276,0.226819518
543,1338,3,1337,1337,Pickens,Alabama,01,107,01107,890.1, ,0,1.966192595,0.223977485
711,1719,4,1718,1718,Lauderdale,Alabama,01,077,01077,718.8, ,0,2.388404203,0.187603336
712,1720,4,1719,1719,Colbert,Alabama,01,033,01033,623.6, ,0,1.985908503,0.15967354
715,1723,3,1722,1722,Walker,Alabama,01,127,01127,805.3, ,0,2.293318907,0.205080505
716,1724,4,1723,1723,St. Clair,Alabama,01,115,01115,653.6, ,0,2.146252486,0.162876602
718,1726,2,1725,1725,Cleburne,Alabama,01,029,01029,561, ,0,2.107065265,0.141143657
719,1727,2,1726,1726,Fayette,Alabama,01,057,01057,629.3, ,0,1.832355071,0.155840193
721,1729,4,1728,1728,Jefferson,Alabama,01,073,01073,1123.8, ,0,2.746382286,0.275185441
724,1732,1,1731,1731,Marengo,Alabama,01,091,01091,982.8, ,0,2.520282948,0.241473341
727,1735,1,1734,1734,Bullock,Alabama,01,011,01011,626.1, ,0,2.006250096,0.155727598
729,1737,1,1736,1736,Wilcox,Alabama,01,131,01131,907.5, ,0,2.405855764,0.22498256
732,1740,4,1739,1739,Talladega,Alabama,01,121,01121,760.2, ,0,2.568884459,0.190025557
733,1741,4,1740,1740,Chambers,Alabama,01,017,01017,603.1, ,0,1.637227655,0.153113605
734,1742,2,1741,1741,Tallapoosa,Alabama,01,123,01123,766.2, ,0,2.079765241,0.192521459
735,1743,3,1742,1742,Coosa,Alabama,01,037,01037,666.4, ,0,1.696151458,0.170720546
736,1744,3,1743,1743,Chilton,Alabama,01,021,01021,700.8, ,0,2.014767541,0.177062256
737,1745,3,1744,1744,Hale,Alabama,01,065,01065,656.5, ,0,2.166751925,0.165259522
738,1746,3,1745,1745,Elmore,Alabama,01,051,01051,657.2, ,0,1.979271265,0.159640873
739,1747,5,1746,1746,Montgomery,Alabama,01,101,01101,799.8, ,0,2.096010046,0.196656989
740,1748,2,1747,1747,Lowndes,Alabama,01,085,01085,725, ,0,2.062858464,0.180675234
742,1750,4,1749,1749,Perry,Alabama,01,105,01105,724.1, ,0,2.081554633,0.179407742
743,1751,2,1750,1750,Autauga,Alabama,01,001,01001,604.4, ,0,1.884139263,0.148903551
744,1752,2,1751,1751,Dallas,Alabama,01,047,01047,993.4, ,0,2.510442485,0.241220497
745,1753,4,1752,1752,Tuscaloosa,Alabama,01,125,01125,1351.2, ,0,2.819386635,0.339495358
746,1754,5,1753,1753,Shelby,Alabama,01,117,01117,809.5, ,0,2.337256441,0.200153813
747,1755,4,1754,1754,Bibb,Alabama,01,007,01007,626.1, ,0,1.852453393,0.15773618
749,1758,1,1757,1757,Randolph,Alabama,01,111,01111,584.1, ,0,1.519394481,0.14379615
750,1759,3,1758,1758,Clay,Alabama,01,027,01027,606, ,0,1.971467411,0.151821644
757,1766,4,1765,1765,Lee,Alabama,01,081,01081,615.5, ,0,1.918643392,0.149256429
759,1768,2,1767,1767,Macon,Alabama,01,087,01087,613.2, ,0,1.824118282,0.153846059
762,1771,2,1770,1770,Russell,Alabama,01,113,01113,647.4, ,0,1.902024499,0.161761181
764,1774,4,1773,1773,Jackson,Alabama,01,071,01071,1126.7, ,0,2.440875446,0.285746446
766,1776,4,1775,1775,DeKalb,Alabama,01,049,01049,778.7, ,0,2.116808204,0.196566936
768,1778,2,1777,1777,Lawrence,Alabama,01,079,01079,718.1, ,0,1.7505909,0.182154031
769,1779,4,1778,1778,Morgan,Alabama,01,103,01103,599, ,0,1.787607815,0.151038524
771,1781,3,1780,1780,Marshall,Alabama,01,095,01095,623.2, ,0,2.043483484,0.156458955
774,1784,2,1783,1783,Etowah,Alabama,01,055,01055,548.7, ,0,1.947847533,0.143437479
775,1785,3,1784,1784,Calhoun,Alabama,01,015,01015,612.3, ,0,2.149825577,0.152336846
777,1787,2,1786,1786,Cullman,Alabama,01,043,01043,754.8, ,0,2.094825915,0.191638193
778,1788,2,1787,1787,Winston,Alabama,01,133,01133,631.8, ,0,1.669565597,0.160564337
779,1789,2,1788,1788,Blount,Alabama,01,009,01009,650.6, ,0,2.067459107,0.167529712
780,1791,2,1790,1790,Limestone,Alabama,01,083,01083,607.1, ,0,1.668965657,0.155365837
781,1792,4,1791,1791,Madison,Alabama,01,089,01089,812.8, ,0,2.194189266,0.21111106
791,1802,3,1801,1801,Cherokee,Alabama,01,019,01019,600, ,0,1.794142411,0.152721673
998,2922,2,2921,2921,Choctaw,Alabama,01,023,01023,920.8, ,0,2.575663592,0.230839416
1005,2929,1,2928,2928,Clarke,Alabama,01,025,01025,1252.5, ,0,3.37702433,0.307335021
1052,2976,1,2975,2975,Washington,Alabama,01,129,01129,1088.5, ,0,2.373206616,0.268986301
1061,2985,4,2984,2984,Mobile,Alabama,01,097,01097,1252.7, ,0,2.516195087,0.308199192
1092,3017,3,3016,3016,Baldwin,Alabama,01,003,01003,1654.5, ,0,3.678271666,0.404489039
1108,3033,2,3032,3032,Barbour,Alabama,01,005,01005,904.5, ,0,2.218514819,0.22243075
1109,3034,1,3033,3033,Covington,Alabama,01,039,01039,1043.9, ,0,2.257508783,0.262433069
1112,3037,1,3036,3036,Houston,Alabama,01,069,01069,581.6, ,0,2.026767562,0.151601508
1114,3039,1,3038,3038,Escambia,Alabama,01,053,01053,953, ,0,2.360258216,0.237397376
1117,3042,2,3041,3041,Crenshaw,Alabama,01,041,01041,610.9, ,0,2.134798291,0.153063564
1118,3043,2,3042,3042,Butler,Alabama,01,013,01013,777.9, ,0,1.769464337,0.192730758
1119,3044,1,3043,3043,Monroe,Alabama,01,099,01099,1034.1, ,0,2.675987996,0.254850933
1120,3045,1,3044,3044,Conecuh,Alabama,01,035,01035,852.9, ,0,2.338616579,0.202682348
1121,3046,1,3045,3045,Pike,Alabama,01,109,01109,672.1, ,0,1.949776343,0.165184937
1125,3050,2,3049,3049,Henry,Alabama,01,067,01067,568.3, ,0,1.528462051,0.137257692
1128,3053,1,3052,3052,Coffee,Alabama,01,031,01031,680.5, ,0,1.642319249,0.164775978
1129,3054,5,3053,3053,Dale,Alabama,01,045,01045,562.7, ,0,1.573439268,0.138819639
1131,3056,1,3055,3055,Geneva,Alabama,01,061,01061,578.9, ,0,1.811307483,0.144929683
19,321,24,320,320,Cochise,Arizona,04,003,04003,6219.2, ,0,5.035136342,1.546699694
151,461,1,460,460,Navajo,Arizona,04,017,04017,9959.5, ,0,8.655034647,2.540709153
152,463,2,462,462,Mohave,Arizona,04,015,04015,13470.8, ,0,9.679636525,3.463082688
189,508,1,507,507,Yavapai,Arizona,04,025,04025,8127.1, ,0,6.993534443,2.060243158
414,1208,2,1207,1207,White,Arkansas,05,145,05145,1042.2, ,0,2.843624683,0.267281323
416,1210,1,1209,1209,Conway,Arkansas,05,029,05029,566.7, ,0,1.860117265,0.144889776
417,1211,1,1210,1210,Sebastian,Arkansas,05,131,05131,545.9, ,0,2.025487961,0.137930517
418,1212,1,1211,1211,Cross,Arkansas,05,037,05037,622.3, ,0,1.678839288,0.159712697
419,1213,2,1212,1212,Woodruff,Arkansas,05,147,05147,594.1, ,0,2.304600682,0.15017899
422,1216,1,1215,1215,Arkansas,Arkansas,05,001,05001,1033.8, ,0,2.627596828,0.266897387
423,1217,1,1216,1216,Desha,Arkansas,05,041,05041,819.5, ,0,3.384886243,0.198955163
426,1220,1,1219,1219,Hempstead,Arkansas,05,057,05057,741.4, ,0,2.054941671,0.187165522
428,1222,1,1221,1221,Nevada,Arkansas,05,099,05099,620.8, ,0,1.676975044,0.155914703
429,1223,1,1222,1222,Little River,Arkansas,05,081,05081,564.9, ,0,2.454479119,0.138650246
430,1224,1,1223,1223,Ouachita,Arkansas,05,103,05103,739.6, ,0,2.339385904,0.189485661
433,1227,1,1226,1226,Calhoun,Arkansas,05,013,05013,632.5, ,0,1.948269557,0.161931443
438,1232,1,1231,1231,Drew,Arkansas,05,043,05043,835.7, ,0,1.888044824,0.209114798
452,1246,1,1245,1245,Miller,Arkansas,05,091,05091,637.5, ,0,2.190852886,0.158357387
453,1247,1,1246,1246,Lafayette,Arkansas,05,073,05073,545.1, ,0,2.114501473,0.140702377
454,1248,1,1247,1247,Columbia,Arkansas,05,027,05027,766.9, ,0,1.827275807,0.191938325
457,1251,1,1250,1250,Bradley,Arkansas,05,011,05011,654.4, ,0,1.89857938,0.164375816
458,1252,1,1251,1251,Ashley,Arkansas,05,003,05003,939.1, ,0,2.123801046,0.232417208
459,1253,1,1252,1252,Union,Arkansas,05,139,05139,1055.3, ,0,2.598782395,0.265797502
464,1258,1,1257,1257,Logan,Arkansas,05,083,05083,731.5, ,0,2.511296939,0.187480445
465,1259,1,1258,1258,Perry,Arkansas,05,105,05105,560.6, ,0,2.317560835,0.141187593
466,1260,1,1259,1259,Saline,Arkansas,05,125,05125,730.5, ,0,2.590173054,0.187737177
467,1261,1,1260,1260,Garland,Arkansas,05,051,05051,734.6, ,0,1.996911057,0.184904568
468,1262,1,1261,1261,Montgomery,Arkansas,05,097,05097,800.3, ,0,1.877292168,0.206689003
469,1263,1,1262,1262,Polk,Arkansas,05,113,05113,862.4, ,0,2.143178925,0.218212825
470,1264,1,1263,1263,Hot Spring,Arkansas,05,059,05059,622.2, ,0,2.164595356,0.156318948
471,1265,1,1264,1264,Clark,Arkansas,05,019,05019,882.6, ,0,2.317252589,0.220608134
472,1266,1,1265,1265,Howard,Arkansas,05,061,05061,595.2, ,0,1.980567743,0.152693675
473,1267,1,1266,1266,Pike,Arkansas,05,109,05109,613.9, ,0,1.871779008,0.155530772
474,1268,1,1267,1267,Sevier,Arkansas,05,133,05133,581.3, ,0,1.864422617,0.146244855
475,1269,1,1268,1268,Yell,Arkansas,05,149,05149,948.8, ,0,2.643693432,0.239289234
476,1270,1,1269,1269,Scott,Arkansas,05,127,05127,898.2, ,0,2.342810421,0.230143771
477,1271,4,1270,1270,Faulkner,Arkansas,05,045,05045,664.2, ,0,1.907584595,0.169979804
478,1272,2,1271,1271,Prairie,Arkansas,05,117,05117,675.7, ,0,2.394713811,0.175994787
479,1274,1,1273,1273,Pulaski,Arkansas,05,119,05119,806.8, ,0,2.667921313,0.203561524
480,1275,1,1274,1274,Grant,Arkansas,05,053,05053,633, ,0,1.702840314,0.16074949
481,1276,1,1275,1275,Jefferson,Arkansas,05,069,05069,914, ,0,2.561971558,0.229343212
482,1277,1,1276,1276,Lincoln,Arkansas,05,079,05079,572.2, ,0,1.863145824,0.149130415
483,1278,1,1277,1277,Dallas,Arkansas,05,039,05039,668.2, ,0,2.049617841,0.168496222
484,1279,1,1278,1278,Cleveland,Arkansas,05,025,05025,598.8, ,0,1.670168065,0.150776015
485,1280,3,1279,1279,Crittenden,Arkansas,05,035,05035,636.7, ,0,2.346078627,0.163929769
490,1285,1,1284,1284,Monroe,Arkansas,05,095,05095,621.4, ,0,2.20429485,0.156597857
493,1288,1,1287,1287,Phillips,Arkansas,05,107,05107,727.3, ,0,2.639795584,0.179478578
503,1298,1,1297,1297,St. Francis,Arkansas,05,123,05123,642.4, ,0,2.056146963,0.163495509
505,1300,1,1299,1299,Lee,Arkansas,05,077,05077,619.5, ,0,2.395027009,0.15836831
520,1315,1,1314,1314,Chicot,Arkansas,05,017,05017,690.9, ,0,2.639926557,0.168075441
553,1351,1,1350,1350,Jackson,Arkansas,05,067,05067,641.4, ,0,2.221309523,0.164363508
554,1352,1,1351,1351,Pope,Arkansas,05,115,05115,830.8, ,0,2.059770042,0.21456119
561,1359,1,1358,1358,Baxter,Arkansas,05,005,05005,586.7, ,0,1.967828885,0.14979272
562,1360,1,1359,1359,Sharp,Arkansas,05,135,05135,606.4, ,0,2.140406168,0.1561332
563,1361,1,1360,1360,Marion,Arkansas,05,089,05089,640.3, ,0,1.962715081,0.159910039
564,1362,1,1361,1361,Boone,Arkansas,05,009,05009,601.8, ,0,1.636562187,0.153120005
565,1363,1,1362,1362,Madison,Arkansas,05,087,05087,837.1, ,0,2.092307139,0.21866193
566,1364,1,1363,1363,Izard,Arkansas,05,065,05065,584, ,0,1.819246763,0.149873465
567,1365,1,1364,1364,Washington,Arkansas,05,143,05143,956, ,0,2.169518783,0.245179946
568,1366,1,1365,1365,Franklin,Arkansas,05,047,05047,619.7, ,0,2.045377934,0.161199479
570,1368,1,1367,1367,Newton,Arkansas,05,101,05101,823.2, ,0,1.998230112,0.212922184
571,1369,1,1368,1368,Johnson,Arkansas,05,071,05071,682.7, ,0,1.966919577,0.176025266
572,1370,1,1369,1369,Crawford,Arkansas,05,033,05033,604.2, ,0,2.069196064,0.155089749
576,1374,1,1373,1373,Benton,Arkansas,05,007,05007,880.3, ,0,2.217069274,0.219886832
577,1375,1,1374,1374,Carroll,Arkansas,05,015,05015,638.8, ,0,1.859269687,0.158364541
579,1377,1,1376,1376,Fulton,Arkansas,05,049,05049,620.3, ,0,1.857526748,0.15349584
580,1378,1,1377,1377,Searcy,Arkansas,05,129,05129,668.5, ,0,1.833685983,0.171651672
581,1379,1,1378,1378,Stone,Arkansas,05,137,05137,609.4, ,0,2.015686573,0.158290393
582,1380,1,1379,1379,Independence,Arkansas,05,063,05063,771.6, ,0,2.138698731,0.196303282
583,1381,1,1380,1380,Van Buren,Arkansas,05,141,05141,724.3, ,0,2.035429979,0.184411299
584,1382,1,1381,1381,Cleburne,Arkansas,05,023,05023,591.9, ,0,1.586830097,0.149519177
607,1463,1,1462,1462,Lawrence,Arkansas,05,075,05075,592.3, ,0,1.890050509,0.155214123
609,1469,2,1468,1468,Mississippi,Arkansas,05,093,05093,919.7, ,0,2.767883675,0.236391454
610,1470,1,1469,1469,Craighead,Arkansas,05,031,05031,713, ,0,2.076827343,0.187027456
611,1471,1,1470,1470,Poinsett,Arkansas,05,111,05111,763.4, ,0,2.04592266,0.199529692
615,1476,1,1475,1475,Randolph,Arkansas,05,121,05121,656, ,0,1.934908472,0.16145085
6,17,1,16,16,Del Norte,California,06,015,06015,1014.4, ,0,2.64982564,0.287417465
7,18,1,17,17,Humboldt,California,06,023,06023,3586.5, ,0,4.51150728,0.989219798
8,19,1,18,18,Trinity,California,06,105,06105,3207.6, ,0,5.259314142,0.877064903
9,20,1,19,19,Mendocino,California,06,045,06045,3513.3, ,0,5.068670629,0.946460778
10,21,1,20,20,Lake,California,06,033,06033,1329.9, ,0,3.187313677,0.354567517
11,22,1,21,21,Sonoma,California,06,097,06097,1590.5, ,0,3.185704767,0.428061598
12,23,1,22,22,Marin,California,06,041,06041,525, ,0,1.898226862,0.144070188
148,456,1,455,455,Siskiyou,California,06,093,06093,6347.5, ,0,6.716605131,1.773569164
150,460,1,459,459,Napa,California,06,055,06055,788.1, ,0,2.467631835,0.210099669
153,466,1,465,465,Kern,California,06,029,06029,8161, ,0,7.111261189,2.101072961
154,467,2,466,466,San Bernardino,California,06,071,06071,20106, ,0,10.32954478,5.147834945
155,468,1,467,467,San Luis Obispo,California,06,079,06079,3319.5, ,0,5.45537451,0.859579629
156,469,1,468,468,Riverside,California,06,065,06065,7302.9, ,0,7.752464152,1.838441065
157,470,1,469,469,Ventura,California,06,111,06111,1857.3, ,0,2.913945866,0.467688578
158,471,1,470,470,Santa Barbara,California,06,083,06083,2748.8, ,0,5.305403835,0.699492485
159,472,1,471,471,Orange,California,06,059,06059,799.2, ,0,1.935825114,0.200859245
160,473,1,472,472,San Diego,California,06,073,06073,4238.6, ,0,4.933562585,1.067226244
161,474,2,473,473,Los Angeles,California,06,037,06037,4086.8, ,0,6.285010047,1.0429451
162,475,1,474,474,Sacramento,California,06,067,06067,995.3, ,0,2.535558071,0.25502389
163,476,1,475,475,Mono,California,06,051,06051,3131.8, ,0,5.144196475,0.832369816
164,478,1,477,477,Madera,California,06,039,06039,2153.7, ,0,4.242275184,0.560109374
165,479,1,478,478,Merced,California,06,047,06047,1963.7, ,0,3.269790053,0.513507923
166,480,1,479,479,Fresno,California,06,019,06019,6017.2, ,0,7.862059353,1.552497185
167,481,1,480,480,Inyo,California,06,027,06027,10227.2, ,0,8.298507659,2.633713679
168,482,1,481,481,Tulare,California,06,107,06107,4838.8, ,0,4.969023115,1.236580982
169,483,1,482,482,San Benito,California,06,069,06069,1390.8, ,0,3.171856572,0.360867729
170,484,1,483,483,Monterey,California,06,053,06053,3314.6, ,0,5.194149841,0.863784012
171,485,1,484,484,Kings,California,06,031,06031,1391.6, ,0,2.774626355,0.358028394
172,486,1,485,485,Amador,California,06,005,06005,604.6, ,0,2.531223234,0.159189247
173,487,1,486,486,Tuolumne,California,06,109,06109,2275.2, ,0,4.168073329,0.605152896
174,488,1,487,487,San Joaquin,California,06,077,06077,1431.5, ,0,2.666007969,0.378295773
175,489,1,488,488,Contra Costa,California,06,013,06013,750, ,0,2.180913474,0.19783373
176,490,1,489,489,Stanislaus,California,06,099,06099,1513.8, ,0,3.360364517,0.407841003
177,491,1,490,490,Alameda,California,06,001,06001,744, ,0,2.371059391,0.196775688
178,492,1,491,491,Mariposa,California,06,043,06043,1458.2, ,0,3.021863802,0.393271688
179,493,1,492,492,Santa Clara,California,06,085,06085,1298, ,0,2.88499548,0.337595134
180,494,1,493,493,Santa Cruz,California,06,087,06087,447.4, ,0,1.909369606,0.117559674
181,495,1,494,494,San Francisco,California,06,075,06075,47.2, ,0,0.445025008,0.012509496
182,496,1,495,495,San Mateo,California,06,081,06081,454.9, ,0,1.833903332,0.116864535
183,497,1,496,496,Solano,California,06,095,06095,848.9, ,0,2.630671534,0.214818876
184,498,1,497,497,Calaveras,California,06,009,06009,1042.6, ,0,2.606218212,0.275070806
190,525,1,524,524,Yolo,California,06,113,06113,1023.3, ,0,2.937332273,0.275892394
191,526,1,525,525,Alpine,California,06,003,06003,743.2, ,0,1.936868399,0.195922718
192,528,1,527,527,Shasta,California,06,089,06089,3847.4, ,0,5.061366778,1.067871407
193,529,2,528,528,Lassen,California,06,035,06035,4720.4, ,0,5.842900295,1.293765383
194,533,1,532,532,Tehama,California,06,103,06103,2962.1, ,0,4.494447461,0.803503278
195,534,1,533,533,Plumas,California,06,063,06063,2613.8, ,0,4.865100195,0.713922402
196,535,1,534,534,Glenn,California,06,021,06021,1327, ,0,3.099750729,0.357555417
197,537,1,536,536,Butte,California,06,007,06007,1677.7, ,0,3.851423653,0.452252144
198,538,1,537,537,Sierra,California,06,091,06091,962, ,0,2.769387297,0.261929287
199,539,1,538,538,Yuba,California,06,115,06115,643.2, ,0,2.393720529,0.173434392
200,541,1,540,540,Nevada,California,06,057,06057,974.8, ,0,3.17194386,0.264198532
201,542,1,541,541,Colusa,California,06,011,06011,1156.2, ,0,2.816989521,0.314390097
202,543,1,542,542,Placer,California,06,061,06061,1500.5, ,0,3.898522855,0.403342112
203,545,1,544,544,El Dorado,California,06,017,06017,1790, ,0,3.241542566,0.480168392
204,546,1,545,545,Sutter,California,06,101,06101,608.4, ,0,2.232630741,0.163794102
205,548,2,547,547,Modoc,California,06,049,06049,4203.4, ,0,4.539797257,1.176703128
0,2,1,1,1,Monroe,Florida,12,087,12087,997.2, ,0,3.660310288,0.200978984
999,2923,10,2922,2922,Lake,Florida,12,069,12069,1156.3, ,0,2.979954614,0.280013336
1093,3018,5,3017,3017,Walton,Florida,12,131,12131,1069.6, ,0,3.014600385,0.262825835
1094,3019,1,3018,3018,Nassau,Florida,12,089,12089,667.1, ,0,2.054645472,0.149254751
1095,3020,1,3019,3019,Leon,Florida,12,073,12073,701.1, ,0,2.071605174,0.171247374
1096,3021,1,3020,3020,Jefferson,Florida,12,065,12065,612.4, ,0,2.016459984,0.152455486
1097,3022,1,3021,3021,Madison,Florida,12,079,12079,715.8, ,0,1.90531038,0.171875437
1098,3023,1,3022,3022,Calhoun,Florida,12,013,12013,574.5, ,0,1.668339994,0.138720621
1099,3024,1,3023,3023,Liberty,Florida,12,077,12077,843.1, ,0,2.33422585,0.207052447
1100,3025,3,3024,3024,Columbia,Florida,12,023,12023,800.8, ,0,2.202466063,0.190283008
1101,3026,1,3025,3025,Baker,Florida,12,003,12003,588.8, ,0,1.683328751,0.14407402
1102,3027,7,3026,3026,Duval,Florida,12,031,12031,847.9, ,0,2.021556955,0.188437961
1103,3028,2,3027,3027,Bay,Florida,12,005,12005,778.2, ,0,3.572316815,0.179149786
1104,3029,1,3028,3028,Wakulla,Florida,12,129,12129,617.4, ,0,1.826501303,0.149625238
1105,3030,10,3029,3029,Volusia,Florida,12,127,12127,1208.7, ,0,3.884737128,0.28660106
1106,3031,2,3030,3030,Gulf,Florida,12,045,12045,569.4, ,0,2.112694405,0.137560175
1107,3032,1,3031,3031,Franklin,Florida,12,037,12037,554.4, ,0,2.170015799,0.126610524
1113,3038,1,3037,3037,Escambia,Florida,12,033,12033,668.1, ,0,3.304595961,0.161955307
1115,3040,5,3039,3039,Okaloosa,Florida,12,091,12091,939.5, ,0,2.75089748,0.222932106
1116,3041,1,3040,3040,Santa Rosa,Florida,12,113,12113,1025.4, ,0,2.903165627,0.25490234
1134,3059,1,3058,3058,Jackson,Florida,12,063,12063,954.6, ,0,2.139917637,0.230022521
1135,3060,4,3059,3059,Holmes,Florida,12,059,12059,488.7, ,0,1.659365102,0.119117188
1136,3061,1,3060,3060,Washington,Florida,12,133,12133,616.4, ,0,2.023839468,0.149614755
1137,3062,4,3061,3061,Gadsden,Florida,12,039,12039,528.6, ,0,1.72232385,0.126384927
1149,3074,1,3073,3073,Hamilton,Florida,12,047,12047,519.3, ,0,1.797523821,0.121021745
1175,3100,3,3099,3099,Alachua,Florida,12,001,12001,969, ,0,2.085383571,0.235556179
1176,3101,2,3100,3100,Putnam,Florida,12,107,12107,827.1, ,0,2.090633281,0.199066169
1177,3102,3,3101,3101,Dixie,Florida,12,029,12029,712.3, ,0,1.735494606,0.170238238
1178,3103,6,3102,3102,Flagler,Florida,12,035,12035,507.9, ,0,1.48867621,0.11811347
1179,3104,7,3103,3103,Levy,Florida,12,075,12075,1132.4, ,0,2.405281516,0.270873425
1180,3105,1,3104,3104,Marion,Florida,12,083,12083,1663, ,0,2.932165353,0.401712354
1181,3106,1,3105,3105,Citrus,Florida,12,017,12017,619, ,0,1.718337439,0.147410323
1182,3107,1,3106,3106,Suwannee,Florida,12,121,12121,692.1, ,0,1.79855799,0.170750385
1183,3108,1,3107,3107,Taylor,Florida,12,123,12123,1049.7, ,0,2.248226627,0.252818401
1184,3109,1,3108,3108,Lafayette,Florida,12,067,12067,547.9, ,0,1.742028472,0.133974274
1185,3110,1,3109,3109,Gilchrist,Florida,12,041,12041,355.5, ,0,1.254604661,0.083604665
1186,3111,1,3110,3110,St. Johns,Florida,12,109,12109,660.6, ,0,1.917747769,0.141917778
1187,3112,1,3111,3111,Clay,Florida,12,019,12019,643.7, ,0,1.747831509,0.15785212
1188,3113,1,3112,3112,Union,Florida,12,125,12125,249.7, ,0,1.106365876,0.061078265
1189,3114,1,3113,3113,Bradford,Florida,12,007,12007,300, ,0,1.364877074,0.070244145
1190,3115,6,3114,3114,Sumter,Florida,12,119,12119,580.3, ,0,2.018060633,0.138335021
1191,3116,1,3115,3115,Okeechobee,Florida,12,093,12093,891.7, ,0,2.145833971,0.208046929
1192,3117,2,3116,3116,Sarasota,Florida,12,115,12115,579.2, ,0,2.05979857,0.133614395
1193,3118,8,3117,3117,Seminole,Florida,12,117,12117,344.7, ,0,1.338974875,0.081194505
1194,3119,2,3118,3118,Pasco,Florida,12,101,12101,765.2, ,0,1.958394158,0.178104146
1195,3120,31,3119,3119,Polk,Florida,12,105,12105,2010, ,0,3.428555364,0.479499764
1196,3121,2,3120,3120,Osceola,Florida,12,097,12097,1506.2, ,0,3.048652422,0.354962529
1197,3122,2,3121,3121,Pinellas,Florida,12,103,12103,291, ,0,1.856314355,0.073047012
1198,3123,7,3122,3122,Hillsborough,Florida,12,057,12057,1072.8, ,0,2.545758481,0.252256028
1199,3124,1,3123,3123,Highlands,Florida,12,055,12055,1106.4, ,0,2.439751771,0.260593803
1200,3125,1,3124,3124,DeSoto,Florida,12,027,12027,639.4, ,0,1.601602439,0.151356812
1201,3126,3,3125,3125,Orange,Florida,12,095,12095,1004.4, ,0,2.495185182,0.242852732
1202,3127,1,3126,3126,Hernando,Florida,12,053,12053,488.2, ,0,1.668160586,0.11747539
1203,3128,1,3127,3127,Hardee,Florida,12,049,12049,638.3, ,0,1.606211128,0.150812893
1204,3129,2,3128,3128,Manatee,Florida,12,081,12081,761.9, ,0,2.747374318,0.173601366
1205,3130,1,3129,3129,Glades,Florida,12,043,12043,986.3, ,0,2.206483053,0.234095211
1206,3131,4,3130,3130,Charlotte,Florida,12,015,12015,716.2, ,0,2.937554691,0.16362556
1207,3132,1,3131,3131,Hendry,Florida,12,051,12051,1189.6, ,0,2.748804026,0.278898543
1208,3133,5,3132,3132,Lee,Florida,12,071,12071,810.1, ,0,2.885541099,0.176968487
1209,3134,1,3133,3133,Collier,Florida,12,021,12021,2029, ,0,3.213081469,0.461870094
1210,3135,24,3134,3134,Brevard,Florida,12,009,12009,1055.3, ,0,5.141659731,0.24200892
1211,3136,1,3135,3135,Indian River,Florida,12,061,12061,513.4, ,0,1.489032589,0.115843813
1212,3137,3,3136,3136,St. Lucie,Florida,12,111,12111,575.5, ,0,1.553957884,0.132997442
1213,3138,1,3137,3137,Martin,Florida,12,085,12085,657, ,0,2.171590922,0.153163566
1214,3139,12,3138,3138,Palm Beach,Florida,12,099,12099,2219.5, ,0,2.866847633,0.508084764
1215,3140,9,3139,3139,Broward,Florida,12,011,12011,1221.1, ,0,2.282595246,0.281146726
1216,3141,3,3140,3140,Miami-Dade,Florida,12,086,12086,1985.2, ,0,2.926302823,0.465288606
413,1207,1,1206,1206,Tattnall,Georgia,13,267,13267,488.2, ,0,1.702739245,0.117376006
714,1722,1,1721,1721,Fulton,Georgia,13,121,13121,534.9, ,0,2.490367025,0.139100579
722,1730,3,1729,1729,Carroll,Georgia,13,045,13045,504, ,0,1.681005874,0.127571903
723,1731,1,1730,1730,Morgan,Georgia,13,211,13211,354.6, ,0,1.237524057,0.088259414
725,1733,1,1732,1732,Dodge,Georgia,13,091,13091,503.3, ,0,1.794716833,0.123299947
726,1734,1,1733,1733,Toombs,Georgia,13,279,13279,368.7, ,0,1.340308926,0.0925259
728,1736,1,1735,1735,Wheeler,Georgia,13,309,13309,300.2, ,0,1.28694907,0.074965603
730,1738,1,1737,1737,Webster,Georgia,13,307,13307,210.2, ,0,1.102784172,0.052340471
731,1739,1,1738,1738,Sumter,Georgia,13,261,13261,492.6, ,0,1.617973752,0.120674119
741,1749,1,1748,1748,Stewart,Georgia,13,259,13259,463.5, ,0,1.532671525,0.114644967
748,1756,1,1755,1755,Fayette,Georgia,13,113,13113,198.8, ,0,0.917132524,0.048875292
751,1760,1,1759,1759,Heard,Georgia,13,149,13149,300.8, ,0,1.183293863,0.077229532
752,1761,1,1760,1760,Meriwether,Georgia,13,199,13199,505.1, ,0,1.495536398,0.126163105
753,1762,1,1761,1761,Troup,Georgia,13,285,13285,446.3, ,0,1.389600717,0.112936707
754,1763,1,1762,1762,Pike,Georgia,13,231,13231,219.3, ,0,1.015695505,0.05463887
755,1764,1,1763,1763,Talbot,Georgia,13,263,13263,394.7, ,0,1.500990974,0.095220901
756,1765,2,1764,1764,Harris,Georgia,13,145,13145,473, ,0,1.51873936,0.118879348
758,1767,2,1766,1766,Muscogee,Georgia,13,215,13215,221, ,0,1.137278817,0.055667782
760,1769,1,1768,1768,Marion,Georgia,13,197,13197,367.4, ,0,1.444593017,0.090820276
761,1770,1,1769,1769,Chattahoochee,Georgia,13,053,13053,251.2, ,0,1.243063391,0.062054953
765,1775,1,1774,1774,Fannin,Georgia,13,111,13111,391.1, ,0,1.765707404,0.101665269
767,1777,1,1776,1776,Gilmer,Georgia,13,123,13123,431.8, ,0,1.487695312,0.109345076
770,1780,1,1779,1779,Gordon,Georgia,13,129,13129,358.3, ,0,1.457510082,0.08965288
772,1782,1,1781,1781,Floyd,Georgia,13,115,13115,518.5, ,0,1.801657085,0.127195062
773,1783,1,1782,1782,Chattooga,Georgia,13,055,13055,313.5, ,0,1.242098127,0.078711109
776,1786,1,1785,1785,Douglas,Georgia,13,097,13097,200.1, ,0,0.998672583,0.050399504
785,1796,1,1795,1795,Whitfield,Georgia,13,313,13313,290.5, ,0,1.573696039,0.073596763
786,1797,1,1796,1796,Murray,Georgia,13,213,13213,347, ,0,1.614316272,0.090592102
787,1798,1,1797,1797,Catoosa,Georgia,13,047,13047,162.4, ,0,1.001432519,0.046683336
788,1799,1,1798,1798,Dade,Georgia,13,083,13083,174.2, ,0,1.057586524,0.047111135
789,1800,1,1799,1799,Walker,Georgia,13,295,13295,447.3, ,0,1.649331642,0.114117328
790,1801,1,1800,1800,Pickens,Georgia,13,227,13227,232.7, ,0,1.193158539,0.056948339
792,1803,1,1802,1802,Bartow,Georgia,13,015,13015,469.8, ,0,1.507778071,0.117013191
793,1804,1,1803,1803,Cherokee,Georgia,13,057,13057,434.1, ,0,1.544756014,0.105476854
794,1805,1,1804,1804,Cobb,Georgia,13,067,13067,344.4, ,0,1.310613486,0.089046492
795,1806,2,1805,1805,Polk,Georgia,13,233,13233,312.2, ,0,1.354558963,0.082130615
796,1807,1,1806,1806,Paulding,Georgia,13,223,13223,315.3, ,0,1.195425382,0.081480771
797,1808,2,1807,1807,Haralson,Georgia,13,143,13143,283, ,0,1.123337222,0.072282501
801,1813,3,1812,1812,Habersham,Georgia,13,137,13137,279.2, ,0,1.294239874,0.070365611
804,1816,2,1815,1815,Lumpkin,Georgia,13,187,13187,284.3, ,0,1.17668305,0.071816796
805,1817,2,1816,1816,Dawson,Georgia,13,085,13085,214.5, ,0,1.228223718,0.054025411
808,1820,1,1819,1819,Wilkes,Georgia,13,317,13317,473.5, ,0,1.492770577,0.119594041
809,1821,1,1820,1820,Walton,Georgia,13,297,13297,329.7, ,0,1.229753246,0.082928992
810,1822,1,1821,1821,Franklin,Georgia,13,119,13119,266.3, ,0,1.138349766,0.067292662
811,1823,2,1822,1822,Banks,Georgia,13,011,13011,233.9, ,0,1.005554735,0.058911704
812,1825,1,1824,1824,Jackson,Georgia,13,157,13157,343.1, ,0,1.261621307,0.084690285
813,1826,1,1825,1825,Elbert,Georgia,13,105,13105,374.6, ,0,1.435517783,0.095450257
814,1827,1,1826,1826,Madison,Georgia,13,195,13195,285.3, ,0,1.242129988,0.072520854
815,1829,1,1828,1828,Barrow,Georgia,13,013,13013,163, ,0,0.91928837,0.04415763
816,1830,1,1829,1829,Oconee,Georgia,13,219,13219,186.3, ,0,1.041609776,0.048361143
817,1832,1,1831,1831,Hall,Georgia,13,139,13139,429.1, ,0,1.472219626,0.105310545
818,1833,2,1832,1832,Hart,Georgia,13,147,13147,256.2, ,0,1.053909943,0.061502484
819,1834,1,1833,1833,Clarke,Georgia,13,059,13059,121.4, ,0,0.826350012,0.032346657
820,1835,1,1834,1834,Oglethorpe,Georgia,13,221,13221,442.2, ,0,1.55014375,0.109939236
824,1839,1,1838,1838,Rabun,Georgia,13,241,13241,377.1, ,0,1.545817,0.098373931
825,1840,1,1839,1839,Towns,Georgia,13,281,13281,171.7, ,0,1.063232747,0.047328559
826,1841,1,1840,1840,Union,Georgia,13,291,13291,329.6, ,0,1.436263458,0.085571862
827,1842,2,1841,1841,White,Georgia,13,311,13311,242.3, ,0,1.043188013,0.058883962
828,1843,2,1842,1842,Stephens,Georgia,13,257,13257,184.3, ,0,0.909947176,0.045609067
841,1856,1,1855,1855,Lincoln,Georgia,13,181,13181,257.8, ,0,1.193516437,0.062182735
842,1858,1,1857,1857,Greene,Georgia,13,133,13133,406.1, ,0,1.44092393,0.10114013
843,1859,1,1858,1858,Newton,Georgia,13,217,13217,279.1, ,0,1.212507666,0.068680961
844,1860,1,1859,1859,Warren,Georgia,13,301,13301,286.8, ,0,1.408618429,0.070666092
845,1861,1,1860,1860,Spalding,Georgia,13,255,13255,199.6, ,0,1.100190066,0.050736036
846,1862,1,1861,1861,Glascock,Georgia,13,125,13125,144.4, ,0,0.842330908,0.037201067
847,1863,1,1862,1862,Jefferson,Georgia,13,163,13163,529.1, ,0,1.625466576,0.133533078
848,1864,1,1863,1863,Burke,Georgia,13,033,13033,835.3, ,0,2.256867265,0.214928572
849,1865,1,1864,1864,Washington,Georgia,13,303,13303,684.7, ,0,1.789844895,0.173210907
851,1867,1,1866,1866,Screven,Georgia,13,251,13251,655.5, ,0,1.698114552,0.161094107
853,1869,1,1868,1868,Wilkinson,Georgia,13,319,13319,452.1, ,0,1.367852687,0.111448092
854,1870,1,1869,1869,Upson,Georgia,13,293,13293,327.7, ,0,1.265843138,0.082799541
855,1871,1,1870,1870,Bibb,Georgia,13,021,13021,255.6, ,0,1.09858024,0.064721635
856,1872,1,1871,1871,Jenkins,Georgia,13,165,13165,352.1, ,0,1.167346636,0.087655678
857,1873,1,1872,1872,Johnson,Georgia,13,167,13167,306.4, ,0,1.519958919,0.077099767
858,1874,1,1873,1873,Montgomery,Georgia,13,209,13209,247.3, ,0,1.137354358,0.059237807
859,1875,1,1874,1874,Twiggs,Georgia,13,289,13289,362.7, ,0,1.285456226,0.088521379
860,1876,1,1875,1875,Taylor,Georgia,13,269,13269,379.8, ,0,1.552104077,0.096363957
861,1877,1,1876,1876,Laurens,Georgia,13,175,13175,818.9, ,0,1.861252977,0.203159411
862,1878,1,1877,1877,Houston,Georgia,13,153,13153,379.7, ,0,1.497279834,0.091150268
863,1879,1,1878,1878,Bleckley,Georgia,13,023,13023,218.6, ,0,1.032550002,0.054274746
864,1880,1,1879,1879,Macon,Georgia,13,193,13193,405.9, ,0,1.452098485,0.097287163
865,1881,1,1880,1880,Schley,Georgia,13,249,13249,167.8, ,0,1.097089802,0.042386271
866,1882,1,1881,1881,Pulaski,Georgia,13,235,13235,250, ,0,1.176422558,0.063047028
867,1883,1,1882,1882,Dooly,Georgia,13,093,13093,397.1, ,0,1.301501759,0.100172701
868,1884,1,1883,1883,Crawford,Georgia,13,079,13079,326.5, ,0,1.319186212,0.081197583
869,1885,1,1884,1884,Peach,Georgia,13,225,13225,151.5, ,0,1.089962026,0.037696788
870,1886,1,1885,1885,Taliaferro,Georgia,13,265,13265,195.5, ,0,1.161400877,0.048293257
871,1887,1,1886,1886,Clayton,Georgia,13,063,13063,144.8, ,0,1.016099692,0.036583572
872,1888,3,1887,1887,Henry,Georgia,13,151,13151,324.8, ,0,1.466242267,0.079701902
873,1889,1,1888,1888,Jasper,Georgia,13,159,13159,373.7, ,0,1.262776738,0.097323891
874,1890,1,1889,1889,Putnam,Georgia,13,237,13237,360.7, ,0,1.247936184,0.088974658
875,1891,1,1890,1890,Hancock,Georgia,13,141,13141,478.5, ,0,1.529268752,0.119240799
876,1892,1,1891,1891,Butts,Georgia,13,035,13035,190.1, ,0,1.010308926,0.047110113
877,1893,1,1892,1892,Baldwin,Georgia,13,009,13009,267.7, ,0,1.276826515,0.069224031
878,1894,1,1893,1893,Jones,Georgia,13,169,13169,395.5, ,0,1.281712169,0.098802164
879,1895,1,1894,1894,Lamar,Georgia,13,171,13171,185.9, ,0,1.032691487,0.047900511
880,1896,1,1895,1895,Monroe,Georgia,13,207,13207,397.3, ,0,1.427484486,0.103252013
881,1897,1,1896,1896,Columbia,Georgia,13,073,13073,307.8, ,0,1.172438326,0.074736787
882,1898,1,1897,1897,McDuffie,Georgia,13,189,13189,266.3, ,0,1.192629108,0.065652882
883,1899,1,1898,1898,Richmond,Georgia,13,245,13245,328.5, ,0,1.519720095,0.084627544
886,1902,1,1901,1901,Emanuel,Georgia,13,107,13107,690.4, ,0,2.095712811,0.171695269
888,1904,1,1903,1903,Bulloch,Georgia,13,031,13031,688.9, ,0,1.840358817,0.17028581
889,1905,1,1904,1904,Effingham,Georgia,13,103,13103,482.8, ,0,1.475429181,0.120938757
890,1906,1,1905,1905,Candler,Georgia,13,043,13043,248.8, ,0,0.989605074,0.064234828
891,1907,1,1906,1906,Treutlen,Georgia,13,283,13283,202.1, ,0,0.975713855,0.050473722
892,1908,1,1907,1907,Evans,Georgia,13,109,13109,186.9, ,0,0.903524485,0.046774483
1090,3015,1,3014,3014,Bryan,Georgia,13,029,13029,448.2, ,0,1.894750729,0.106482252
1091,3016,1,3015,3015,Chatham,Georgia,13,051,13051,482.2, ,0,1.797608572,0.105033368
1110,3035,1,3034,3034,Early,Georgia,13,099,13099,516.6, ,0,1.825445966,0.126406305
1111,3036,1,3035,3035,Baker,Georgia,13,007,13007,349.1, ,0,1.583308047,0.082962062
1122,3047,1,3046,3046,Quitman,Georgia,13,239,13239,160.5, ,0,0.84585919,0.039587826
1123,3048,1,3047,3047,Terrell,Georgia,13,273,13273,337.8, ,0,1.286909717,0.082413068
1124,3049,1,3048,3048,Randolph,Georgia,13,243,13243,431, ,0,1.603611653,0.107338067
1126,3051,1,3050,3050,Clay,Georgia,13,061,13061,216.6, ,0,1.251713494,0.052222778
1127,3052,1,3051,3051,Calhoun,Georgia,13,037,13037,283.8, ,0,1.401186161,0.070041483
1130,3055,1,3054,3054,Miller,Georgia,13,201,13201,283.6, ,0,1.182887777,0.071000241
1132,3057,1,3056,3056,Decatur,Georgia,13,087,13087,623.2, ,0,1.684822421,0.152711737
1133,3058,1,3057,3057,Seminole,Georgia,13,253,13253,256.5, ,0,1.15775036,0.063758693
1138,3063,1,3062,3062,Telfair,Georgia,13,271,13271,444.1, ,0,1.436751252,0.109964
1139,3064,1,3063,3063,Wilcox,Georgia,13,315,13315,383.3, ,0,1.354197018,0.093952772
1140,3065,1,3064,3064,Jeff Davis,Georgia,13,161,13161,335.5, ,0,1.415700191,0.082736216
1141,3066,1,3065,3065,Berrien,Georgia,13,019,13019,457.8, ,0,1.538521253,0.111225063
1142,3067,1,3066,3066,Ware,Georgia,13,299,13299,906.7, ,0,3.219026764,0.222443442
1143,3068,1,3067,3067,Glynn,Georgia,13,127,13127,449.4, ,0,1.562436785,0.095122127
1144,3069,1,3068,3068,Mitchell,Georgia,13,205,13205,513.9, ,0,1.565671456,0.12474519
1145,3070,1,3069,3069,Brantley,Georgia,13,025,13025,447.8, ,0,1.710443499,0.113223938
1146,3071,1,3070,3070,Cook,Georgia,13,075,13075,233.2, ,0,1.093059183,0.057115061
1147,3072,1,3071,3071,Colquitt,Georgia,13,071,13071,556.6, ,0,1.574212294,0.137003239
1148,3073,1,3072,3072,Clinch,Georgia,13,065,13065,824.5, ,0,2.138497197,0.203668854
1150,3075,1,3074,3074,Lanier,Georgia,13,173,13173,199.9, ,0,1.117908173,0.048483431
1151,3076,1,3075,3075,Grady,Georgia,13,131,13131,460.3, ,0,1.351843616,0.110851019
1152,3077,1,3076,3076,Thomas,Georgia,13,275,13275,552.1, ,0,1.56778475,0.132786906
1153,3078,1,3077,3077,Brooks,Georgia,13,027,13027,497.8, ,0,1.769352021,0.120810371
1154,3079,1,3078,3078,Lowndes,Georgia,13,185,13185,510.6, ,0,1.772975294,0.125906392
1155,3080,1,3079,3079,Echols,Georgia,13,101,13101,420.8, ,0,1.504352014,0.103570183
1156,3081,1,3080,3080,Worth,Georgia,13,321,13321,574.5, ,0,1.842542991,0.141916292
1157,3082,1,3081,3081,Turner,Georgia,13,287,13287,289.8, ,0,1.205949873,0.070483627
1158,3083,1,3082,3082,Ben Hill,Georgia,13,017,13017,254, ,0,1.278312965,0.059438508
1159,3084,1,3083,3083,Coffee,Georgia,13,069,13069,602.9, ,0,1.897196165,0.149242042
1160,3085,1,3084,3084,Irwin,Georgia,13,155,13155,362.8, ,0,1.517362266,0.089375435
1161,3086,1,3085,3085,Dougherty,Georgia,13,095,13095,334.7, ,0,1.399162336,0.083353442
1162,3087,1,3086,3086,Tift,Georgia,13,277,13277,268.8, ,0,1.126386832,0.065919329
1163,3088,1,3087,3087,Atkinson,Georgia,13,003,13003,343.5, ,0,1.457264668,0.084836338
1164,3089,1,3088,3088,Crisp,Georgia,13,081,13081,281.1, ,0,1.112793367,0.069787468
1165,3090,1,3089,3089,Lee,Georgia,13,177,13177,361.8, ,0,1.409977834,0.085376429
1166,3091,1,3090,3090,Liberty,Georgia,13,179,13179,538.7, ,0,1.881476483,0.128717755
1167,3092,1,3091,3091,Long,Georgia,13,183,13183,403.9, ,0,1.510466768,0.101790722
1168,3093,1,3092,3092,Appling,Georgia,13,001,13001,512.4, ,0,1.848241694,0.125819491
1169,3094,1,3093,3093,Wayne,Georgia,13,305,13305,648.2, ,0,1.821056026,0.156889638
1170,3095,1,3094,3094,Bacon,Georgia,13,005,13005,285.9, ,0,1.246303883,0.069102344
1171,3096,1,3095,3095,McIntosh,Georgia,13,191,13191,456.2, ,0,1.374836319,0.110704899
1172,3097,1,3096,3096,Pierce,Georgia,13,229,13229,343.7, ,0,1.345262497,0.084068697
1173,3098,1,3097,3097,Camden,Georgia,13,039,13039,661.7, ,0,2.216741485,0.153398146
1174,3099,1,3098,3098,Charlton,Georgia,13,049,13049,782.5, ,0,2.48550963,0.190169359
1,3,1,2,2,Kalawao,Hawaii,15,005,15005,13.2, ,0,0.32629979,0.003004772
2,4,3,3,3,Kauai,Hawaii,15,007,15007,627.3, ,0,1.965855711,0.138355961
3,5,4,4,4,Honolulu,Hawaii,15,003,15003,599.3, ,0,1.735441003,0.138086782
4,6,3,5,5,Maui,Hawaii,15,009,15009,1160.2, ,0,4.099644647,0.251623391
5,7,4,6,6,Hawaii,Hawaii,15,001,15001,4028.5, ,0,4.210335819,0.898218312
602,1444,1,1443,1443,Pope,Illinois,17,151,17151,374.6, ,0,1.583287171,0.100615977
619,1491,1,1490,1490,Washington,Indiana,18,175,18175,516.5, ,0,1.593775759,0.142375669
895,2274,1,2273,2273,Jackson,Indiana,18,071,18071,513.8, ,0,1.687509804,0.137838086
896,2285,1,2284,2284,Lawrence,Indiana,18,093,18093,452.1, ,0,1.41768948,0.123856474
238,982,1,981,981,Morton,Kansas,20,129,20129,729.9, ,0,1.762372115,0.192106531
268,1030,1,1029,1029,Meade,Kansas,20,119,20119,979.7, ,0,2.051097135,0.256276688
269,1042,1,1041,1041,Comanche,Kansas,20,033,20033,789.7, ,0,1.851402363,0.208554828
270,1045,1,1044,1044,Linn,Kansas,20,107,20107,606.3, ,0,1.622548816,0.161553724
271,1049,2,1048,1048,Bourbon,Kansas,20,011,20011,638.8, ,0,1.623644996,0.162220005
272,1053,1,1052,1052,Cherokee,Kansas,20,021,20021,591, ,0,1.56925381,0.150290009
273,1055,1,1054,1054,Cowley,Kansas,20,035,20035,1132.6, ,0,2.191389604,0.295355213
274,1061,1,1060,1060,Anderson,Kansas,20,003,20003,584.3, ,0,1.610447198,0.15601871
275,1063,1,1062,1062,Allen,Kansas,20,001,20001,505.2, ,0,1.502239889,0.13352178
276,1067,1,1066,1066,Montgomery,Kansas,20,125,20125,651.4, ,0,1.634588549,0.167124763
277,1068,1,1067,1067,Labette,Kansas,20,099,20099,653.3, ,0,1.658874751,0.17119955
278,1069,1,1068,1068,Chautauqua,Kansas,20,019,20019,644.8, ,0,1.706700042,0.165281179
595,1425,1,1424,1424,Lyon,Kentucky,21,143,21143,256.4, ,0,1.055405053,0.067011665
603,1454,1,1453,1453,Marshall,Kentucky,21,157,21157,340.3, ,0,1.173459401,0.084672856
604,1455,2,1454,1454,Trigg,Kentucky,21,221,21221,481.1, ,0,1.482788423,0.12765438
616,1480,2,1479,1479,Calloway,Kentucky,21,035,21035,410.8, ,0,1.366818142,0.113038826
621,1495,1,1494,1494,Russell,Kentucky,21,207,21207,282.8, ,0,1.270517554,0.07413866
622,1498,1,1497,1497,Christian,Kentucky,21,047,21047,724, ,0,1.829273443,0.185373652
632,1531,1,1530,1530,Wayne,Kentucky,21,231,21231,484.2, ,0,1.490736044,0.1246176
633,1532,1,1531,1531,McCreary,Kentucky,21,147,21147,430.6, ,0,1.688536098,0.112394057
647,1553,1,1552,1552,Owen,Kentucky,21,187,21187,354.2, ,0,1.510141312,0.096238592
648,1566,1,1565,1565,Pulaski,Kentucky,21,199,21199,677.1, ,0,1.757961197,0.182647629
649,1583,1,1582,1582,Henry,Kentucky,21,103,21103,291.2, ,0,1.373360358,0.080510393
650,1586,1,1585,1585,Franklin,Kentucky,21,073,21073,212.1, ,0,0.981791622,0.055210943
651,1601,1,1600,1600,Casey,Kentucky,21,045,21045,445.7, ,0,1.49213794,0.116668875
652,1611,1,1610,1610,Lawrence,Kentucky,21,127,21127,420.1, ,0,1.705270909,0.111059916
653,1612,1,1611,1611,Morgan,Kentucky,21,175,21175,383.7, ,0,1.682312374,0.105083432
655,1614,1,1613,1613,Johnson,Kentucky,21,115,21115,263.9, ,0,1.269671261,0.069664874
658,1617,1,1616,1616,Martin,Kentucky,21,159,21159,230.8, ,0,1.101746317,0.061450359
659,1620,1,1619,1619,Magoffin,Kentucky,21,153,21153,309.4, ,0,1.322059143,0.081056269
660,1625,1,1624,1624,Floyd,Kentucky,21,071,21071,395.5, ,0,1.561370215,0.105107016
661,1627,1,1626,1626,Breathitt,Kentucky,21,025,21025,495.3, ,0,1.814472809,0.13129661
662,1630,1,1629,1629,Knott,Kentucky,21,119,21119,353, ,0,1.333796803,0.091302624
663,1632,1,1631,1631,Letcher,Kentucky,21,133,21133,339.1, ,0,1.574595202,0.091845875
669,1654,2,1653,1653,Pike,Kentucky,21,195,21195,788.8, ,0,2.327308016,0.213421901
688,1681,1,1680,1680,Harlan,Kentucky,21,095,21095,468, ,0,1.823820029,0.127275262
696,1690,1,1689,1689,Whitley,Kentucky,21,235,21235,445.1, ,0,1.59238053,0.11597177
697,1691,3,1690,1690,Bell,Kentucky,21,013,21013,361.4, ,0,1.506111768,0.097886163
434,1228,1,1227,1227,Franklin,Louisiana,22,041,22041,635.4, ,0,2.168826424,0.157692654
436,1230,1,1229,1229,De Soto,Louisiana,22,031,22031,894.6, ,0,2.138786427,0.221807191
437,1231,1,1230,1230,Red River,Louisiana,22,081,22081,402.1, ,0,1.544480749,0.100053568
439,1233,1,1232,1232,Caddo,Louisiana,22,017,22017,936.4, ,0,2.869536319,0.230737215
440,1234,1,1233,1233,Bossier,Louisiana,22,015,22015,867.2, ,0,2.445707986,0.217621935
441,1235,1,1234,1234,Webster,Louisiana,22,119,22119,615.1, ,0,1.912224163,0.153156444
442,1236,1,1235,1235,Claiborne,Louisiana,22,027,22027,767.5, ,0,1.850874355,0.191598606
443,1237,1,1236,1236,Union,Louisiana,22,111,22111,905.3, ,0,2.090229689,0.223565492
444,1238,1,1237,1237,Morehouse,Louisiana,22,067,22067,805.2, ,0,2.174699897,0.199755784
445,1239,2,1238,1238,West Carroll,Louisiana,22,123,22123,360.3, ,0,1.434203012,0.091083624
446,1240,1,1239,1239,Bienville,Louisiana,22,013,22013,821.8, ,0,2.202885442,0.203103093
448,1242,1,1241,1241,Caldwell,Louisiana,22,021,22021,540.7, ,0,1.687535546,0.134116292
460,1254,1,1253,1253,Lincoln,Louisiana,22,061,22061,472.3, ,0,1.48477754,0.117377021
461,1255,1,1254,1254,Ouachita,Louisiana,22,073,22073,632.7, ,0,1.721212319,0.157698321
462,1256,1,1255,1255,Richland,Louisiana,22,083,22083,564.5, ,0,2.009217689,0.139410109
463,1257,1,1256,1256,Jackson,Louisiana,22,049,22049,580.3, ,0,1.614009767,0.143390749
526,1321,1,1320,1320,East Carroll,Louisiana,22,035,22035,442.4, ,0,2.162433535,0.10899562
532,1327,1,1326,1326,Madison,Louisiana,22,065,22065,650.5, ,0,2.530851359,0.155675455
1000,2924,1,2923,2923,Tensas,Louisiana,22,107,22107,641.2, ,0,2.525986031,0.160698552
1008,2932,6,2931,2931,Tangipahoa,Louisiana,22,105,22105,823.1, ,0,1.913454194,0.193559122
1009,2933,4,2932,2932,St. Tammany,Louisiana,22,103,22103,1110, ,0,2.132761923,0.206617126
1010,2934,2,2933,2933,Livingston,Louisiana,22,063,22063,702.9, ,0,1.756969167,0.165613261
1012,2936,1,2935,2935,Iberville,Louisiana,22,047,22047,652.9, ,0,2.046417543,0.157012687
1014,2938,2,2937,2937,St. Martin,Louisiana,22,099,22099,816.4, ,0,3.363391997,0.196948256
1015,2939,4,2938,2938,Calcasieu,Louisiana,22,019,22019,1094.3, ,0,2.683625093,0.264741544
1016,2940,2,2939,2939,Jefferson Davis,Louisiana,22,053,22053,658.6, ,0,2.174947863,0.159349316
1017,2941,1,2940,2940,Acadia,Louisiana,22,001,22001,657.6, ,0,1.791513201,0.159846659
1018,2942,6,2941,2941,Cameron,Louisiana,22,023,22023,1651.8, ,0,3.278518186,0.38847673
1019,2943,5,2942,2942,St. Mary,Louisiana,22,101,22101,689.4, ,0,2.259697916,0.164731866
1021,2945,3,2944,2944,Iberia,Louisiana,22,045,22045,626.3, ,0,2.954062399,0.152236432
1024,2948,2,2947,2947,Lafayette,Louisiana,22,055,22055,270.3, ,0,1.303606135,0.063769331
1025,2949,4,2948,2948,Vermilion,Louisiana,22,113,22113,1300.8, ,0,2.784864529,0.31622349
1026,2950,1,2949,2949,Winn,Louisiana,22,127,22127,956.9, ,0,2.237093419,0.235937832
1027,2951,1,2950,2950,Natchitoches,Louisiana,22,069,22069,1299.3, ,0,3.191750903,0.319922252
1029,2953,1,2952,2952,Concordia,Louisiana,22,029,22029,748.7, ,0,3.418041244,0.181873373
1034,2958,1,2957,2957,Rapides,Louisiana,22,079,22079,1362, ,0,3.092745423,0.333593361
1036,2960,1,2959,2959,Vernon,Louisiana,22,115,22115,1341.5, ,0,2.641321417,0.332412378
1037,2961,2,2960,2960,Avoyelles,Louisiana,22,009,22009,865.7, ,0,2.297313506,0.212494899
1038,2962,3,2961,2961,St. Landry,Louisiana,22,097,22097,938.8, ,0,2.704760006,0.225002328
1039,2963,1,2962,2962,West Baton Rouge,Louisiana,22,121,22121,203.6, ,0,1.298126228,0.048265573
1041,2965,1,2964,2964,Beauregard,Louisiana,22,011,22011,1166, ,0,2.722622924,0.284992379
1043,2967,1,2966,2966,Sabine,Louisiana,22,085,22085,1011.5, ,0,2.691025316,0.24978714
1044,2968,1,2967,2967,Catahoula,Louisiana,22,025,22025,739.4, ,0,3.047900786,0.185944039
1045,2969,1,2968,2968,La Salle,Louisiana,22,059,22059,662.4, ,0,1.972675145,0.161471513
1046,2970,1,2969,2969,Grant,Louisiana,22,043,22043,664.6, ,0,2.25277462,0.162984362
1047,2971,2,2970,2970,Pointe Coupee,Louisiana,22,077,22077,590.7, ,0,2.324404746,0.145597065
1048,2972,1,2971,2971,West Feliciana,Louisiana,22,125,22125,426, ,0,2.169709228,0.103213406
1049,2973,1,2972,2972,Evangeline,Louisiana,22,039,22039,679.6, ,0,1.785776075,0.163043524
1050,2974,1,2973,2973,Allen,Louisiana,22,003,22003,765.7, ,0,1.9927798,0.185590737
1064,2988,1,2987,2987,East Baton Rouge,Louisiana,22,033,22033,470.5, ,0,1.843393892,0.113278199
1066,2990,2,2989,2989,Washington,Louisiana,22,117,22117,676, ,0,1.863229768,0.168190675
1067,2991,1,2990,2990,St. Helena,Louisiana,22,091,22091,409.5, ,0,1.370702247,0.099804165
1068,2992,1,2991,2991,East Feliciana,Louisiana,22,037,22037,455.7, ,0,1.546115044,0.110589715
1080,3004,1,3003,3003,St. Bernard,Louisiana,22,087,22087,481.6, ,0,2.522609186,0.10146717
1081,3005,4,3004,3004,Lafourche,Louisiana,22,057,22057,1190.9, ,0,3.406489899,0.289048028
1082,3006,1,3005,3005,Plaquemines,Louisiana,22,075,22075,1039.8, ,0,4.956548369,0.268192012
1083,3007,2,3006,3006,Terrebonne,Louisiana,22,109,22109,1481.1, ,0,4.804480682,0.322656681
1084,3008,1,3007,3007,Jefferson,Louisiana,22,051,22051,488.1, ,0,1.896805139,0.081304968
1085,3009,1,3008,3008,Ascension,Louisiana,22,005,22005,302.9, ,0,1.388744647,0.075145092
1086,3010,1,3009,3009,St. John the Baptist,Louisiana,22,095,22095,348, ,0,1.425591991,0.074272747
1087,3012,1,3011,3011,Orleans,Louisiana,22,071,22071,349.7, ,0,1.573650807,0.05174619
1088,3013,1,3012,3012,St. Charles,Louisiana,22,089,22089,409.9, ,0,1.335980584,0.090187449
1089,3014,2,3013,3013,Assumption,Louisiana,22,007,22007,364.6, ,0,1.379360221,0.089778961
17,298,1,297,297,Dickinson,Michigan,26,043,26043,777.1, ,0,2.058417463,0.232277325
18,306,1,305,305,Marquette,Michigan,26,103,26103,1870.1, ,0,3.683834117,0.565937514
893,2224,1,2223,2223,Kalkaska,Michigan,26,079,26079,570.8, ,0,1.637848779,0.16636137
424,1218,2,1217,1217,Bolivar,Mississippi,28,011,28011,905.8, ,0,3.001020355,0.226443205
427,1221,3,1220,1220,Sunflower,Mississippi,28,133,28133,707.2, ,0,2.045065189,0.17694022
431,1225,5,1224,1224,Leflore,Mississippi,28,083,28083,606.3, ,0,2.174817304,0.152126962
432,1226,4,1225,1225,Clay,Mississippi,28,025,28025,416, ,0,1.748040075,0.103281955
491,1286,2,1285,1285,Marshall,Mississippi,28,093,28093,709.8, ,0,1.911124131,0.180963433
492,1287,3,1286,1286,Tunica,Mississippi,28,143,28143,480.8, ,0,2.145597654,0.118981069
494,1289,4,1288,1288,Union,Mississippi,28,145,28145,416.9, ,0,1.493024771,0.109129044
495,1290,3,1289,1289,Lafayette,Mississippi,28,071,28071,679.3, ,0,1.712719579,0.175460778
496,1291,1,1290,1290,Panola,Mississippi,28,107,28107,705.1, ,0,1.745182721,0.183636266
498,1293,4,1292,1292,Coahoma,Mississippi,28,027,28027,583.1, ,0,2.450988007,0.150528671
499,1294,2,1293,1293,Quitman,Mississippi,28,119,28119,406.5, ,0,1.480389896,0.102573261
500,1295,1,1294,1294,Yalobusha,Mississippi,28,161,28161,495, ,0,1.498623205,0.127447117
501,1296,1,1295,1295,Tallahatchie,Mississippi,28,135,28135,652.1, ,0,2.209276178,0.1648356
502,1297,1,1296,1296,Grenada,Mississippi,28,043,28043,449.4, ,0,1.697316927,0.113452356
504,1299,3,1298,1298,DeSoto,Mississippi,28,033,28033,496.8, ,0,1.773877228,0.127327093
506,1301,1,1300,1300,Tate,Mississippi,28,137,28137,410.9, ,0,1.571126579,0.103404563
507,1302,6,1301,1301,Alcorn,Mississippi,28,003,28003,401.4, ,0,1.401337403,0.104500937
508,1303,4,1302,1302,Tishomingo,Mississippi,28,141,28141,444.5, ,0,1.485262247,0.111214355
509,1304,2,1303,1303,Tippah,Mississippi,28,139,28139,460, ,0,1.518731494,0.116031296
510,1305,2,1304,1304,Benton,Mississippi,28,009,28009,408.6, ,0,1.477839313,0.104819417
511,1306,4,1305,1305,Prentiss,Mississippi,28,117,28117,418.2, ,0,1.394346124,0.106304411
512,1307,4,1306,1306,Lee,Mississippi,28,081,28081,453.1, ,0,1.447065683,0.115784068
513,1308,4,1307,1307,Itawamba,Mississippi,28,057,28057,540.4, ,0,1.472613263,0.135848114
514,1309,5,1308,1308,Pontotoc,Mississippi,28,115,28115,501, ,0,1.450114934,0.127086277
515,1310,1,1309,1309,Calhoun,Mississippi,28,013,28013,588, ,0,1.616820845,0.150134924
516,1311,4,1310,1310,Monroe,Mississippi,28,095,28095,772, ,0,1.850023969,0.195196411
517,1312,3,1311,1311,Chickasaw,Mississippi,28,017,28017,504.3, ,0,1.607356915,0.128758077
518,1313,1,1312,1312,Lowndes,Mississippi,28,087,28087,516.5, ,0,1.700441289,0.127415695
519,1314,1,1313,1313,Montgomery,Mississippi,28,097,28097,407.9, ,0,1.578462716,0.102253038
521,1316,3,1315,1315,Attala,Mississippi,28,007,28007,737.1, ,0,1.957351287,0.186865922
523,1318,1,1317,1317,Sharkey,Mississippi,28,125,28125,434.9, ,0,1.682222572,0.112010556
524,1319,1,1318,1318,Yazoo,Mississippi,28,163,28163,934.1, ,0,2.418936052,0.2321852
525,1320,1,1319,1319,Issaquena,Mississippi,28,055,28055,441.4, ,0,2.63102944,0.109348858
528,1323,3,1322,1322,Neshoba,Mississippi,28,099,28099,571.6, ,0,1.54104957,0.143593181
529,1324,5,1323,1323,Leake,Mississippi,28,079,28079,585.4, ,0,1.523860348,0.144166057
530,1325,2,1324,1324,Kemper,Mississippi,28,069,28069,767, ,0,1.77627936,0.187950282
531,1326,4,1325,1325,Scott,Mississippi,28,123,28123,610.4, ,0,1.681561049,0.150259765
533,1328,2,1327,1327,Madison,Mississippi,28,089,28089,741.9, ,0,2.111041882,0.182134687
534,1329,1,1328,1328,Warren,Mississippi,28,149,28149,618.8, ,0,3.455028162,0.158442154
535,1330,2,1329,1329,Rankin,Mississippi,28,121,28121,806.1, ,0,1.882653893,0.195938306
536,1331,2,1330,1330,Hinds,Mississippi,28,049,28049,877.3, ,0,2.213552608,0.219736668
537,1332,3,1331,1331,Carroll,Mississippi,28,015,28015,634.5, ,0,1.86576365,0.153727263
538,1333,3,1332,1332,Washington,Mississippi,28,151,28151,761.3, ,0,2.959295549,0.190299831
539,1334,1,1333,1333,Holmes,Mississippi,28,051,28051,764.2, ,0,2.075997583,0.193715641
540,1335,2,1334,1334,Humphreys,Mississippi,28,053,28053,431.2, ,0,1.900529419,0.108948107
541,1336,1,1335,1335,Webster,Mississippi,28,155,28155,423.3, ,0,1.499479015,0.107213479
542,1337,2,1336,1336,Oktibbeha,Mississippi,28,105,28105,461.9, ,0,1.3890005,0.115961637
544,1339,1,1338,1338,Choctaw,Mississippi,28,019,28019,419.8, ,0,1.495711071,0.104369066
545,1340,2,1339,1339,Noxubee,Mississippi,28,103,28103,700, ,0,1.690111479,0.175004249
546,1341,4,1340,1340,Winston,Mississippi,28,159,28159,610.1, ,0,1.745358499,0.154987439
547,1342,2,1341,1341,Lauderdale,Mississippi,28,075,28075,715.3, ,0,1.700049301,0.174905815
548,1343,3,1342,1342,Newton,Mississippi,28,101,28101,579.6, ,0,1.511999415,0.142020111
1001,2925,3,2924,2924,Jasper,Mississippi,28,061,28061,677.4, ,0,1.65792958,0.171633604
1002,2926,1,2925,2925,Clarke,Mississippi,28,023,28023,693.4, ,0,1.656580559,0.17167463
1003,2927,2,2926,2926,Smith,Mississippi,28,129,28129,637.3, ,0,1.663009611,0.155216158
1004,2928,1,2927,2927,Claiborne,Mississippi,28,021,28021,501.4, ,0,1.965129999,0.119689046
1011,2935,1,2934,2934,Hancock,Mississippi,28,045,28045,484.5, ,0,1.540894523,0.116294985
1030,2954,2,2953,2953,Adams,Mississippi,28,001,28001,486.3, ,0,2.337652545,0.114666845
1035,2959,1,2958,2958,Wilkinson,Mississippi,28,157,28157,687.7, ,0,1.842641351,0.171416312
1051,2975,2,2974,2974,Covington,Mississippi,28,031,28031,414.9, ,0,1.350767742,0.101402242
1053,2977,1,2976,2976,Marion,Mississippi,28,091,28091,548.6, ,0,1.627341944,0.132425074
1054,2978,1,2977,2977,Lamar,Mississippi,28,073,28073,500.4, ,0,1.524590664,0.121572123
1055,2979,1,2978,2978,Forrest,Mississippi,28,035,28035,470.2, ,0,1.669594507,0.116015226
1056,2980,1,2979,2979,Perry,Mississippi,28,111,28111,650.2, ,0,1.678553685,0.160468239
1057,2981,1,2980,2980,Greene,Mississippi,28,041,28041,718.7, ,0,1.651106407,0.170268994
1058,2982,1,2981,2981,Amite,Mississippi,28,005,28005,731.6, ,0,1.798705846,0.18499728
1059,2983,5,2982,2982,Pike,Mississippi,28,113,28113,410.8, ,0,1.278343015,0.100997442
1060,2984,3,2983,2983,Walthall,Mississippi,28,147,28147,404.4, ,0,1.546868303,0.100643851
1062,2986,1,2985,2985,Pearl River,Mississippi,28,109,28109,818.9, ,0,2.173698028,0.202794313
1063,2987,1,2986,2986,Jackson,Mississippi,28,059,28059,738, ,0,1.665360677,0.172453773
1065,2989,1,2988,2988,Harrison,Mississippi,28,047,28047,584.2, ,0,1.637638001,0.144157662
1069,2993,1,2992,2992,Simpson,Mississippi,28,127,28127,590.5, ,0,1.74352219,0.149123147
1070,2994,2,2993,2993,Copiah,Mississippi,28,029,28029,779.4, ,0,1.923439027,0.195492999
1071,2995,2,2994,2994,Jefferson,Mississippi,28,063,28063,527.2, ,0,1.900471272,0.130130951
1072,2996,2,2995,2995,Jefferson Davis,Mississippi,28,065,28065,409.1, ,0,1.480003205,0.101894164
1073,2997,2,2996,2996,Lawrence,Mississippi,28,077,28077,435.7, ,0,1.388437806,0.106160165
1074,2998,2,2997,2997,Lincoln,Mississippi,28,085,28085,588.1, ,0,1.722894496,0.141873097
1075,2999,2,2998,2998,Franklin,Mississippi,28,037,28037,566.7, ,0,1.587542259,0.137638318
1076,3000,1,2999,2999,Wayne,Mississippi,28,153,28153,813.5, ,0,1.784104912,0.192849016
1077,3001,1,3000,3000,Jones,Mississippi,28,067,28067,699.7, ,0,1.688674958,0.17670381
1078,3002,1,3001,3001,George,Mississippi,28,039,28039,483.6, ,0,1.419198319,0.11369892
1079,3003,1,3002,3002,Stone,Mississippi,28,131,28131,448.1, ,0,1.451866001,0.111053211
549,1346,1,1345,1345,Shannon,Missouri,29,203,29203,1004, ,0,2.323234761,0.265745977
550,1347,1,1346,1346,Stoddard,Missouri,29,207,29207,828.9, ,0,1.991277649,0.218761773
551,1348,1,1347,1347,Carter,Missouri,29,035,29035,509, ,0,1.655865159,0.134405933
552,1349,1,1348,1348,Christian,Missouri,29,043,29043,564.2, ,0,1.97471507,0.151245562
556,1354,3,1353,1353,Douglas,Missouri,29,067,29067,814.6, ,0,2.151135457,0.213995388
557,1355,1,1354,1354,Newton,Missouri,29,145,29145,626.7, ,0,1.702605785,0.16565653
558,1356,2,1355,1355,Howell,Missouri,29,091,29091,928.3, ,0,2.019605123,0.243350819
559,1357,3,1356,1356,Oregon,Missouri,29,149,29149,791.6, ,0,1.90046383,0.211992173
560,1358,1,1357,1357,Taney,Missouri,29,213,29213,651.5, ,0,1.735210173,0.176079044
573,1371,2,1370,1370,Stone,Missouri,29,209,29209,510.9, ,0,1.614429128,0.135367588
574,1372,2,1371,1371,Barry,Missouri,29,009,29009,790.9, ,0,1.839554533,0.208205364
575,1373,1,1372,1372,McDonald,Missouri,29,119,29119,539.7, ,0,1.615696533,0.144286182
578,1376,2,1375,1375,Ozark,Missouri,29,153,29153,755.1, ,0,1.927819251,0.202915826
585,1386,3,1385,1385,Crawford,Missouri,29,055,29055,744.4, ,0,1.894539769,0.197086305
586,1387,1,1386,1386,Phelps,Missouri,29,161,29161,674.3, ,0,2.088783473,0.178759779
587,1389,1,1388,1388,Pulaski,Missouri,29,169,29169,551.4, ,0,1.525314204,0.143984287
588,1392,1,1391,1391,Laclede,Missouri,29,105,29105,768, ,0,2.044908325,0.201916483
589,1393,7,1392,1392,Dent,Missouri,29,065,29065,754.5, ,0,2.223928049,0.198173002
590,1396,1,1395,1395,Dade,Missouri,29,057,29057,506.4, ,0,1.498487275,0.134530562
591,1399,1,1398,1398,Lawrence,Missouri,29,109,29109,613.4, ,0,1.604429079,0.159224279
592,1408,2,1407,1407,Texas,Missouri,29,215,29215,1179.2, ,0,2.280134238,0.306359651
593,1410,1,1409,1409,Wright,Missouri,29,229,29229,683.2, ,0,1.719149053,0.18079229
594,1415,2,1414,1414,St. Francois,Missouri,29,187,29187,451.2, ,0,2.023189949,0.12164747
596,1426,1,1425,1425,Iron,Missouri,29,093,29093,552.6, ,0,2.188510926,0.145522925
597,1427,1,1426,1426,Madison,Missouri,29,123,29123,497.8, ,0,1.465492537,0.133454699
598,1428,1,1427,1427,Reynolds,Missouri,29,179,29179,814.4, ,0,2.232155904,0.21519562
599,1429,1,1428,1428,Bollinger,Missouri,29,017,29017,621.4, ,0,1.804076444,0.162198377
600,1430,1,1429,1429,Wayne,Missouri,29,223,29223,774.1, ,0,2.073874445,0.203944291
601,1435,2,1434,1434,Washington,Missouri,29,221,29221,762.2, ,0,1.806591839,0.207418051
606,1458,1,1457,1457,Dunklin,Missouri,29,069,29069,547.1, ,0,2.254619586,0.138806046
613,1473,1,1472,1472,Butler,Missouri,29,023,29023,699, ,0,1.820039884,0.183335221
614,1474,2,1473,1473,Ripley,Missouri,29,181,29181,631.7, ,0,1.736698987,0.17042905
185,499,1,498,498,Lincoln,Nevada,32,017,32017,10637.4, ,0,7.374475183,2.802119757
914,2653,1,2652,2652,Sullivan,New Hampshire,33,019,33019,552.1, ,0,2.004850687,0.156456349
915,2677,1,2676,2676,Grafton,New Hampshire,33,009,33009,1750.5, ,0,3.407657053,0.499401472
149,458,1,457,457,Hidalgo,New Mexico,35,023,35023,3445.9, ,0,4.536469552,0.854880961
209,910,1,909,909,San Miguel,New Mexico,35,047,35047,4735.6, ,0,5.747914495,1.244139609
210,911,4,910,910,Quay,New Mexico,35,037,35037,2881.8, ,0,4.389781483,0.745579467
211,917,1,916,916,Lincoln,New Mexico,35,027,35027,4831.3, ,0,5.413596773,1.222823801
212,918,1,917,917,Chaves,New Mexico,35,005,35005,6075, ,0,7.015197458,1.533438232
216,922,1,921,921,Otero,New Mexico,35,035,35035,6627.3, ,0,5.909297849,1.64910174
217,929,1,928,928,Curry,New Mexico,35,009,35009,1407.8, ,0,2.70504732,0.362439921
218,930,1,929,929,De Baca,New Mexico,35,011,35011,2333.8, ,0,3.439378328,0.589137973
221,933,2,932,932,Roosevelt,New Mexico,35,041,35041,2454.7, ,0,3.870774854,0.62489032
227,939,2,938,938,Lea,New Mexico,35,025,35025,4394, ,0,4.649706404,1.088570187
231,943,8,942,942,Eddy,New Mexico,35,015,35015,4197.5, ,0,4.197131034,1.041138136
239,986,2,985,985,Union,New Mexico,35,059,35059,3830.8, ,0,4.511928874,0.994289532
243,991,1,990,990,Harding,New Mexico,35,021,35021,2125.9, ,0,3.723861561,0.546497364
412,1206,2,1205,1205,Hyde,North Carolina,37,095,37095,692, ,0,2.709405177,0.166807146
623,1500,2,1499,1499,Rutherford,North Carolina,37,161,37161,565.8, ,0,1.777856439,0.145968799
625,1502,3,1501,1501,Cleveland,North Carolina,37,045,37045,468.5, ,0,1.505601919,0.117622001
671,1664,2,1663,1663,Wilkes,North Carolina,37,193,37193,759.7, ,0,1.984231605,0.19911962
674,1667,2,1666,1666,Avery,North Carolina,37,011,37011,247.3, ,0,1.213232338,0.064099044
676,1669,2,1668,1668,Madison,North Carolina,37,115,37115,451.5, ,0,1.600699657,0.1176659
677,1670,1,1669,1669,Iredell,North Carolina,37,097,37097,597.2, ,0,1.780969002,0.154587598
678,1671,1,1670,1670,Buncombe,North Carolina,37,021,37021,659.9, ,0,1.995003756,0.168237897
680,1673,1,1672,1672,Graham,North Carolina,37,075,37075,301.6, ,0,1.202135855,0.0775318
686,1679,1,1678,1678,Haywood,North Carolina,37,087,37087,554.6, ,0,1.690231725,0.143852397
687,1680,1,1679,1679,Swain,North Carolina,37,173,37173,540.5, ,0,2.315757624,0.141134227
699,1700,1,1699,1699,Watauga,North Carolina,37,189,37189,312.4, ,0,1.287673115,0.081422754
700,1705,1,1704,1704,Mitchell,North Carolina,37,121,37121,222.1, ,0,1.318757723,0.058502823
701,1706,2,1705,1705,Caldwell,North Carolina,37,027,37027,475.3, ,0,1.515621197,0.122378271
702,1707,1,1706,1706,Yancey,North Carolina,37,199,37199,313.1, ,0,1.30660893,0.07988553
703,1709,3,1708,1708,Burke,North Carolina,37,023,37023,513.4, ,0,1.755223896,0.133581216
704,1710,2,1709,1709,McDowell,North Carolina,37,111,37111,447, ,0,1.664290704,0.115871556
705,1711,1,1710,1710,Catawba,North Carolina,37,035,37035,413.6, ,0,1.44369921,0.106437968
706,1712,1,1711,1711,Lincoln,North Carolina,37,109,37109,307.1, ,0,1.384217612,0.078276049
707,1713,1,1712,1712,Jackson,North Carolina,37,099,37099,494.5, ,0,1.601115895,0.125387828
709,1715,1,1714,1714,Henderson,North Carolina,37,089,37089,375, ,0,1.471167677,0.095368278
798,1809,1,1808,1808,Transylvania,North Carolina,37,175,37175,380.6, ,0,1.388675925,0.097662082
799,1811,1,1810,1810,Polk,North Carolina,37,149,37149,238.7, ,0,1.035762143,0.059581881
821,1836,1,1835,1835,Macon,North Carolina,37,113,37113,519.7, ,0,1.677035589,0.130802683
829,1844,1,1843,1843,Cherokee,North Carolina,37,039,37039,466.6, ,0,1.686421723,0.119705466
830,1845,1,1844,1844,Clay,North Carolina,37,043,37043,220.6, ,0,1.095929578,0.051339694
916,2716,2,2715,2715,Moore,North Carolina,37,125,37125,705.6, ,0,1.979499794,0.181308667
917,2717,1,2716,2716,Mecklenburg,North Carolina,37,119,37119,546.2, ,0,1.886530611,0.143401842
918,2718,3,2717,2717,Montgomery,North Carolina,37,123,37123,501.6, ,0,1.731536515,0.130110783
919,2719,3,2718,2718,Jones,North Carolina,37,103,37103,473.1, ,0,1.978324499,0.121343277
920,2720,2,2719,2719,Onslow,North Carolina,37,133,37133,761.9, ,0,1.782956636,0.194847462
931,2731,1,2730,2730,Lenoir,North Carolina,37,107,37107,402.8, ,0,1.547757842,0.10358704
932,2732,2,2731,2731,Robeson,North Carolina,37,155,37155,951, ,0,2.004242572,0.239951087
933,2733,1,2732,2732,Bladen,North Carolina,37,017,37017,887.2, ,0,2.10665226,0.224935849
936,2736,4,2735,2735,Pender,North Carolina,37,141,37141,870.5, ,0,2.152272084,0.214149892
945,2745,2,2744,2744,Union,North Carolina,37,179,37179,639.4, ,0,1.716495269,0.162751346
946,2746,5,2745,2745,Anson,North Carolina,37,007,37007,537.4, ,0,1.620959157,0.138283419
947,2747,3,2746,2746,Hoke,North Carolina,37,093,37093,392.3, ,0,1.26224621,0.098276707
948,2748,3,2747,2747,Richmond,North Carolina,37,153,37153,479.6, ,0,1.854586314,0.121292891
950,2750,3,2749,2749,Scotland,North Carolina,37,165,37165,320.7, ,0,1.188074011,0.079713874
951,2751,7,2750,2750,Sampson,North Carolina,37,163,37163,947.4, ,0,2.21386146,0.240700781
952,2752,3,2751,2751,Cumberland,North Carolina,37,051,37051,658.8, ,0,1.835312991,0.171777062
953,2753,3,2752,2752,Duplin,North Carolina,37,061,37061,818.8, ,0,1.871090804,0.204425919
954,2754,3,2753,2753,Columbus,North Carolina,37,047,37047,953.6, ,0,2.364829585,0.239999154
955,2756,3,2755,2755,Brunswick,North Carolina,37,019,37019,864.2, ,0,2.023806266,0.21165186
956,2757,1,2756,2756,Pamlico,North Carolina,37,137,37137,347, ,0,1.387596914,0.082445358
957,2758,3,2757,2757,Craven,North Carolina,37,049,37049,727.2, ,0,2.915774119,0.176511922
958,2759,3,2758,2758,Carteret,North Carolina,37,031,37031,505.5, ,0,2.86765095,0.124611262
959,2772,2,2771,2771,Northampton,North Carolina,37,131,37131,550.2, ,0,2.206521536,0.152761166
960,2773,5,2772,2772,Pitt,North Carolina,37,147,37147,654.7, ,0,1.790635876,0.167587199
961,2774,1,2773,2773,Dare,North Carolina,37,055,37055,378, ,0,3.639859234,0.093976981
962,2775,3,2774,2774,Wayne,North Carolina,37,191,37191,556.5, ,0,1.655026665,0.142417158
963,2776,2,2775,2775,Harnett,North Carolina,37,085,37085,601.7, ,0,1.68036251,0.153795687
964,2777,2,2776,2776,Cabarrus,North Carolina,37,025,37025,364.2, ,0,1.320818864,0.091047463
965,2778,1,2777,2777,Stanly,North Carolina,37,167,37167,404.5, ,0,1.461059488,0.103438937
966,2784,2,2783,2783,Halifax,North Carolina,37,083,37083,731.8, ,0,2.203672248,0.189920991
967,2785,1,2784,2784,Yadkin,North Carolina,37,197,37197,337.6, ,0,1.266662016,0.086470817
968,2788,1,2787,2787,Guilford,North Carolina,37,081,37081,655.9, ,0,1.679882694,0.169883408
969,2789,1,2788,2788,Alamance,North Carolina,37,001,37001,435.8, ,0,1.39200542,0.111005846
970,2793,4,2792,2792,Johnston,North Carolina,37,101,37101,795.3, ,0,1.850808535,0.206846611
971,2795,1,2794,2794,Davie,North Carolina,37,059,37059,266.7, ,0,1.201172115,0.068961505
972,2796,1,2795,2795,Davidson,North Carolina,37,057,37057,567.2, ,0,1.790522645,0.14535631
973,2797,2,2796,2796,Randolph,North Carolina,37,151,37151,789.8, ,0,1.80466897,0.201091113
974,2798,1,2797,2797,Rowan,North Carolina,37,159,37159,524.1, ,0,1.589593701,0.134402342
975,2804,1,2803,2803,Caswell,North Carolina,37,033,37033,428.6, ,0,1.352505731,0.114140349
976,2805,1,2804,2804,Rockingham,North Carolina,37,157,37157,573.1, ,0,1.616074722,0.153225358
977,2811,2,2810,2810,Person,North Carolina,37,145,37145,404.1, ,0,1.325009731,0.109059947
978,2813,1,2812,2812,Nash,North Carolina,37,127,37127,542, ,0,1.640033827,0.142223696
979,2814,3,2813,2813,Edgecombe,North Carolina,37,065,37065,506.4, ,0,1.521270599,0.130937712
980,2816,1,2815,2815,Wilson,North Carolina,37,195,37195,375.6, ,0,1.3070741,0.094027657
981,2817,1,2816,2816,Greene,North Carolina,37,079,37079,265.7, ,0,1.105436474,0.070283205
985,2903,5,2902,2902,Currituck,North Carolina,37,053,37053,257.8, ,0,2.968005959,0.069773049
986,2905,1,2904,2904,Chowan,North Carolina,37,041,37041,174, ,0,1.15798152,0.044035021
987,2906,4,2905,2905,Bertie,North Carolina,37,015,37015,708, ,0,2.151113775,0.180114487
988,2907,4,2906,2906,Beaufort,North Carolina,37,013,37013,853.6, ,0,3.196722404,0.203264665
989,2908,4,2907,2907,Martin,North Carolina,37,117,37117,461.9, ,0,1.898592063,0.118361529
990,2909,3,2908,2908,Washington,North Carolina,37,187,37187,377.5, ,0,1.331128423,0.10031034
991,2910,2,2909,2909,Tyrrell,North Carolina,37,177,37177,398.9, ,0,1.410547352,0.098558852
992,2914,4,2913,2913,Hertford,North Carolina,37,091,37091,357.3, ,0,1.669555713,0.097159192
993,2915,2,2914,2914,Gates,North Carolina,37,073,37073,344, ,0,1.283540993,0.090803546
996,2920,2,2919,2919,Camden,North Carolina,37,029,37029,241.6, ,0,1.546577816,0.061882018
997,2921,2,2920,2920,Pasquotank,North Carolina,37,139,37139,229, ,0,1.171463261,0.052624419
16,190,1,189,189,Rolette,North Dakota,38,079,38079,939.3, ,0,2.286682691,0.298987325
894,2258,1,2257,2257,Lawrence,Ohio,39,087,39087,457.3, ,0,1.781552078,0.123744156
897,2391,2,2390,2390,Tuscarawas,Ohio,39,157,39157,571.5, ,0,1.746807732,0.158069884
898,2394,1,2393,2393,Belmont,Ohio,39,013,39013,541.4, ,0,1.623522998,0.146519387
899,2397,2,2396,2396,Hocking,Ohio,39,073,39073,423.6, ,0,1.751121654,0.11574724
900,2398,2,2397,2397,Washington,Ohio,39,167,39167,640.2, ,0,2.461121258,0.1703748
901,2401,2,2400,2400,Athens,Ohio,39,009,39009,508.5, ,0,1.847254896,0.138108781
902,2403,2,2402,2402,Vinton,Ohio,39,163,39163,415, ,0,1.694590077,0.111731031
903,2404,2,2403,2403,Jackson,Ohio,39,079,39079,421.5, ,0,1.428084593,0.113493197
904,2410,1,2409,2409,Adams,Ohio,39,001,39001,585.8, ,0,1.727246365,0.159303404
905,2411,2,2410,2410,Scioto,Ohio,39,145,39145,616.1, ,0,2.222016916,0.166587226
906,2413,2,2412,2412,Champaign,Ohio,39,021,39021,429.6, ,0,1.510855336,0.117757753
907,2421,3,2420,2420,Guernsey,Ohio,39,059,39059,528.3, ,0,1.749355811,0.144083952
908,2423,4,2422,2422,Noble,Ohio,39,121,39121,404.6, ,0,1.850066102,0.109864463
909,2425,1,2424,2424,Monroe,Ohio,39,111,39111,457.4, ,0,1.572930964,0.121645811
910,2434,1,2433,2433,Gallia,Ohio,39,053,39053,471.1, ,0,1.783560644,0.127750365
240,987,3,986,986,Cimarron,Oklahoma,40,025,40025,1841.2, ,0,2.945126958,0.485054417
246,997,1,996,996,Texas,Oklahoma,40,139,40139,2048.8, ,0,3.161374193,0.54369442
250,1001,1,1000,1000,McIntosh,Oklahoma,40,091,40091,712.5, ,0,1.981547311,0.18395692
251,1002,1,1001,1001,Alfalfa,Oklahoma,40,003,40003,881.4, ,0,1.935887589,0.228666898
252,1003,2,1002,1002,Beaver,Oklahoma,40,007,40007,1817.6, ,0,2.910080712,0.481572169
253,1004,1,1003,1003,Ellis,Oklahoma,40,045,40045,1231.7, ,0,2.75771813,0.322580706
254,1005,1,1004,1004,Major,Oklahoma,40,093,40093,957.9, ,0,2.437470233,0.248578602
261,1012,1,1011,1011,Woods,Oklahoma,40,151,40151,1290.1, ,0,2.708888193,0.335331036
262,1013,2,1012,1012,Harper,Oklahoma,40,059,40059,1041, ,0,2.142746375,0.270895967
263,1014,1,1013,1013,Woodward,Oklahoma,40,153,40153,1246, ,0,2.426813421,0.319385972
264,1015,1,1014,1014,Blaine,Oklahoma,40,011,40011,938.9, ,0,2.087295876,0.243783491
265,1016,1,1015,1015,Dewey,Oklahoma,40,043,40043,1008.3, ,0,2.199405064,0.261639437
266,1017,1,1016,1016,Roger Mills,Oklahoma,40,129,40129,1146.6, ,0,2.537767871,0.295499506
267,1018,1,1017,1017,Custer,Oklahoma,40,039,40039,1002, ,0,2.199035626,0.257059533
279,1070,1,1069,1069,Ottawa,Oklahoma,40,115,40115,484.7, ,0,1.461097605,0.125424369
280,1071,1,1070,1070,Osage,Oklahoma,40,113,40113,2303.8, ,0,4.042840713,0.59259287
281,1072,1,1071,1071,Delaware,Oklahoma,40,041,40041,792.3, ,0,1.865343944,0.210499643
282,1073,1,1072,1072,Rogers,Oklahoma,40,131,40131,711.8, ,0,2.059602285,0.188181337
283,1074,1,1073,1073,Pawnee,Oklahoma,40,117,40117,594.9, ,0,2.305624639,0.151089432
284,1075,1,1074,1074,Mayes,Oklahoma,40,097,40097,683.5, ,0,1.722455239,0.174870933
285,1076,1,1075,1075,Tulsa,Oklahoma,40,143,40143,587, ,0,2.259441116,0.154080493
286,1077,1,1076,1076,Payne,Oklahoma,40,119,40119,697.1, ,0,2.066869101,0.182961842
287,1078,1,1077,1077,Kingfisher,Oklahoma,40,073,40073,905.9, ,0,1.946694798,0.235340721
288,1079,1,1078,1078,Logan,Oklahoma,40,083,40083,748.8, ,0,1.952394516,0.195684974
289,1080,1,1079,1079,Lincoln,Oklahoma,40,081,40081,965.6, ,0,2.000861008,0.249811185
290,1081,1,1080,1080,Canadian,Oklahoma,40,017,40017,905.4, ,0,2.044072887,0.234082419
291,1082,1,1081,1081,Oklahoma,Oklahoma,40,109,40109,718.4, ,0,1.741050583,0.1807036
292,1083,1,1082,1082,Kay,Oklahoma,40,071,40071,945.1, ,0,2.210496176,0.244857934
293,1085,1,1084,1084,Noble,Oklahoma,40,103,40103,742.4, ,0,2.173824254,0.19088127
294,1086,1,1085,1085,Garfield,Oklahoma,40,047,40047,1059.9, ,0,2.130223791,0.271825715
295,1087,1,1086,1086,Craig,Oklahoma,40,035,40035,762.7, ,0,1.793942923,0.193939398
296,1088,1,1087,1087,Nowata,Oklahoma,40,105,40105,580.9, ,0,1.60458417,0.152522152
297,1089,1,1088,1088,Washington,Oklahoma,40,147,40147,424.2, ,0,1.56437892,0.108804873
298,1090,1,1089,1089,Cherokee,Oklahoma,40,021,40021,776.4, ,0,2.010391356,0.201929096
299,1091,1,1090,1090,Creek,Oklahoma,40,037,40037,969.8, ,0,2.225219601,0.252209295
300,1092,1,1091,1091,Wagoner,Oklahoma,40,145,40145,590.7, ,0,1.973328813,0.153480191
301,1093,1,1092,1092,Muskogee,Oklahoma,40,101,40101,839, ,0,2.447956646,0.212809446
302,1094,1,1093,1093,Okmulgee,Oklahoma,40,111,40111,702.3, ,0,1.894159657,0.177885337
303,1095,1,1094,1094,Okfuskee,Oklahoma,40,107,40107,628.8, ,0,2.164794141,0.163888102
304,1096,1,1095,1095,Caddo,Oklahoma,40,015,40015,1290.3, ,0,2.449409456,0.328364179
305,1097,1,1096,1096,Beckham,Oklahoma,40,009,40009,904.1, ,0,2.217769037,0.232851292
306,1098,1,1097,1097,Washita,Oklahoma,40,149,40149,1009.1, ,0,2.217586925,0.261208265
307,1099,1,1098,1098,Pottawatomie,Oklahoma,40,125,40125,793.3, ,0,2.230992885,0.205199822
308,1100,1,1099,1099,Haskell,Oklahoma,40,061,40061,625.3, ,0,2.001084006,0.162202812
309,1101,1,1100,1100,Seminole,Oklahoma,40,133,40133,640.7, ,0,1.985464099,0.162364546
310,1102,1,1101,1101,McCurtain,Oklahoma,40,089,40089,1901.3, ,0,3.396525173,0.484206117
345,1137,1,1136,1136,Comanche,Oklahoma,40,031,40031,1083.8, ,0,2.363156699,0.276630202
346,1138,1,1137,1137,Jackson,Oklahoma,40,065,40065,803.9, ,0,2.688434173,0.207542242
351,1143,1,1142,1142,Tillman,Oklahoma,40,141,40141,879.4, ,0,2.161439604,0.222896219
359,1151,1,1150,1150,Kiowa,Oklahoma,40,075,40075,1030.6, ,0,2.761794806,0.263746674
360,1152,1,1151,1151,Greer,Oklahoma,40,055,40055,643.7, ,0,2.045561396,0.165566335
361,1153,1,1152,1152,Harmon,Oklahoma,40,057,40057,538.6, ,0,1.688273293,0.138649074
362,1154,1,1153,1153,Cotton,Oklahoma,40,033,40033,641.9, ,0,1.846761436,0.168708314
366,1158,1,1157,1157,Cleveland,Oklahoma,40,027,40027,558.7, ,0,1.786281004,0.143738682
367,1159,1,1158,1158,Coal,Oklahoma,40,029,40029,521.3, ,0,1.525799306,0.133022305
368,1160,1,1159,1159,Pushmataha,Oklahoma,40,127,40127,1422.8, ,0,2.739055026,0.365541872
369,1161,1,1160,1160,Atoka,Oklahoma,40,005,40005,990, ,0,2.509651796,0.247127955
370,1162,1,1161,1161,Stephens,Oklahoma,40,137,40137,891.1, ,0,1.947838655,0.228452361
371,1163,1,1162,1162,Murray,Oklahoma,40,099,40099,424.9, ,0,1.743769209,0.109150741
372,1164,1,1163,1163,Johnston,Oklahoma,40,069,40069,658.3, ,0,1.791811508,0.164435673
373,1165,1,1164,1164,Carter,Oklahoma,40,019,40019,833.7, ,0,2.133593736,0.213418637
374,1166,1,1165,1165,Jefferson,Oklahoma,40,067,40067,773.8, ,0,2.141644759,0.200561864
375,1167,1,1166,1166,Marshall,Oklahoma,40,095,40095,427, ,0,1.442488434,0.111182726
376,1168,1,1167,1167,Love,Oklahoma,40,085,40085,531.9, ,0,2.169005213,0.135013037
377,1169,1,1168,1168,Grady,Oklahoma,40,051,40051,1105.2, ,0,2.203224026,0.280337447
378,1170,1,1169,1169,McClain,Oklahoma,40,087,40087,579.7, ,0,2.320098055,0.145224641
379,1171,1,1170,1170,Pontotoc,Oklahoma,40,123,40123,725.5, ,0,2.098850593,0.183223189
380,1172,1,1171,1171,Garvin,Oklahoma,40,049,40049,813.7, ,0,2.259843325,0.210530211
381,1173,1,1172,1172,Pittsburg,Oklahoma,40,121,40121,1377.9, ,0,2.738110827,0.352454468
382,1174,1,1173,1173,Hughes,Oklahoma,40,063,40063,814.6, ,0,2.067128994,0.208280672
383,1175,1,1174,1174,Latimer,Oklahoma,40,077,40077,729.1, ,0,1.920803909,0.186663033
384,1176,1,1175,1175,Bryan,Oklahoma,40,013,40013,943.4, ,0,2.609233926,0.236638784
385,1177,1,1176,1176,Choctaw,Oklahoma,40,023,40023,800.7, ,0,2.396612845,0.203679095
420,1214,1,1213,1213,Le Flore,Oklahoma,40,079,40079,1608, ,0,3.100421094,0.418881427
555,1353,1,1352,1352,Sequoyah,Oklahoma,40,135,40135,714.9, ,0,1.952409512,0.1813826
569,1367,1,1366,1366,Adair,Oklahoma,40,001,40001,577, ,0,1.641985722,0.152841558
13,81,1,80,80,Wasco,Oregon,41,065,41065,2395.3, ,0,4.89329504,0.712887784
14,97,1,96,96,Gilliam,Oregon,41,021,41021,1222.9, ,0,3.683535002,0.369622627
15,98,1,97,97,Sherman,Oregon,41,055,41055,831.3, ,0,2.718165397,0.244685384
206,558,1,557,557,Wheeler,Oregon,41,069,41069,1715.5, ,0,3.166897531,0.504059287
207,559,1,558,558,Jefferson,Oregon,41,031,41031,1791.2, ,0,3.796039291,0.527430675
911,2452,1,2451,2451,Bedford,Pennsylvania,42,009,42009,1017, ,0,2.307948389,0.276205325
912,2482,1,2481,2481,Fulton,Pennsylvania,42,057,42057,438.2, ,0,1.535359516,0.119976936
713,1721,1,1720,1720,Richland,South Carolina,45,079,45079,771.2, ,0,2.459739632,0.193844262
717,1725,1,1724,1724,Edgefield,South Carolina,45,037,45037,506.6, ,0,1.573574882,0.122841751
720,1728,5,1727,1727,Aiken,South Carolina,45,003,45003,1080.3, ,0,2.427230633,0.275295408
800,1812,4,1811,1811,Greenville,South Carolina,45,045,45045,794.6, ,0,2.401552939,0.208506972
802,1814,5,1813,1813,Anderson,South Carolina,45,007,45007,757.5, ,0,1.941026849,0.19318414
803,1815,4,1814,1814,Laurens,South Carolina,45,059,45059,723.8, ,0,1.916092663,0.185288728
806,1818,1,1817,1817,Fairfield,South Carolina,45,039,45039,710.2, ,0,1.817586024,0.180305202
807,1819,1,1818,1818,McCormick,South Carolina,45,065,45065,394, ,0,1.94233324,0.102479998
822,1837,1,1836,1836,Pickens,South Carolina,45,077,45077,512, ,0,1.633487625,0.128460941
823,1838,3,1837,1837,Oconee,South Carolina,45,073,45073,673.6, ,0,1.907169684,0.174171789
831,1846,4,1845,1845,Spartanburg,South Carolina,45,083,45083,819.2, ,0,1.865185755,0.21171505
832,1847,3,1846,1846,Cherokee,South Carolina,45,021,45021,397, ,0,1.543232201,0.102418158
833,1848,1,1847,1847,York,South Carolina,45,091,45091,695.6, ,0,1.952244006,0.178519401
834,1849,3,1848,1848,Union,South Carolina,45,087,45087,516.4, ,0,1.548027993,0.128683483
835,1850,2,1849,1849,Chester,South Carolina,45,023,45023,586.5, ,0,1.750657161,0.150572275
836,1851,3,1850,1850,Newberry,South Carolina,45,071,45071,647.6, ,0,1.936671687,0.162209205
837,1852,4,1851,1851,Abbeville,South Carolina,45,001,45001,511.1, ,0,1.620063885,0.130927301
838,1853,5,1852,1852,Greenwood,South Carolina,45,047,45047,462.4, ,0,1.629268929,0.116861176
839,1854,1,1853,1853,Lexington,South Carolina,45,063,45063,757.2, ,0,2.129146247,0.191230665
840,1855,3,1854,1854,Saluda,South Carolina,45,081,45081,462.2, ,0,1.458722148,0.116940454
850,1866,2,1865,1865,Allendale,South Carolina,45,005,45005,412.3, ,0,1.629733952,0.105572639
852,1868,2,1867,1867,Hampton,South Carolina,45,049,45049,562.6, ,0,1.837364598,0.13888336
884,1900,3,1899,1899,Barnwell,South Carolina,45,011,45011,557.5, ,0,1.638873732,0.139753809
885,1901,2,1900,1900,Bamberg,South Carolina,45,009,45009,395.3, ,0,1.355457786,0.097695819
887,1903,2,1902,1902,Jasper,South Carolina,45,053,45053,666.8, ,0,2.29177492,0.164634738
921,2721,4,2720,2720,Clarendon,South Carolina,45,027,45027,695.6, ,0,1.964764794,0.173951341
922,2722,4,2721,2721,Williamsburg,South Carolina,45,089,45089,937.4, ,0,2.254953269,0.234504832
923,2723,2,2722,2722,Calhoun,South Carolina,45,017,45017,392.9, ,0,1.960996237,0.098313383
924,2724,3,2723,2723,Orangeburg,South Carolina,45,075,45075,1127.8, ,0,3.003249978,0.283833363
925,2725,6,2724,2724,Georgetown,South Carolina,45,043,45043,847.2, ,0,2.267742712,0.209061869
926,2726,4,2725,2725,Berkeley,South Carolina,45,015,45015,1228.3, ,0,2.56299357,0.303880918
927,2727,4,2726,2726,Dorchester,South Carolina,45,035,45035,576.2, ,0,2.13570385,0.14466134
928,2728,2,2727,2727,Colleton,South Carolina,45,029,45029,1075.1, ,0,2.409134038,0.261053812
929,2729,7,2728,2728,Charleston,South Carolina,45,019,45019,986.2, ,0,3.686806475,0.244223387
930,2730,3,2729,2729,Beaufort,South Carolina,45,013,45013,615.2, ,0,3.042793576,0.143314986
934,2734,4,2733,2733,Chesterfield,South Carolina,45,025,45025,806, ,0,2.065752821,0.204986507
935,2735,3,2734,2734,Marlboro,South Carolina,45,069,45069,485.4, ,0,1.749397389,0.127180577
937,2737,2,2736,2736,Dillon,South Carolina,45,033,45033,406.3, ,0,1.554705538,0.104500401
938,2738,3,2737,2737,Kershaw,South Carolina,45,055,45055,740.2, ,0,2.147831386,0.186744926
939,2739,1,2738,2738,Horry,South Carolina,45,051,45051,1145, ,0,2.323295996,0.288888356
940,2740,1,2739,2739,Darlington,South Carolina,45,031,45031,566.8, ,0,1.922895923,0.142668061
941,2741,2,2740,2740,Lee,South Carolina,45,061,45061,411.4, ,0,1.637801693,0.102427941
942,2742,1,2741,2741,Florence,South Carolina,45,041,45041,803.4, ,0,2.27120859,0.204028721
943,2743,1,2742,2742,Marion,South Carolina,45,067,45067,494.1, ,0,1.983575889,0.123923597
944,2744,1,2743,2743,Sumter,South Carolina,45,085,45085,681.6, ,0,2.38842951,0.170520998
949,2749,1,2748,2748,Lancaster,South Carolina,45,057,45057,555.6, ,0,2.115317967,0.140839095
415,1209,1,1208,1208,Shelby,Tennessee,47,157,47157,783.7, ,0,2.615049123,0.20252532
486,1281,3,1280,1280,Hardeman,Tennessee,47,069,47069,670.4, ,0,1.648240609,0.171161487
487,1282,1,1281,1281,Hardin,Tennessee,47,071,47071,596.3, ,0,1.629878742,0.151653023
488,1283,1,1282,1282,Fayette,Tennessee,47,047,47047,706.2, ,0,1.697904091,0.179058004
489,1284,1,1283,1283,McNairy,Tennessee,47,109,47109,560.8, ,0,1.514935714,0.142594586
605,1457,3,1456,1456,Stewart,Tennessee,47,161,47161,493.2, ,0,1.49428687,0.129792889
608,1466,1,1465,1465,Lauderdale,Tennessee,47,097,47097,507.1, ,0,2.169182038,0.128935171
612,1472,1,1471,1471,Tipton,Tennessee,47,167,47167,474.7, ,0,1.640877004,0.11370494
617,1484,2,1483,1483,Henry,Tennessee,47,079,47079,593.5, ,0,1.705109604,0.151752379
618,1485,1,1484,1484,Carroll,Tennessee,47,017,47017,599.9, ,0,1.754907802,0.156369512
624,1501,1,1500,1500,Sequatchie,Tennessee,47,153,47153,266, ,0,1.354087845,0.068361009
626,1510,1,1509,1509,Morgan,Tennessee,47,129,47129,522.4, ,0,1.6332918,0.134118733
627,1513,1,1512,1512,Putnam,Tennessee,47,141,47141,402.5, ,0,2.027510603,0.104648041
628,1515,1,1514,1514,Loudon,Tennessee,47,105,47105,247.3, ,0,1.585060069,0.064551457
629,1517,1,1516,1516,McMinn,Tennessee,47,107,47107,432.3, ,0,1.484864727,0.110009328
630,1518,1,1517,1517,Grundy,Tennessee,47,061,47061,361.1, ,0,1.38415411,0.093923394
631,1529,2,1528,1528,Montgomery,Tennessee,47,125,47125,543.8, ,0,1.605719328,0.143604227
634,1534,2,1533,1533,Clay,Tennessee,47,027,47027,259.3, ,0,1.415366525,0.067034785
635,1535,1,1534,1534,Pickett,Tennessee,47,137,47137,174.6, ,0,1.402570082,0.046679144
636,1536,1,1535,1535,Scott,Tennessee,47,151,47151,533.2, ,0,1.779454085,0.139175295
637,1537,1,1536,1536,Overton,Tennessee,47,133,47133,434.8, ,0,1.371082565,0.112958703
638,1538,1,1537,1537,Jackson,Tennessee,47,087,47087,319.6, ,0,1.168577879,0.082777718
639,1542,1,1541,1541,Fentress,Tennessee,47,049,47049,499, ,0,1.57942177,0.128408173
640,1543,1,1542,1542,Cumberland,Tennessee,47,035,47035,684.9, ,0,1.790422893,0.176583031
641,1544,2,1543,1543,Roane,Tennessee,47,145,47145,395, ,0,1.604651406,0.101082078
642,1547,1,1546,1546,Rhea,Tennessee,47,143,47143,336.4, ,0,1.541808442,0.087447151
643,1548,1,1547,1547,Van Buren,Tennessee,47,175,47175,274.6, ,0,1.110918509,0.064992313
644,1549,1,1548,1548,Bledsoe,Tennessee,47,007,47007,406.7, ,0,1.554487687,0.104782532
645,1550,1,1549,1549,Meigs,Tennessee,47,121,47121,216.8, ,0,1.571020095,0.055431995
646,1552,2,1551,1551,White,Tennessee,47,185,47185,379.4, ,0,1.457109477,0.098341233
672,1665,2,1664,1664,Greene,Tennessee,47,059,47059,624.3, ,0,1.741440227,0.160585305
673,1666,2,1665,1665,Anderson,Tennessee,47,001,47001,344.8, ,0,1.582027155,0.088551013
675,1668,1,1667,1667,Unicoi,Tennessee,47,171,47171,186.5, ,0,1.139694809,0.051789812
679,1672,1,1671,1671,Monroe,Tennessee,47,123,47123,652.6, ,0,2.235789534,0.170399276
681,1674,2,1673,1673,Knox,Tennessee,47,093,47093,525.8, ,0,1.913124255,0.135578721
682,1675,1,1674,1674,Jefferson,Tennessee,47,089,47089,314.3, ,0,1.436994658,0.081230022
683,1676,1,1675,1675,Cocke,Tennessee,47,029,47029,443.1, ,0,1.54883491,0.117546689
684,1677,1,1676,1676,Sevier,Tennessee,47,155,47155,597.7, ,0,1.748850095,0.15631833
685,1678,1,1677,1677,Blount,Tennessee,47,009,47009,566.6, ,0,1.86946152,0.146743717
690,1683,1,1682,1682,Hancock,Tennessee,47,067,47067,223.5, ,0,1.473486386,0.056669759
691,1684,1,1683,1683,Claiborne,Tennessee,47,025,47025,441.5, ,0,1.658510186,0.118517268
692,1685,1,1684,1684,Campbell,Tennessee,47,013,47013,498.3, ,0,1.686491237,0.128939563
693,1686,2,1685,1685,Hawkins,Tennessee,47,073,47073,499.4, ,0,1.840858898,0.127849088
694,1687,1,1686,1686,Union,Tennessee,47,173,47173,247.2, ,0,1.098649238,0.062109434
695,1689,1,1688,1688,Hamblen,Tennessee,47,063,47063,175.8, ,0,1.117817552,0.045066981
698,1698,1,1697,1697,Carter,Tennessee,47,019,47019,347.7, ,0,1.425225222,0.09366171
708,1714,3,1713,1713,Wayne,Tennessee,47,181,47181,735.6, ,0,1.918076492,0.1887558
710,1716,1,1715,1715,Hamilton,Tennessee,47,065,47065,575.7, ,0,1.850198165,0.1518644
763,1773,1,1772,1772,Franklin,Tennessee,47,051,47051,574.3, ,0,1.596620948,0.14509484
782,1793,1,1792,1792,Bradley,Tennessee,47,011,47011,331.6, ,0,1.238690207,0.085197239
783,1794,1,1793,1793,Marion,Tennessee,47,115,47115,513.6, ,0,1.533962218,0.134243348
784,1795,1,1794,1794,Polk,Tennessee,47,139,47139,442.3, ,0,1.451641283,0.112774724
20,323,1,322,322,Crockett,Texas,48,105,48105,2807.4, ,0,4.562935444,0.69196106
21,324,1,323,323,Matagorda,Texas,48,321,48321,1144.9, ,0,4.095161347,0.277414365
22,325,1,324,324,Victoria,Texas,48,469,48469,888.9, ,0,2.192942842,0.218162318
23,326,1,325,325,Maverick,Texas,48,323,48323,1291.7, ,0,2.655560602,0.312217303
24,327,1,326,326,Hudspeth,Texas,48,229,48229,4571.9, ,0,4.52539472,1.122799803
25,329,1,328,328,Pecos,Texas,48,371,48371,4764.7, ,0,5.213948655,1.156266117
26,330,1,329,329,Brewster,Texas,48,043,48043,6192.8, ,0,5.239907798,1.472556006
27,331,1,330,330,Terrell,Texas,48,443,48443,2357.7, ,0,3.50477278,0.590355395
28,332,1,331,331,Presidio,Texas,48,377,48377,3856.2, ,0,4.392719508,0.933557683
29,333,2,332,332,Culberson,Texas,48,109,48109,3812.7, ,0,4.072366395,0.940044538
30,334,1,333,333,Reeves,Texas,48,389,48389,2642, ,0,3.895879622,0.647381557
31,335,1,334,334,Loving,Texas,48,301,48301,676.9, ,0,1.930543819,0.162189048
32,336,1,335,335,Crane,Texas,48,103,48103,785.6, ,0,2.022625846,0.198777329
33,337,1,336,336,Upton,Texas,48,461,48461,1241.8, ,0,2.194590867,0.300008532
34,338,1,337,337,Jeff Davis,Texas,48,243,48243,2264.6, ,0,3.451547404,0.563004229
35,339,1,338,338,Midland,Texas,48,329,48329,902, ,0,1.902620684,0.224898501
36,340,1,339,339,Winkler,Texas,48,495,48495,841.2, ,0,1.942367312,0.209554207
37,341,1,340,340,Ector,Texas,48,135,48135,901.7, ,0,1.878664165,0.218792554
38,342,1,341,341,Ward,Texas,48,475,48475,835.7, ,0,2.316270108,0.204273995
39,343,1,342,342,Hill,Texas,48,217,48217,986.3, ,0,2.376836977,0.244962758
40,344,1,343,343,Comanche,Texas,48,093,48093,947.7, ,0,2.073905622,0.233917404
41,345,1,344,344,Bosque,Texas,48,035,48035,1002.6, ,0,2.368542764,0.247039253
42,346,1,345,345,Lampasas,Texas,48,281,48281,713.5, ,0,1.897254082,0.173995172
43,347,1,346,346,Grimes,Texas,48,185,48185,801, ,0,1.996345615,0.197089038
44,348,1,347,347,Travis,Texas,48,453,48453,1023.7, ,0,2.276821667,0.255595619
45,349,1,348,348,Montgomery,Texas,48,339,48339,1076.7, ,0,2.413574375,0.268621949
46,350,1,349,349,Lee,Texas,48,287,48287,633.5, ,0,1.856302357,0.156926825
47,351,1,350,350,Liberty,Texas,48,291,48291,1176.4, ,0,2.297373149,0.282142451
48,352,1,351,351,Galveston,Texas,48,167,48167,403.3, ,0,3.572007569,0.098562027
49,353,1,352,352,Atascosa,Texas,48,013,48013,1235.6, ,0,2.277696722,0.299268041
50,354,1,353,353,Zavala,Texas,48,507,48507,1301.7, ,0,2.31009009,0.317925041
51,355,1,354,354,Frio,Texas,48,163,48163,1134.3, ,0,2.113412045,0.274024198
52,356,1,355,355,Gillespie,Texas,48,171,48171,1061.8, ,0,2.167948532,0.265119555
53,357,1,356,356,Blanco,Texas,48,031,48031,713.4, ,0,1.679697212,0.174572272
54,358,1,357,357,Edwards,Texas,48,137,48137,2119.9, ,0,3.2046197,0.502224558
55,359,1,358,358,Val Verde,Texas,48,465,48465,3232.4, ,0,4.130190196,0.788928713
56,360,1,359,359,Comal,Texas,48,091,48091,574.7, ,0,1.787667975,0.138266315
57,361,1,360,360,Bexar,Texas,48,029,48029,1256.1, ,0,2.3631341,0.302360232
58,362,1,361,361,Medina,Texas,48,325,48325,1334.5, ,0,2.458721348,0.320976846
59,363,1,362,362,Uvalde,Texas,48,463,48463,1558.6, ,0,2.472529266,0.375712219
60,364,1,363,363,Kinney,Texas,48,271,48271,1365.3, ,0,2.331103492,0.326567844
61,365,1,364,364,Kerr,Texas,48,265,48265,1107.7, ,0,2.542784523,0.255956292
62,366,1,365,365,Kendall,Texas,48,259,48259,663.1, ,0,1.552329795,0.158914122
63,367,1,366,366,Real,Texas,48,385,48385,700, ,0,1.700337981,0.166496077
64,368,1,367,367,Bandera,Texas,48,019,48019,797.5, ,0,2.114066138,0.204785911
65,369,1,368,368,Runnels,Texas,48,399,48399,1057.1, ,0,2.04437925,0.261027272
66,370,1,369,369,Tom Green,Texas,48,451,48451,1540.5, ,0,3.529921192,0.384009651
67,371,1,370,370,Reagan,Texas,48,383,48383,1176, ,0,2.129651258,0.282127656
68,372,1,371,371,Concho,Texas,48,095,48095,993.6, ,0,2.123120639,0.245931769
69,373,1,372,372,Irion,Texas,48,235,48235,1051.6, ,0,2.059675871,0.260487451
70,374,1,373,373,McCulloch,Texas,48,307,48307,1073.4, ,0,2.297765929,0.262729318
71,375,1,374,374,San Saba,Texas,48,411,48411,1138.8, ,0,2.787806332,0.279884476
72,376,1,375,375,Kimble,Texas,48,267,48267,1250.9, ,0,2.475985763,0.310287851
73,377,1,376,376,Sutton,Texas,48,435,48435,1454.4, ,0,2.493058332,0.342870991
74,378,1,377,377,Schleicher,Texas,48,413,48413,1310.7, ,0,2.466247791,0.32808737
75,379,1,378,378,Sterling,Texas,48,431,48431,923.5, ,0,1.932864254,0.227880505
76,380,1,379,379,Glasscock,Texas,48,173,48173,900.9, ,0,1.884138282,0.221134887
77,381,1,380,380,Coke,Texas,48,081,48081,928, ,0,1.943508226,0.226684157
78,382,1,381,381,Coleman,Texas,48,083,48083,1281.6, ,0,2.552844953,0.315528312
79,383,1,382,382,Brown,Texas,48,049,48049,956.9, ,0,2.026923012,0.234887141
80,384,1,383,383,Mills,Texas,48,333,48333,749.9, ,0,2.218939972,0.187228079
81,385,1,384,384,Menard,Texas,48,327,48327,902.2, ,0,2.015969469,0.219747759
82,386,1,385,385,Mason,Texas,48,319,48319,932.5, ,0,1.90832263,0.224296141
83,387,1,386,386,Llano,Texas,48,299,48299,965.6, ,0,2.19300237,0.23042439
84,388,1,387,387,Cherokee,Texas,48,073,48073,1062, ,0,2.379778832,0.260061577
85,389,1,388,388,Hamilton,Texas,48,193,48193,836.4, ,0,1.967699633,0.205824628
86,390,1,389,389,Limestone,Texas,48,293,48293,933.2, ,0,1.939079344,0.230491529
87,391,1,390,390,Coryell,Texas,48,099,48099,1056.7, ,0,2.039083366,0.257769479
88,392,1,391,391,Leon,Texas,48,289,48289,1080.4, ,0,2.4177719,0.264849978
89,393,1,392,392,Houston,Texas,48,225,48225,1236.8, ,0,2.666816589,0.303997226
90,394,1,393,393,Falls,Texas,48,145,48145,773.8, ,0,1.780666871,0.186830552
91,395,1,394,394,Trinity,Texas,48,455,48455,714, ,0,1.888754139,0.176919338
92,396,1,395,395,Robertson,Texas,48,395,48395,865.6, ,0,2.032955982,0.212286244
93,397,1,396,396,Bell,Texas,48,027,48027,1088.3, ,0,2.162916774,0.264882085
94,398,1,397,397,Polk,Texas,48,373,48373,1109.8, ,0,2.394687185,0.270257609
95,399,1,398,398,Burnet,Texas,48,053,48053,1021.4, ,0,2.320879892,0.245278662
96,400,1,399,399,Brazos,Texas,48,041,48041,590.7, ,0,2.059615485,0.145467129
97,401,1,400,400,San Jacinto,Texas,48,407,48407,627.9, ,0,1.925922835,0.15162947
98,402,1,401,401,Burleson,Texas,48,051,48051,677.8, ,0,1.908244126,0.167038665
99,403,1,402,402,Milam,Texas,48,331,48331,1021.8, ,0,2.09717241,0.250057763
100,404,1,403,403,Williamson,Texas,48,491,48491,1133.9, ,0,2.318311926,0.277965795
101,405,1,404,404,McLennan,Texas,48,309,48309,1060.2, ,0,2.076644377,0.261173702
102,406,1,405,405,Anderson,Texas,48,001,48001,1077.9, ,0,2.728815387,0.264523338
103,407,1,406,406,Freestone,Texas,48,161,48161,892.1, ,0,2.167892464,0.220808604
104,408,1,407,407,Madison,Texas,48,313,48313,472.4, ,0,1.601491531,0.114939468
105,409,1,408,408,Walker,Texas,48,471,48471,801.4, ,0,1.891960691,0.191363345
106,410,1,409,409,Washington,Texas,48,477,48477,621.5, ,0,2.118601479,0.155675739
107,411,1,410,410,Harris,Texas,48,201,48201,1773.5, ,0,3.551192183,0.421185233
108,412,1,411,411,Colorado,Texas,48,089,48089,973.2, ,0,2.249464663,0.239173216
109,413,1,412,412,Guadalupe,Texas,48,187,48187,714.6, ,0,1.932314454,0.17005499
110,414,1,413,413,Fort Bend,Texas,48,157,48157,884.8, ,0,2.246763671,0.215342447
111,415,1,414,414,Gonzales,Texas,48,177,48177,1069.8, ,0,2.052457573,0.255423321
112,416,1,415,415,Wharton,Texas,48,481,48481,1094.4, ,0,2.270036442,0.263588792
113,417,1,416,416,Wilson,Texas,48,493,48493,808.5, ,0,1.90087155,0.199547446
114,418,1,417,417,Jackson,Texas,48,239,48239,852.5, ,0,2.319890822,0.202491016
115,419,1,418,418,Karnes,Texas,48,255,48255,753.7, ,0,1.940476009,0.181637465
116,420,1,419,419,Lavaca,Texas,48,285,48285,970.6, ,0,1.890377527,0.234015199
117,421,1,420,420,DeWitt,Texas,48,123,48123,910.6, ,0,2.023277117,0.221633636
118,422,1,421,421,Bastrop,Texas,48,021,48021,895.9, ,0,1.842327977,0.218267613
119,423,1,422,422,Hays,Texas,48,209,48209,678.9, ,0,1.750904395,0.160297346
120,424,1,423,423,Fayette,Texas,48,149,48149,959.5, ,0,2.046797077,0.230639581
121,425,1,424,424,Caldwell,Texas,48,055,48055,546.9, ,0,1.560830554,0.131043094
122,426,1,425,425,Waller,Texas,48,473,48473,518.8, ,0,2.136157036,0.12463386
123,427,1,426,426,Austin,Texas,48,015,48015,656.6, ,0,2.114791781,0.159026121
124,428,1,427,427,Brazoria,Texas,48,039,48039,1442.5, ,0,2.71709078,0.345929808
125,429,1,428,428,Goliad,Texas,48,175,48175,859.1, ,0,1.943329277,0.211124659
126,430,1,429,429,Jim Hogg,Texas,48,247,48247,1136.2, ,0,2.217120663,0.263129216
127,431,1,430,430,Zapata,Texas,48,505,48505,1058.1, ,0,2.123384167,0.249158505
128,432,1,431,431,Brooks,Texas,48,047,48047,943.6, ,0,2.054357644,0.228772059
129,433,1,432,432,Kenedy,Texas,48,261,48261,1416.9, ,0,3.946772156,0.330808502
130,434,1,433,433,Starr,Texas,48,427,48427,1229.3, ,0,2.281200935,0.280607462
131,435,1,434,434,Hidalgo,Texas,48,215,48215,1582.6, ,0,2.734917416,0.381828339
132,436,1,435,435,La Salle,Texas,48,283,48283,1494.2, ,0,2.348228741,0.344930723
133,437,1,436,436,McMullen,Texas,48,311,48311,1142.7, ,0,2.08662683,0.269492234
134,438,1,437,437,Dimmit,Texas,48,127,48127,1334.5, ,0,2.305429707,0.312429415
135,439,1,438,438,Webb,Texas,48,479,48479,3375.5, ,0,4.416591283,0.803463897
136,440,1,439,439,Duval,Texas,48,131,48131,1795.6, ,0,2.752466341,0.425618382
137,441,1,440,440,Live Oak,Texas,48,297,48297,1078.9, ,0,2.22871898,0.255540662
138,442,1,441,441,Bee,Texas,48,025,48025,880.4, ,0,2.065483583,0.216314377
139,443,1,442,442,Refugio,Texas,48,391,48391,778.5, ,0,2.571921658,0.184869833
140,444,2,443,443,Calhoun,Texas,48,057,48057,530.9, ,0,4.118870359,0.137992637
141,445,1,444,444,San Patricio,Texas,48,409,48409,704.3, ,0,2.453667695,0.165531763
142,446,1,445,445,Aransas,Texas,48,007,48007,242.6, ,0,2.642337733,0.071616613
143,447,1,446,446,Jim Wells,Texas,48,249,48249,868.3, ,0,2.359621086,0.204788
144,448,1,447,447,Nueces,Texas,48,355,48355,841.3, ,0,3.147372054,0.202865601
145,449,1,448,448,Kleberg,Texas,48,273,48273,886.5, ,0,3.274428307,0.206426826
146,450,1,449,449,Willacy,Texas,48,489,48489,600.2, ,0,2.088224725,0.135074853
147,451,1,450,450,Cameron,Texas,48,061,48061,943.5, ,0,3.01887877,0.214881717
213,919,1,918,918,Lubbock,Texas,48,303,48303,900.7, ,0,1.918166109,0.228710335
214,920,1,919,919,Hockley,Texas,48,219,48219,908.6, ,0,1.930830556,0.231579425
215,921,1,920,920,Cochran,Texas,48,079,48079,775.3, ,0,1.778318218,0.197487838
219,931,1,930,930,Parmer,Texas,48,369,48369,885.2, ,0,1.894251702,0.223249476
220,932,1,931,931,Castro,Texas,48,069,48069,899.3, ,0,1.939569952,0.23283531
222,934,1,933,933,Hale,Texas,48,189,48189,1004.8, ,0,1.991947366,0.247944953
223,935,1,934,934,Randall,Texas,48,381,48381,922.4, ,0,1.939592588,0.23159702
224,936,1,935,935,Deaf Smith,Texas,48,117,48117,1498.3, ,0,2.579988389,0.368284431
225,937,1,936,936,Lamb,Texas,48,279,48279,1017.7, ,0,2.001119137,0.24984969
226,938,1,937,937,Bailey,Texas,48,017,48017,827.4, ,0,1.806245298,0.20310333
228,940,1,939,939,Lynn,Texas,48,305,48305,893.5, ,0,1.888535405,0.221731172
229,941,1,940,940,Terry,Texas,48,445,48445,890.9, ,0,1.900597313,0.224140179
230,942,1,941,941,Yoakum,Texas,48,501,48501,799.8, ,0,1.766670978,0.194850939
232,944,1,943,943,Dawson,Texas,48,115,48115,902.1, ,0,1.88927598,0.22185765
233,945,1,944,944,Gaines,Texas,48,165,48165,1502.8, ,0,2.578116438,0.370555959
234,946,1,945,945,Martin,Texas,48,317,48317,915.6, ,0,1.900230401,0.224360925
235,947,1,946,946,Andrews,Texas,48,003,48003,1501, ,0,2.563917898,0.367818105
236,956,1,955,955,Potter,Texas,48,375,48375,922, ,0,1.950728467,0.235855958
237,957,1,956,956,Oldham,Texas,48,359,48359,1501.4, ,0,2.626080352,0.386370202
241,989,1,988,988,Sherman,Texas,48,421,48421,923.2, ,0,1.965902034,0.239140031
242,990,1,989,989,Dallam,Texas,48,111,48111,1505.3, ,0,2.588765419,0.374412585
244,992,1,991,991,Hartley,Texas,48,205,48205,1463.2, ,0,2.579519036,0.370086862
245,993,1,992,992,Moore,Texas,48,341,48341,909.6, ,0,1.945285176,0.233261905
247,998,1,997,997,Carson,Texas,48,065,48065,924.1, ,0,1.961041474,0.238102502
248,999,1,998,998,Gray,Texas,48,179,48179,929.3, ,0,1.980460778,0.242432969
249,1000,1,999,999,Wheeler,Texas,48,483,48483,915.3, ,0,1.962361773,0.239022164
255,1006,1,1005,1005,Lipscomb,Texas,48,295,48295,932.2, ,0,1.958300266,0.236825376
256,1007,1,1006,1006,Hansford,Texas,48,195,48195,920.4, ,0,1.936968592,0.231995552
257,1008,1,1007,1007,Ochiltree,Texas,48,357,48357,918.1, ,0,1.945215714,0.23380219
258,1009,1,1008,1008,Roberts,Texas,48,393,48393,924.2, ,0,1.956916433,0.236034793
259,1010,1,1009,1009,Hemphill,Texas,48,211,48211,912.1, ,0,1.958306158,0.23691128
260,1011,1,1010,1010,Hutchinson,Texas,48,233,48233,894.9, ,0,1.926813581,0.229373416
311,1103,1,1102,1102,Clay,Texas,48,077,48077,1116.2, ,0,2.232065654,0.273704709
312,1104,1,1103,1103,Montague,Texas,48,337,48337,938.4, ,0,2.053357605,0.239694059
313,1105,1,1104,1104,Red River,Texas,48,387,48387,1057.6, ,0,2.433510192,0.264161057
314,1106,1,1105,1105,Grayson,Texas,48,181,48181,978.6, ,0,2.283434057,0.24955352
315,1107,1,1106,1106,Cooke,Texas,48,097,48097,898.7, ,0,2.656629304,0.223187334
316,1108,1,1107,1107,Lamar,Texas,48,277,48277,932.5, ,0,2.212246559,0.235925036
317,1109,1,1108,1108,Fannin,Texas,48,147,48147,899.2, ,0,2.158728788,0.227588568
318,1110,1,1109,1109,King,Texas,48,269,48269,913.3, ,0,1.953513903,0.23698472
319,1111,1,1110,1110,Dickens,Texas,48,125,48125,905.2, ,0,1.940571185,0.232572684
320,1112,1,1111,1111,Crosby,Texas,48,107,48107,901.7, ,0,1.922919694,0.22979537
321,1113,1,1112,1112,Archer,Texas,48,009,48009,925.8, ,0,1.941349549,0.233302966
322,1114,1,1113,1113,Knox,Texas,48,275,48275,855.4, ,0,1.965545272,0.216702928
323,1115,1,1114,1114,Baylor,Texas,48,023,48023,901, ,0,1.896525542,0.222684695
324,1116,1,1115,1115,Erath,Texas,48,143,48143,1089.8, ,0,2.124131597,0.272549845
325,1117,1,1116,1116,Navarro,Texas,48,349,48349,1086.3, ,0,2.229647041,0.270787376
326,1118,1,1117,1117,Palo Pinto,Texas,48,363,48363,985.8, ,0,1.99623894,0.241248477
327,1119,1,1118,1118,Shackelford,Texas,48,417,48417,915.5, ,0,1.900490507,0.224909743
328,1120,1,1119,1119,Jones,Texas,48,253,48253,937.1, ,0,1.961356591,0.235614947
329,1121,1,1120,1120,Fisher,Texas,48,151,48151,901.7, ,0,1.895479198,0.223126691
330,1122,1,1121,1121,Scurry,Texas,48,415,48415,907.5, ,0,1.894056912,0.222868538
331,1123,1,1122,1122,Borden,Texas,48,033,48033,906, ,0,1.886642608,0.221307302
332,1124,1,1123,1123,Stephens,Texas,48,429,48429,921.5, ,0,1.915984761,0.227675858
333,1125,1,1124,1124,Taylor,Texas,48,441,48441,919.3, ,0,1.9277065,0.230621915
334,1126,1,1125,1125,Howard,Texas,48,227,48227,904.2, ,0,1.896416782,0.223221372
335,1127,1,1126,1126,Mitchell,Texas,48,335,48335,915.9, ,0,1.882617884,0.22103057
336,1128,1,1127,1127,Nolan,Texas,48,353,48353,913.9, ,0,1.894938,0.223091347
337,1129,1,1128,1128,Kent,Texas,48,263,48263,902.9, ,0,1.914746705,0.228425968
338,1130,1,1129,1129,Stonewall,Texas,48,433,48433,920.2, ,0,1.93443717,0.231474552
339,1131,1,1130,1130,Garza,Texas,48,169,48169,896.2, ,0,1.906865825,0.226303971
340,1132,1,1131,1131,Haskell,Texas,48,207,48207,910.3, ,0,1.91802457,0.228335547
341,1133,1,1132,1132,Throckmorton,Texas,48,447,48447,915.5, ,0,1.908629919,0.22692575
342,1134,1,1133,1133,Young,Texas,48,503,48503,930.8, ,0,1.956598863,0.237664933
343,1135,1,1134,1134,Eastland,Texas,48,133,48133,931.9, ,0,2.008187527,0.235087154
344,1136,1,1135,1135,Callahan,Texas,48,059,48059,901.3, ,0,1.89307595,0.22249458
347,1139,1,1138,1138,Swisher,Texas,48,437,48437,900.7, ,0,1.930185611,0.232028049
348,1140,1,1139,1139,Briscoe,Texas,48,045,48045,901.6, ,0,1.919674654,0.229150017
349,1141,1,1140,1140,Childress,Texas,48,075,48075,713.6, ,0,1.70774638,0.182735901
350,1142,1,1141,1141,Hall,Texas,48,191,48191,904.1, ,0,1.913373972,0.227083821
352,1144,1,1143,1143,Hardeman,Texas,48,197,48197,697, ,0,1.858329756,0.176461229
353,1145,1,1144,1144,Motley,Texas,48,345,48345,989.8, ,0,1.998372216,0.249796773
354,1146,1,1145,1145,Cottle,Texas,48,101,48101,901.6, ,0,1.992871299,0.225057184
355,1147,1,1146,1146,Floyd,Texas,48,153,48153,992.5, ,0,1.979384695,0.244498692
356,1148,1,1147,1147,Armstrong,Texas,48,011,48011,913.8, ,0,1.940848019,0.233047743
357,1149,1,1148,1148,Collingsworth,Texas,48,087,48087,919.4, ,0,1.955049908,0.23659752
358,1150,1,1149,1149,Donley,Texas,48,129,48129,933, ,0,1.962883349,0.237867293
363,1155,1,1154,1154,Wilbarger,Texas,48,487,48487,978.1, ,0,2.177778384,0.247239411
364,1156,1,1155,1155,Foard,Texas,48,155,48155,707.7, ,0,2.119656324,0.183255326
365,1157,1,1156,1156,Wichita,Texas,48,485,48485,633, ,0,1.721729806,0.157368496
386,1178,1,1177,1177,Jack,Texas,48,237,48237,920.1, ,0,1.92608033,0.230766858
387,1179,1,1178,1178,Collin,Texas,48,085,48085,886.2, ,0,1.928358511,0.220030256
388,1180,1,1179,1179,Wood,Texas,48,499,48499,695.8, ,0,1.781218335,0.174936896
389,1181,1,1180,1180,Parker,Texas,48,367,48367,909.5, ,0,1.910063826,0.227925466
390,1182,1,1181,1181,Tarrant,Texas,48,439,48439,897.6, ,0,1.899058391,0.224171214
391,1183,1,1182,1182,Dallas,Texas,48,113,48113,907.7, ,0,1.899850669,0.22411946
392,1184,1,1183,1183,Rains,Texas,48,379,48379,259, ,0,1.054206673,0.065362516
393,1185,1,1184,1184,Gregg,Texas,48,183,48183,276.3, ,0,1.309096458,0.070447869
394,1186,1,1185,1185,Johnson,Texas,48,251,48251,733.8, ,0,1.786032893,0.18104574
395,1187,1,1186,1186,Hood,Texas,48,221,48221,437, ,0,1.367382977,0.104211561
396,1188,1,1187,1187,Ellis,Texas,48,139,48139,951.9, ,0,1.992729229,0.233072466
397,1189,1,1188,1188,Somervell,Texas,48,425,48425,192, ,0,0.90906607,0.047410214
398,1190,1,1189,1189,Wise,Texas,48,497,48497,922.7, ,0,1.938544766,0.232388897
399,1191,1,1190,1190,Denton,Texas,48,121,48121,958.2, ,0,1.970982138,0.239098479
400,1192,1,1191,1191,Delta,Texas,48,119,48119,277.9, ,0,1.420855612,0.072484104
401,1193,1,1192,1192,Hunt,Texas,48,231,48231,881.8, ,0,1.943591793,0.216232032
402,1194,1,1193,1193,Titus,Texas,48,449,48449,425.7, ,0,1.407852717,0.103597838
403,1195,1,1194,1194,Franklin,Texas,48,159,48159,294.8, ,0,1.186562124,0.074350427
404,1196,1,1195,1195,Hopkins,Texas,48,223,48223,793.1, ,0,1.829934789,0.194267872
405,1197,1,1196,1196,Camp,Texas,48,063,48063,203.2, ,0,1.013705474,0.048672468
406,1198,1,1197,1197,Rockwall,Texas,48,397,48397,148.8, ,0,0.779861932,0.037016135
407,1199,1,1198,1198,Upshur,Texas,48,459,48459,592.8, ,0,1.56189058,0.149787295
408,1200,1,1199,1199,Kaufman,Texas,48,257,48257,806.4, ,0,1.849317368,0.202488562
409,1201,1,1200,1200,Van Zandt,Texas,48,467,48467,859.4, ,0,2.053716088,0.216149923
410,1202,1,1201,1201,Smith,Texas,48,423,48423,949.9, ,0,2.196609636,0.231002616
411,1203,1,1202,1202,Henderson,Texas,48,213,48213,949.1, ,0,2.633457133,0.232425997
435,1229,1,1228,1228,Rusk,Texas,48,401,48401,938.6, ,0,2.263347576,0.231240108
447,1241,1,1240,1240,Panola,Texas,48,365,48365,821.3, ,0,1.946413486,0.204963962
449,1243,1,1242,1242,Marion,Texas,48,315,48315,420.4, ,0,1.710484632,0.108103491
450,1244,1,1243,1243,Harrison,Texas,48,203,48203,915.1, ,0,2.154340629,0.230663733
451,1245,1,1244,1244,Bowie,Texas,48,037,48037,922.8, ,0,2.746627113,0.235572018
455,1249,1,1248,1248,Morris,Texas,48,343,48343,258.6, ,0,1.200539741,0.064564586
456,1250,1,1249,1249,Cass,Texas,48,067,48067,960.3, ,0,2.105208831,0.242602787
1006,2930,1,2929,2929,Newton,Texas,48,351,48351,939.5, ,0,2.949023914,0.231623664
1007,2931,1,2930,2930,Jasper,Texas,48,241,48241,969.6, ,0,2.883011136,0.235453587
1013,2937,1,2936,2936,Hardin,Texas,48,199,48199,897.4, ,0,2.066545711,0.220433088
1020,2944,1,2943,2943,Chambers,Texas,48,071,48071,629.4, ,0,2.280143047,0.15047596
1022,2946,1,2945,2945,Orange,Texas,48,361,48361,379.5, ,0,1.318192958,0.088500981
1023,2947,1,2946,2946,Jefferson,Texas,48,245,48245,990.3, ,0,2.339306635,0.234580995
1028,2952,1,2951,2951,Nacogdoches,Texas,48,347,48347,981.3, ,0,2.283547548,0.246384258
1031,2955,1,2954,2954,San Augustine,Texas,48,405,48405,592.2, ,0,1.734177541,0.145582913
1032,2956,1,2955,2955,Sabine,Texas,48,403,48403,576.6, ,0,1.807520558,0.146504793
1033,2957,1,2956,2956,Angelina,Texas,48,005,48005,864.5, ,0,2.170948243,0.209357625
1040,2964,1,2963,2963,Tyler,Texas,48,457,48457,935.7, ,0,2.116281044,0.231970305
1042,2966,1,2965,2965,Shelby,Texas,48,419,48419,834.5, ,0,2.003916852,0.204499228
186,501,1,500,500,Wayne,Utah,49,055,49055,2466.5, ,0,4.814214134,0.663911337
187,503,1,502,502,San Juan,Utah,49,037,49037,7933.2, ,0,8.112316704,2.093436127
188,506,1,505,505,Washington,Utah,49,053,49053,2429.6, ,0,3.572557148,0.632302467
208,593,1,592,592,Box Elder,Utah,49,003,49003,6729, ,0,6.043393941,1.889325194
913,2646,1,2645,2645,Windsor,Vermont,50,027,50027,974.3, ,0,3.069191077,0.281042274
620,1493,2,1492,1492,Wise,Virginia,51,195,51195,405.2, ,0,1.819914853,0.105915455
670,1663,3,1662,1662,Scott,Virginia,51,169,51169,538.6, ,0,1.7296918,0.142374953
689,1682,4,1681,1681,Lee,Virginia,51,105,51105,437.3, ,0,2.067575051,0.116259377
982,2818,2,2817,2817,Culpeper,Virginia,51,047,51047,382.3, ,0,1.809327774,0.101887999
983,2852,1,2851,2851,Orange,Virginia,51,137,51137,343.5, ,0,1.627242353,0.092002047
984,2877,1,2876,2876,Northumberland,Virginia,51,133,51133,211.2, ,0,1.199441363,0.053012835
994,2917,1,2916,2916,Virginia Beach,Virginia,51,810,51810,257.9, ,0,1.734271208,0.069833057
995,2918,1,2917,2917,Chesapeake,Virginia,51,550,51550,350.1, ,0,1.421631324,0.088712025
654,1613,1,1612,1612,Logan,West Virginia,54,045,54045,455.6, ,0,1.834371464,0.119156094
656,1615,1,1614,1614,Raleigh,West Virginia,54,081,54081,609.3, ,0,2.113082689,0.160746218
657,1616,1,1615,1615,Mingo,West Virginia,54,059,54059,423.6, ,0,1.992762704,0.114865777
664,1647,1,1646,1646,Kanawha,West Virginia,54,039,54039,911, ,0,2.714387441,0.241606991
665,1650,1,1649,1649,Lincoln,West Virginia,54,043,54043,438.6, ,0,1.867757387,0.115555079
666,1651,1,1650,1650,Fayette,West Virginia,54,019,54019,668.4, ,0,2.080673798,0.18143945
667,1652,1,1651,1651,Boone,West Virginia,54,005,54005,503.2, ,0,2.027068461,0.135459903
668,1653,1,1652,1652,Wyoming,West Virginia,54,109,54109,501.8, ,0,1.875429249,0.13452382
