FID,OBJECTID_1,Join_Count,TARGET_FID,ObjectID,NAME,STATE_NAME,STATE_FIPS,CNTY_FIPS,FIPS,SQMI,Cnty_Statu,OBJECTID_2,Join_Cou_1,TARGET_F_1,AREAACRES,HUC12,NAME_1,OBJECTID_3,STATES,TNMID,TOHUC,Shape_Leng,Status1,GlobalID,CreationDa
0,2,1,112563,1,Monroe,Florida,12,087,12087,997.2, ,112563,11,1,566006,030902021300,Everglades National Park,0,FL,{EEC3BB54-24C1-4008-B8F1-AFBC5763C52C},030902021400,1.040437334,Yes,{F21B0CFB-A2B8-4302-979B-534BFC0B15D0},2022-10-07
1,3,1,123489,2,Kalawao,Hawaii,15,005,15005,13.2, ,123489,7,2,7654,200500000201,Waihaanau Stream,0,HI,{11A783EE-9ED4-4528-813F-9752F3D35BA0},OCEAN,0.160403684,Yes,{E1D81BC8-396B-4D72-9110-EBFF6DC4C31A},2022-10-07
2,4,1,123647,3,Kauai,Hawaii,15,007,15007,627.3, ,123647,79,3,15025,200700000101,Wainiha River,0,HI,{E40CFDC0-D68F-414C-9D76-05CFF62964CB},OCEAN,0.20144358,Yes,{5C53E389-38B4-45DF-907B-E6E46365BDF2},2022-10-07
3,5,1,123531,4,Honolulu,Hawaii,15,003,15003,599.3, ,123531,83,4,15210,200600000101,Makaleha Stream,0,HI,{FEBE78C5-35EC-4C05-B38E-1AF852F1CD96},OCEAN,0.220616005,Yes,{F7108FE1-0948-4F50-8F23-6235B6E95688},2022-10-07
4,6,1,123486,5,Maui,Hawaii,15,009,15009,1160.2, ,123486,114,5,18015,200500000103,Kakaauuku Gulch,0,HI,{0A698DC6-AE37-4B27-9444-E0131EE959D9},OCEAN,0.29617403,Yes,{B0CE907D-3FEC-4085-85FA-324D44D8B972},2022-10-07
5,7,1,123753,6,Hawaii,Hawaii,15,001,15001,4028.5, ,123753,253,6,15350,200100000101,Kohala Ditch,0,HI,{61D67696-D537-487D-843A-F82F9F804260},OCEAN,0.184979575,Yes,{611C32E7-2C97-4F78-BB5B-AEB77A358C96},2022-10-07
6,17,1,85111,16,Del Norte,California,06,015,06015,1014.4, ,85111,154,16,17514,180101010201,Siskiyou Fork Smith River,0,CA,{53421617-5CBB-4220-9C48-511386EFE391},180101010204,0.20124257,Yes,{56DB97D6-F474-4A90-A9AC-69C4A30F8AE9},2022-10-07
7,18,1,85183,17,Humboldt,California,06,023,06023,3586.5, ,85183,413,17,38593,180101020101,Noisy Creek-Redwood Creek,0,CA,{25E197D9-E0F0-486E-AC79-33C7EA19190E},180101020102,0.339117839,Yes,{2F3BA6FD-1AA5-4760-BDBE-6B9EF2BFC8E8},2022-10-07
8,19,1,80102,18,Trinity,California,06,105,06105,3207.6, ,80102,443,18,29474,180201540101,Stacey Creek-Clear Creek,0,CA,{308A673C-9A03-4072-887A-12E893C80960},180201540102,0.241678682,Yes,{A3CB07E5-4CAE-4A09-AC83-24B9D3691D60},2022-10-07
9,20,1,80290,19,Mendocino,California,06,045,06045,3513.3, ,80290,502,19,22076,180201560402,McClure Creek-Thomes Creek,0,CA,{4FEDAB15-149B-4A18-8799-E576DF2440F8},180201560404,0.227582516,Yes,{D396F28C-2722-40AA-9BB4-9D7B2715E682},2022-10-07
10,21,1,82011,20,Lake,California,06,033,06033,1329.9, ,82011,219,20,13956,180201620201,Upper Pope Creek,0,CA,{462E7ECF-CB88-4C79-99D2-D002FEAEB7BA},180201620203,0.169707867,Yes,{762550E0-47E6-4864-8CA7-E907B9EC4488},2022-10-07
11,22,1,82020,21,Sonoma,California,06,097,06097,1590.5, ,82020,212,21,13649,180201620301,Saint Helena Creek,0,CA,{F56F1E8E-CDDF-41FA-802E-B3B6EBC7A003},180201620303,0.174041275,Yes,{C3669B9D-72E3-4520-A9A9-2BCE76D4CB7C},2022-10-07
12,23,1,86657,22,Marin,California,06,041,06041,525, ,86657,93,22,19864,180500020602,San Antonio Creek,0,CA,{54135AAA-EC16-4C29-BCA7-DF12CF4A5D8F},180500020801,0.266821696,Yes,{FF4C610D-BD66-4C62-9F9A-DE5DD64FFD7F},2022-10-07
13,81,1,299049,80,Wasco,Oregon,41,065,41065,2395.3, ,299049,8,80,36574,170702040404,Rhodes Canyon-John Day River,0,OR,{FECA08D2-75E8-4959-ABC7-3371DF6A2CBE},170702040409,0.295024987,Yes,{05C4EEFE-100F-4469-9002-36AA2CB867A0},2022-10-07
14,97,1,299116,96,Gilliam,Oregon,41,021,41021,1222.9, ,299116,1,96,20230,170702040702,Chimney Springs Canyon-John Day River,0,OR,{2515C2AF-C688-49C8-84AD-42D0F5BBA07E},170702040703,0.214891882,Yes,{99F4754E-05DA-4AE5-970C-3CF55312A234},2022-10-07
15,190,1,272298,189,Rolette,North Dakota,38,079,38079,939.3, ,272298,3,189,24436,090203150303,Lake Upsilon-Long River,0,"CN,ND",{E0A5CD07-4651-4DC0-B36A-754FAB520C05},CANADA,0.29984022,Yes,{052781C5-146B-47AC-B18D-DE891572A93C},2022-10-07
16,298,1,179436,297,Dickinson,Michigan,26,043,26043,777.1, ,179436,12,297,16764,040301090104,North Branch Ford River,0,MI,{BD29ECF0-64B4-425F-9059-F239FFD779E3},040301090105,0.301140796,Yes,{FFCE6834-1C27-419B-8A77-426CD434A166},2022-10-07
17,306,1,179437,305,Marquette,Michigan,26,103,26103,1870.1, ,179437,36,305,16764,040301090104,North Branch Ford River,0,MI,{BD29ECF0-64B4-425F-9059-F239FFD779E3},040301090105,0.229039077,Yes,{3FC77A0F-923E-4ACB-8625-5735F3CBC344},2022-10-07
18,321,1,66120,320,Cochise,Arizona,04,003,04003,6219.2, ,66120,7,320,175404,150502010604,Martin Wash-Alkali Flats,0,AZ,{1ED2F114-3FF8-4C57-AD6B-AB7174702F83},150502010706,0.703313673,Yes,{CEBCAFD2-FDBF-4C33-9C1C-9D48D75A0C93},2022-10-07
19,323,1,330340,322,Crockett,Texas,48,105,48105,2807.4, ,330340,301,322,35759,130700080508,Outlet Live Oak Creek,0,TX,{C2587E93-EC62-4141-9C22-A746183F595F},130700080702,0.288060793,Yes,{0FC87D13-494B-4AB7-8518-5CD3DFB27582},2022-10-07
20,324,1,331221,323,Matagorda,Texas,48,321,48321,1144.9, ,331221,50,323,39774,120904020203,Hardeman Slough-Caney Creek,0,TX,{CA671D01-2079-4241-A7F4-DD5D3C902056},120904020204,0.323632312,Yes,{4EB29B1F-0314-4ADB-B295-E3DA36244BC6},2022-10-07
21,325,1,330304,324,Victoria,Texas,48,469,48469,888.9, ,330304,124,324,26424,121002040305,Court Branch-Coleto Creek,0,TX,{66D61D50-263B-43BB-8986-08BA920E56AA},121002040401,0.219216073,Yes,{62A254B8-F1B1-46B9-9E95-60BA1901713D},2022-10-07
22,326,1,330624,325,Maverick,Texas,48,323,48323,1291.7, ,330624,162,325,35093,130800011906,Quemado Creek-Rio Grande,0,"MX,TX",{B216F4C6-DD74-4590-8D74-DDF121228CF9},130800011907,0.308015247,Yes,{54830EAE-3ED2-4EB7-8522-002B546AACA0},2022-10-07
23,327,0,258093,326,Hudspeth,Texas,48,229,48229,4571.9, ,258093,317,326,35343,130500040912,Culp Draw,0,"NM,TX",{7DF89575-D5F8-4CA4-AD61-BF56E8896376},130500040913,0.129176743,Yes,{8126F132-6CE8-4547-884E-9B8BE73D03B9},2022-10-07
24,329,1,330359,328,Pecos,Texas,48,371,48371,4764.7, ,330359,513,328,31626,130402110102,De Spain Ranch-WB Flats,0,TX,{4EF3714A-775F-41A4-AB36-099CC3490AEF},130402110103,0.26935258,Yes,{DB0EF525-C9DC-45C0-89A7-EC16F89B6DD5},2022-10-07
25,330,1,330284,329,Brewster,Texas,48,043,48043,6192.8, ,330284,651,329,28455,130402090601,Cow Creek,0,TX,{B33686B5-C8BE-495E-B864-FFE89BFCAEFE},130402090602,0.248095563,Yes,{DBA1A152-7958-4F30-80B2-45148D8CD46A},2022-10-07
26,331,1,330295,330,Terrell,Texas,48,443,48443,2357.7, ,330295,296,330,26722,130402100301,Buck Creek,0,TX,{589DBC8D-BA04-491C-827F-6699B89538EF},130402100304,0.224608135,Yes,{C7A84CAA-B104-4F69-B725-4EA0DA5F5E46},2022-10-07
27,332,1,330413,331,Presidio,Texas,48,377,48377,3856.2, ,330413,396,331,27314,130402020311,Mimbrosa Creek-Alamito Creek,0,TX,{C9D27723-5942-4FE5-AB1B-B3D429D4C6F6},130402020501,0.284501571,Yes,{5385A29C-FBDD-4340-B802-F1E112B4D569},2022-10-07
28,333,1,330430,332,Culberson,Texas,48,109,48109,3812.7, ,330430,337,332,33180,130700040201,Dutch Draw-Cottonwood Creek,0,TX,{24A7E217-2B85-4530-8A6A-5578873FD0C4},130700040203,0.320138093,Yes,{6E0F9342-2896-42BE-9894-22419940138F},2022-10-07
29,334,1,330430,333,Reeves,Texas,48,389,48389,2642, ,330430,277,333,33180,130700040201,Dutch Draw-Cottonwood Creek,0,TX,{24A7E217-2B85-4530-8A6A-5578873FD0C4},130700040203,0.320138093,Yes,{6E0F9342-2896-42BE-9894-22419940138F},2022-10-07
30,335,0,258130,334,Loving,Texas,48,301,48301,676.9, ,258130,81,334,17321,130700010105,130700010105,0,"NM,TX",{AE72D8F4-7D42-4A2D-8FA8-C72EBA86A3B6},130700010106,0.187937912,Yes,{C553FF0A-16AD-445C-8689-8CA2CCFDAED7},2022-10-07
31,336,1,330476,335,Crane,Texas,48,103,48103,785.6, ,330476,86,335,15142,130700071601,130700072002-Crossett Oil Field,0,TX,{08846122-F92A-4D6C-B766-806DB67D4D23},130700071602,0.251754861,Yes,{457553C1-4E9E-4193-AD12-30251629DA25},2022-10-07
32,337,1,330313,336,Upton,Texas,48,461,48461,1241.8, ,330313,122,336,29161,130700071402,McElroy Ranch,0,TX,{E7016DDE-9792-42D1-B0DA-5E10828187C6},130700071406,0.25256583,Yes,{20CB5B0B-9C1C-4C3D-9308-656019EAE3F3},2022-10-07
33,338,1,330417,337,Jeff Davis,Texas,48,243,48243,2264.6, ,330417,240,337,37453,130700050205,South Carrizo Draw-Barilla Draw,0,TX,{2BEC4F72-7586-423C-A5D2-25E3A36F0A4A},130700050301,0.306884764,Yes,{EE9687C9-8DC1-45C7-B0DE-57E651A5734B},2022-10-07
34,339,1,331037,338,Midland,Texas,48,329,48329,902, ,331037,108,338,39840,120800050405,Walcott Windmill-Monahans Draw,0,TX,{7AB67CAC-B73C-4D07-A549-4B0C144DE6F7},120800050406,0.328914901,Yes,{FF98ACC0-3BA6-4FC9-8BCE-80FFA4D1BB70},2022-10-07
35,340,0,247061,339,Winkler,Texas,48,495,48495,841.2, ,247061,65,339,53206,130700070606,Plum Thicket Windmill-Monument Draw,0,"NM,TX",{B7BE7576-EF70-46E4-A79C-DCB2B0B13B15},130700070607,0.149476736,Yes,{C7DF1C42-2BBF-44A3-825E-5C58959E1EA9},2022-10-07
36,341,1,330305,340,Ector,Texas,48,135,48135,901.7, ,330305,99,340,27369,120800050204,North Cowden Oil Field-Embar Lake,0,TX,{83389B78-F8F5-4DF9-A4F7-AEB0650133B1},CLOSED BASIN,0.262540216,Yes,{E11A2367-86B7-44EC-94A9-0A5654AC7E33},2022-10-07
37,342,1,330708,341,Ward,Texas,48,475,48475,835.7, ,330708,70,341,48584,130700010803,Soda Lake,0,TX,{F1180150-FC60-4BB9-AA5C-A3827F7B2EA1},130700010904,0.321676401,Yes,{FDB13053-5310-42BB-B371-AD3AF3E64128},2022-10-07
38,343,1,330336,342,Hill,Texas,48,217,48217,986.3, ,330336,140,342,36639,120602020408,Whitney Creek-Lake Whitney,0,TX,{489EEC46-9CE1-4282-A3E0-DE6F85ABBA57},120602020601,0.295634876,Yes,{97396048-F75B-44A0-975D-1031984FB652},2022-10-07
39,344,1,330628,343,Comanche,Texas,48,093,48093,947.7, ,330628,125,343,33112,120702010306,Martins Creek-Copperas Creek,0,TX,{A1634D07-F9A2-4E29-8CCE-A287E3104C17},120702010307,0.26536202,Yes,{9AA50463-9EB3-4989-A87A-FAB305591C80},2022-10-07
40,345,1,330302,344,Bosque,Texas,48,035,48035,1002.6, ,330302,129,344,13209,120602040302,Lower East Bosque River,0,TX,{728680DE-445F-4EA6-9340-5C2E87179EE5},120602040304,0.209030163,Yes,{43C46127-2C94-409C-9544-22A3D6B0DA32},2022-10-07
41,346,1,330403,345,Lampasas,Texas,48,281,48281,713.5, ,330403,92,345,13284,120702030309,City of Kempner-Lampasas River,0,TX,{57642F6D-4419-4D4B-A2D2-016F74E62A48},120702030504,0.162682756,Yes,{C92C246E-F655-4BE6-8333-5A9A736D203D},2022-10-07
42,347,1,330459,346,Grimes,Texas,48,185,48185,801, ,330459,110,346,29645,120701030801,Rocky Creek,0,TX,{9132F721-081E-4535-9754-F5E84B4C897D},120701030803,0.276460545,Yes,{A6098D0F-4DE8-4C86-960E-83A5FFD7E112},2022-10-07
43,348,1,330368,347,Travis,Texas,48,453,48453,1023.7, ,330368,133,347,20538,120902060309,Lower Cypress Creek,0,TX,{522AFEDB-7BD9-401D-8632-9CF50AA080E9},120902060310,0.243244784,Yes,{C3DDF368-FA30-4E1A-BC8A-70679B3E3320},2022-10-07
44,349,1,331079,348,Montgomery,Texas,48,339,48339,1076.7, ,331079,142,348,31537,120401010205,Little Lake Creek-Conroe Lake,0,TX,{9F80D8F9-ACF1-459D-8BE3-EB6A7483008A},120401010206,0.314372364,Yes,{07202578-F6F6-4785-83F2-063B095EDC7C},2022-10-07
45,350,1,330318,349,Lee,Texas,48,287,48287,633.5, ,330318,93,349,21848,120903010505,Middle Rabbs Creek,0,TX,{1A55D7BE-6B6A-43EE-B57D-176B43D4B51D},120903010506,0.21295436,Yes,{A882E030-0F2B-4335-B1F6-A591FE6D9151},2022-10-07
46,351,1,330450,350,Liberty,Texas,48,291,48291,1176.4, ,330450,157,350,14039,120402030101,North Dayton Oil Field-Cedar Bayou,0,TX,{7202BB9B-221F-4C7E-BF3A-E46A01E292D9},120402030102,0.155421215,Yes,{F441139E-8B85-4698-B52D-2A700E19A103},2022-10-07
47,352,1,330716,351,Galveston,Texas,48,167,48167,403.3, ,330716,17,351,156240,120402020400,Cane Bayou,0,TX,{9BA4FEA8-7CF9-498B-B37A-610633BC643A},OCEAN,0.163006209,Yes,{59D79561-4519-47EF-9F7A-EE7C49952EEC},2022-10-07
48,353,1,330446,352,Atascosa,Texas,48,013,48013,1235.6, ,330446,169,352,13073,121101100101,North Prong Atascosa River-Atascosa River,0,TX,{5EC2FF5A-E5C7-49DC-B0E0-7AABBCCC044A},121101100102,0.149634958,Yes,{A0D300F7-E55A-4320-9796-917E716C2616},2022-10-07
49,354,1,330360,353,Zavala,Texas,48,507,48507,1301.7, ,330360,156,353,32248,121101061004,Leona Tank-Leona River,0,TX,{42FE1D32-175A-45A7-99BB-C67ECBB499FE},121101061101,0.332894269,Yes,{12DA6454-3575-4F75-B675-E0500960BBFC},2022-10-07
50,355,1,330461,354,Frio,Texas,48,163,48163,1134.3, ,330461,165,354,29788,121101061102,Yoledigo Creek,0,TX,{3DEE4D29-17D0-4F0F-934C-592F6236802B},121101061103,0.244696363,Yes,{8E90A163-604A-4730-9DB7-7DC2D8045E78},2022-10-07
51,356,1,330335,355,Gillespie,Texas,48,171,48171,1061.8, ,330335,130,355,26921,120902010305,Legion Creek-Sandy Creek,0,TX,{A256D255-C386-4877-B430-DD47F000C8D7},120902010307,0.266059648,Yes,{74DB8567-9A4A-4343-BED7-A18F46387520},2022-10-07
52,357,1,330368,356,Blanco,Texas,48,031,48031,713.4, ,330368,101,356,20538,120902060309,Lower Cypress Creek,0,TX,{522AFEDB-7BD9-401D-8632-9CF50AA080E9},120902060310,0.243244784,Yes,{C3DDF368-FA30-4E1A-BC8A-70679B3E3320},2022-10-07
53,358,1,330367,357,Edwards,Texas,48,137,48137,2119.9, ,330367,244,357,18204,130403030101,Wheat Cave-Dry Devils River,0,TX,{32285B90-4C81-4281-93AD-63509C4D8635},130403030103,0.208131201,Yes,{C27BC3B6-9E2A-496F-803F-92F86231503B},2022-10-07
54,359,1,330279,358,Val Verde,Texas,48,465,48465,3232.4, ,330279,380,358,23501,130403011102,Cooper Draw,0,TX,{946A425A-7C6A-4D15-8A3E-18016A78D787},130403011103,0.24671622,Yes,{A1A861DA-6FEB-4B19-8A47-D56390228A60},2022-10-07
55,360,1,330673,359,Comal,Texas,48,091,48091,574.7, ,330673,85,359,31431,121003040103,Pleasant Valley Creek-Cibolo Creek,0,TX,{19D77E93-106A-4264-A9DE-91E41735E670},121003040104,0.259733343,Yes,{7C50998D-A384-4FFD-B31F-81CB6E8B6A54},2022-10-07
56,361,1,330475,360,Bexar,Texas,48,029,48029,1256.1, ,330475,158,360,28348,121003040202,Dietz Creek-Cibolo Creek,0,TX,{58916851-A0C2-4E2A-8B64-BE449064A16B},121003040206,0.29691558,Yes,{2486B84C-E0EF-4645-BD5F-B654C3744A0C},2022-10-07
57,362,1,330435,361,Medina,Texas,48,325,48325,1334.5, ,330435,159,361,24594,121101070203,East Branch Live Oak Creek,0,TX,{7D9350B2-2119-432E-AD3C-585D74F8DE9C},121101070204,0.222623722,Yes,{9C783FF7-CC37-4883-9FED-D2F31DDEB2CB},2022-10-07
58,363,1,330394,362,Uvalde,Texas,48,463,48463,1558.6, ,330394,203,362,32424,121101060902,Headwaters Cooks Slough,0,TX,{8B70E95A-7A79-4502-820F-20661BD28B39},121101060903,0.285403664,Yes,{62D507BF-83B1-41F0-9334-842B4DCDD5D3},2022-10-07
59,364,1,330272,363,Kinney,Texas,48,271,48271,1365.3, ,330272,174,363,16387,130800011301,Headwaters Las Moras Creek,0,TX,{886E2AA9-61C2-44A2-A577-245BE5197305},130800011304,0.195797229,Yes,{5CFD2677-773C-455A-BE9B-59D515E4427C},2022-10-07
60,365,1,330322,364,Kerr,Texas,48,265,48265,1107.7, ,330322,139,364,30340,121101060106,Upper East Frio River,0,TX,{D83D5B4A-52B7-4D0B-930A-8B4921C6004D},121101060107,0.230003123,Yes,{B3C98515-65BB-4D04-BCA9-9F526A2E745F},2022-10-07
61,366,1,330330,365,Kendall,Texas,48,259,48259,663.1, ,330330,83,365,31499,121002010403,Curry Creek,0,TX,{AB7FCD81-B037-4E56-82B0-4D3C8E941862},121002010404,0.25331295,Yes,{436C7ABB-9450-4C92-91C8-483927F48C7E},2022-10-07
62,367,1,330275,366,Real,Texas,48,385,48385,700, ,330275,104,366,15644,121101010104,Ranger Hollow,0,TX,{7E9D0DF6-42C2-4E0D-8001-52D52E6B0133},121101010105,0.185739877,Yes,{74122E94-EC97-4EE3-BF1E-73BE54A3450A},2022-10-07
63,368,1,330524,367,Bandera,Texas,48,019,48019,797.5, ,330524,118,367,23191,121002010204,Upper Turtle Creek,0,TX,{44AC2433-B9D5-44AF-B552-E2C92F7B5B81},121002010205,0.270232358,Yes,{C253DEC5-155C-4253-A163-7C1C3E486023},2022-10-07
64,369,1,330719,368,Runnels,Texas,48,399,48399,1057.1, ,330719,129,368,40095,120901080102,Red Bank Creek-Jim Ned Creek,0,TX,{DEC92F98-0EC6-4EEA-B908-E7281D8F8BF6},120901080103,0.310182741,Yes,{0BF1A57A-1811-473E-9945-B006EAE89577},2022-10-07
65,370,1,330327,369,Tom Green,Texas,48,451,48451,1540.5, ,330327,199,369,34663,120901040501,Shin Oak Creek-North Concho River,0,TX,{BD066D1F-EFB5-40D1-BD3C-3A64D0E2F6DB},120901040502,0.322387931,Yes,{A4CD25F0-E691-42C9-9561-6DF3CC3FB090},2022-10-07
66,371,1,330663,370,Reagan,Texas,48,383,48383,1176, ,330663,134,370,29511,120901030704,South Mustang Draw,0,TX,{39B12D03-F80D-43EC-81BD-E47AD2DC0E16},120901030706,0.226312418,Yes,{FCC491DB-648D-4C87-B42C-BF097C9BD24F},2022-10-07
67,372,1,330472,371,Concho,Texas,48,095,48095,993.6, ,330472,123,371,36256,120901100103,Harden Branch-Brady Creek,0,TX,{C8BBF12A-855D-46EE-B996-71A8A5763AD9},120901100104,0.263741057,Yes,{B5A95EC4-D3AC-46C4-9582-FA2BAE04F245},2022-10-07
68,373,1,330420,372,Irion,Texas,48,235,48235,1051.6, ,330420,125,372,17135,120901031103,Arden Cemetery-Middle Concho River,0,TX,{E4103C1F-D398-4D80-97CB-001EFA7E5112},120901031105,0.170793103,Yes,{A481366D-FBD2-418D-9E58-2F5D5A8D3C8F},2022-10-07
69,374,1,330294,373,McCulloch,Texas,48,307,48307,1073.4, ,330294,133,373,25371,120901060405,Headwaters Deep Creek,0,TX,{8949EE12-BCE5-4824-81B1-EC31B1848407},120901060406,0.234461928,Yes,{74B5250E-1062-45EA-8901-B5927CB76E2F},2022-10-07
70,375,1,330294,374,San Saba,Texas,48,411,48411,1138.8, ,330294,131,374,25371,120901060405,Headwaters Deep Creek,0,TX,{8949EE12-BCE5-4824-81B1-EC31B1848407},120901060406,0.234461928,Yes,{74B5250E-1062-45EA-8901-B5927CB76E2F},2022-10-07
71,376,1,330432,375,Kimble,Texas,48,267,48267,1250.9, ,330432,169,375,24469,120902040401,Upper Little Devils River,0,TX,{EDFE4F91-FC74-4E87-B034-A291DF9F812D},120902040402,0.232648144,Yes,{2173E3E6-9074-4562-8321-966902306EE9},2022-10-07
72,377,1,330462,376,Sutton,Texas,48,435,48435,1454.4, ,330462,172,376,15615,120902020202,West Maynard Creek,0,TX,{5C17E986-13C2-4160-95F0-8311FBDCCDF6},120902020203,0.19947951,Yes,{CD692EA8-BD2B-407F-8774-42A557609E5D},2022-10-07
73,378,1,330299,377,Schleicher,Texas,48,413,48413,1310.7, ,330299,149,377,15022,120901090203,Middle Valley-Middle Valley Prong,0,TX,{2E724B3C-72BF-41A9-9B44-94485A209EC0},120901090205,0.165332817,Yes,{FE41A768-BF71-4156-9947-C9F0D8E9417B},2022-10-07
74,379,1,330433,378,Sterling,Texas,48,431,48431,923.5, ,330433,113,378,24655,120901040207,Lower Lacy Creek,0,TX,{70EB2120-44E4-4475-AC76-D67241528E40},120901040301,0.202325852,Yes,{9C4BE10E-2289-495A-B578-8221ED13CF9B},2022-10-07
75,380,1,330665,379,Glasscock,Texas,48,173,48173,900.9, ,330665,103,379,36098,120901040104,Dobson Creek-North Concho River,0,TX,{CFA0D839-156A-45E5-BCB6-5FB92AF8B895},120901040105,0.292691076,Yes,{558C4E1A-31D2-4520-8AE3-317F8EEBB143},2022-10-07
76,381,1,330327,380,Coke,Texas,48,081,48081,928, ,330327,120,380,34663,120901040501,Shin Oak Creek-North Concho River,0,TX,{BD066D1F-EFB5-40D1-BD3C-3A64D0E2F6DB},120901040502,0.322387931,Yes,{A4CD25F0-E691-42C9-9561-6DF3CC3FB090},2022-10-07
77,382,1,330505,381,Coleman,Texas,48,083,48083,1281.6, ,330505,157,381,11856,120901080202,Middle Hords Creek,0,TX,{4A2F743F-19CE-4475-9B53-F7E629DAB79F},120901080204,0.158980336,Yes,{6C684C1F-2267-4B16-BCF2-1A9970F9C623},2022-10-07
78,383,1,330631,382,Brown,Texas,48,049,48049,956.9, ,330631,117,382,24306,120901070502,Dry Blanket Creek,0,TX,{55AE556A-4EE8-4F1D-897D-9CC0E46031D0},120901070503,0.236742628,Yes,{D2F1751C-BD4E-4ADC-8192-EA088A1641D3},2022-10-07
79,384,1,331156,383,Mills,Texas,48,333,48333,749.9, ,331156,98,383,15242,120901070604,Lower Browns Creek,0,TX,{7A9738D7-AB2F-4D3D-94E7-28A63EA03283},120901070605,0.186192051,Yes,{F2367BA5-5082-4AFC-9A00-80019CB6E84A},2022-10-07
80,385,1,330408,384,Menard,Texas,48,327,48327,902.2, ,330408,122,384,13199,120901090503,Chapman Draw,0,TX,{3548BDC3-F2B2-445A-A08E-E31747C1C481},120901090506,0.153914504,Yes,{98F7381E-72B2-4162-B862-593BC835E631},2022-10-07
81,386,1,330543,385,Mason,Texas,48,319,48319,932.5, ,330543,116,385,26132,120902040407,Upper James River,0,TX,{F1EA8834-15AC-45FF-B01F-4FD589B55D91},120902040408,0.248750369,Yes,{A7C1FACF-44DD-4DDC-B06C-0084E363541D},2022-10-07
82,387,1,330296,386,Llano,Texas,48,299,48299,965.6, ,330296,126,386,32963,120902040802,Wrights Creek-Llano Creek,0,TX,{373190DC-43CD-4547-9BBF-EA9521115638},120902040803,0.347763033,Yes,{B713D1A9-FB1F-4DC8-9C9D-40B6F260C931},2022-10-07
83,388,1,330455,387,Cherokee,Texas,48,073,48073,1062, ,330455,132,387,34622,120200010407,Boggy Creek-Neches River,0,TX,{6038C887-C11E-4B54-865C-5DBBACB8CDA9},120200010409,0.260672853,Yes,{B64F7CA0-7B4B-4293-8A63-BE45DCF18E44},2022-10-07
84,389,1,330292,388,Hamilton,Texas,48,193,48193,836.4, ,330292,108,388,35086,120602040206,Fall Creek-North Bosque River,0,TX,{A4AAE7FB-C9FF-4D66-89F1-2EE33AB502DE},120602040303,0.266104298,Yes,{FDC83BA1-876D-4EF5-A1A6-01EF5FC5A317},2022-10-07
85,390,1,330525,389,Limestone,Texas,48,293,48293,933.2, ,330525,120,389,49521,120701030301,Holman Creek,0,TX,{7BFAEA99-FDCB-4AFE-96A2-049D1B27B733},120701030305,0.336858509,Yes,{231E461F-622D-402F-9058-6C7542CB95B6},2022-10-07
86,391,1,330617,390,Coryell,Texas,48,099,48099,1056.7, ,330617,141,390,17731,120702010805,Lower Plum Creek,0,TX,{FFF6F830-435A-42A8-9259-6CD825409706},120702010902,0.254129821,Yes,{B8BC826A-2C5C-4673-8AEB-3919DF425398},2022-10-07
87,392,1,330352,391,Leon,Texas,48,289,48289,1080.4, ,330352,135,391,40418,120302010406,Caney Creek-Trinity River,0,TX,{91C201E4-EF9C-4424-80AB-082C660586E3},120302010701,0.405368174,Yes,{8563176A-49DB-4F3F-812A-D5857668EA62},2022-10-07
88,393,1,330578,392,Houston,Texas,48,225,48225,1236.8, ,330578,149,392,33533,120302010705,Upper Hurricane Bayou,0,TX,{206FEF87-9E67-4FA6-8EDE-19D6B6F95585},120302010706,0.273594391,Yes,{71546292-739B-461B-9D54-537AAFC8EEC5},2022-10-07
89,394,1,330649,393,Falls,Texas,48,145,48145,773.8, ,330649,100,393,12757,120701010103,Able Lake-Sandy Creek,0,TX,{7DF95DFB-5887-49D8-A156-E9CB5228CF62},120701010104,0.158270093,Yes,{F835EA5E-7F79-429A-AD33-17E5C2955D5E},2022-10-07
90,395,1,330429,394,Trinity,Texas,48,455,48455,714, ,330429,102,394,27213,120302021102,Clear Creek-Lake Livingston,0,TX,{68B1612B-DBE8-43DD-B801-EE719A789939},120302021104,0.22610383,Yes,{B00B24A3-A4D8-497B-990F-C986AB744BA9},2022-10-07
91,396,1,330516,395,Robertson,Texas,48,395,48395,865.6, ,330516,107,395,12926,120701030503,Clear Creek-Navasota River,0,TX,{509A23F3-FC97-4ACC-A91F-C23BA986AAE2},120701030505,0.163166182,Yes,{1C2AB33A-7482-4B10-A7E3-4F26DA981254},2022-10-07
92,397,1,330291,396,Bell,Texas,48,027,48027,1088.3, ,330291,148,396,17157,120702040101,Boggy Creek-Little River,0,TX,{6B61CB9B-38FB-4493-8428-202D7A085467},120702040103,0.217095934,Yes,{E425AEE5-A78F-41DC-B288-3FC438D6C39A},2022-10-07
93,398,1,330429,397,Polk,Texas,48,373,48373,1109.8, ,330429,142,397,27213,120302021102,Clear Creek-Lake Livingston,0,TX,{68B1612B-DBE8-43DD-B801-EE719A789939},120302021104,0.22610383,Yes,{B00B24A3-A4D8-497B-990F-C986AB744BA9},2022-10-07
94,399,1,330370,398,Burnet,Texas,48,053,48053,1021.4, ,330370,135,398,39289,120702030307,Mesquite Creek,0,TX,{1BE03AF2-B860-4518-949C-B8F5A0C49EEC},120702030309,0.286945724,Yes,{4891F576-2753-4578-936C-66E8E0E52658},2022-10-07
95,400,1,330989,399,Brazos,Texas,48,041,48041,590.7, ,330989,76,399,34283,120701010702,Thompsons Creek,0,TX,{782B59C9-AF8F-4CCA-A451-4D73F396476E},120701010703,0.290597385,Yes,{50A136ED-693D-4B77-B829-3C1F7A29FB68},2022-10-07
96,401,1,330362,400,San Jacinto,Texas,48,407,48407,627.9, ,330362,78,400,21805,120302021106,Huffman Creek-Trinity River,0,TX,{0831A97B-D42C-489E-B428-83B5542B0829},120302021207,0.217478837,Yes,{B430C080-F62F-45CD-9FEA-6D88938A4476},2022-10-07
97,402,1,330484,401,Burleson,Texas,48,051,48051,677.8, ,330484,97,401,30565,120701020405,Brushy Creek-Davidson Creek,0,TX,{A0554D31-71D0-4B48-A1C3-4E47460DA765},120701020406,0.289409398,Yes,{F3F69AD2-30DD-4E5D-99DF-779E3F1A19C9},2022-10-07
98,403,1,330488,402,Milam,Texas,48,331,48331,1021.8, ,330488,137,402,12426,120702040107,Sypert Branch,0,TX,{B72A55D8-9C37-40BE-BB75-76B61F9BB6F8},120702040110,0.16123938,Yes,{1FEA15AD-695E-4545-B289-2C125673545D},2022-10-07
99,404,1,330339,403,Williamson,Texas,48,491,48491,1133.9, ,330339,139,403,20809,120701020101,Houghton Branch-Middle Yegua Creek,0,TX,{BEC5D6CF-EB65-4844-B566-783E35AEF24D},120701020102,0.203127976,Yes,{79B878AB-1C94-4DC5-B981-FB4DD360E538},2022-10-07
100,405,1,330283,404,McLennan,Texas,48,309,48309,1060.2, ,330283,139,404,25015,120602030302,Harris Creek-South Bosque River,0,TX,{02D993EE-F6E5-472C-BFA7-5C57417F3B66},120602030303,0.250006587,Yes,{6910F5B5-1A0C-444E-9F5D-7442E3A08786},2022-10-07
101,406,1,330352,405,Anderson,Texas,48,001,48001,1077.9, ,330352,136,405,40418,120302010406,Caney Creek-Trinity River,0,TX,{91C201E4-EF9C-4424-80AB-082C660586E3},120302010701,0.405368174,Yes,{8563176A-49DB-4F3F-812A-D5857668EA62},2022-10-07
102,407,1,330352,406,Freestone,Texas,48,161,48161,892.1, ,330352,111,406,40418,120302010406,Caney Creek-Trinity River,0,TX,{91C201E4-EF9C-4424-80AB-082C660586E3},120302010701,0.405368174,Yes,{8563176A-49DB-4F3F-812A-D5857668EA62},2022-10-07
103,408,1,330506,407,Madison,Texas,48,313,48313,472.4, ,330506,70,407,18728,120302020409,Rocky Creek-Bedias Creek,0,TX,{718636B7-0ACA-471D-9E06-F6698F453C06},120302020506,0.223147968,Yes,{26345A1B-5527-40F5-9D8E-6EE2214414F3},2022-10-07
104,409,1,330489,408,Walker,Texas,48,471,48471,801.4, ,330489,100,408,15116,120401030301,Boswell Creek,0,TX,{E00E6B02-DF5D-40D4-9909-B6BF45133FA1},120401030302,0.179999818,Yes,{BDA6AC04-ACB5-4C6C-8D6B-4DBFDC586C2A},2022-10-07
105,410,1,330314,409,Washington,Texas,48,477,48477,621.5, ,330314,99,409,25558,120701040201,Indian Creek-East Mill Creek,0,TX,{7CCA9701-481A-442B-815A-F76A1139AC4A},120701040202,0.227426572,Yes,{01C6D31C-4864-4C9A-839B-7885F786C06B},2022-10-07
106,411,1,330290,410,Harris,Texas,48,201,48201,1773.5, ,330290,187,410,24205,120401040702,Carpenters Bayou,0,TX,{0F5F0217-6FEC-4549-9A66-79BF0E6B1184},120401040705,0.261408755,Yes,{2BE45071-F6E2-4FAC-8CF5-619033941943},2022-10-07
107,412,1,330381,411,Colorado,Texas,48,089,48089,973.2, ,330381,130,411,36683,120904010104,Coushatta Creek-San Bernard River,0,TX,{807CD7DD-F527-4849-B28F-C44532E4A45C},120904010106,0.265553959,Yes,{30567598-9C36-4F5B-9BAE-8EF613DF16E8},2022-10-07
108,413,1,330475,412,Guadalupe,Texas,48,187,48187,714.6, ,330475,92,412,28348,121003040202,Dietz Creek-Cibolo Creek,0,TX,{58916851-A0C2-4E2A-8B64-BE449064A16B},121003040206,0.29691558,Yes,{2486B84C-E0EF-4645-BD5F-B654C3744A0C},2022-10-07
109,414,1,330372,413,Fort Bend,Texas,48,157,48157,884.8, ,330372,99,413,27518,120904010303,Mound Creek,0,TX,{796AA1DD-1283-4571-B833-D1ED64B0218E},120904010304,0.260335233,Yes,{80A52275-27A7-4020-92B4-8165FB3DC5A5},2022-10-07
110,415,1,330701,414,Gonzales,Texas,48,177,48177,1069.8, ,330701,143,414,31303,121002030502,Seals Creek-San Marcos River,0,TX,{AD47DABE-30A8-41F2-96EC-096742A58852},121002030503,0.294865261,Yes,{7FDA8D02-9F15-4A3B-8265-CC0CB41E1D13},2022-10-07
111,416,1,330379,415,Wharton,Texas,48,481,48481,1094.4, ,330379,118,415,35455,120904010205,Boone Branch-San Bernard River,0,TX,{377AEF76-7529-4D7D-BF79-97F155508661},120904010207,0.269283084,Yes,{45DB2D6B-80A1-446F-97F1-CEC210836A04},2022-10-07
112,417,1,330337,416,Wilson,Texas,48,493,48493,808.5, ,330337,112,416,36569,121002020507,Brushy Creek-Elm Creek,0,TX,{2BCA03D5-2766-4C9A-AC9F-BBB6588A4A0C},121002020508,0.308145338,Yes,{5BC0B24E-14F9-43D7-84B8-C7BB6F5BAC43},2022-10-07
113,418,1,330853,417,Jackson,Texas,48,239,48239,852.5, ,330853,84,417,32473,121004020201,Brown Creek-Arenosa Creek,0,TX,{A6811451-DFC2-4683-9D6A-9A90EB598698},121004020202,0.2508038,Yes,{1C8BB6B4-3815-4A7E-ADD0-9DF0F362D78B},2022-10-07
114,419,1,330337,418,Karnes,Texas,48,255,48255,753.7, ,330337,104,418,36569,121002020507,Brushy Creek-Elm Creek,0,TX,{2BCA03D5-2766-4C9A-AC9F-BBB6588A4A0C},121002020508,0.308145338,Yes,{5BC0B24E-14F9-43D7-84B8-C7BB6F5BAC43},2022-10-07
115,420,1,331335,419,Lavaca,Texas,48,285,48285,970.6, ,331335,136,419,38819,121001020309,Sutherland Creek-Brushy Creek,0,TX,{0515028D-D96E-4777-B558-3731EDB5DF59},121001020310,0.437251643,Yes,{332CC431-C27B-4A1B-A63F-99E1F0D225A6},2022-10-07
116,421,1,330481,420,DeWitt,Texas,48,123,48123,910.6, ,330481,122,420,23609,121002040103,Reeds Branch-Guadalupe River,0,TX,{B5D8DD95-391E-48CE-90B1-E8FFE47A031E},121002040105,0.232099324,Yes,{586295AD-F649-4D5F-9D07-020228651884},2022-10-07
117,422,1,330806,421,Bastrop,Texas,48,021,48021,895.9, ,330806,124,421,20601,120903010305,Bee Creek-Walnut Creek,0,TX,{C977627E-B2FF-4E04-8EF9-460745CFBABC},120903010306,0.196642008,Yes,{0B7E22AF-0767-4653-81DF-03ED6DCA1B46},2022-10-07
118,423,1,330399,422,Hays,Texas,48,209,48209,678.9, ,330399,89,422,23749,120902060306,Flat Creek,0,TX,{315D37CE-7213-4E42-88D3-A63E57C4A4E1},120902060307,0.213352257,Yes,{2401B4B7-41B8-4EF5-98E4-07BF9EFBBC73},2022-10-07
119,424,1,330318,423,Fayette,Texas,48,149,48149,959.5, ,330318,106,423,21848,120903010505,Middle Rabbs Creek,0,TX,{1A55D7BE-6B6A-43EE-B57D-176B43D4B51D},120903010506,0.21295436,Yes,{A882E030-0F2B-4335-B1F6-A591FE6D9151},2022-10-07
120,425,1,330701,424,Caldwell,Texas,48,055,48055,546.9, ,330701,75,424,31303,121002030502,Seals Creek-San Marcos River,0,TX,{AD47DABE-30A8-41F2-96EC-096742A58852},121002030503,0.294865261,Yes,{7FDA8D02-9F15-4A3B-8265-CC0CB41E1D13},2022-10-07
121,426,1,330383,425,Waller,Texas,48,473,48473,518.8, ,330383,89,425,28820,120401020101,Mound Creek-Cypress Creek,0,TX,{19EFE66D-4522-4EFC-A022-85D46BD433DE},120401020103,0.264003127,Yes,{A087C61F-5682-4FC1-908C-3DC2F1CED4AA},2022-10-07
122,427,1,330424,426,Austin,Texas,48,015,48015,656.6, ,330424,95,426,18228,120701040304,Bullinger Creek-Brazos River,0,TX,{3DA65174-2149-49C8-911C-8ADCCABFE072},120701040307,0.217205801,Yes,{8B8B84C0-BCC1-4598-8781-DFA1F0BDE877},2022-10-07
123,428,1,330372,427,Brazoria,Texas,48,039,48039,1442.5, ,330372,78,427,27518,120904010303,Mound Creek,0,TX,{796AA1DD-1283-4571-B833-D1ED64B0218E},120904010304,0.260335233,Yes,{80A52275-27A7-4020-92B4-8165FB3DC5A5},2022-10-07
124,429,1,330575,428,Goliad,Texas,48,175,48175,859.1, ,330575,118,428,34393,121004060305,Cottonwood Hollow-Upper Melon Creek,0,TX,{E97B6236-DCD0-4680-9355-0E16342F59A3},121004060306,0.407768534,Yes,{55A1E93E-D158-4A3F-BC26-D890E8A811B1},2022-10-07
125,430,1,331318,429,Jim Hogg,Texas,48,247,48247,1136.2, ,331318,74,429,23316,121102060203,Agua Negra Windmill,0,TX,{EB136345-B1EB-4954-B9D3-617EEAD145F4},121102060206,0.203140677,Yes,{41DC5D52-03C3-440F-A0EC-3A0FF98A32C3},2022-10-07
126,431,1,330573,430,Zapata,Texas,48,505,48505,1058.1, ,330573,140,430,30431,130800030708,Escobas Creek-Salamoneno Creek,0,TX,{BB187A08-AAEF-4B88-BA8E-48B990F736F2},130800030709,0.269985097,Yes,{369E8D01-61C9-480B-975E-6344BE47E13A},2022-10-07
127,432,1,331083,431,Brooks,Texas,48,047,48047,943.6, ,331083,48,431,15784,121102050403,Palobla Creek-Paisano Creek,0,TX,{016828AA-2F09-4C51-9215-7BABB44F0BFD},121102050407,0.210082143,Yes,{1E88C7AC-A61C-4CE1-9AAC-7486EF8A8DDE},2022-10-07
128,433,1,330845,432,Kenedy,Texas,48,261,48261,1416.9, ,330845,32,432,17787,121102050807,Black Bluff,0,TX,{59D68987-BB03-4858-A15D-419E9E60DCBF},121102050808,0.262492589,Yes,{9946DD40-F158-4C25-AB47-F4BB16144DDA},2022-10-07
129,434,1,330467,433,Starr,Texas,48,427,48427,1229.3, ,330467,120,433,47210,130900011301,Upper Las Escobas Creek,0,TX,{0CF8C26E-74B1-4EF1-8DCC-EE2D47D78EB9},130900011303,0.302324018,Yes,{1C162E78-CCE6-4449-BA81-BC1B72C97BA3},2022-10-07
130,435,1,330421,434,Hidalgo,Texas,48,215,48215,1582.6, ,330421,50,434,114603,121102080100,Llano Grande Lake-Arroyo Colorado,0,TX,{E32002F8-2F36-4057-875C-9DC504E1486D},121102080600,0.629823029,Yes,{0A7FFBAF-776C-4B66-AE01-FD0D7FA1F657},2022-10-07
131,436,1,331124,435,La Salle,Texas,48,283,48283,1494.2, ,331124,181,435,20532,121101080303,121101080303,0,TX,{B4190A75-F972-4146-B3B1-A27BCDC700EC},121101080304,0.191494792,Yes,{AAE76C15-13A5-4BB6-BB3D-D20C33EABD8F},2022-10-07
132,437,1,330345,436,McMullen,Texas,48,311,48311,1142.7, ,330345,146,436,9021,121101090502,Far Live Oak Creek-San Miguel Creek,0,TX,{B3C7CF8B-D40B-4340-9DE2-404C7EB2979B},121101090503,0.195069908,Yes,{62FD2DF4-163C-46AF-B3C1-42F436525889},2022-10-07
133,438,1,330315,437,Dimmit,Texas,48,127,48127,1334.5, ,330315,152,437,40505,121101030504,Llano Tank-Bonito Creek,0,TX,{427FA613-5B7A-4C1C-8ECF-03798A98F078},121101030505,0.364037571,Yes,{E347E564-5C21-41DD-B3DE-F45D35591C14},2022-10-07
134,439,1,330315,438,Webb,Texas,48,479,48479,3375.5, ,330315,403,438,40505,121101030504,Llano Tank-Bonito Creek,0,TX,{427FA613-5B7A-4C1C-8ECF-03798A98F078},121101030505,0.364037571,Yes,{E347E564-5C21-41DD-B3DE-F45D35591C14},2022-10-07
135,440,1,330344,439,Duval,Texas,48,131,48131,1795.6, ,330344,238,439,21508,121102040304,Lower Rosita Creek,0,TX,{7176C5A5-8EF5-4315-AF47-59DB5003A984},121102040310,0.265910004,Yes,{21CEB3A8-6D84-4049-A4D3-88F700EBB5FB},2022-10-07
136,441,1,330416,440,Live Oak,Texas,48,297,48297,1078.9, ,330416,157,440,20227,121101110204,Timon Creek-Nueces River,0,TX,{85B1C306-D4ED-4849-96F4-C7ABB79A8802},121101110301,0.261221312,Yes,{407F298A-FF7D-4320-B452-62C44BFECF8F},2022-10-07
137,442,1,330490,441,Bee,Texas,48,025,48025,880.4, ,330490,137,441,33889,121004060104,San Domingo Creek,0,TX,{28AA6C8A-83D1-4408-98E8-E97AA845E37D},121004060105,0.263930119,Yes,{3929D52E-343A-4005-9912-CB90013FF7ED},2022-10-07
138,443,1,330575,442,Refugio,Texas,48,391,48391,778.5, ,330575,101,442,34393,121004060305,Cottonwood Hollow-Upper Melon Creek,0,TX,{E97B6236-DCD0-4680-9355-0E16342F59A3},121004060306,0.407768534,Yes,{55A1E93E-D158-4A3F-BC26-D890E8A811B1},2022-10-07
139,444,1,331289,443,Calhoun,Texas,48,057,48057,530.9, ,331289,31,443,220064,121004010200,East Carancahua Creek,0,TX,{8BCFF187-BA14-4C14-A3D8-7B128012218A},121004010500,1.319649389,Yes,{58D0A3A4-CADC-4124-A050-2E9BD5F727D6},2022-10-07
140,445,1,330502,444,San Patricio,Texas,48,409,48409,704.3, ,330502,95,444,25058,121004070301,Headwaters Chiltipin Creek,0,TX,{B13B8282-C532-44DF-9D3B-B9CA386535A5},121004070303,0.27015815,Yes,{CD11D0D1-596F-48B7-95EB-A1EB1A223514},2022-10-07
141,446,1,330331,445,Aransas,Texas,48,007,48007,242.6, ,330331,40,445,8613,121004050308,Bartell Island-Saint Charles Bay,0,TX,{47D103B4-207F-4BE8-9429-EEC05B459CF0},121004050400,0.125933491,Yes,{B5C27F2E-0701-4D6A-89F8-23BF9E624AD3},2022-10-07
142,447,1,330849,446,Jim Wells,Texas,48,249,48249,868.3, ,330849,127,446,36320,121102040405,Lattas Creek-San Fernando Creek,0,TX,{40F70AD3-0230-43F8-90B1-C725D541604F},121102040406,0.34590552,Yes,{B81C3A3B-DC38-46FD-93ED-F1A89DA5DCD2},2022-10-07
143,448,1,330510,447,Nueces,Texas,48,355,48355,841.3, ,330510,106,447,29493,121102050801,Upper Chiltipin Creek,0,TX,{60E57EC0-2A16-46FB-AB47-B3DAF7C170A2},121102050802,0.252811999,Yes,{98CC6DCA-3C89-407F-BE33-0BA2AEC3EBC0},2022-10-07
144,449,1,330510,448,Kleberg,Texas,48,273,48273,886.5, ,330510,111,448,29493,121102050801,Upper Chiltipin Creek,0,TX,{60E57EC0-2A16-46FB-AB47-B3DAF7C170A2},121102050802,0.252811999,Yes,{98CC6DCA-3C89-407F-BE33-0BA2AEC3EBC0},2022-10-07
145,450,1,333891,449,Willacy,Texas,48,489,48489,600.2, ,333891,11,449,289851,121102080300,Upper Pilot Channel-Laguna Madre,0,TX,{10CD80D8-8B02-4066-8B65-274F1027B99F},121102081000,1.887908683,Yes,{758AE27B-AABA-43F9-884F-4E2706BD6075},2022-10-07
146,451,1,333297,450,Cameron,Texas,48,061,48061,943.5, ,333297,27,450,289851,121102080300,Upper Pilot Channel-Laguna Madre,0,TX,{10CD80D8-8B02-4066-8B65-274F1027B99F},121102081000,1.28348764,Yes,{BF3FA597-AD83-4D9E-B5CC-AC364B670412},2022-10-07
147,456,1,81812,455,Siskiyou,California,06,093,06093,6347.5, ,81812,772,455,21281,180200021304,Hole In Rock,0,CA,{802AFC74-8997-491B-89EC-3AF4B509268E},180200021307,0.220290159,Yes,{6E53C197-BCFA-4E4A-8E40-33148828F4A9},2022-10-07
148,458,1,246584,457,Hidalgo,New Mexico,35,023,35023,3445.9, ,246584,61,457,14489,150400030501,Whitmire Creek,0,"AZ,NM",{618C0753-BB4E-41FA-90B5-927D92081F1D},150400030504,0.221189858,Yes,{A1818A0C-BEA9-4DA7-8321-51CA489AAB36},2022-10-07
149,460,1,82000,459,Napa,California,06,055,06055,788.1, ,82000,127,459,16541,180201620101,Upper Eticuera Creek,0,CA,{2F3683D2-DC00-473B-BD41-7CC6427D4D92},180201620102,0.223501112,Yes,{936B97E8-6F3B-4998-AEF9-B934DE5A35CA},2022-10-07
150,461,1,66152,460,Navajo,Arizona,04,017,04017,9959.5, ,66152,49,460,14996,150200020608,West Hay Hollow Draw,0,AZ,{F79D03DB-AE6B-436C-B1CD-DC3888FAE3E2},150200020609,0.191827592,Yes,{4516A40C-1408-46BD-91C5-C4CC56ED11B5},2022-10-07
151,463,1,63080,462,Mohave,Arizona,04,015,04015,13470.8, ,63080,28,462,10430,150100020705,Agway Wash,0,AZ,{DAC3A029-7C8F-4147-B381-631C302E0612},150100020706,0.140648513,Yes,{8D083AF6-DE31-4857-A5FC-FEF633B554AD},2022-10-07
152,466,1,80710,465,Kern,California,06,029,06029,8161, ,80710,945,465,11495,180902062103,180902062103,0,CA,{9562E028-9856-44DA-9441-8741A095DB63},180902062109,0.193654077,Yes,{AB816E4D-6B76-477B-B81B-5240E15BC93A},2022-10-07
153,467,1,69448,466,San Bernardino,California,06,071,06071,20106, ,69448,336,466,15613,150301010703,Blankenship Valley,0,AZ,{2AD7BCB4-FE96-4F04-BB6F-C22DD591B30B},150301010705,0.186931667,Yes,{135CC7B7-A80D-4CB5-9CAB-1706CC5522C1},2022-10-07
154,468,1,85393,467,San Luis Obispo,California,06,079,06079,3319.5, ,85393,470,467,14060,180300031404,Bitterwater Creek,0,CA,{41609719-83DE-41B8-852B-D537FB4F5868},180300031406,0.166044347,Yes,{1DDFC1C5-9A29-4295-81AE-FA718D88C292},2022-10-07
155,469,1,80562,468,Riverside,California,06,065,06065,7302.9, ,80562,237,468,16299,180702020102,Strawberry Creek-San Jacinto River,0,CA,{7D413DA6-306A-41ED-922B-24AA8593A52F},180702020104,0.170598654,Yes,{B02BD800-4667-4B08-8266-CCCE69C45780},2022-10-07
156,470,1,84507,469,Ventura,California,06,111,06111,1857.3, ,84507,238,469,38660,180300030701,Castac Lake,0,CA,{51984065-F4D5-4AE4-A51F-40072A803C16},180300030702,0.330532884,Yes,{00FC3EEA-DB0B-45D0-9805-343954AEF0D5},2022-10-07
157,471,1,92681,470,Santa Barbara,California,06,083,06083,2748.8, ,92681,347,470,25066,180600070104,Rancho Nuevo Creek,0,CA,{216AA822-5355-4B99-9494-5EE352EF31BA},180600070105,0.261350116,Yes,{D162FB45-1BBD-4606-A7A6-E1FDF73B53DE},2022-10-07
158,472,1,80628,471,Orange,California,06,059,06059,799.2, ,80628,22,471,24803,180702020308,Lake Elsinore,0,CA,{68CB88A4-3A0C-4208-8510-BCDA3135750F},180702030601,0.239508127,Yes,{2D85B83C-E921-40B5-9DB3-3AB9E03F5BCC},2022-10-07
159,473,1,82411,472,San Diego,California,06,073,06073,4238.6, ,82411,268,472,22893,180703020101,Chihuahua Creek,0,CA,{97E00377-D93D-4979-AD13-2D6355817758},180703020105,0.321343298,Yes,{3E952338-95F9-48C5-9E7E-5E72DABCFDB3},2022-10-07
160,474,1,80501,473,Los Angeles,California,06,037,06037,4086.8, ,80501,327,473,22197,180701060501,Upper San Jose Creek,0,CA,{16CB04C9-9672-415C-B8EC-EA108D936EEA},180701060502,0.357493818,Yes,{04AF8FEF-4EE4-4211-83BF-CF80F0EEFFC0},2022-10-07
161,475,1,81212,474,Sacramento,California,06,067,06067,995.3, ,81212,132,474,24373,180400030906,Middle River-San Joaquin River,0,CA,{123A3494-8D1F-4492-B6A7-310C29BECF0F},180400030907,0.171915008,Yes,{128AE002-4932-4FB0-8537-98849ED7305B},2022-10-07
162,476,1,81220,475,Mono,California,06,051,06051,3131.8, ,81220,36,475,37314,180400060101,Upper Mono Creek,0,CA,{03A7009A-3E15-4D80-BAD7-B1953E147CF2},180400060102,0.308780793,Yes,{1B314125-7EC4-4198-B9EB-040238F370BC},2022-10-07
163,478,1,82068,477,Madera,California,06,039,06039,2153.7, ,82068,236,477,37030,180400060302,Lower Fish Creek,0,CA,{2DB6A67A-729A-41F1-8C94-9273C18AB61D},180400060404,0.290968203,Yes,{1E49BAE3-0F42-4FE4-A19A-EF2F868BF7AD},2022-10-07
164,479,1,80294,478,Merced,California,06,047,06047,1963.7, ,80294,167,478,9576,180400011801,180400011801-Bear Creek,0,CA,{3AD07BDF-7239-4F1D-B388-6CEC8C212457},180400011803,0.218595185,Yes,{61F0D035-EB41-411F-ADF0-8FBBE39CDEF8},2022-10-07
165,480,1,80334,479,Fresno,California,06,019,06019,6017.2, ,80334,673,479,74617,180400012001,Upper Poso Slough,0,CA,{A738BD13-47CE-4C2A-A336-A9C2818A19E2},180400012005,0.683404396,Yes,{F650EBCA-0BEB-4EB5-9D10-20EB8DD5F9F6},2022-10-07
166,481,1,81221,480,Inyo,California,06,027,06027,10227.2, ,81221,148,480,37314,180400060101,Upper Mono Creek,0,CA,{03A7009A-3E15-4D80-BAD7-B1953E147CF2},180400060102,0.26298377,Yes,{2247CA2A-3110-4CB7-8A60-802BBD5E1D22},2022-10-07
167,482,1,83307,481,Tulare,California,06,107,06107,4838.8, ,83307,628,481,16288,180300010101,Kern-Kaweah River,0,CA,{127D39EF-60C2-4332-8AC5-B18653569D31},180300010105,0.187268161,Yes,{DC2241A3-FEBA-4E9E-B070-8867F09C8453},2022-10-07
168,483,1,85661,482,San Benito,California,06,069,06069,1390.8, ,85661,210,482,13444,180400140101,Pimental Creek,0,CA,{C6066264-9F8B-438C-AD12-572C8240EE15},180400140102,0.21232309,Yes,{B11ED066-0FEE-4E84-80B2-52C4EFF0A67D},2022-10-07
169,484,1,88547,483,Monterey,California,06,053,06053,3314.6, ,88547,443,483,34842,180600020501,Clear Creek-San Benito River,0,CA,{2E65BBCA-A93A-410F-A366-589A8B368FA7},180600020502,0.318368183,Yes,{499F0098-34C7-452C-9CD3-AD0CBE3359E2},2022-10-07
170,485,1,86441,484,Kings,California,06,031,06031,1391.6, ,86441,159,484,60364,180300050702,Alpaugh Irrigation District Canal,0,CA,{C6B87107-BCF6-47E4-AE4B-6F70E23D545D},180300050804,0.391581012,Yes,{500538D4-3FDC-4B90-AA12-0ABA5CAF9A30},2022-10-07
171,486,1,84693,485,Amador,California,06,005,06005,604.6, ,84693,105,485,13695,180400110203,Rich Gulch-North Fork Calaveras River,0,CA,{764C4D29-C34F-46C4-9433-EA50E4EDA5CB},180400110205,0.254250312,Yes,{A54B48AD-3679-4673-9A9B-BF7031D8A1BB},2022-10-07
172,487,1,82263,486,Tuolumne,California,06,109,06109,2275.2, ,82263,280,486,19604,180400080101,Lyell Fork Merced River,0,CA,{CCDF1320-7E7F-4B07-BCB7-189C98AFEECE},180400080104,0.194538634,Yes,{DF0D073D-A419-42F6-8E47-58FC607DF019},2022-10-07
173,488,1,80416,487,San Joaquin,California,06,077,06077,1431.5, ,80416,187,487,23341,180400020301,Upper Del Puerto Creek,0,CA,{C11AF91D-AFBB-494B-B5B4-25F974FA4C0B},180400020302,0.245953815,Yes,{EF5227A5-1CFC-44C4-9AD3-F46E96344395},2022-10-07
174,489,1,81158,488,Contra Costa,California,06,013,06013,750, ,81158,116,488,10382,180400030603,Brushy Creek,0,CA,{5038E95C-3A59-4E84-BE8E-05B27873264E},180400030605,0.152844949,Yes,{BB6C1781-26F5-47A1-9E28-0791CA5856DE},2022-10-07
175,490,1,80322,489,Stanislaus,California,06,099,06099,1513.8, ,80322,192,489,19497,180400011903,Quinto Creek,0,CA,{BCF1BB78-EB09-4564-9372-C6EEE99BE3DB},180400011905,0.354759496,Yes,{95DABAB4-25E8-4EEF-AB07-F960159CBD9E},2022-10-07
176,491,1,80416,490,Alameda,California,06,001,06001,744, ,80416,129,490,23341,180400020301,Upper Del Puerto Creek,0,CA,{C11AF91D-AFBB-494B-B5B4-25F974FA4C0B},180400020302,0.245953815,Yes,{EF5227A5-1CFC-44C4-9AD3-F46E96344395},2022-10-07
177,492,1,80297,491,Mariposa,California,06,043,06043,1458.2, ,80297,226,491,9576,180400011801,180400011801-Bear Creek,0,CA,{3AD07BDF-7239-4F1D-B388-6CEC8C212457},180400011803,0.165200877,Yes,{E28BD078-7E06-4769-B3E5-DA6FD7B911D7},2022-10-07
178,493,1,80322,492,Santa Clara,California,06,085,06085,1298, ,80322,195,492,19497,180400011903,Quinto Creek,0,CA,{BCF1BB78-EB09-4564-9372-C6EEE99BE3DB},180400011905,0.354759496,Yes,{95DABAB4-25E8-4EEF-AB07-F960159CBD9E},2022-10-07
179,494,1,87443,493,Santa Cruz,California,06,087,06087,447.4, ,87443,65,493,31156,180500030303,Los Gatos Creek,0,CA,{DA8B3506-A900-4E52-94D4-C3A74BDE7C21},180500030304,0.277268153,Yes,{B2C6C85E-F37B-453B-B5C4-256A3DB44918},2022-10-07
180,495,1,86711,494,San Francisco,California,06,075,06075,47.2, ,86711,14,494,6258,180500020905,Lobos Creek-Frontal San Francisco Bay Estuaries,0,CA,{AA8E9287-BA8E-4B64-AE6A-886BB48D2FF4},180500021001,0.134001499,Yes,{15E139FD-80EA-4A09-AFDE-1B76430CBD47},2022-10-07
181,496,1,87467,495,San Mateo,California,06,081,06081,454.9, ,87467,65,495,13438,180500030403,Stevens Creek,0,CA,{FF9A0851-D079-4642-880C-F8F9DAE0FC2B},180500041001,0.189939861,Yes,{09FBC258-5F19-40FF-96DB-9B5507BFE61A},2022-10-07
182,497,1,82064,496,Solano,California,06,095,06095,848.9, ,82064,106,496,10611,180201620501,Pleasants Creek,0,CA,{AD72D250-4EB2-46A8-BEA8-D44ACEB88563},180201620503,0.147280726,Yes,{4026A91B-E57E-4339-A206-D7EDD2FAF270},2022-10-07
183,498,1,81114,497,Calaveras,California,06,009,06009,1042.6, ,81114,193,497,12835,180400030401,Upper Bear Creek,0,CA,{D0D3C05B-F052-4088-B436-C397FD7685E2},180400030405,0.183728208,Yes,{A6A0E081-275D-4B36-83FC-CEC4E87334E5},2022-10-07
184,499,0,235087,498,Lincoln,Nevada,32,017,32017,10637.4, ,235087,30,498,38561,150100100403,Sams Camp Wash,0,NV,{EFE0F272-E3D3-42AB-89FD-25A473145335},150100100404,0.418228139,Yes,{F6710416-32CC-4948-850B-7A168358EA8F},2022-10-07
185,501,1,363683,500,Wayne,Utah,49,055,49055,2466.5, ,363683,37,500,35581,140700020806,Red Canyon-Muddy Creek,0,UT,{6CC73702-859C-4E60-93F2-4D31F411AF22},140700040302,0.326029826,Yes,{693242B1-089C-4E2B-9E20-105FE1EC4453},2022-10-07
186,503,1,355715,502,San Juan,Utah,49,037,49037,7933.2, ,355715,52,502,24036,140802030202,Upper Coal Bead Canyon,0,"CO,UT",{EEACFD81-0D44-47BC-B0DC-ABA0AB2A9872},140802030204,0.200660835,Yes,{97FA56A8-3D59-42B8-A232-1A8A2CA379D5},2022-10-07
187,506,1,355518,505,Washington,Utah,49,053,49053,2429.6, ,355518,5,505,11800,150100100303,Atkinville Wash,0,"AZ,UT",{8D51D98E-FC2D-4630-BE96-00373DA52C1B},150100100307,0.216122934,Yes,{ECB52F16-C587-422E-A17B-BEFE8C54DE5A},2022-10-07
188,508,1,63752,507,Yavapai,Arizona,04,025,04025,8127.1, ,63752,40,507,19425,150602030301,Copper Canyon-Verde River,0,AZ,{255D2583-FE3B-498F-9A04-8C708E43F8A8},150602030303,0.265913465,Yes,{41FF2F1F-00EA-4773-831F-A945D2532C1B},2022-10-07
189,525,1,81996,524,Yolo,California,06,113,06113,1023.3, ,81996,128,524,55674,180201610402,Natomas Main Drainage Canal-Sacramento River,0,CA,{84D4466A-223B-46DC-BB61-45F1760165C8},180201630701,0.3647434,Yes,{A88A26C4-01C4-427A-B6C4-3D28C394E065},2022-10-07
190,526,1,83735,525,Alpine,California,06,003,06003,743.2, ,83735,6,525,27918,180400100301,Upper North Fork Stanislaus River,0,CA,{00BB5552-21CB-4C5A-ACAC-CAAEF5BE4929},180400100303,0.259284282,Yes,{2C33B3ED-260E-4D8A-94F2-73D0E73F94D5},2022-10-07
191,528,1,80038,527,Shasta,California,06,089,06089,3847.4, ,80038,543,527,12470,180201520803,Upper Cottonwood Creek,0,CA,{D77D6CFB-1AF0-4D74-9FA9-994144B1EDAD},180201520805,0.184118451,Yes,{1BACCE22-01C1-4DBE-8BE7-405F3618BAC2},2022-10-07
192,529,1,83869,528,Lassen,California,06,035,06035,4720.4, ,83869,108,528,28939,180800010303,Bare Creek,0,CA,{8B5EF69F-5FA8-4C42-A76F-ED47457359D4},180800010304,0.280098201,Yes,{3E3215BA-842D-4A0E-911B-EF2DFED84A61},2022-10-07
193,533,1,80038,532,Tehama,California,06,103,06103,2962.1, ,80038,413,532,12470,180201520803,Upper Cottonwood Creek,0,CA,{D77D6CFB-1AF0-4D74-9FA9-994144B1EDAD},180201520805,0.184118451,Yes,{1BACCE22-01C1-4DBE-8BE7-405F3618BAC2},2022-10-07
194,534,1,80277,533,Plumas,California,06,063,06063,2613.8, ,80277,160,533,31541,180201560301,Upper Mill Creek,0,CA,{7E47DE97-E54D-45BF-8ECC-0F6D87EA5843},180201560302,0.375336125,Yes,{CC42C033-7836-4B39-9165-7304D7F85643},2022-10-07
195,535,1,81010,534,Glenn,California,06,021,06021,1327, ,81010,191,534,15802,180201570305,Sour Grass Creek,0,CA,{87187468-9CF7-43EB-9A0F-BDAD3425A670},180201570306,0.208243597,Yes,{92E2CE79-2127-437B-A1BE-F99F692BCAB1},2022-10-07
196,537,1,81022,536,Butte,California,06,007,06007,1677.7, ,81022,229,536,18855,180201570402,Singer Creek,0,CA,{41BC4A44-E0A7-432C-8325-D7CDFCA13006},180201570404,0.307413989,Yes,{42A6E18B-7A79-47DB-948F-1955B3624A23},2022-10-07
197,538,1,93418,537,Sierra,California,06,091,06091,962, ,93418,41,537,18239,180201250101,Lavezzola Creek,0,CA,{ABC65201-F6A1-4425-A82E-03FADC422DF0},180201250103,0.230774171,Yes,{7EB27870-80F4-43AE-A190-ABA2395FE666},2022-10-07
198,539,1,81904,538,Yuba,California,06,115,06115,643.2, ,81904,95,538,31018,180201590103,Tennessee Creek-South Honcut Creek,0,CA,{D2F8534D-CAD3-479D-91C5-E381C1EBBEA3},180201590106,0.272762326,Yes,{9EB28486-6AD6-49C5-81D2-C988DC9A2195},2022-10-07
199,541,1,93478,540,Nevada,California,06,057,06057,974.8, ,93478,91,540,24689,180201250503,East Fork Creek-Middle Yuba River,0,CA,{F3E52191-E75F-43CD-BADA-457776C83D41},180201250505,0.238979234,Yes,{7D1539A7-AD15-4018-87AD-1D4BF3E83643},2022-10-07
200,542,1,81864,541,Colusa,California,06,011,06011,1156.2, ,81864,149,541,32358,180201580206,Campbell Slough-Butte Creek,0,CA,{A62AA294-9037-49CF-8E90-EF4B59CA6509},180201580404,0.322122838,Yes,{5C973C56-FAEA-46C7-A4EF-253551498B75},2022-10-07
201,543,1,81956,542,Placer,California,06,061,06061,1500.5, ,81956,158,542,14483,180201610101,Orchard Creek,0,CA,{20DA3B9A-9E6F-4AB0-8BAA-B1F3196587F7},180201610102,0.184696788,Yes,{308F28D3-932A-4042-8396-C060F160C732},2022-10-07
202,545,1,84783,544,El Dorado,California,06,017,06017,1790, ,84783,188,544,33678,180400120401,Bear River,0,CA,{1CFBF800-BD39-44FD-9A68-C378F7133111},180400120404,0.282349654,Yes,{3B898AE1-F213-497C-8E9A-A2F786420DAD},2022-10-07
203,546,1,81892,545,Sutter,California,06,101,06101,608.4, ,81892,57,545,177929,180201580404,Drumheller Slough-Butte Creek,0,CA,{1E28B3A6-D539-45BC-95BB-F54FAE7A4EC9},180201041203,0.687916213,Yes,{307441F1-2CCB-4FA9-A88F-19F539521720},2022-10-07
204,548,1,79998,547,Modoc,California,06,049,06049,4203.4, ,79998,202,547,21167,180200020401,Big Juniper Creek-Little Juniper Creek,0,CA,{B8D76CA0-2D03-4740-BA03-66236E35CD13},180200020402,0.260063498,Yes,{56715CCC-DE64-42F8-BFEC-52861D47A291},2022-10-07
205,558,1,298327,557,Wheeler,Oregon,41,069,41069,1715.5, ,298327,108,557,13981,170702011203,Fopiano Creek,0,OR,{AAF8162F-4F1B-40B5-8FD4-1EE62FA525BB},170702011204,0.167602989,Yes,{2B219D47-C31B-45C1-8A61-D8BB83AB48B3},2022-10-07
206,559,1,299024,558,Jefferson,Oregon,41,031,41031,1791.2, ,299024,7,558,21527,170702040305,Middle Bear Creek,0,OR,{0936640D-C775-4824-AB77-6DAA668E7B27},170702040306,0.226577858,Yes,{702758D0-8326-4D2A-AE1F-3F8483E84F29},2022-10-07
207,593,1,355815,592,Box Elder,Utah,49,003,49003,6729, ,355815,204,592,26574,160203090202,Hay Canyon,0,"ID,UT",{9C07136C-7CE4-479F-B793-34548AA94A2B},160203090204,0.036961473,Yes,{CEAE2BA3-1473-40B6-8DD4-AAB26D1E055B},2022-10-07
208,910,0,254511,909,San Miguel,New Mexico,35,047,35047,4735.6, ,254511,46,909,16111,110800050203,Outlet Garita Creek,0,NM,{1885BC92-7312-4AC3-B7A8-F046F5F5C854},110800050408,0.199838911,Yes,{488D9E35-B5DF-4196-8A8E-D9A777012BDF},2022-10-07
209,911,0,247067,910,Quay,New Mexico,35,037,35037,2881.8, ,247067,145,910,32015,111201010304,Hammond Ranch-Frio Draw,0,NM,{5C3B01EB-D22F-4BFD-AA76-F70509269B77},111201010305,0.256569042,Yes,{DF724648-14D7-4404-B30B-FEFB74225BC4},2022-10-07
210,916,0,253283,915,Socorro,New Mexico,35,053,35053,6648.7, ,253283,1,915,37871,130202031204,Willow Springs-Rio Grande,0,NM,{05086EB2-5DCA-4BD2-9412-75D61BD3E037},130202031209,0.442761012,Yes,{8656EF0A-1BC5-4B50-B352-C69F6BF4CDF5},2022-10-07
211,917,1,250685,916,Lincoln,New Mexico,35,027,35027,4831.3, ,250685,65,916,14416,130500030501,Tortolita Arroyo,0,NM,{905BDF2D-757E-4C0E-95B1-778D4AF9221E},130500030502,0.178166955,Yes,{50559A21-C626-4D53-BF13-3E21840EA9BC},2022-10-07
212,918,1,247546,917,Chaves,New Mexico,35,005,35005,6075, ,247546,121,917,19463,130600100305,Burnt Canyon,0,NM,{BE36C0D7-4BA9-4A79-92B6-914D3FDD384C},130600100306,0.307935901,Yes,{05191F93-42C4-4212-97A9-24A27A159D4F},2022-10-07
213,919,1,330596,918,Lubbock,Texas,48,303,48303,900.7, ,330596,75,918,30493,120500030104,Buffalo Springs Lake,0,TX,{5DBDE6A3-CC94-480D-A145-57D270637C26},120500030307,0.289985596,Yes,{FD6C3B7F-1C33-449B-AC56-F5E282DDB5C7},2022-10-07
214,920,1,330740,919,Hockley,Texas,48,219,48219,908.6, ,330740,117,919,41689,120500011006,Goat Draw-Illusion Lake,0,TX,{F538F58F-2B7F-4985-9A68-5D4C8DC86974},CLOSED BASIN,0.27553587,Yes,{43DE0327-CF7F-4B98-8451-7B997904C8C7},2022-10-07
215,921,0,256674,920,Cochran,Texas,48,079,48079,775.3, ,256674,98,920,30455,120800010109,120800010109,0,"NM,TX",{08EB778C-C7AB-41E2-94F1-1B65E2748EA0},120800010110,0.080652553,Yes,{8A6EF6A1-5DA1-4F9E-8BC4-8D2622E6F3DA},2022-10-07
216,922,1,247401,921,Otero,New Mexico,35,035,35035,6627.3, ,247401,190,921,21202,130600090101,North Fork-Pine Tree Canyon,0,NM,{E1CD8513-222A-4B66-A6B5-EA3D439E316F},130600090103,0.204110071,Yes,{78812A86-6EC5-4B44-B430-D7DB85ED0FD9},2022-10-07
217,929,0,247067,928,Curry,New Mexico,35,009,35009,1407.8, ,247067,75,928,32015,111201010304,Hammond Ranch-Frio Draw,0,NM,{5C3B01EB-D22F-4BFD-AA76-F70509269B77},111201010305,0.256569042,Yes,{DF724648-14D7-4404-B30B-FEFB74225BC4},2022-10-07
218,930,1,255672,929,De Baca,New Mexico,35,011,35011,2333.8, ,255672,49,929,29439,130600030805,Lower Yeso Creek,0,NM,{66044011-36CB-454C-B027-7C3C0C38ADEE},130600030909,0.280416823,Yes,{C6627CC3-CBA4-4B61-822F-5A8E4F3BA997},2022-10-07
219,931,0,255263,930,Parmer,Texas,48,369,48369,885.2, ,255263,113,930,43940,111201010201,111201010201-Tierra Blanca Creek,0,"NM,TX",{63F8AB30-9EF5-4970-97AC-3AA9120055D2},111201010204,0.26060438,Yes,{3225821D-2A8E-4946-A1A5-978236B36C38},2022-10-07
220,932,1,330554,931,Castro,Texas,48,069,48069,899.3, ,330554,68,931,38084,120500050301,Bethel Church,0,TX,{9408E9DD-5B74-4457-8A7C-F91443412E98},120500050302,0.260783551,Yes,{F0E14D6C-4C2A-47E2-919C-5933BAE2EAD4},2022-10-07
221,933,0,247696,932,Roosevelt,New Mexico,35,041,35041,2454.7, ,247696,78,932,23192,120500010605,120500010605,0,NM,{E42E1BDE-E255-40B0-8D43-DFE72D020222},120500010607,0.31451455,Yes,{5580E54F-5107-4167-9B41-339B75BDB0A4},2022-10-07
222,934,1,331254,933,Hale,Texas,48,189,48189,1004.8, ,331254,25,933,32178,120500020505,120500020505-Blackwater Draw,0,TX,{BC5E5C26-061A-4966-9537-4BC2403B712B},120500020507,0.312582289,Yes,{1513C365-1EE1-424C-8059-E444386A5B9F},2022-10-07
223,935,1,330307,934,Randall,Texas,48,381,48381,922.4, ,330307,105,934,30075,111201030111,South Cita Creek-Cita Creek,0,TX,{68AE63BC-433C-4763-BFBA-7975B518C7DE},111201030112,0.3061504,Yes,{6DF839B0-A5C6-4561-846D-DBEC5FD66673},2022-10-07
224,936,0,254470,935,Deaf Smith,Texas,48,117,48117,1498.3, ,254470,141,935,17241,110901010403,Town of Endee-Trujillo Creek,0,"NM,TX",{3861D4CF-2E06-4E3D-AB56-2575B60F0705},110901010404,0.154814632,Yes,{1C327CF6-55D3-409B-B58B-78BA6E467BC4},2022-10-07
225,937,1,330444,936,Lamb,Texas,48,279,48279,1017.7, ,330444,77,936,39903,120500010805,Silver Lake,0,TX,{9C18D281-948A-4301-902F-504181FCCFFC},120500010906,0.30389339,Yes,{BD547E8A-7857-400E-A33B-DF0D50D35EB9},2022-10-07
226,938,0,255932,937,Bailey,Texas,48,017,48017,827.4, ,255932,97,937,34507,120500010504,Salt Lake,0,"NM,TX",{58704C81-B013-42C3-A4B0-A700B16FF694},CLOSED BASIN,0.203220607,Yes,{D8DE55B1-1D03-4CED-B94F-FAA5226BA672},2022-10-07
227,939,0,247054,938,Lea,New Mexico,35,025,35025,4394, ,247054,173,938,36758,130700070601,Freund Oil Field-Jumbo Hill,0,"NM,TX",{6858D652-8609-48A9-94B7-AB32473788C4},130700070603,0.220246989,Yes,{C49A7D87-3D71-4EEE-9583-114542EA38A1},2022-10-07
228,940,1,330378,939,Lynn,Texas,48,305,48305,893.5, ,330378,99,939,29522,120500040303,Guthrie Lake,0,TX,{4C25EC7E-AD25-4E0B-877C-6183FF327009},CLOSED BASIN,0.364158323,Yes,{315D04FF-932E-4C79-8E1C-B44737A9B1DB},2022-10-07
229,941,1,330840,940,Terry,Texas,48,445,48445,890.9, ,330840,104,940,34056,120800010502,Union School-Lost Draw,0,TX,{D7AC72F6-757B-4BB4-BE19-ACEA413F9A0C},120800010503,0.298635476,Yes,{5EE3921E-2BE9-4295-8593-DF217EC2AE63},2022-10-07
230,942,0,256683,941,Yoakum,Texas,48,501,48501,799.8, ,256683,107,941,31769,120800010401,120800010401,0,"NM,TX",{4DF781C3-3EA4-40BB-BA4B-69BBD3CF3BA3},120800010402,0.15204231,Yes,{36AD043D-7C2E-4B15-9A66-115D234FC055},2022-10-07
231,943,0,247889,942,Eddy,New Mexico,35,015,35015,4197.5, ,247889,127,942,30414,130600110308,Lone Tree Draw,0,NM,{6A72CB25-4254-4B4D-8512-ED82B237608C},130600111008,0.282246121,Yes,{3A409AEE-1FE8-49D6-AA30-01C905D55827},2022-10-07
232,944,1,330392,943,Dawson,Texas,48,115,48115,902.1, ,330392,116,943,20895,120500040306,120500040306,0,TX,{276677D0-52DB-4EDE-8A78-FAD7A7E1DE32},CLOSED BASIN,0.224305317,Yes,{29F3C3E7-38F5-4372-94E2-43BEB279D64F},2022-10-07
233,945,0,256691,944,Gaines,Texas,48,165,48165,1502.8, ,256691,175,944,23443,120800030103,Wardswell Draw,0,"NM,TX",{F4FF2505-6840-4065-B3ED-1DADDC156233},120800030209,0.209079982,Yes,{C987FC50-5E7F-4D1B-ACA0-9EB78D0F6FC6},2022-10-07
234,946,1,330273,945,Martin,Texas,48,317,48317,915.6, ,330273,111,945,21461,120800040907,North Curtis Ranch,0,TX,{4E928A36-90F8-4367-A66F-6F3D26FC136C},120800041003,0.228070179,Yes,{CEEA101E-E2F8-40DB-A902-F6CD461C62FE},2022-10-07
235,947,0,257536,946,Andrews,Texas,48,003,48003,1501, ,257536,155,946,36116,120800040802,Jumbo Tank,0,"NM,TX",{0799A3DE-FF9E-43CA-A1E7-0537F31BC6AA},120800040803,0.102357337,Yes,{95A9D02D-B9BA-4C8D-A8D1-D1BD9BC623D8},2022-10-07
236,956,1,330325,955,Potter,Texas,48,375,48375,922, ,330325,122,955,33076,110901050308,Upper West Amarillo Creek,0,TX,{AF1645A3-6A95-4212-90A7-406FB32062BE},110901050309,0.278410929,Yes,{3A5BD2B2-75CB-46F6-AB30-30F2D3EFD001},2022-10-07
237,957,0,254441,956,Oldham,Texas,48,359,48359,1501.4, ,254441,184,956,20893,110800060909,Martin Draw-Canadian River,0,"NM,TX",{A5535A38-E8F2-4E2A-8A5F-E05B9FB51786},110901010104,0.189244693,Yes,{3932E5C3-3A2C-4DCE-AAC1-0E6D8187A6A3},2022-10-07
238,982,1,154994,981,Morton,Kansas,20,129,20129,729.9, ,154994,8,981,29623,110400020601,110400020601-Cimarron River,0,"CO,KS,OK",{DCF83836-CABB-4950-BD1B-A01FCCA7BA56},110400020602,0.251234602,Yes,{C442F24A-1712-48E1-84D5-B8BC530007FC},2022-10-07
239,986,0,246730,985,Union,New Mexico,35,059,35059,3830.8, ,246730,121,985,25684,110400011003,Sheep Pen Creek,0,"CO,NM",{B32AB130-5D1A-4D99-A0B0-DEF696547A84},110400011005,0.102973018,Yes,{A9C84C5E-5087-4A09-BA08-01946B2F5EB0},2022-10-07
240,989,1,330388,988,Sherman,Texas,48,421,48421,923.2, ,330388,114,988,28327,111001030501,Spurlock Chapel,0,TX,{AEFDA062-FF15-4609-8986-C86288FA4FB2},111001030502,0.278722152,Yes,{63D47A70-A121-4BDA-A673-7D38973DBB49},2022-10-07
241,990,0,254438,989,Dallam,Texas,48,111,48111,1505.3, ,254438,182,989,20060,110901030104,Middle East Rita Blanca Creek,0,"NM,OK,TX",{88F438BE-C971-44C4-9CAF-2AAC9CAFB7B1},110901030105,0.197942936,Yes,{D4A36D4E-B784-4E06-AC53-232606D621F1},2022-10-07
242,991,1,255425,990,Harding,New Mexico,35,021,35021,2125.9, ,255425,17,990,24252,110800070301,Headwaters Del Muerto Creek,0,NM,{167148EC-9A8A-4E80-901C-D80A7CB17A31},110800070303,0.212194273,Yes,{9DBD9C91-3869-4A0F-B91A-244A2FC2F1FE},2022-10-07
243,992,0,254453,991,Hartley,Texas,48,205,48205,1463.2, ,254453,199,991,39721,110901010108,Horse Creek,0,"NM,TX",{60E72F87-3D3A-41FD-9100-0200A2B2B0CD},110901010109,0.259709209,Yes,{9EDE0793-BEA1-43D8-B688-B7878DC460A4},2022-10-07
244,993,1,330353,992,Moore,Texas,48,341,48341,909.6, ,330353,123,992,18798,111001040208,Town of Sunray-South Palo Duro Creek,0,TX,{3E04E08F-CDFF-43C2-B89F-8A6E99492C97},111001040210,0.19677777,Yes,{8383FB30-6771-4895-B626-16B16B570715},2022-10-07
245,998,1,330541,997,Carson,Texas,48,065,48065,924.1, ,330541,110,997,38741,111203010201,City of Groom-McClellan Creek,0,TX,{D069FF24-FA9D-4A79-9191-B1142D842E0D},111203010202,0.332794703,Yes,{BEF2316E-7B91-4C56-BC93-DC5B54B8D1DB},2022-10-07
246,999,1,330387,998,Gray,Texas,48,179,48179,929.3, ,330387,117,998,18026,111203010303,Thut Creek,0,TX,{E38D16AA-D187-4D75-B3E5-F979668C9703},111203010304,0.221771437,Yes,{8E52CCFB-728E-4FD5-A1DA-CB258D60CE21},2022-10-07
247,1000,1,292854,999,Wheeler,Texas,48,483,48483,915.3, ,292854,110,999,36631,111203020107,111203020107-North Fork Red River,0,"OK,TX",{BF7FB427-1C42-426A-97B1-0193AB65ABED},111203020304,0.127240194,Yes,{607E2E2A-5C4A-4749-972C-0962436FC1C5},2022-10-07
248,1001,1,289108,1000,McIntosh,Oklahoma,40,091,40091,712.5, ,289108,117,1000,32965,110902040704,Black Haw Mountain,0,OK,{DE6B77FF-852A-4FCA-9DAF-BFCF9D39AFB6},110902040705,0.316146261,Yes,{3FF210BC-70D3-4049-93AA-8728026C80E9},2022-10-07
249,1002,1,286849,1001,Alfalfa,Oklahoma,40,003,40003,881.4, ,286849,11,1001,44494,110500010609,Outlet Eagle Chief Creek,0,OK,{D4D70C7D-2295-4EFA-B63B-985C66477FFB},110500010707,0.38592006,Yes,{CBA5F473-5972-4EAF-A132-60C218201941},2022-10-07
250,1004,1,287053,1003,Ellis,Oklahoma,40,045,40045,1231.7, ,287053,53,1003,17309,110902010103,110902010103-Cimarron River,0,OK,{468DBA45-A69C-4E5E-8BD5-33187E42505A},110902010110,0.241339622,Yes,{8FC6B758-E878-4771-A163-DD5880EFCFA0},2022-10-07
251,1005,1,286622,1004,Major,Oklahoma,40,093,40093,957.9, ,286622,116,1004,39720,110500010505,Cuddy Creek-West Creek,0,OK,{B31C393F-7C04-4D91-B569-748A97C13726},110500010508,0.301326654,Yes,{CEE5F454-4E36-4452-B458-3656B620DA5E},2022-10-07
252,1006,1,330526,1005,Lipscomb,Texas,48,295,48295,932.2, ,330526,121,1005,25614,111002030401,Upper Ivanhoe Creek,0,"OK,TX",{E5AABD7A-13C0-4EE9-A2AE-F98CD3FEAC9C},111002030402,0.274812105,Yes,{481FD888-2675-44BF-B925-55F58B8F924C},2022-10-07
253,1007,1,330282,1006,Hansford,Texas,48,195,48195,920.4, ,330282,88,1006,25499,111001040215,Lieb Cemetery-South Palo Duro Creek,0,TX,{FEB370AD-3C8D-4BA0-9433-B386EFB4A851},111001040304,0.306648638,Yes,{1AE206EF-3015-441A-8298-FE3575284048},2022-10-07
254,1008,1,330795,1007,Ochiltree,Texas,48,357,48357,918.1, ,330795,114,1007,37308,110901060503,Dugout Creek-Canadian River,0,TX,{30D6ACE3-07A8-40B0-B2C6-D78ADF0EAA16},110901060504,0.255165061,Yes,{712B1FA4-652D-4A23-8BA6-C6F0B16E90C9},2022-10-07
255,1009,1,330507,1008,Roberts,Texas,48,393,48393,924.2, ,330507,111,1008,26408,110901060406,Lower Tallahone Creek,0,TX,{EE77B449-D31A-414E-B9EE-74BEC8F61194},110901060408,0.292212953,Yes,{6824BC58-777E-446E-99C7-4BB33E9503D2},2022-10-07
256,1010,1,288394,1009,Hemphill,Texas,48,211,48211,912.1, ,288394,112,1009,29649,111303010202,Mulberry Draw-Hackberry Creek,0,"OK,TX",{9281FA27-65FB-4293-BD67-17137496D274},111303010204,0.198516295,Yes,{E208EF8F-DDF2-4E79-A380-FADD878D2C20},2022-10-07
257,1011,1,330282,1010,Hutchinson,Texas,48,233,48233,894.9, ,330282,124,1010,25499,111001040215,Lieb Cemetery-South Palo Duro Creek,0,TX,{FEB370AD-3C8D-4BA0-9433-B386EFB4A851},111001040304,0.306648638,Yes,{1AE206EF-3015-441A-8298-FE3575284048},2022-10-07
258,1012,1,286137,1011,Woods,Oklahoma,40,151,40151,1290.1, ,286137,45,1011,14401,110400080611,110400080611-Cimarron River,0,"KS,OK",{A3DB1715-496D-4204-85A3-48A327A2D0E7},110500010305,0.127581013,Yes,{1E860C67-A66D-47C1-95DB-2E0884FA4021},2022-10-07
259,1013,1,286136,1012,Harper,Oklahoma,40,059,40059,1041, ,286136,15,1012,14401,110400080611,110400080611-Cimarron River,0,"KS,OK",{A3DB1715-496D-4204-85A3-48A327A2D0E7},110500010305,0.066778265,Yes,{726C0AB1-8954-49FE-8511-7323692F426E},2022-10-07
260,1014,1,286432,1013,Woodward,Oklahoma,40,153,40153,1246, ,286432,63,1013,29978,110500010205,Elm Creek-Buffalo Creek,0,OK,{6AE11CCE-3E12-4C09-9A4E-2FF5A2103E6C},110500010306,0.309345231,Yes,{7BF99679-D14C-4961-8922-88A114122CCD},2022-10-07
261,1015,1,286881,1014,Blaine,Oklahoma,40,011,40011,938.9, ,286881,142,1014,36034,110500020101,Sand Creek,0,OK,{A5035796-71B7-4BC0-9654-D8A004775BD7},110500020106,0.337557612,Yes,{402FDAF0-C395-47C5-A997-35BE47CE754B},2022-10-07
262,1016,1,289477,1015,Dewey,Oklahoma,40,043,40043,1008.3, ,289477,132,1015,30428,110902010305,Turkey Creek,0,OK,{AC7FA72D-5AF4-4FAA-A254-D7508831697C},110902010309,0.29246666,Yes,{9F43263E-AF1C-4267-B245-93F8AD37C089},2022-10-07
263,1017,1,287053,1016,Roger Mills,Oklahoma,40,129,40129,1146.6, ,287053,87,1016,17309,110902010103,110902010103-Cimarron River,0,OK,{468DBA45-A69C-4E5E-8BD5-33187E42505A},110902010110,0.241339622,Yes,{8FC6B758-E878-4771-A163-DD5880EFCFA0},2022-10-07
264,1018,1,289872,1017,Custer,Oklahoma,40,039,40039,1002, ,289872,131,1017,42504,110902010506,Rough Creek-Canadian River,0,OK,{D2BDD4D9-4B01-4FA2-8A57-CCB452F5DA97},110902010507,0.347528526,Yes,{6D74779E-7F3E-4441-A20D-EC1778FC807E},2022-10-07
265,1045,1,154506,1044,Linn,Kansas,20,107,20107,606.3, ,154506,11,1044,33897,102901030101,Middle Fork Little Osage River-Little Osage River,0,KS,{483CAC23-3E69-4E0E-9426-7783A6570F4F},102901030102,0.287873724,Yes,{9E91494A-9B89-4CB0-ACF2-68F5F9E14B71},2022-10-07
266,1049,1,154506,1048,Bourbon,Kansas,20,011,20011,638.8, ,154506,19,1048,33897,102901030101,Middle Fork Little Osage River-Little Osage River,0,KS,{483CAC23-3E69-4E0E-9426-7783A6570F4F},102901030102,0.287873724,Yes,{9E91494A-9B89-4CB0-ACF2-68F5F9E14B71},2022-10-07
267,1053,1,154950,1052,Cherokee,Kansas,20,021,20021,591, ,154950,35,1052,21822,110702071001,Fivemile Creek,0,"KS,MO,OK",{7950F915-81F8-4EC5-89C6-D5B685CD86D5},110702071002,0.146829186,Yes,{14C17269-9628-441E-BF93-02A77DCBCFD3},2022-10-07
268,1055,1,154737,1054,Cowley,Kansas,20,035,20035,1132.6, ,154737,27,1054,34098,110701060106,Headwaters Rock Creek,0,"KS,OK",{EACB3FDE-D5A8-4C2E-9D8E-D99DA40D71E9},110701060107,0.217066941,Yes,{99926FAE-9AFA-4E32-84A1-86F051A1CEE3},2022-10-07
269,1061,1,154506,1060,Anderson,Kansas,20,003,20003,584.3, ,154506,4,1060,33897,102901030101,Middle Fork Little Osage River-Little Osage River,0,KS,{483CAC23-3E69-4E0E-9426-7783A6570F4F},102901030102,0.287873724,Yes,{9E91494A-9B89-4CB0-ACF2-68F5F9E14B71},2022-10-07
270,1063,1,154506,1062,Allen,Kansas,20,001,20001,505.2, ,154506,6,1062,33897,102901030101,Middle Fork Little Osage River-Little Osage River,0,KS,{483CAC23-3E69-4E0E-9426-7783A6570F4F},102901030102,0.287873724,Yes,{9E91494A-9B89-4CB0-ACF2-68F5F9E14B71},2022-10-07
271,1067,1,154613,1066,Montgomery,Kansas,20,125,20125,651.4, ,154613,32,1066,22056,110701030206,Lower Onion Creek,0,"KS,OK",{42888BE5-18AC-4280-86B8-36D1D2DA6C3F},110701030207,0.239904942,Yes,{D93A10C8-6530-49EE-9A0C-846A33B1CCD5},2022-10-07
272,1068,1,154569,1067,Labette,Kansas,20,099,20099,653.3, ,154569,31,1067,22926,110702050505,Turkey Creek-Labette Creek,0,"KS,OK",{E9D8B976-BCE4-4951-A3D0-02B0CAA03DF2},110702050605,0.322175148,Yes,{D5AC74EB-844F-417A-94F8-A11842F80B85},2022-10-07
273,1069,1,154687,1068,Chautauqua,Kansas,20,019,20019,644.8, ,154687,60,1068,23623,110701060303,Lower Middle Caney Creek,0,KS,{734A7FC7-FB24-419A-B80E-5F8730E987A2},110701060405,0.243649606,Yes,{1535FB44-5060-4BAD-BE6C-8E0E2956A95B},2022-10-07
274,1070,1,202129,1069,Ottawa,Oklahoma,40,115,40115,484.7, ,202129,76,1069,35034,110702080506,Carr Branch-Elk River,0,"MO,OK",{AF0B02C3-DCEB-4694-B9C4-26B348D54C0B},110702060401,0.128692397,Yes,{F278757A-226D-4940-B04E-9629600EA442},2022-10-07
275,1071,1,154737,1070,Osage,Oklahoma,40,113,40113,2303.8, ,154737,307,1070,34098,110701060106,Headwaters Rock Creek,0,"KS,OK",{EACB3FDE-D5A8-4C2E-9D8E-D99DA40D71E9},110701060107,0.217066941,Yes,{99926FAE-9AFA-4E32-84A1-86F051A1CEE3},2022-10-07
276,1072,1,74197,1071,Delaware,Oklahoma,40,041,40041,792.3, ,74197,109,1071,24564,111101030503,Middle Flint Creek,0,"AR,OK",{95D653D4-DA52-4F64-B893-3FEEEE5AC94E},111101030504,0.154299872,Yes,{6FDF676C-5A2A-40CD-8C82-F75BB054770C},2022-10-07
277,1073,1,286508,1072,Rogers,Oklahoma,40,131,40131,711.8, ,286508,37,1072,39025,110701070403,Mingo Creek,0,OK,{CD9D7CD9-C0B0-4E94-9533-A68718B9BF19},110701070405,0.334414882,Yes,{AEA6CC25-691B-4EC7-81BF-F0AC10AAA8C8},2022-10-07
278,1074,1,287406,1073,Pawnee,Oklahoma,40,117,40117,594.9, ,287406,100,1073,17094,110600060204,Coon Creek-Red Rock Creek,0,OK,{9D7F27EB-AD6E-475D-AFD2-5BB1001869A5},110600060604,0.183816064,Yes,{70C7C99F-36C8-420B-8805-2044C8D9F112},2022-10-07
279,1075,1,286681,1074,Mayes,Oklahoma,40,097,40097,683.5, ,286681,49,1074,24058,110702060406,Pensacola Dam-Lake O' The Cherokees,0,OK,{7FDC3C38-8B0F-4B22-8C8B-94C675D6DA67},110702090503,0.216085326,Yes,{D2C08099-2D78-455E-A946-343F5249E127},2022-10-07
280,1076,1,286489,1075,Tulsa,Oklahoma,40,143,40143,587, ,286489,55,1075,24455,110701070306,Skalall Creek-Bird Creek,0,OK,{DA2B9A95-300A-43AC-BA53-BF68214F95F2},110701070307,0.242992375,Yes,{24BC4D8B-9E40-4D52-A016-E70C65F98B89},2022-10-07
281,1077,1,287513,1076,Payne,Oklahoma,40,119,40119,697.1, ,287513,70,1076,28637,110600060501,Long Branch,0,OK,{C5EDD7E5-1D08-49B4-BD12-57605D24AE35},110600060502,0.306007821,Yes,{237B5CBC-50C6-44E3-BE17-BCCBEA7290D9},2022-10-07
282,1078,1,287086,1077,Kingfisher,Oklahoma,40,073,40073,905.9, ,287086,61,1077,17364,110500020206,Middle Salt Creek,0,OK,{AB1F7090-8ADF-4AFE-853A-6952BC4B78F9},110500020207,0.223870586,Yes,{05FA485B-4AF5-4D44-81BD-3F6A7F90707F},2022-10-07
283,1079,1,287650,1078,Logan,Oklahoma,40,083,40083,748.8, ,287650,104,1078,31272,110500020809,Lower Cottonwood Creek,0,OK,{8FEEFE55-559D-4A7A-9D0F-2FA7375A0148},110500020810,0.307436548,Yes,{4E036CF7-473B-4D76-BAF5-5C978A168099},2022-10-07
284,1080,1,288062,1079,Lincoln,Oklahoma,40,081,40081,965.6, ,288062,100,1079,32030,110500030207,Walnut Creek-Cimarron River,0,OK,{C82082AB-C369-4A33-86C1-8E93ACD14738},110500030208,0.27964694,Yes,{9EB92E6E-32B6-44CB-A613-346295B72B84},2022-10-07
285,1081,1,287429,1080,Canadian,Oklahoma,40,017,40017,905.4, ,287429,48,1080,18067,110500020704,110500020704 Unnamed Tributary,0,OK,{04ADDDD3-0D8A-48CF-AC33-277E7C97ECBD},110500020705,0.250814281,Yes,{03CEE72E-3FC2-4497-B3AB-01D584EC50D8},2022-10-07
286,1082,1,287650,1081,Oklahoma,Oklahoma,40,109,40109,718.4, ,287650,30,1081,31272,110500020809,Lower Cottonwood Creek,0,OK,{8FEEFE55-559D-4A7A-9D0F-2FA7375A0148},110500020810,0.307436548,Yes,{4E036CF7-473B-4D76-BAF5-5C978A168099},2022-10-07
287,1083,1,158158,1082,Kay,Oklahoma,40,071,40071,945.1, ,158158,55,1082,30828,110600010401,Chilocco Creek,0,"KS,OK",{31417771-674A-4687-A6BD-42C1633D2A96},110600010403,0.363181233,Yes,{B475433C-FDFF-406F-9FD5-BD0D3289F3F6},2022-10-07
288,1085,1,286453,1084,Noble,Oklahoma,40,103,40103,742.4, ,286453,49,1084,17022,110600010504,City of Ponca City-Arkansas River,0,OK,{479A1E90-A68D-41EE-A0A2-D628F103B0F6},110600060601,0.211225989,Yes,{77EBD250-0638-4F25-BA0F-0C16CAA1D983},2022-10-07
289,1086,1,287160,1085,Garfield,Oklahoma,40,047,40047,1059.9, ,287160,42,1085,25235,110500020308,110500020309-Cimarron River,0,OK,{6F109563-D11D-41E2-80BC-194B8A924CE7},110500020502,0.288249021,Yes,{46FCCB80-DA5A-46E2-9D6C-1F21BCFBAB04},2022-10-07
290,1087,1,155090,1086,Craig,Oklahoma,40,035,40035,762.7, ,155090,71,1086,17337,110702050605,Town Creek-Neosho River,0,"KS,OK",{F8B6D7A6-2F1E-4267-A2E8-84EB8175EBCD},110702060102,0.183064718,Yes,{759A3F54-04CB-464F-9CA4-BDDF082D89F6},2022-10-07
291,1088,1,155442,1087,Nowata,Oklahoma,40,105,40105,580.9, ,155442,53,1087,28384,110701030205,Middle Onion Creek,0,"KS,OK",{D5B6067C-7D8E-4D1A-B21E-9DAF70A5C453},110701030206,0.256415395,Yes,{56697E1A-CA23-4A5C-8006-67236F347357},2022-10-07
292,1089,1,155540,1088,Washington,Oklahoma,40,147,40147,424.2, ,155540,71,1088,33290,110701030303,Opossum Creek,0,"KS,OK",{29B2977B-1503-443D-9F02-8258AE278B66},110701030305,0.220600478,Yes,{0BD5233E-663F-4248-970F-707C667D1B6D},2022-10-07
293,1090,1,286982,1089,Cherokee,Oklahoma,40,021,40021,776.4, ,286982,85,1089,33605,110702090602,Upper Spring Creek,0,OK,{2BC58FA5-96FD-433C-B13B-9BDC86111537},110702090603,0.309316485,Yes,{E8EDAF85-4E5A-4710-A958-6C9DAD1799F5},2022-10-07
294,1091,1,288134,1090,Creek,Oklahoma,40,037,40037,969.8, ,288134,143,1090,35373,110500030302,Lower Turkey Creek,0,OK,{C33B8010-FEB4-4F30-B503-3708C7CFCCD4},110500030503,0.295458339,Yes,{73D61A0A-A006-4EDD-8055-D21A79F41901},2022-10-07
295,1092,1,287014,1091,Wagoner,Oklahoma,40,145,40145,590.7, ,287014,58,1091,23263,110702090801,Flat Rock Creek,0,OK,{D4A79890-30B4-4989-9231-039496F12801},110702090803,0.209164784,Yes,{982831C6-F7E6-4D7E-9DB6-8FB403BE7E6F},2022-10-07
296,1093,1,287049,1092,Muskogee,Oklahoma,40,101,40101,839, ,287049,120,1092,16872,110702090810,Flower Creek-Neosho River,0,OK,{7C8E827C-F5E0-4121-B3B6-34D6BA2AE843},111101020307,0.165790072,Yes,{0230CC2C-90C4-4D74-B899-0213341F0754},2022-10-07
297,1094,1,288530,1093,Okmulgee,Oklahoma,40,111,40111,702.3, ,288530,126,1093,17669,111101010201,Middle Duck Creek,0,OK,{93565726-4271-4DAF-A492-50035D94C03E},111101010203,0.20429153,Yes,{6129BB2A-D7AE-40B4-9D75-D7E9ECE03307},2022-10-07
298,1095,1,289575,1094,Okfuskee,Oklahoma,40,107,40107,628.8, ,289575,108,1094,23090,111003020501,Upper Little  Wewoka Creek,0,OK,{B8E7CE08-4DFA-4656-825A-423D3F0A6F84},111003020502,0.254030931,Yes,{47567739-903A-47DD-8BBA-2731886C5C62},2022-10-07
299,1096,1,290264,1095,Caddo,Oklahoma,40,015,40015,1290.3, ,290264,172,1095,21389,110902010609,Town of Hydro-Deer Creek,0,OK,{7C1FBF1C-281D-4F73-A62E-BDEF27A96335},110902010610,0.223770109,Yes,{3BCC863B-1845-41A4-B70F-A111689AC341},2022-10-07
300,1097,1,288552,1096,Beckham,Oklahoma,40,009,40009,904.1, ,288552,52,1096,26068,111203020303,Little Turkey Creek,0,OK,{2AC426B8-B672-4AC9-87FC-A1D69DF29640},111203020307,0.370147725,Yes,{FDFC28D5-396B-4D54-9540-701C287B30D0},2022-10-07
301,1098,1,288923,1097,Washita,Oklahoma,40,149,40149,1009.1, ,288923,46,1097,10973,111203020408,111203020408 Unnamed Tributary,0,OK,{47D97407-76F3-4D77-ADFF-E8704EFE4110},111203020410,0.187975413,Yes,{703102D7-9D57-41B3-84D3-205E5D3C14B1},2022-10-07
302,1099,1,288864,1098,Pottawatomie,Oklahoma,40,125,40125,793.3, ,288864,86,1098,29525,111003020201,Horseshoe Lake-North Canadian River,0,OK,{917DF3BC-0230-480C-A70A-49BB083B3200},111003020204,0.260753248,Yes,{3691DC55-D072-46CA-99DC-8469843A3A7E},2022-10-07
303,1100,1,289100,1099,Haskell,Oklahoma,40,061,40061,625.3, ,289100,109,1099,22518,110902040702,Upper Longtown Creek,0,OK,{9E388E1C-A518-469D-BF94-C875479EC3FE},110902040703,0.290248067,Yes,{244EB0BA-4DB0-483B-A450-5FF633390583},2022-10-07
304,1101,1,289185,1100,Seminole,Oklahoma,40,133,40133,640.7, ,289185,97,1100,26465,111003020303,Painter Creek-North Canadian River,0,OK,{667FAA77-86ED-477B-8405-68A92E99606D},111003020305,0.236593502,Yes,{6208EF32-2079-44E3-9A00-9E2125AEBDFD},2022-10-07
305,1102,1,74084,1101,McCurtain,Oklahoma,40,089,40089,1901.3, ,74084,284,1101,16683,111401090202,Cane Creek,0,"AR,OK",{6CCC109E-927F-4AA7-BDAE-FC9F66B4B2CC},111401090204,0.192726793,Yes,{01D09EFF-06FA-43B8-B94A-51FE82BF1D33},2022-10-07
306,1103,1,293466,1102,Clay,Texas,48,077,48077,1116.2, ,293466,148,1102,16441,111301020305,McFarland Springs-Red River,0,"OK,TX",{5166066F-826F-4B05-8C5E-F716A41A9DB3},111301020306,0.184889922,Yes,{4CEDA250-579E-435C-9C4B-FC104E2B2D57},2022-10-07
307,1104,1,293774,1103,Montague,Texas,48,337,48337,938.4, ,293774,137,1103,34330,111302010211,Fleetwood Creek-Red River,0,"OK,TX",{EBE2E267-1130-4F43-A509-671A6FB37405},111302010502,0.226354398,Yes,{2BC0F298-52D6-4454-B4C4-46325C793C1B},2022-10-07
308,1105,1,288756,1104,Red River,Texas,48,387,48387,1057.6, ,288756,143,1104,14569,111401010809,Town of Frogville-Red River,0,"OK,TX",{549D19DD-8A43-4A02-ADFF-EAF3DADD3C2F},111401060108,0.145682687,Yes,{C9763598-4B18-4B38-A392-3AE014921890},2022-10-07
309,1106,1,288379,1105,Grayson,Texas,48,181,48181,978.6, ,288379,148,1105,26947,111302100304,Delaware Bend-Red River,0,"OK,TX",{8DC3A17F-90F0-4973-B398-65EAD826FD77},111302100305,0.179743857,Yes,{D01EC91B-D733-40EB-B3F9-AF57CB5CDEF6},2022-10-07
310,1107,1,288363,1106,Cooke,Texas,48,097,48097,898.7, ,288363,151,1106,35240,111302010708,Fish Creek-Red River,0,"OK,TX",{88245418-F5AB-4481-8C4F-29C98412BEAE},111302100202,0.099304106,Yes,{4100643A-E599-43FD-AD41-42CB754E7F6E},2022-10-07
311,1108,1,288736,1107,Lamar,Texas,48,277,48277,932.5, ,288736,128,1107,16771,111401010801,Oberlin Lake-Red River,0,"OK,TX",{036358AD-79D1-42A0-A925-7148D2932D89},111401010804,0.092071676,Yes,{DCE93510-9A4D-4943-9BE3-DECFB6DD516C},2022-10-07
312,1109,1,288415,1108,Fannin,Texas,48,147,48147,899.2, ,288415,126,1108,15785,111401010304,Lower Island Bayou Creek,0,"OK,TX",{F4553826-84CC-496E-AE06-2C2069B8659A},111401010405,0.233421644,Yes,{0B5394FC-3F27-4C2F-A978-E79CDBFED301},2022-10-07
313,1110,1,330386,1109,King,Texas,48,269,48269,913.3, ,330386,105,1109,38929,111302040104,Willow Creek-North Wichita River,0,TX,{9A6D2762-18D1-4824-99BD-6C0052CA03DE},111302040108,0.30122654,Yes,{A5791E9D-1590-47F9-BACA-056DC6BEF6FD},2022-10-07
314,1111,1,330480,1110,Dickens,Texas,48,125,48125,905.2, ,330480,111,1110,20769,111301040206,Roaring Spring-Tongue River,0,TX,{DFC88CF7-F69C-4A70-9E48-13BE9F77F1A1},111301040210,0.238408863,Yes,{0583912C-8CE0-48F9-A725-5D4992DEFBCB},2022-10-07
315,1112,1,330374,1111,Crosby,Texas,48,107,48107,901.7, ,330374,101,1111,39863,120500060503,Blue Hole Creek-Sand Creek,0,TX,{414260B2-5248-43AC-BBC1-CB1321EB6405},120500060505,0.345591633,Yes,{5329DC44-A11E-4FDD-8C43-EDD30BEFC0C4},2022-10-07
316,1113,1,330363,1112,Archer,Texas,48,009,48009,925.8, ,330363,112,1112,27162,111302090501,Upper Lake Creek,0,TX,{4A100BEF-1B49-428F-9E45-9D5576B2F001},111302090502,0.269879395,Yes,{8DF30528-3FA9-4A79-B005-1AB2B369A75D},2022-10-07
317,1114,1,330281,1113,Knox,Texas,48,275,48275,855.4, ,330281,102,1113,33043,120601010506,Mexican Creek-Millers Creek,0,TX,{16E83FF2-F283-454E-AD0D-1CE7E91DB4F8},120601010507,0.249894837,Yes,{7873B780-5C67-4BD5-9B84-945130C494E2},2022-10-07
318,1115,1,330281,1114,Baylor,Texas,48,023,48023,901, ,330281,112,1114,33043,120601010506,Mexican Creek-Millers Creek,0,TX,{16E83FF2-F283-454E-AD0D-1CE7E91DB4F8},120601010507,0.249894837,Yes,{7873B780-5C67-4BD5-9B84-945130C494E2},2022-10-07
319,1116,1,330953,1115,Erath,Texas,48,143,48143,1089.8, ,330953,134,1115,26138,120702010206,Upper Armstrong Creek,0,TX,{BEA3132E-9D5F-45F2-8CD3-D93BE5075EA0},120702010207,0.300638622,Yes,{891F09C2-8F02-4EB5-BFB3-BBCFF92CDF6B},2022-10-07
320,1117,1,330358,1116,Navarro,Texas,48,349,48349,1086.3, ,330358,161,1116,12306,120301080404,Crab Creek,0,TX,{97757E19-CFD0-4C00-9D67-9C54C2AC501E},120301080405,0.146186531,Yes,{ED3505F2-2E9E-4345-801C-6F29A3CEFFE3},2022-10-07
321,1118,1,330338,1117,Palo Pinto,Texas,48,363,48363,985.8, ,330338,133,1117,11296,120602010808,Lower Barton Creek,0,TX,{A86D3C09-84BC-45C8-B80C-EC3ABF5725CF},120602010809,0.18637554,Yes,{A1582DDA-BFA7-4597-8860-153122415CD4},2022-10-07
322,1119,1,330642,1118,Shackelford,Texas,48,417,48417,915.5, ,330642,115,1118,22721,120601040107,Murphy Creek-Foyle Creek,0,TX,{2A38A565-AA51-4D7A-83FE-4C85CEFC81CC},120601040202,0.232222182,Yes,{8FC90F4A-4EBA-4D8C-A4D3-B1813AA91C99},2022-10-07
323,1120,1,330886,1119,Jones,Texas,48,253,48253,937.1, ,330886,114,1119,26902,120601020803,Middle Deadman Creek,0,TX,{CEDF3700-E6D6-4E33-8326-69B66DFB1AE3},120601020806,0.237786993,Yes,{1DEA1332-2C13-4E6E-B5FA-107C2942546A},2022-10-07
324,1121,1,330452,1120,Fisher,Texas,48,151,48151,901.7, ,330452,103,1120,20952,120601020106,Outlet Cottonwood Creek,0,TX,{7FBF1A32-40D5-4856-B853-BBDA192C7556},120601020402,0.242270064,Yes,{45FF3204-2AAD-4457-B6C8-9510FD9EC2F8},2022-10-07
325,1122,1,330449,1121,Scurry,Texas,48,415,48415,907.5, ,330449,106,1121,34340,120800020705,Canyon Creek,0,TX,{54BC3BF9-3EFB-47E6-BCF1-64BC427EE094},120800020706,0.267480082,Yes,{CAD2EC6E-CC69-4119-AE74-50116B5B0EBF},2022-10-07
326,1123,1,330342,1122,Borden,Texas,48,033,48033,906, ,330342,101,1122,34196,120800020501,Salt Draw-Bull Creek,0,TX,{B82FC7E0-2D79-44E9-B8E4-57EA881A2BAC},120800020502,0.259181849,Yes,{E8753E56-1FAC-46F1-8FD6-D0FB381F41F7},2022-10-07
327,1124,1,330321,1123,Stephens,Texas,48,429,48429,921.5, ,330321,123,1123,39686,120601050502,Upper Gunsolus Creek,0,TX,{16554D13-6689-495F-924A-E0D17B4C6D3B},120601050503,0.329059635,Yes,{5403C113-49F3-4CFB-BEEB-9366B2DC2132},2022-10-07
328,1125,1,330276,1124,Taylor,Texas,48,441,48441,919.3, ,330276,109,1124,36580,120601020502,Upper Mulberry Creek,0,TX,{05004BA6-6720-4077-B81A-E359B9CB3FD4},120601020504,0.306993586,Yes,{C24CE490-7113-451C-AD1B-85CAD01DB0EC},2022-10-07
329,1126,1,330288,1125,Howard,Texas,48,227,48227,904.2, ,330288,106,1125,16352,120800070105,Powell Creek,0,TX,{AF66B130-48F0-4223-B324-0F224624BC75},120800070106,0.192081329,Yes,{A736EC9A-CC59-41EE-AD5A-86400170182F},2022-10-07
330,1127,1,330286,1126,Mitchell,Texas,48,335,48335,915.9, ,330286,115,1126,25597,120800080103,Middle Big Silver Creek,0,TX,{FA7CCB76-1998-4522-B77D-A8F87718BE19},120800080104,0.277697168,Yes,{089923CB-F7D3-4632-9779-E54D5C373DDD},2022-10-07
331,1128,1,330276,1127,Nolan,Texas,48,353,48353,913.9, ,330276,115,1127,36580,120601020502,Upper Mulberry Creek,0,TX,{05004BA6-6720-4077-B81A-E359B9CB3FD4},120601020504,0.306993586,Yes,{C24CE490-7113-451C-AD1B-85CAD01DB0EC},2022-10-07
332,1129,1,330371,1128,Kent,Texas,48,263,48263,902.9, ,330371,136,1128,21429,120500070409,West Prong Duck Creek,0,TX,{7A312A13-E9FC-477B-84C3-2F689EC83B9B},120500070410,0.207251833,Yes,{1744A618-DD19-4149-9915-8D612741A67A},2022-10-07
333,1130,1,330548,1129,Stonewall,Texas,48,433,48433,920.2, ,330548,107,1129,24955,120500040807,Moore Creek-Double Mountain Fork Brazos River,0,TX,{C14FCD22-52F3-4EDC-873A-3D028EE5AE38},120500040901,0.273130624,Yes,{168C140D-54AD-4EC6-9968-E87D092B1B38},2022-10-07
334,1131,1,330859,1130,Garza,Texas,48,169,48169,896.2, ,330859,107,1130,25751,120500070107,Hensley Draw-Salt Fork Brazos River,0,TX,{BE521F32-453A-4434-9829-E7349F183000},120500070108,0.238832319,Yes,{C0CB3E49-5BEC-4AF6-BC04-F77F05374710},2022-10-07
335,1132,1,330298,1131,Haskell,Texas,48,207,48207,910.3, ,330298,103,1131,11047,120601030204,Little Timber Creek,0,TX,{A115037B-F95B-4F7F-A524-72C728C954BA},120601030205,0.136728823,Yes,{6BD683E1-D399-4354-A029-02501ECEC0EC},2022-10-07
336,1133,1,330277,1132,Throckmorton,Texas,48,447,48447,915.5, ,330277,107,1132,29899,120601010704,Bush Knob Creek,0,TX,{71A06B6C-ED5C-4C1D-8161-1AF3460E6E68},120601010706,0.269910621,Yes,{90F1390C-566F-46E1-AD4A-FF5CD07E28B7},2022-10-07
337,1134,1,330544,1133,Young,Texas,48,503,48503,930.8, ,330544,119,1133,39843,120301010103,Dead Horse Creek-Brushy Creek,0,TX,{608B58ED-F087-4D90-8053-9C3347D49CD1},120301010107,0.376783148,Yes,{C1E78F68-EAB2-4FEE-8DFA-2D2EB0E948F5},2022-10-07
338,1135,1,330321,1134,Eastland,Texas,48,133,48133,931.9, ,330321,117,1134,39686,120601050502,Upper Gunsolus Creek,0,TX,{16554D13-6689-495F-924A-E0D17B4C6D3B},120601050503,0.329059635,Yes,{5403C113-49F3-4CFB-BEEB-9366B2DC2132},2022-10-07
339,1136,1,330464,1135,Callahan,Texas,48,059,48059,901.3, ,330464,112,1135,34978,120901070103,Upper South Prong Pecan Bayou,0,TX,{EBAFD440-78A1-413E-A920-4669297DD1E9},120901070104,0.253269439,Yes,{27E84BDB-8D5D-4B83-B70C-365B46CF66FE},2022-10-07
340,1137,1,288590,1136,Comanche,Oklahoma,40,031,40031,1083.8, ,288590,179,1136,11998,111302030507,111302030607-West Cache Creek,0,OK,{B9A3A63A-5C84-4FF5-8BE3-DAE53DF08C86},111302030607,0.176140332,Yes,{9EB62A0C-8B9A-4BD1-85A9-94C9848FF406},2022-10-07
341,1138,1,289640,1137,Jackson,Oklahoma,40,065,40065,803.9, ,289640,98,1137,29369,111203030204,Comeback Mountain.-Elk Creek,0,OK,{2E99D0DD-7498-4614-B9F2-DFF40DB63DC4},111203030404,0.332117584,Yes,{71A45E42-05C3-4FB1-A6E4-20EC0EE55097},2022-10-07
342,1139,1,330831,1138,Swisher,Texas,48,437,48437,900.7, ,330831,89,1138,27317,111201040503,111201040503-Tule Creek,0,TX,{511F631B-76A7-4218-8D6E-AAC603E1A0C9},111201040504,0.226675852,Yes,{12497000-2133-42B3-A415-0BA2EA3D749A},2022-10-07
343,1140,1,330500,1139,Briscoe,Texas,48,045,48045,901.6, ,330500,119,1139,26559,111301030105,Middle Los Lingos Creek,0,TX,{719591A2-20D0-426C-A1B2-CAE0E208CA09},111301030106,0.252532139,Yes,{34BB24FD-DDA9-4FEB-9177-DBDA30B0F37E},2022-10-07
344,1141,1,292849,1140,Childress,Texas,48,075,48075,713.6, ,292849,85,1140,16850,111201050407,Soilders Creek-Buck Creek,0,"OK,TX",{B3A18D2A-2B69-408C-A3D8-BF448567FA73},111201050503,0.164415319,Yes,{3DA1A94B-FF03-4E6F-B39C-6BCDCC51D349},2022-10-07
345,1142,1,330397,1141,Hall,Texas,48,191,48191,904.1, ,330397,104,1141,29581,111201050205,Lower Indian Creek,0,TX,{0B3ADB92-242F-44B9-903B-B737813720ED},111201050206,0.244031306,Yes,{02BD6922-329D-45AF-B2B0-554850325967},2022-10-07
346,1143,1,288610,1142,Tillman,Oklahoma,40,141,40141,879.4, ,288610,87,1142,18131,111302030605,Upper Spring Creek,0,OK,{A03BE4B5-69F7-4441-861F-004702E89C8A},111302030607,0.188377234,Yes,{E27B6CD3-7D7C-406C-87DB-35AD97A19C29},2022-10-07
347,1144,1,292851,1143,Hardeman,Texas,48,197,48197,697, ,292851,90,1143,30816,111201050503,Parrie Dog Town Fork-Red River,0,"OK,TX",{E2D8D3E3-99A4-4B27-A29E-FAE69305E2F2},111301010201,0.1212381,Yes,{9BD9B386-A028-4D97-B4AB-3E800459E3F1},2022-10-07
348,1145,1,330480,1144,Motley,Texas,48,345,48345,989.8, ,330480,125,1144,20769,111301040206,Roaring Spring-Tongue River,0,TX,{DFC88CF7-F69C-4A70-9E48-13BE9F77F1A1},111301040210,0.238408863,Yes,{0583912C-8CE0-48F9-A725-5D4992DEFBCB},2022-10-07
349,1146,1,330386,1145,Cottle,Texas,48,101,48101,901.6, ,330386,113,1145,38929,111302040104,Willow Creek-North Wichita River,0,TX,{9A6D2762-18D1-4824-99BD-6C0052CA03DE},111302040108,0.30122654,Yes,{A5791E9D-1590-47F9-BACA-056DC6BEF6FD},2022-10-07
350,1147,1,330549,1146,Floyd,Texas,48,153,48153,992.5, ,330549,107,1146,19945,111301040102,Cedar Hill,0,TX,{0613E0CB-557F-4409-8F6D-3C69B04733B5},CLOSED BASIN,0.216590932,Yes,{9B905A27-C81D-4C25-A1AC-F08EBFB91D62},2022-10-07
351,1148,1,330307,1147,Armstrong,Texas,48,011,48011,913.8, ,330307,101,1147,30075,111201030111,South Cita Creek-Cita Creek,0,TX,{68AE63BC-433C-4763-BFBA-7975B518C7DE},111201030112,0.3061504,Yes,{6DF839B0-A5C6-4561-846D-DBEC5FD66673},2022-10-07
352,1149,1,293139,1148,Collingsworth,Texas,48,087,48087,919.4, ,293139,117,1148,20437,111203040108,Lower North Elm Creek,0,"OK,TX",{5EB742A4-6568-4539-9A48-B933E5048459},111203040109,0.084587949,Yes,{0FA6F2E8-6938-4354-A7BF-AB046A5D99E2},2022-10-07
353,1150,1,330808,1149,Donley,Texas,48,129,48129,933, ,330808,124,1149,38267,111201030604,Betty Creek-Mulberry Creek,0,TX,{EAFDEEDE-71DE-4318-A170-E3C71E2EAF81},111201030606,0.367555013,Yes,{7F8640B4-BD00-4555-9928-1F65860051EA},2022-10-07
354,1151,1,288923,1150,Kiowa,Oklahoma,40,075,40075,1030.6, ,288923,69,1150,10973,111203020408,111203020408 Unnamed Tributary,0,OK,{47D97407-76F3-4D77-ADFF-E8704EFE4110},111203020410,0.187975413,Yes,{703102D7-9D57-41B3-84D3-205E5D3C14B1},2022-10-07
355,1152,1,288915,1151,Greer,Oklahoma,40,055,40055,643.7, ,288915,49,1151,24685,111203020406,Boggy Creek-North Fork Red River,0,OK,{57F75D12-5632-4A10-883E-315164322163},111203020409,0.246852775,Yes,{B95CBEAC-3FF4-4A15-BC8C-7150896E4704},2022-10-07
356,1153,1,290408,1152,Harmon,Oklahoma,40,057,40057,538.6, ,290408,69,1152,12038,111203040201,Bull Creek,0,OK,{4654A4D4-D319-48C8-8540-971B19A183F2},111203040204,0.221086527,Yes,{7139E81A-6C07-4CC4-B931-26181D8B44D9},2022-10-07
357,1154,1,288611,1153,Cotton,Oklahoma,40,033,40033,641.9, ,288611,124,1153,18131,111302030605,Upper Spring Creek,0,OK,{A03BE4B5-69F7-4441-861F-004702E89C8A},111302030607,0.192184146,Yes,{D7DFD9D9-6AE1-44A7-A23C-92BB913E0F48},2022-10-07
358,1155,1,293161,1154,Wilbarger,Texas,48,487,48487,978.1, ,293161,132,1154,33758,111301010602,Ayers Island-Red River,0,"OK,TX",{E0E4E047-1CBD-42C0-AF2C-4FF8132E8149},111301010604,0.189019297,Yes,{035899FE-E340-4818-AA5B-FB057D553F75},2022-10-07
359,1156,1,330471,1155,Foard,Texas,48,155,48155,707.7, ,330471,92,1155,26917,111302040207,Blue Hole Creek,0,TX,{A71407BE-9709-4069-BA9E-0D65DEE6139E},111302040208,0.288925954,Yes,{AFC40020-C74A-431F-A4C7-90E2AB15EB31},2022-10-07
360,1157,1,293451,1156,Wichita,Texas,48,485,48485,633, ,293451,86,1156,21715,111301020205,Augur Creek-Red River,0,"OK,TX",{CA484587-5A24-45C1-A80A-7B2B569E1145},111301020206,0.189139567,Yes,{E816B5FE-AB7C-4B8F-848F-13323A2D0974},2022-10-07
361,1158,1,288868,1157,Cleveland,Oklahoma,40,027,40027,558.7, ,288868,18,1157,29779,111003020202,North Deer Creek,0,OK,{0AB83590-2C50-4C56-80E3-CD34A76E184E},111003020204,0.381830476,Yes,{B071084A-E0CA-4204-8A7E-1B69EDE360C8},2022-10-07
362,1159,1,291573,1158,Coal,Oklahoma,40,029,40029,521.3, ,291573,90,1158,21607,111401030103,Big Sandy Creek,0,OK,{7E561A72-441E-405C-ADB5-96A1648CE390},111401030105,0.22945291,Yes,{FCA31569-EABB-43ED-93CE-A426A3BFD5B1},2022-10-07
363,1160,1,288674,1159,Pushmataha,Oklahoma,40,127,40127,1422.8, ,288674,210,1159,12332,111401050106,Frazier Creek,0,OK,{D8108EE7-A0C7-4DE4-A5AC-D7BBD46E6703},111401050107,0.163980657,Yes,{7345CAE4-3DEF-4525-83B3-BB40646665D9},2022-10-07
364,1161,1,288446,1160,Atoka,Oklahoma,40,005,40005,990, ,288446,157,1160,22135,110902040406,Headwaters Brushy Creek,0,OK,{DE433534-6375-48E9-B0ED-C7112378C509},110902040407,0.249974028,Yes,{3F923048-CF31-4019-A63C-1205B68B7FEC},2022-10-07
365,1162,1,288671,1161,Stephens,Oklahoma,40,137,40137,891.1, ,288671,131,1161,37820,111303030201,Headwaters Rush Creek,0,OK,{A8C50BD9-284E-4AB7-B584-7C626B75825F},111303030202,0.260298213,Yes,{26C49312-0EF0-462F-950A-9241895D58BD},2022-10-07
366,1163,1,289752,1162,Murray,Oklahoma,40,099,40099,424.9, ,289752,64,1162,25525,111303030506,Eightmile Creek-Wildhorse Creek,0,OK,{3BC51B60-4F15-45CB-926B-6F01E00F5B3B},111303030507,0.236689197,Yes,{8D910FCD-A0F3-46E8-9D19-ABE8B3E3F769},2022-10-07
367,1164,1,290504,1163,Johnston,Oklahoma,40,069,40069,658.3, ,290504,88,1163,31498,111303040101,Oil Creek,0,OK,{7BBD9D6B-EB64-4FE8-AEBD-F0BA18546EB9},111303040104,0.321350281,Yes,{B552A1D5-0683-43F2-AEE5-F9A8789A6654},2022-10-07
368,1165,1,289708,1164,Carter,Oklahoma,40,019,40019,833.7, ,289708,113,1164,23553,111302100101,Headwaters Hickory Creek,0,OK,{85FA6FAD-26E3-4B8C-8301-65AC45A9D0A8},111302100102,0.213095488,Yes,{C4C0E81B-8DDB-44A5-A0D0-9CCA24887D9D},2022-10-07
369,1166,1,289340,1165,Jefferson,Oklahoma,40,067,40067,773.8, ,289340,129,1165,15953,111302080305,Lower Dry Creek,0,OK,{42E8A640-494E-44B0-A013-7FF7C40D8C2E},111302080307,0.179822846,Yes,{D33ED17C-3B95-4242-B60C-98335CA06DFF},2022-10-07
370,1167,1,288379,1166,Marshall,Oklahoma,40,095,40095,427, ,288379,71,1166,26947,111302100304,Delaware Bend-Red River,0,"OK,TX",{8DC3A17F-90F0-4973-B398-65EAD826FD77},111302100305,0.179743857,Yes,{D01EC91B-D733-40EB-B3F9-AF57CB5CDEF6},2022-10-07
371,1168,1,288361,1167,Love,Oklahoma,40,085,40085,531.9, ,288361,106,1167,35240,111302010708,Fish Creek-Red River,0,"OK,TX",{88245418-F5AB-4481-8C4F-29C98412BEAE},111302100202,0.146238451,Yes,{1D6E6F72-E6A8-4401-883C-151BBDFEF318},2022-10-07
372,1169,1,288634,1168,Grady,Oklahoma,40,051,40051,1105.2, ,288634,99,1168,21028,111303030104,Lower Roaring Creek,0,OK,{5CB6BB44-64B8-46BC-8DF8-386FACC90C18},111303030107,0.218899591,Yes,{D09A1A25-1F9F-40C0-A81E-EAF9BBEEB51B},2022-10-07
373,1170,1,288647,1169,McClain,Oklahoma,40,087,40087,579.7, ,288647,45,1169,23010,111303030107,Colbert Creek-Washita River,0,OK,{F306CDB7-F585-4689-A9F9-114832CDD684},111303030109,0.21957411,Yes,{E8D30F2B-B89A-49CB-ADAE-12B5B35681F4},2022-10-07
374,1171,1,289767,1170,Pontotoc,Oklahoma,40,123,40123,725.5, ,289767,108,1170,38550,111303030602,Rock Creek,0,OK,{B16D5835-18F0-4269-B2C5-822AC7E1EB74},111303030603,0.319797155,Yes,{899EB2B2-A76E-4374-8B20-227F7D75F35B},2022-10-07
375,1172,1,288647,1171,Garvin,Oklahoma,40,049,40049,813.7, ,288647,113,1171,23010,111303030107,Colbert Creek-Washita River,0,OK,{F306CDB7-F585-4689-A9F9-114832CDD684},111303030109,0.21957411,Yes,{E8D30F2B-B89A-49CB-ADAE-12B5B35681F4},2022-10-07
376,1173,1,288422,1172,Pittsburg,Oklahoma,40,121,40121,1377.9, ,288422,181,1172,11887,110902040309,Adamson-Gains Creek,0,OK,{B5F5579A-E08D-4EE2-B4DA-71CE0DF797D6},110902040602,0.160428392,Yes,{415BF11F-0E97-4738-9D26-4B7DA7687C5C},2022-10-07
377,1174,1,288787,1173,Hughes,Oklahoma,40,063,40063,814.6, ,288787,118,1173,36501,110902040502,Upper Coal Creek,0,OK,{EC8C946C-2791-429C-9094-664466BC0C68},110902040506,0.355488262,Yes,{8798CD1A-C562-4833-8EBF-0DF523E57FE7},2022-10-07
378,1175,1,288418,1174,Latimer,Oklahoma,40,077,40077,729.1, ,288418,140,1174,15834,110902040308,Boiling Springs-Gains Creek,0,OK,{0CB16431-0A54-4CA4-8C7D-A9CCD8D96F7B},110902040309,0.219959602,Yes,{4D3BB2AB-EF05-485C-B7CB-D9A28184F034},2022-10-07
379,1176,1,288389,1175,Bryan,Oklahoma,40,013,40013,943.4, ,288389,163,1175,30664,111302100505,Denison Dam-Red River,0,"OK,TX",{2AE317E5-29AF-4866-B98C-0A0B12C46FC4},111401010201,0.118936069,Yes,{E9BC8128-4A67-41F8-AD2F-DE3D002BCEF1},2022-10-07
380,1177,1,288741,1176,Choctaw,Oklahoma,40,023,40023,800.7, ,288741,139,1176,30103,111401010805,Palmer Lake-Red River,0,"OK,TX",{D6FF6C97-0D6A-4459-B647-F72E82737C44},111401010806,0.082142928,Yes,{19CFF1F1-26D6-4349-9194-31FF418546B6},2022-10-07
381,1178,1,330693,1177,Jack,Texas,48,237,48237,920.1, ,330693,126,1177,14805,120301010302,Hall Creek-West Fork Trinity River,0,TX,{6327526D-E102-4EDF-9D77-A382F0DB724C},120301010304,0.253294571,Yes,{E2BA27F3-C0DA-4BA6-B828-E5B4E5A6392D},2022-10-07
382,1179,1,330366,1178,Collin,Texas,48,085,48085,886.2, ,330366,126,1178,18376,120301060207,Lower Wilson Creek,0,TX,{543482E6-8DB2-43BF-9E7C-11E8C7269C3B},120301060208,0.239187722,Yes,{97DDE578-F514-47AC-8ED4-428D572AF0ED},2022-10-07
383,1180,1,330434,1179,Wood,Texas,48,499,48499,695.8, ,330434,105,1179,38200,120100020204,Gunstream Lake-Big Sandy Creek,0,TX,{22404D84-D176-4BD4-B88D-E3367416A25B},120100020205,0.2628629,Yes,{B6074FCF-A425-4F50-BC75-DBED592A2447},2022-10-07
384,1181,1,330390,1180,Parker,Texas,48,367,48367,909.5, ,330390,129,1180,13132,120301020204,Squaw Creek-Clear Fork Trinity River,0,TX,{A0CF0D03-D5B9-45E4-91A8-AD4E9B86141E},120301020208,0.184867216,Yes,{59BCE6D2-0D14-4C86-88B9-7C549006119C},2022-10-07
385,1182,1,330347,1181,Tarrant,Texas,48,439,48439,897.6, ,330347,140,1181,38016,120301010605,Blue Creek-Eagle Mountain Lake,0,TX,{CFB95241-1D0F-4B7E-86CE-95A54ADAE8ED},120301010606,0.273723109,Yes,{1CEF0BFC-4BC4-49C8-99E6-16D5B6E4898B},2022-10-07
386,1183,1,330485,1182,Dallas,Texas,48,113,48113,907.7, ,330485,130,1182,21201,120301031003,Indian Creek-Elm Fork Trinity River,0,TX,{B1BD2708-A087-4317-972E-39E0AFA07807},120301031004,0.20762903,Yes,{DCEDB128-3FCD-4773-972B-9BB875262D99},2022-10-07
387,1184,1,330804,1183,Rains,Texas,48,379,48379,259, ,330804,45,1183,25221,120100030102,Arr Branch-Lake Fork Creek,0,TX,{348A291D-FBF5-414E-863B-35285CD26190},120100030103,0.266295061,Yes,{E77E7450-2FAF-4C1B-8A39-AB0663698293},2022-10-07
388,1185,1,331571,1184,Gregg,Texas,48,183,48183,276.3, ,331571,48,1184,24066,120100020505,Grace Creek,0,TX,{7E29D06B-0915-41BE-A022-BE88A3FA6CC7},120100020506,0.218583497,Yes,{380CFCB2-B0D0-43BF-A72D-8BB371B82879},2022-10-07
389,1186,1,331552,1185,Johnson,Texas,48,251,48251,733.8, ,331552,86,1185,28785,120602011302,Wilson Creek-Brazos River,0,TX,{17FE40A1-4689-4E61-9356-A876914B2629},120602011303,0.250629433,Yes,{4C1D6165-3AE2-41BD-8D97-3BF2BF2C1BD1},2022-10-07
390,1187,1,331552,1186,Hood,Texas,48,221,48221,437, ,331552,56,1186,28785,120602011302,Wilson Creek-Brazos River,0,TX,{17FE40A1-4689-4E61-9356-A876914B2629},120602011303,0.250629433,Yes,{4C1D6165-3AE2-41BD-8D97-3BF2BF2C1BD1},2022-10-07
391,1188,1,330349,1187,Ellis,Texas,48,139,48139,951.9, ,330349,138,1187,14285,120301090304,Middle Waxahachie Creek,0,TX,{8983D7FF-8D1F-4A20-ACC5-C950AFAB056C},120301090306,0.175821699,Yes,{C2B498CC-B694-4144-88FB-629ECC0A29DB},2022-10-07
392,1189,1,330302,1188,Somervell,Texas,48,425,48425,192, ,330302,33,1188,13209,120602040302,Lower East Bosque River,0,TX,{728680DE-445F-4EA6-9340-5C2E87179EE5},120602040304,0.209030163,Yes,{43C46127-2C94-409C-9544-22A3D6B0DA32},2022-10-07
393,1190,1,330347,1189,Wise,Texas,48,497,48497,922.7, ,330347,119,1189,38016,120301010605,Blue Creek-Eagle Mountain Lake,0,TX,{CFB95241-1D0F-4B7E-86CE-95A54ADAE8ED},120301010606,0.273723109,Yes,{1CEF0BFC-4BC4-49C8-99E6-16D5B6E4898B},2022-10-07
394,1191,1,330300,1190,Denton,Texas,48,121,48121,958.2, ,330300,136,1190,14379,120301030402,Lower Spring Creek,0,TX,{19255E1D-12A0-4A31-BE9A-0DBAF80BC324},120301030405,0.195743616,Yes,{FF65DD88-6188-4A03-B523-4DEAD76007BF},2022-10-07
395,1192,1,330939,1191,Delta,Texas,48,119,48119,277.9, ,330939,51,1191,32198,111403010306,Maxwell Creek-North Sulphur River,0,TX,{1F5746EE-D600-4536-8315-65F2D31A473F},111403010308,0.268218865,Yes,{4BEB65DF-2778-4D35-B738-D91C4BD7EB3C},2022-10-07
396,1193,1,330768,1192,Hunt,Texas,48,231,48231,881.8, ,330768,110,1192,28296,111403010201,Middle Sulphur River,0,TX,{CC35AE5D-81CB-42F3-AA61-5BAC1FA2F6A4},111403010203,0.264838428,Yes,{7AAC5A41-CA9D-436E-B397-98A8611C8B50},2022-10-07
397,1194,1,330561,1193,Titus,Texas,48,449,48449,425.7, ,330561,56,1193,42223,111403030206,Lacy Creek-White Oak Creek,0,TX,{E45AD1BE-4724-47E0-8106-44F6A53E9198},111403030207,0.48800689,Yes,{C7127259-ECB0-46BD-A798-893EEDD697F2},2022-10-07
398,1195,1,330789,1194,Franklin,Texas,48,159,48159,294.8, ,330789,46,1194,21738,111403030204,Lewis Creek-White Oak Creek,0,TX,{86781173-AE47-47AD-856C-78BBAB50ADA8},111403030206,0.222996984,Yes,{08A1E14C-4A0E-4BEA-8D8B-0AF8C1C54A62},2022-10-07
399,1196,1,330306,1195,Hopkins,Texas,48,223,48223,793.1, ,330306,103,1195,20918,111403030109,Stouts Creek,0,TX,{7C9067D8-761D-4ADD-A295-6599D17DB94E},111403030111,0.231915951,Yes,{2234A22D-BC22-442D-A7FB-2856AB4540AC},2022-10-07
400,1197,1,331220,1196,Camp,Texas,48,063,48063,203.2, ,331220,36,1196,11152,111403050203,Jakes Creek-Big Cypress Creek,0,TX,{902C1806-E453-4330-90BE-763E4764F166},111403050204,0.166251403,Yes,{CFD2A17F-F355-4594-B4F5-97FB50DD843E},2022-10-07
401,1198,1,331419,1197,Rockwall,Texas,48,397,48397,148.8, ,331419,24,1197,15497,120301060409,Rowlett Creek-East Fork Trinity River,0,TX,{D746AF7D-D942-40C8-8C65-559D78C6C17A},120301060503,0.156502103,Yes,{B881A215-7029-4D13-80A4-0CC0BA56BADC},2022-10-07
402,1199,1,330760,1198,Upshur,Texas,48,459,48459,592.8, ,330760,85,1198,21974,111403050402,Meddlin Creek,0,TX,{40EF2B10-C2BF-445E-8609-AB4711CCAB45},111403050404,0.248039003,Yes,{235844E0-41EC-4C75-A1E6-4615F45F0B9D},2022-10-07
403,1200,1,330323,1199,Kaufman,Texas,48,257,48257,806.4, ,330323,123,1199,15754,120301070202,Rocky Cedar Creek,0,TX,{DDD7EF74-A4B0-419C-B3B3-9F8783E6132F},120301070203,0.208574333,Yes,{E25ACF9B-35C0-4AEA-B562-E6837D4EC55B},2022-10-07
404,1201,1,330426,1200,Van Zandt,Texas,48,467,48467,859.4, ,330426,106,1200,26331,120200010202,Pottawatomie Creek-Kickapoo Creek,0,TX,{87C624FF-4103-4C9D-ADBB-89D4DA7ABABD},120200010204,0.213239321,Yes,{8FE78DF3-E93C-46F6-A0F1-6E9891D4C139},2022-10-07
405,1202,1,330309,1201,Smith,Texas,48,423,48423,949.9, ,330309,116,1201,24450,120200010102,Horsley Creek,0,TX,{8EC2CB72-4A76-4A99-9308-3AD88BC670DF},120200010103,0.223498584,Yes,{EF8794F4-52AD-4D91-B9C7-65804E65B6AA},2022-10-07
406,1203,1,330326,1202,Henderson,Texas,48,213,48213,949.1, ,330326,129,1202,16662,120301050406,Headwaters Bois d'Arc Creek,0,TX,{91C7D89E-D8F3-4324-A9DE-9208C7CDD278},120301050407,0.175569169,Yes,{A5D32231-2E36-41E9-93C0-80048BC07DAC},2022-10-07
407,1206,1,265978,1205,Hyde,North Carolina,37,095,37095,692, ,265978,29,1205,36279,030102050204,Old Canal-Scuppernong River,0,NC,{D2E81033-1968-4472-A24D-61E7D23E5B63},030102050205,0.303684547,Yes,{2A32EFF9-9460-4726-9193-26FE87ABB0DD},2022-10-07
408,1207,1,116918,1206,Tattnall,Georgia,13,267,13267,488.2, ,116918,65,1206,10742,030701060201,Bells Mill Creek,0,GA,{2F104EE8-60C3-4CEB-89D7-448E72DE5803},030701060204,0.192082293,Yes,{1E090AC6-A5D9-45F5-9027-1E0A3A076ECB},2022-10-07
409,1208,1,74243,1207,White,Arkansas,05,145,05145,1042.2, ,74243,77,1207,26889,080203010502,Outlet Raft Creek,0,AR,{92040FE2-B48A-417A-B738-1E2285F9063F},080203010503,0.335930693,Yes,{3714C3C6-5FF2-401D-9739-593AEB5324D9},2022-10-07
410,1209,1,74782,1208,Shelby,Tennessee,47,157,47157,783.7, ,74782,25,1208,80970,080101000701,Bear Creek-Mississippi River,0,"AR,TN",{EEE1106C-1006-4E5E-9556-65E9D9DB79EF},080101000702,0.413112459,Yes,{187DFE25-D1A3-49AD-8699-F5C339108D7D},2022-10-07
411,1210,1,74115,1209,Conway,Arkansas,05,029,05029,566.7, ,74115,74,1209,24188,111102030201,Mountain View-East Fork Point Remove Creek,0,AR,{ADCB7E02-398A-4C8A-B979-365D6739C8F8},111102030202,0.244139355,Yes,{792654B9-FB02-49DD-BEBB-F168FF721BC8},2022-10-07
412,1211,1,73995,1210,Sebastian,Arkansas,05,131,05131,545.9, ,73995,120,1210,26791,111102010101,Upper Vache Grasse Creek,0,AR,{AAA869AC-F2D6-4C33-89C2-0CD66908F841},111102010102,0.24935976,Yes,{B0462879-AE67-45C0-913B-2285AF649120},2022-10-07
413,1212,1,74138,1211,Cross,Arkansas,05,037,05037,622.3, ,74138,31,1211,35408,080202050403,Lick Creek-L'Anguille River,0,AR,{6E6C23C3-81BA-4F85-9525-1FFE028413C5},080202050409,0.325118546,Yes,{B3C458BD-6A73-478E-B0FF-568CC1510B2C},2022-10-07
414,1213,1,74257,1212,Woodruff,Arkansas,05,147,05147,594.1, ,74257,58,1212,17039,080203020707,Gum Flat Bayou,0,AR,{79A813B1-7325-47A4-A24F-309F9A482AA6},080203020708,0.335605054,Yes,{D891CE7F-797C-4A28-8FE0-65CD3E49338D},2022-10-07
415,1214,1,285877,1213,Le Flore,Oklahoma,40,079,40079,1608, ,285877,264,1213,27537,111101040609,Cherokee Chute-Arkansas River,0,"AR,OK",{B6698E18-D190-4D9D-8993-857592DEE629},111101040612,0.275264944,Yes,{89F0787C-D35A-4C09-BD5B-237E156A35FC},2022-10-07
416,1215,1,1097,1214,Franklin,Alabama,01,059,01059,646.5, ,1097,20,1214,31143,060300050301,Rock Creek-Mud Creek,0,AL,{C956CB7C-DAE7-4319-A36E-CE8D005B99B8},060300050302,0.289635387,Yes,{DFA238D3-950E-4828-A6FE-AFC7EFCFC64A},2022-10-07
417,1216,1,74010,1215,Arkansas,Arkansas,05,001,05001,1033.8, ,74010,126,1215,32294,080204010404,Saw Mill Bend Cutoff-Lower Arkansas Outlet,0,AR,{FAD199CC-58EA-48CB-A794-D76BDC0EF67B},080204010405,0.261823172,Yes,{4D237F75-D36B-4EF0-9DC3-F1584A75F63C},2022-10-07
418,1217,1,74007,1216,Desha,Arkansas,05,041,05041,819.5, ,74007,99,1216,45840,080500020201,Canal No. 43,0,AR,{E2A227CE-4BCC-4531-BCC6-278BF1CA6E61},080500020203,0.466499111,Yes,{192784B3-3AE3-40C2-9883-3B0749D663BA},2022-10-07
419,1218,1,74166,1217,Bolivar,Mississippi,28,011,28011,905.8, ,74166,85,1217,133125,080201000200,80201000200,0,"AR,MS",{DAC5F2CB-DF81-4AE4-8A15-BBDFC1625737},080201000302,0.403955924,Yes,{9C49DFF3-B987-4520-AA8E-C52BD3CDDC8C},2022-10-07
420,1219,1,2049,1218,Lamar,Alabama,01,075,01075,605.5, ,2049,56,1218,32795,031601030306,Lost Creek-Buttahatchee River,0,"AL,MS",{2A608A9B-77D4-40A4-84BF-5B7EE7F17B0A},031601030601,0.227415047,Yes,{6B9F0B13-1E52-411B-8A49-F6CD72BBF3A2},2022-10-07
421,1220,1,74020,1219,Hempstead,Arkansas,05,057,05057,741.4, ,74020,110,1219,31301,080401030602,Pate Creek-Terre Rouge Creek,0,AR,{EB0A4480-9147-421F-A5CD-C8E07279422B},080401030605,0.383493209,Yes,{14C40A23-BB17-4A41-9F79-0DAC1D6FC645},2022-10-07
422,1221,1,200548,1220,Sunflower,Mississippi,28,133,28133,707.2, ,200548,40,1220,15621.99435,080302070801,Little Jack Bayou,0,MS,{20C4055F-69FF-4CA9-A53C-460B1303ECB1},080302070803,0.242167894,Yes,{B9DD1E7C-82FB-4101-AC3A-B9A06521A729},2022-10-07
423,1222,1,73992,1221,Nevada,Arkansas,05,099,05099,620.8, ,73992,89,1221,12405,080401030905,Lower White Oak Creek,0,AR,{9F4F91FD-47A8-4E39-89D1-9A15CC984AA6},080401030907,0.217242314,Yes,{29DAF768-85DB-4CB2-9144-D71C80288781},2022-10-07
424,1223,1,74172,1222,Little River,Arkansas,05,081,05081,564.9, ,74172,116,1222,23352,111401060506,McKinney Creek,0,"AR,OK",{A7A82874-BD29-4CB1-8292-20DB53751B78},111401060507,0.062460996,Yes,{E7287F24-7CF0-4D53-B1EE-3D7451E737BA},2022-10-07
425,1224,1,73992,1223,Ouachita,Arkansas,05,103,05103,739.6, ,73992,115,1223,12405,080401030905,Lower White Oak Creek,0,AR,{9F4F91FD-47A8-4E39-89D1-9A15CC984AA6},080401030907,0.217242314,Yes,{29DAF768-85DB-4CB2-9144-D71C80288781},2022-10-07
426,1225,1,200538,1224,Leflore,Mississippi,28,083,28083,606.3, ,200538,58,1224,31145.64281,080302070802,Lake Henry,0,MS,{D39ACF87-BAA3-48F2-9D1D-EDF8B85AE7EF},080302070803,0.323747662,Yes,{319D9A80-E96C-4B0F-85DA-9523E52CB3B1},2022-10-07
427,1226,1,197276,1225,Clay,Mississippi,28,025,28025,416, ,197276,60,1225,20347,031601011301,Fuller Creek-Town Creek,0,MS,{6F74FB13-9ED3-4F9D-A1EA-A1621D5BFC50},031601011302,0.212857393,Yes,{AF281490-50A8-4C63-BC84-4834058D7A89},2022-10-07
428,1227,1,74080,1226,Calhoun,Arkansas,05,013,05013,632.5, ,74080,89,1226,35483,080402010701,Little Two Bayou-Two Bayou,0,AR,{D5A59AF6-DBD9-4E05-9802-D77F36C7EBF6},080402010702,0.26347984,Yes,{5D19E8DD-4E7A-49FE-8E9D-314E5BBDD511},2022-10-07
429,1228,1,170193,1227,Franklin,Louisiana,22,041,22041,635.4, ,170193,94,1227,21233,080500011004,Cow Bayou-Big Creek,0,LA,{7CD63C2B-9F56-46FA-94CD-128752131BC4},080500011006,0.24564957,Yes,{A5D9BCC5-62B3-4558-BA91-36ACFE26803A},2022-10-07
430,1229,1,330491,1228,Rusk,Texas,48,401,48401,938.6, ,330491,116,1228,35002,120200040301,McNeil Creek-Bowles Creek,0,TX,{E7B8CE2A-E18D-4BB9-AB92-2F970B034919},120200040302,0.268649704,Yes,{2011FD0B-4179-46A6-A3E8-6B667B35FA92},2022-10-07
431,1230,1,168427,1229,De Soto,Louisiana,22,031,22031,894.6, ,168427,148,1229,25858,120100040302,Bushneck Bayou,0,LA,{7809FAF4-5548-46B9-B754-C8ECCC21FE20},120100040303,0.267012061,Yes,{DF074C7D-B083-4EC1-A9C7-80A2DD93779D},2022-10-07
432,1231,1,168047,1230,Red River,Louisiana,22,081,22081,402.1, ,168047,71,1230,26037,111402090301,Castor Creek,0,LA,{CC16CA72-938F-43D4-BCF1-345F0989D124},111402090304,0.243278788,Yes,{6D5D772B-18ED-4E93-A2B5-243F565EBBCF},2022-10-07
433,1232,1,74001,1231,Drew,Arkansas,05,043,05043,835.7, ,74001,94,1231,29351,080402040403,Brown Creek,0,AR,{425E1DB5-73ED-4A15-AD30-A04688EF7B34},080402040406,0.23513976,Yes,{B1D63294-E1AA-4EA1-8E6C-2988B0FC78C5},2022-10-07
434,1233,1,167448,1232,Caddo,Louisiana,22,017,22017,936.4, ,167448,145,1232,19769,111403040102,East Fork Kelly Bayou,0,AR,{8DF9D922-4D6E-49FA-9838-797DFA9652DB},111403040103,0.003043838,Yes,{1E39012F-6F25-469F-9DFA-2C240F39DCE1},2022-10-07
435,1234,1,167521,1233,Bossier,Louisiana,22,015,22015,867.2, ,167521,113,1233,22922,111402010501,Upper Posten Bayou,0,"AR,LA",{DEC7CC12-E3E9-4F87-9AC9-68C90ED7EBCA},111402010503,0.107907145,Yes,{CF367060-088E-4ADD-B374-A40A4990CF78},2022-10-07
436,1235,1,75080,1234,Webster,Louisiana,22,119,22119,615.1, ,75080,93,1234,38885,111402050303,Keoun Creek-Bodcau Creek,0,"AR,LA",{AA1BA39B-7185-46AD-8D81-CE860A4162BD},111402050304,0.229267917,Yes,{305B115D-A97D-4652-8B19-3D1230D26FA1},2022-10-07
437,1236,1,167481,1235,Claiborne,Louisiana,22,027,22027,767.5, ,167481,93,1235,28685,080402060106,Beene Creek-Little Cornie Bayou,0,"AR,LA",{60E91819-BD28-4948-8DFE-8914CA8660E5},080402060107,0.238516808,Yes,{4AF651C9-CDAC-4C4C-9D63-01FD4985E507},2022-10-07
438,1237,1,167449,1236,Union,Louisiana,22,111,22111,905.3, ,167449,122,1236,30747,080402020301,Frank Lapere Creek,0,"AR,LA",{04F340F7-B3AA-4A06-9B74-BDBD6DB3139C},080402020304,0.238174659,Yes,{5977E608-19EA-4416-8EEF-1419950EB950},2022-10-07
439,1238,1,73989,1237,Morehouse,Louisiana,22,067,22067,805.2, ,73989,121,1237,22492,080500010703,Camp Bayou Canal-Boeuf River,0,"AR,LA",{BA0F929A-9CF3-46A9-9ABA-42E6FD837B7F},080500010706,0.254065226,Yes,{20FA0D5D-6A2F-44D3-A268-A86F120F1128},2022-10-07
440,1239,1,73989,1238,West Carroll,Louisiana,22,123,22123,360.3, ,73989,28,1238,22492,080500010703,Camp Bayou Canal-Boeuf River,0,"AR,LA",{BA0F929A-9CF3-46A9-9ABA-42E6FD837B7F},080500010706,0.254065226,Yes,{20FA0D5D-6A2F-44D3-A268-A86F120F1128},2022-10-07
441,1240,1,167649,1239,Bienville,Louisiana,22,013,22013,821.8, ,167649,137,1239,39230,080402060701,Sugar Creek,0,LA,{A4756BBA-80FE-4FD8-A859-036F8FCE280F},080402060705,0.316479197,Yes,{3BD7F03A-1B19-4284-9330-C662395F0857},2022-10-07
442,1241,1,169698,1240,Panola,Texas,48,365,48365,821.3, ,169698,123,1240,33742,111402060101,Upper Boggy Bayou,0,"LA,TX",{6F6E7D1B-E678-40B4-9216-C5C674A05FB0},111402060105,0.242486378,Yes,{9A1E02E7-F574-4AF5-A1F7-E7D9E6B550D3},2022-10-07
443,1242,1,168075,1241,Caldwell,Louisiana,22,021,22021,540.7, ,168075,88,1241,25325,080402070205,Cypress Creek,0,LA,{0D9A2E9A-DB3C-45C3-85ED-0A2B19E03BA1},080402070206,0.241121894,Yes,{6B30C001-A7B7-4328-9CD3-3DF1AFF7E062},2022-10-07
444,1243,1,169929,1242,Marion,Texas,48,315,48315,420.4, ,169929,84,1242,27227,111403060308,Hunts Creek-James Bayou,0,"LA,TX",{AC090B01-D6FB-4E10-9D43-BBC012FC4B0A},111403060409,0.018633809,Yes,{095CBC8A-328E-4E66-9859-EAE0BC7B2845},2022-10-07
445,1244,1,168409,1243,Harrison,Texas,48,203,48203,915.1, ,168409,141,1243,10316,111403040501,Piney Bayou,0,LA,{80ACE17A-AE71-4D46-80B2-D2A336A843EA},111403040504,0.137622293,Yes,{C1686624-A102-455B-B61D-053D8E9321D9},2022-10-07
446,1245,1,74223,1244,Bowie,Texas,48,037,48037,922.8, ,74223,172,1244,17643,111401060509,Lower Walnut Bayou-Red River,0,"AR,TX",{17BC1D7C-C869-4E2C-8F8A-6F189667449C},111401060601,0.077445008,Yes,{EC7BAC47-426B-46D2-B557-1228BC2D11D9},2022-10-07
447,1246,1,74002,1245,Miller,Arkansas,05,091,05091,637.5, ,74002,108,1245,18741,111403040101,West Fork Kelly Bayou,0,"AR,LA",{5A06B6B9-D13C-4653-BB0F-3775907222E6},111403040103,0.203533266,Yes,{24465CC3-04B7-4E55-A908-EAB60872F6E2},2022-10-07
448,1247,1,74032,1246,Lafayette,Arkansas,05,073,05073,545.1, ,74032,102,1246,23879,111402050203,Heirs Branch-Bodcau Creek,0,AR,{B05E99ED-0BB1-417F-BFAA-A31F44E584A6},111402050205,0.243366869,Yes,{C27FDFA2-0BBB-45BB-A9D8-8A630BA587E0},2022-10-07
449,1248,1,74000,1247,Columbia,Arkansas,05,027,05027,766.9, ,74000,116,1247,16300,080402060104,Hurricane Creek-Cornie Bayou,0,AR,{8B7ADD48-D936-4863-8621-C17DFD61578B},080402060105,0.190253259,Yes,{579A86D0-A1DD-4A6E-8F3F-CF815F0E86FD},2022-10-07
450,1249,1,330747,1248,Morris,Texas,48,343,48343,258.6, ,330747,40,1248,35486,111403030208,Village Creek-White Oak Creek,0,TX,{67BAD504-8DA7-4E9B-AE51-751D106ED28F},111403020404,0.301346118,Yes,{BE880634-1557-4C32-855B-2EA8AEFF3F2E},2022-10-07
451,1250,1,75589,1249,Cass,Texas,48,067,48067,960.3, ,75589,136,1249,29469,111403020702,Cypress Creek-Cypress Slough,0,"AR,TX",{6A80CC76-E8FC-46EF-A957-F3248C1840D3},111403020703,0.094649036,Yes,{C338D3DB-C690-4B5D-9B24-1CC07FC1DD44},2022-10-07
452,1251,1,74067,1250,Bradley,Arkansas,05,011,05011,654.4, ,74067,97,1250,19815,080402040604,Spring Hill Creek-L'Aigle Creek,0,AR,{916CFC68-72DB-4532-B334-E9375E23D5C1},080402040607,0.247216262,Yes,{BBC98B0B-B356-4113-AAE5-7E395F9E017D},2022-10-07
453,1252,1,73989,1251,Ashley,Arkansas,05,003,05003,939.1, ,73989,130,1251,22492,080500010703,Camp Bayou Canal-Boeuf River,0,"AR,LA",{BA0F929A-9CF3-46A9-9ABA-42E6FD837B7F},080500010706,0.254065226,Yes,{20FA0D5D-6A2F-44D3-A268-A86F120F1128},2022-10-07
454,1253,1,73993,1252,Union,Arkansas,05,139,05139,1055.3, ,73993,180,1252,14047,080402020402,Sleep Bank Creek,0,"AR,LA",{71FE26C2-F406-4F97-8918-2D9C2FBBC081},080402020404,0.185622629,Yes,{72B85066-3FED-4911-870A-9D6B332E439D},2022-10-07
455,1254,1,167641,1253,Lincoln,Louisiana,22,061,22061,472.3, ,167641,70,1253,23338,080402060605,Cane Creek-Middle Fork Bayou D'arbonne,0,LA,{9792FD1C-1CCE-4A5E-970D-2C14AF43B210},080402060606,0.223270491,Yes,{2B6D7629-AB24-44C3-BDDE-6709AE672856},2022-10-07
456,1255,1,167581,1254,Ouachita,Louisiana,22,073,22073,632.7, ,167581,93,1254,27168,080402020705,Jones Bayou-Ouachita River,0,LA,{6737227B-8154-4704-8940-A26E4071B500},080402070202,0.528549207,Yes,{6A38132E-E7A0-440F-8A1C-689854A701A6},2022-10-07
457,1256,1,169736,1255,Richland,Louisiana,22,083,22083,564.5, ,169736,88,1255,19346,080500010602,Lower Bayou Bonne Idee,0,LA,{CA9B112D-ADDB-4F68-B0CA-A661B84BA6CE},080500010707,0.259553963,Yes,{F8777E7C-25DA-4EA1-B90B-FF61CD2B3535},2022-10-07
458,1257,1,167681,1256,Jackson,Louisiana,22,049,22049,580.3, ,167681,85,1256,33325,080402060801,South Choudrant Creek,0,LA,{E173FAED-E794-4EF6-9847-887D96BB9F0B},080402060802,0.314096115,Yes,{C11B081B-12DF-4F1A-84C9-C276BDF3E79A},2022-10-07
459,1258,1,74027,1257,Logan,Arkansas,05,083,05083,731.5, ,74027,115,1257,26269,111102040202,Scotts Creek-Petit Jean River,0,AR,{A2BBD9B2-5F54-41E3-8B4A-409E58100C7E},111102040205,0.269020765,Yes,{72DBFB61-5EC8-44EB-B0FD-A16391A44CC0},2022-10-07
460,1259,1,74180,1258,Perry,Arkansas,05,105,05105,560.6, ,74180,94,1258,35151,111102070106,Reece Creek-Maumelle River,0,AR,{D5545597-A3AF-4BF6-94B3-43DF5C7B8D50},111102070107,0.288578317,Yes,{5E1BE46A-FF0E-4D40-BA6C-6F409D5BFC84},2022-10-07
461,1260,1,73991,1259,Saline,Arkansas,05,125,05125,730.5, ,73991,102,1259,25940,111102070303,Clear Creek-Rennington Bayou,0,AR,{84C35911-3824-4428-A328-CB74441EEA7D},111102070405,0.258453703,Yes,{62004D9D-07A8-42F3-8492-639B6FD8A4D4},2022-10-07
462,1261,1,73985,1260,Garland,Arkansas,05,051,05051,734.6, ,73985,91,1260,27968,080401010503,Upper North Fork Ouachita River,0,AR,{8F914E6D-A165-4437-BDDE-C50B72362DB3},080401010504,0.283015821,Yes,{B7A5EC1E-B3E7-4464-9F04-F68E2C0F94CD},2022-10-07
463,1262,1,74034,1261,Montgomery,Arkansas,05,097,05097,800.3, ,74034,109,1261,19959,080401010501,Upper Irons Fork,0,AR,{EBD0A9EE-350E-4D2B-9F50-69C0DC376FB8},080401010502,0.200995295,Yes,{C06D2625-9A19-4097-89FA-28485FD1E944},2022-10-07
464,1263,1,74008,1262,Polk,Arkansas,05,113,05113,862.4, ,74008,128,1262,34712,111401090402,Headwaters Cossatot River,0,AR,{4DD91A77-0E2D-4B60-8BD6-8428CEBD8E4C},111401090403,0.320032268,Yes,{24E3EE4D-2EF6-4208-8FCF-B6BF692343FB},2022-10-07
465,1264,1,73982,1263,Hot Spring,Arkansas,05,059,05059,622.2, ,73982,104,1263,23455,080401020504,Middle L'Eau Frais Creek,0,AR,{91B6C159-D854-41D3-8E30-90CD10BC2EFA},080401020505,0.261420118,Yes,{6AD02A0C-2CF8-411A-B817-22A99AD2ADF1},2022-10-07
466,1265,1,74009,1264,Clark,Arkansas,05,019,05019,882.6, ,74009,132,1264,29619,080401030809,Terre Noire Creek Outlet,0,AR,{1F71820D-5CD7-476D-AE69-DA8F1710917D},080401030908,0.235343619,Yes,{97BA38FD-BE9C-43F6-A0EC-46913D2B64D2},2022-10-07
467,1266,1,74162,1265,Howard,Arkansas,05,061,05061,595.2, ,74162,87,1265,27232,111401091001,Upper Mine Creek,0,AR,{B7DDE991-9C62-4138-819F-D7B3886760FE},111401091002,0.259264107,Yes,{DB02E3AC-3931-4732-B1A6-142A6A8DFC76},2022-10-07
468,1267,1,74087,1266,Pike,Arkansas,05,109,05109,613.9, ,74087,95,1266,15143,080401030503,Saline Creek,0,AR,{485DBCA8-9FD9-466B-AFA3-459D8E6C040B},080401030505,0.258357269,Yes,{C2A9FE9F-B116-45D1-8280-DB3BF3FEA634},2022-10-07
469,1268,1,74084,1267,Sevier,Arkansas,05,133,05133,581.3, ,74084,81,1267,16683,111401090202,Cane Creek,0,"AR,OK",{6CCC109E-927F-4AA7-BDAE-FC9F66B4B2CC},111401090204,0.192726793,Yes,{01D09EFF-06FA-43B8-B94A-51FE82BF1D33},2022-10-07
470,1269,1,74034,1268,Yell,Arkansas,05,149,05149,948.8, ,74034,139,1268,19959,080401010501,Upper Irons Fork,0,AR,{EBD0A9EE-350E-4D2B-9F50-69C0DC376FB8},080401010502,0.200995295,Yes,{C06D2625-9A19-4097-89FA-28485FD1E944},2022-10-07
471,1270,1,74016,1269,Scott,Arkansas,05,127,05127,898.2, ,74016,149,1269,24534,111101050302,East Shadley Creek-Poteau River,0,"AR,OK",{132CE293-6A14-4D17-8B77-326097935957},111101050303,0.243915766,Yes,{22AAF21D-6A71-4541-8CE4-04DB7C6C36E5},2022-10-07
472,1271,1,74040,1270,Faulkner,Arkansas,05,045,05045,664.2, ,74040,29,1270,22236,111102030405,Little Palarm Creek-Palarm Creek,0,AR,{1D101988-501F-4149-A3FA-730F93AF7FD8},111102030507,0.211022144,Yes,{33F10C9A-D570-4150-AB9B-9CBFF138C7E6},2022-10-07
473,1272,1,74094,1271,Prairie,Arkansas,05,117,05117,675.7, ,74094,61,1271,31775,080203010506,Miller Creek-White River,0,AR,{E5C1F72F-C02F-4F46-B7EC-D5A6C531B195},080203030502,0.231683867,Yes,{22B08103-0667-43EC-AB81-A3DFE0EC3D30},2022-10-07
474,1273,1,74430,1272,Lonoke,Arkansas,05,085,05085,803.1, ,74430,2,1272,22492,080204020304,Lower Crooked Creek,0,AR,{735132E9-3A1B-44C2-8739-FAC544F29A87},080204020305,0.268668704,Yes,{A926A2FE-D26A-4618-90C3-A41414A34A6B},2022-10-07
475,1274,1,74037,1273,Pulaski,Arkansas,05,119,05119,806.8, ,74037,67,1273,35298,111102070401,White Oak Bayou,0,AR,{860AB49B-62FC-4D79-9265-C926EC3FEFFE},111102070402,0.333439622,Yes,{607F3165-3C70-4F76-A757-9419FD38571A},2022-10-07
476,1275,1,74051,1274,Grant,Arkansas,05,053,05053,633, ,74051,83,1274,31207,080402030403,Simpson Creek,0,AR,{FC42629B-C9A5-4046-87C7-37DDD0355FB3},080402030404,0.283671899,Yes,{1483ACD8-5B82-4FD1-A75C-9B6F708612F1},2022-10-07
477,1276,1,74051,1275,Jefferson,Arkansas,05,069,05069,914, ,74051,92,1275,31207,080402030403,Simpson Creek,0,AR,{FC42629B-C9A5-4046-87C7-37DDD0355FB3},080402030404,0.283671899,Yes,{1483ACD8-5B82-4FD1-A75C-9B6F708612F1},2022-10-07
478,1277,1,74072,1276,Lincoln,Arkansas,05,079,05079,572.2, ,74072,80,1276,23082,080402050302,Bradshaw Brake-Fish Lake,0,AR,{49B2BA85-BE39-4522-97AD-CD44604CD200},080402050303,0.213427025,Yes,{3712C905-80E2-434A-9D3D-4CE7B6CB50FC},2022-10-07
479,1278,1,74086,1277,Dallas,Arkansas,05,039,05039,668.2, ,74086,104,1277,23706,080402010104,Guice Creek-Moro Creek,0,AR,{64BCE85B-ECBB-4A78-8458-BC7114B80B09},080402010105,0.320541918,Yes,{98F4B5BC-A32A-4AF5-9796-54D3B97BFF92},2022-10-07
480,1279,1,74072,1278,Cleveland,Arkansas,05,025,05025,598.8, ,74072,91,1278,23082,080402050302,Bradshaw Brake-Fish Lake,0,AR,{49B2BA85-BE39-4522-97AD-CD44604CD200},080402050303,0.213427025,Yes,{3712C905-80E2-434A-9D3D-4CE7B6CB50FC},2022-10-07
481,1280,1,74594,1279,Crittenden,Arkansas,05,035,05035,636.7, ,74594,35,1279,18679,080202031402,Tenmile Bayou Headwaters,0,AR,{7EF84718-0DFC-42DF-AD4E-80E714812E2A},080202031404,0.185482029,Yes,{F143A0BC-1176-47C4-9754-7BC1D71B60DF},2022-10-07
482,1281,1,197082,1280,Hardeman,Tennessee,47,069,47069,670.4, ,197082,16,1280,30045,080102070801,Goose Pond Creek-Hatchie River,0,"MS,TN",{3A88ED69-CC8F-41C4-849D-861182100C91},080102070803,0.201880524,Yes,{9B3CFED1-4AC2-4F14-98F7-1E25F59A426E},2022-10-07
483,1282,1,2604,1281,Hardin,Tennessee,47,071,47071,596.3, ,2604,47,1281,30126,060300051203,Dry Creek-Pickwick Lake,0,"AL,MS,TN",{344FDD33-BBAD-4A18-8966-A05541BAC7F8},060400010504,0.088319956,Yes,{55C49BF5-904E-4FA0-8BFD-63279AB7E9DF},2022-10-07
484,1283,1,197088,1282,Fayette,Tennessee,47,047,47047,706.2, ,197088,15,1282,23366,080102100206,Indian Creek,0,"MS,TN",{555FC602-F329-4242-8D2A-0C80CCFAB6C2},080102100208,0.267874183,Yes,{CA5E71DE-4B32-4B86-A72B-283F98D72EFD},2022-10-07
485,1284,1,197054,1283,McNairy,Tennessee,47,109,47109,560.8, ,197054,30,1283,28485,060400010501,Sevenmile Creek-Chambers Creek,0,"MS,TN",{FA113D15-B8B7-4995-9B13-9B7EA95202B0},060400010502,0.18628241,Yes,{9F5AA11A-CAAB-44D0-96FB-4FCE002511C8},2022-10-07
486,1285,1,74332,1284,Monroe,Arkansas,05,095,05095,621.4, ,74332,58,1284,43219,080203030202,Hartz Reservoir-La Grue Bayou,0,AR,{75259693-FC90-4BBE-BC0B-3FD2A28DA57B},080203030203,0.378678403,Yes,{F84423FE-7D9B-4D84-BB44-9D5A32A180DF},2022-10-07
487,1286,1,197094,1285,Marshall,Mississippi,28,093,28093,709.8, ,197094,65,1285,34259,080102100209,Clear Creek-Wolf River,0,"MS,TN",{F1703209-662C-4E43-8241-0109D0834E63},080102100302,0.301344829,Yes,{A0421A8E-8041-44FC-9895-6617DB46B0F5},2022-10-07
488,1287,1,74491,1286,Tunica,Mississippi,28,143,28143,480.8, ,74491,38,1286,35708,080202031606,Alligator Bayou-St. Francis River,0,AR,{5A658372-0ED1-41C5-8708-4E8129D36DE4},080202031609,0.373223628,Yes,{4DBBC305-A640-42EC-AFE9-E4B0437A4F34},2022-10-07
489,1288,1,74166,1287,Phillips,Arkansas,05,107,05107,727.3, ,74166,42,1287,133125,080201000200,80201000200,0,"AR,MS",{DAC5F2CB-DF81-4AE4-8A15-BBDFC1625737},080201000302,0.403955924,Yes,{9C49DFF3-B987-4520-AA8E-C52BD3CDDC8C},2022-10-07
490,1289,1,197160,1288,Union,Mississippi,28,145,28145,416.9, ,197160,20,1288,24243,031601010302,Osborne Creek-Twentymile Creek,0,MS,{56861F43-A13F-401C-9BF4-B9C9CC272156},031601010304,0.237112563,Yes,{0C7D198F-E804-4473-AFA5-0271C5ADDFDF},2022-10-07
491,1290,1,199866,1289,Lafayette,Mississippi,28,071,28071,679.3, ,199866,57,1289,25005,080302010301,Duncans Creek-Cane Creek,0,MS,{49F1803B-CE7E-4B58-875D-AA5DB3B00209},080302010303,0.312121054,Yes,{F60284CA-9D4B-4676-B3E3-5A287B4E77F6},2022-10-07
492,1291,0,200015,1290,Panola,Mississippi,28,107,28107,705.1, ,200015,37,1290,12342,080302010905,Greasy Creek,0,MS,{C04ECFB3-6C58-4809-81EA-025EBDAFA822},080302010907,0.16405868,Yes,{45326FA6-5B1E-4287-A050-3B829C35BC5D},2022-10-07
493,1292,1,1173,1291,Marion,Alabama,01,093,01093,743.6, ,1173,69,1291,26334,060300060101,Little Bear Creek,0,AL,{B9F134BA-625E-4C80-ABE9-3AD1CAA5625F},060300060102,0.262823143,Yes,{AF284D59-F7C1-49D9-9E78-47B11289222E},2022-10-07
494,1293,1,74166,1292,Coahoma,Mississippi,28,027,28027,583.1, ,74166,48,1292,133125,080201000200,80201000200,0,"AR,MS",{DAC5F2CB-DF81-4AE4-8A15-BBDFC1625737},080201000302,0.403955924,Yes,{9C49DFF3-B987-4520-AA8E-C52BD3CDDC8C},2022-10-07
495,1294,1,200370,1293,Quitman,Mississippi,28,119,28119,406.5, ,200370,48,1293,14003,080302041103,Burrell Bayou,0,MS,{3E43C3D4-9F16-4AB0-9C09-8134934BEADF},080302041104,0.233771869,Yes,{39D92797-00C2-4A3E-BE16-225EB0705DBE},2022-10-07
496,1295,1,200078,1294,Yalobusha,Mississippi,28,161,28161,495, ,200078,46,1294,34998,080302030203,Johnson Creek-Otoucalofa Creek,0,MS,{5CA00B36-6333-4B70-BC84-974C8141BB23},080302030302,0.275407065,Yes,{BC1A5424-156D-4D88-B1C5-8AE293DB4B9E},2022-10-07
497,1296,1,200122,1295,Tallahatchie,Mississippi,28,135,28135,652.1, ,200122,87,1295,17651,080302030405,Shelton Creek-Yocona River,0,MS,{72532518-0BC5-47B2-8C49-13597834AA24},080302020306,0.295678326,Yes,{23C1FBF8-553C-4AB9-BA82-A25CEAB4E2A2},2022-10-07
498,1297,1,200214,1296,Grenada,Mississippi,28,043,28043,449.4, ,200214,42,1296,20899,080302050309,Organ Creek-Perry Creek,0,MS,{9AD5A2D9-805D-4587-9492-A3A841455901},080302050310,0.260691334,Yes,{1978F97B-892F-4C2B-AE9D-ED3CE0F5A071},2022-10-07
499,1298,1,73998,1297,St. Francis,Arkansas,05,123,05123,642.4, ,73998,56,1297,19740,080202031601,Little Crow Creek,0,AR,{961C490F-6804-4D03-B4FB-246DD9438125},080202031602,0.252944799,Yes,{7866EA0A-499A-49D4-8109-ADE1500D82A9},2022-10-07
500,1299,1,78558,1298,DeSoto,Mississippi,28,033,28033,496.8, ,78558,16,1298,22679,080101000704,Cow Island Bend-Mississippi River,0,"AR,MS,TN",{0755F02B-3E9D-4870-87CF-714C84A07944},080201000102,0.217585254,Yes,{AEA26218-105B-4742-B7F3-BF6F4EBF82EF},2022-10-07
501,1300,1,74074,1299,Lee,Arkansas,05,077,05077,619.5, ,74074,39,1299,28194,080202031604,Cow Bayou-St. Francis River,0,AR,{3912BCCF-AACB-49DF-9CF8-6C72C7FED547},080202031606,0.254256817,Yes,{BBD8B4C9-92C3-4CC2-875B-0C0298085A98},2022-10-07
502,1301,0,200012,1300,Tate,Mississippi,28,137,28137,410.9, ,200012,19,1300,25267,080302010904,Lafomby Creek-Little Tallahatchie River,0,MS,{DE909158-EBF3-49FA-80BA-CED55ECA14D4},080302010907,0.252505193,Yes,{5FBB49D1-10AB-4AD6-ACB7-3EE8C6E58E3A},2022-10-07
503,1302,1,197052,1301,Alcorn,Mississippi,28,003,28003,401.4, ,197052,30,1301,28485,060400010501,Sevenmile Creek-Chambers Creek,0,"MS,TN",{FA113D15-B8B7-4995-9B13-9B7EA95202B0},060400010502,0.259117541,Yes,{DF53C212-8166-4C8E-A4EF-BD54F605EBCA},2022-10-07
504,1303,1,2572,1302,Tishomingo,Mississippi,28,141,28141,444.5, ,2572,29,1302,25526,060300051202,Panther Creek-Pickwick Lake,0,"AL,MS",{326C1C01-43FC-4A58-9CAF-F8190E59D476},060300051203,0.161822519,Yes,{E2F8CF30-B01C-4641-AF2D-FC54121D32D3},2022-10-07
505,1304,1,197079,1303,Tippah,Mississippi,28,139,28139,460, ,197079,17,1303,30045,080102070801,Goose Pond Creek-Hatchie River,0,"MS,TN",{3A88ED69-CC8F-41C4-849D-861182100C91},080102070803,0.278794928,Yes,{10655D6B-1D98-4F56-B5C9-AB9C525C5671},2022-10-07
506,1305,1,197088,1304,Benton,Mississippi,28,009,28009,408.6, ,197088,28,1304,23366,080102100206,Indian Creek,0,"MS,TN",{555FC602-F329-4242-8D2A-0C80CCFAB6C2},080102100208,0.267874183,Yes,{CA5E71DE-4B32-4B86-A72B-283F98D72EFD},2022-10-07
507,1306,1,197120,1305,Prentiss,Mississippi,28,117,28117,418.2, ,197120,34,1305,28188,031601010102,Mackeys Creek-Bay Springs Lake,0,MS,{B82C1FB9-C3F7-4A43-93AE-5D8560018BCB},031601010105,0.244267554,Yes,{B7228A3C-CD1B-4E0D-B424-924FFF7B3D1E},2022-10-07
508,1307,1,197166,1306,Lee,Mississippi,28,081,28081,453.1, ,197166,22,1306,21553,031601010303,Okeela Creek,0,MS,{D7E9EDD4-0CD0-428E-BF45-411DC8659B32},031601010304,0.23990129,Yes,{01FC23B7-2EAE-40E0-9054-09E41E6B1A2B},2022-10-07
509,1308,1,2053,1307,Itawamba,Mississippi,28,057,28057,540.4, ,2053,50,1307,34801,031601030401,Boardtree Creek-Sipsey Creek,0,"AL,MS",{A444261A-11C0-4CBD-BD89-DD1A87EB998B},031601030402,0.310160542,Yes,{E038323E-EE08-4A8D-96FF-5D95B663FE97},2022-10-07
510,1309,1,197344,1308,Pontotoc,Mississippi,28,115,28115,501, ,197344,20,1308,18136,031601020202,Balls Branch-Tallabinnela Creek,0,MS,{80EFEB32-D44E-449E-B131-81AC79D5DF19},031601020203,0.224748478,Yes,{5EF2FECB-1846-4D1B-AA2D-E778BBBB5AB2},2022-10-07
511,1310,1,200042,1309,Calhoun,Mississippi,28,013,28013,588, ,200042,57,1309,24056,080302030101,Coon Creek-Yocona River,0,MS,{2644EE55-5346-4ED8-AC69-A2EF5CC63A0F},080302030102,0.265187495,Yes,{4A02ED2B-7BB9-4619-99E9-0590A411AC4A},2022-10-07
512,1311,1,2062,1310,Monroe,Mississippi,28,095,28095,772, ,2062,68,1310,23677,031601030503,Dry Creek-Sipsey Creek,0,"AL,MS",{D3ED565D-8600-4C18-AFFA-6C77C177D2BC},031601030601,0.297714817,Yes,{63D18090-3EB1-4C77-9FEA-B2B7E63D096B},2022-10-07
513,1312,1,197340,1311,Chickasaw,Mississippi,28,017,28017,504.3, ,197340,41,1311,10911,031601020201,Tubbalubba Creek,0,MS,{E58E08DE-CCCA-4FF3-98AA-C422D9D41B0C},031601020203,0.164398944,Yes,{81078BF0-B43B-45C8-BF9A-8E66D16A74AB},2022-10-07
514,1313,1,2083,1312,Lowndes,Mississippi,28,087,28087,516.5, ,2083,15,1312,30839,031601050404,Stillman Ditch-Yellow Creek,0,"AL,MS",{9837DED8-D972-4AED-98F4-CA906BA093B2},031601050405,0.257272041,Yes,{8F9369C0-3F2A-4780-A2B3-E5FF93643BF0},2022-10-07
515,1314,1,196232,1313,Montgomery,Mississippi,28,097,28097,407.9, ,196232,20,1313,33512,080602010301,Calabrella Creek,0,MS,{C3759DBF-C98F-4FC3-9460-D05DEE97DC09},080602010306,0.355990075,Yes,{FEDEE331-57C8-4FC6-91FF-94FB37E9EA70},2022-10-07
516,1315,1,73989,1314,Chicot,Arkansas,05,017,05017,690.9, ,73989,70,1314,22492,080500010703,Camp Bayou Canal-Boeuf River,0,"AR,LA",{BA0F929A-9CF3-46A9-9ABA-42E6FD837B7F},080500010706,0.254065226,Yes,{20FA0D5D-6A2F-44D3-A268-A86F120F1128},2022-10-07
517,1316,1,196271,1315,Attala,Mississippi,28,007,28007,737.1, ,196271,50,1315,27784,080602010501,Horse Creek-Big Black River,0,MS,{97F06637-5E42-4F0F-BCD8-6F44C14082B6},080602010605,0.240534652,Yes,{0FADA0ED-035A-452E-A353-C099C7F10A26},2022-10-07
518,1317,1,4176,1316,Greene,Alabama,01,063,01063,659.9, ,4176,73,1316,10845,031601060601,Fenache Creek,0,AL,{6DD4D4D7-038C-43FA-8308-639AA3CD7E48},031601060603,0.211511797,Yes,{ECFC5A72-F07B-47BB-9C94-A677E7FA5664},2022-10-07
519,1318,1,200682,1317,Sharkey,Mississippi,28,125,28125,434.9, ,200682,55,1317,23889.4188,080302071803,Deer Creek-Rolling Fork Creek,0,MS,{C8C04724-3E3C-4A28-8755-AB092BC2B6DD},080302071902,1.04293313,Yes,{B6B37644-82F3-4A7D-AC94-FD08595521CC},2022-10-07
520,1319,1,196351,1318,Yazoo,Mississippi,28,163,28163,934.1, ,196351,112,1318,33925,080602010904,Tacketts Creek-Big Black River,0,MS,{B32CF7A6-B4D9-42FF-9E82-BFEE6BD81264},080602020401,0.307971561,Yes,{BBD9F195-62F8-4C5D-9F39-C28BFC5AA5CD},2022-10-07
521,1320,1,77022,1319,Issaquena,Mississippi,28,055,28055,441.4, ,77022,75,1319,123386,080301000200,80301000200,0,"AR,LA,MS",{96981192-9296-44B2-BA37-8D8BDC1491D9},080301000300,0.755122825,Yes,{4C4EEDA9-6809-4493-BE17-AF220BB2E1B6},2022-10-07
522,1321,1,74564,1320,East Carroll,Louisiana,22,035,22035,442.4, ,74564,12,1320,24410,080500020402,Grand Lake,0,"AR,LA",{7B308E70-796A-4D96-815E-57111B32C302},080500020403,0.193407821,Yes,{F5301BE6-76BB-4FBF-B121-DC24136EA1F9},2022-10-07
523,1322,1,2116,1321,Sumter,Alabama,01,119,01119,913.3, ,2116,145,1321,20069,031601060507,Big Slough-Tombigbee River,0,"AL,MS",{17AD13A9-1C69-46F2-B587-B7987E107B57},031601060603,0.26133527,Yes,{141769AE-B15F-4413-ABF9-DFF05D4A3DF7},2022-10-07
524,1323,1,197796,1322,Neshoba,Mississippi,28,099,28099,571.6, ,197796,41,1322,28250,031700010101,Nelson Creek-Tallashua Creek,0,MS,{87796E51-7B46-4489-8C3D-2BBEAEAF5CC7},031700010103,0.252712376,Yes,{ECB0A4A9-9784-4D48-AC60-839255C8C581},2022-10-07
525,1324,1,198990,1323,Leake,Mississippi,28,079,28079,585.4, ,198990,54,1323,32163,031800010607,Hooper Mill Creek-Pearl River,0,MS,{5D6D0A6E-9AC8-4E43-AB37-B5EE07266283},031800011403,0.2547489,Yes,{27F99866-DC42-42F1-B277-EB44D45AD170},2022-10-07
526,1325,1,2123,1324,Kemper,Mississippi,28,069,28069,767, ,2123,76,1324,23879,031601081002,Bodka Creek-Akron,0,"AL,MS",{49720B3A-991C-4220-B767-FEC1FBEC0806},031601081004,0.027704262,Yes,{697ED933-4828-41B7-AF97-A5D83390474D},2022-10-07
527,1326,1,198125,1325,Scott,Mississippi,28,123,28123,610.4, ,198125,26,1325,28928,031700040201,Little Tallahala Creek-West Tallahala Creek,0,MS,{0930AE7A-344D-49EE-A410-8D65D9E0366F},031700040203,0.309566309,Yes,{91592D3D-5E52-434A-AC6D-C9E6B82D16E8},2022-10-07
528,1327,1,169622,1326,Madison,Louisiana,22,065,22065,650.5, ,169622,52,1326,114612,080601000200,080601000200,0,"LA,MS",{3BC27637-3D8E-41E9-88A5-1EA326B5128A},080601000302,0.543439809,Yes,{569BC45C-815D-4926-9B18-DD703A1F6CF9},2022-10-07
529,1328,1,196351,1327,Madison,Mississippi,28,089,28089,741.9, ,196351,60,1327,33925,080602010904,Tacketts Creek-Big Black River,0,MS,{B32CF7A6-B4D9-42FF-9E82-BFEE6BD81264},080602020401,0.307971561,Yes,{BBD9F195-62F8-4C5D-9F39-C28BFC5AA5CD},2022-10-07
530,1329,1,169620,1328,Warren,Mississippi,28,149,28149,618.8, ,169620,79,1328,114612,080601000200,080601000200,0,"LA,MS",{3BC27637-3D8E-41E9-88A5-1EA326B5128A},080601000302,0.793325876,Yes,{0CA9251A-BEE1-4397-AECA-CA6D01493D99},2022-10-07
531,1330,1,199184,1329,Rankin,Mississippi,28,121,28121,806.1, ,199184,53,1329,17283,031800020201,Hurricane Creek-Fannegusha Creek,0,MS,{76E12296-CF7B-42C7-88B3-3665F4640E78},031800020202,0.197265078,Yes,{ECF2F898-A260-4181-9D63-A668D3E2941E},2022-10-07
532,1331,1,196465,1330,Hinds,Mississippi,28,049,28049,877.3, ,196465,59,1330,28888,080602020601,Limekiln Creek,0,MS,{7C2E76B0-54F9-4233-AFC3-65613B09910C},080602020602,0.264365239,Yes,{9C440878-6C67-4A5B-AED1-B6F55377107F},2022-10-07
533,1332,1,196267,1331,Carroll,Mississippi,28,015,28015,634.5, ,196267,33,1331,16110,080602010404,Flowers Creek-Big Black River,0,MS,{A93CC13C-1F46-46C4-8DE8-F5675B3519B9},080602010501,0.234648299,Yes,{3E699F94-294E-4C32-9D69-340C31DD857D},2022-10-07
534,1333,1,75395,1332,Washington,Mississippi,28,151,28151,761.3, ,75395,43,1332,161135,080301000100,80301000100,0,"AR,MS",{7FC7B7B2-6136-4629-9740-1B88FDDFD97D},080301000200,1.066225259,Yes,{EBFB280A-1E99-4BC5-A701-504E752585B0},2022-10-07
535,1334,1,196299,1333,Holmes,Mississippi,28,051,28051,764.2, ,196299,53,1333,22853,080602010605,Peachahala Creek-Big Black River,0,MS,{61305201-8EA1-4EB3-ABA1-E98EE0DF51A5},080602010702,0.224058086,Yes,{A47BB5DD-D8FE-4777-85A1-8F23E90C9100},2022-10-07
536,1335,1,200802,1334,Humphreys,Mississippi,28,053,28053,431.2, ,200802,29,1334,39145,080302060407,Lower Tchula Lake-Yazoo River,0,MS,{F96F3A76-DEC6-4633-8D28-388EBC357D71},080302060703,0.402150685,Yes,{A430A3D9-EB0C-4989-9718-E8358260D011},2022-10-07
537,1336,1,196196,1335,Webster,Mississippi,28,155,28155,423.3, ,196196,37,1335,14109,080602010101,Savannah Creek-Spring Creek,0,MS,{456E01D6-81EE-4508-A994-BC81CB8ED870},080602010102,0.181928166,Yes,{E95345B9-15A4-4527-BA58-4724CDF0BFFD},2022-10-07
538,1337,1,196206,1336,Oktibbeha,Mississippi,28,105,28105,461.9, ,196206,37,1336,14898,080602010103,Pigeon Roost Creek,0,MS,{BFE104BD-E7CB-4FE0-8429-D5C8DEC51867},080602010104,0.188411109,Yes,{3B12C2C4-EC03-4939-A9C4-19C6C68C07B0},2022-10-07
539,1338,1,2116,1337,Pickens,Alabama,01,107,01107,890.1, ,2116,30,1337,20069,031601060507,Big Slough-Tombigbee River,0,"AL,MS",{17AD13A9-1C69-46F2-B587-B7987E107B57},031601060603,0.26133527,Yes,{141769AE-B15F-4413-ABF9-DFF05D4A3DF7},2022-10-07
540,1339,1,196205,1338,Choctaw,Mississippi,28,019,28019,419.8, ,196205,19,1338,14898,080602010103,Pigeon Roost Creek,0,MS,{BFE104BD-E7CB-4FE0-8429-D5C8DEC51867},080602010104,0.215277002,Yes,{86B8C023-0A9D-427B-8054-DEB0C2AA39EF},2022-10-07
541,1340,1,2119,1339,Noxubee,Mississippi,28,103,28103,700, ,2119,56,1339,22163,031601080903,Lower Woodward Creek,0,"AL,MS",{5E8DEAE2-0D2B-4936-B28E-48CD1DDE08F1},031601081101,0.200475886,Yes,{58579D8C-B931-404B-B46F-080B7EE0D013},2022-10-07
542,1341,1,197597,1340,Winston,Mississippi,28,159,28159,610.1, ,197597,16,1340,21533,031601080106,Sand Creek-Noxubee River,0,MS,{01386232-307A-4E96-AF65-36D4B452CF4D},031601080208,0.208702354,Yes,{225154FC-6431-4061-9836-CD3B57BCA14E},2022-10-07
543,1342,1,2148,1341,Lauderdale,Mississippi,28,075,28075,715.3, ,2148,74,1341,25520,031602010502,Woods Creek-Tuckabum Creek,0,"AL,MS",{358A6736-8348-4FFB-8508-00129BB0FAC7},031602010505,0.16650181,Yes,{8ED7C081-320A-410B-A5CB-F302DDE6E96E},2022-10-07
544,1343,1,197796,1342,Newton,Mississippi,28,101,28101,579.6, ,197796,23,1342,28250,031700010101,Nelson Creek-Tallashua Creek,0,MS,{87796E51-7B46-4489-8C3D-2BBEAEAF5CC7},031700010103,0.252712376,Yes,{ECB0A4A9-9784-4D48-AC60-839255C8C581},2022-10-07
545,1346,1,201485,1345,Shannon,Missouri,29,203,29203,1004, ,201485,114,1345,38435,110100080502,Rocky Creek-Current River,0,MO,{C69C1628-1C9B-4A6C-863F-7A7E504B42F4},110100080503,0.380654388,Yes,{7659B25D-F518-4A3C-AC58-CB0F9F6A29D7},2022-10-07
546,1347,0,201889,1346,Stoddard,Missouri,29,207,29207,828.9, ,201889,8,1346,23956,080202040205,Cato Slough-Castor River,0,MO,{8599581D-D4BF-4543-ADE3-42205B9BBBC8},080202040206,0.251596213,Yes,{0A8983EA-ED62-4FB7-9989-E6B30F627110},2022-10-07
547,1348,1,201464,1347,Carter,Missouri,29,035,29035,509, ,201464,75,1347,17698,110100080507,Long Branch-Current River,0,MO,{AAD38CE1-7CE8-4747-94B3-01BF6D1ADE3B},110100080603,0.310387538,Yes,{8256AAC1-56D4-4630-A0D6-EC899B0CFDF8},2022-10-07
548,1351,1,74014,1350,Jackson,Arkansas,05,067,05067,641.4, ,74014,39,1350,29796,110100130403,Blue Creek-Departee Creek,0,AR,{7E2861E6-57A5-4D82-AD03-D84174B68ED9},110100130404,0.250301934,Yes,{58865573-FD67-4EE7-8981-51C9F90381B5},2022-10-07
549,1352,1,74043,1351,Pope,Arkansas,05,115,05115,830.8, ,74043,117,1351,19827,111102030206,Point Remove Creek,0,AR,{620C53FC-08BA-4ED6-A266-C40CEC2FFDB7},111102030503,0.197226475,Yes,{9AD22009-99E0-4BE6-B499-002A3D9FFC4D},2022-10-07
550,1353,1,76958,1352,Sequoyah,Oklahoma,40,135,40135,714.9, ,76958,104,1352,20244,111101040407,Missing Branch-Lee Creek,0,"AR,OK",{98E8F12B-FC8E-425F-9C7D-0DF7BF8BADFD},111101040506,0.097032277,Yes,{103132DB-DB8C-4AD2-95CB-01CFF084159D},2022-10-07
551,1354,1,202105,1353,Douglas,Missouri,29,067,29067,814.6, ,202105,4,1353,39273,110100060401,Brixey Creek-Spring Creek,0,MO,{F81C395A-5759-4D19-8057-8891B2741197},110100060403,0.32971743,Yes,{203D1200-FA04-49E8-B54F-4FBE60014A52},2022-10-07
552,1355,1,157833,1354,Newton,Missouri,29,145,29145,626.7, ,157833,10,1354,20071,110702070806,Shoal Creek,0,"KS,MO",{091F8103-E730-45D6-9DF7-D7047156655C},110702070904,0.212358897,Yes,{ED8F894E-10B7-48A2-9C77-09300A7288CA},2022-10-07
553,1356,0,202699,1355,Howell,Missouri,29,091,29091,928.3, ,202699,6,1355,43159,110100100202,Howell Creek,0,MO,{21027E0F-4EC3-4859-A253-C25BC393A068},110100100203,0.361889162,Yes,{689B9E67-EFA0-4D73-B8EA-3FDC3E9B179C},2022-10-07
554,1357,1,75318,1356,Oregon,Missouri,29,149,29149,791.6, ,75318,63,1356,36945,110100100205,Trace Creek-Spring River,0,"AR,MO",{F1C6FD80-033C-4A8C-8591-B3BC23E1309E},110100100207,0.177231879,Yes,{1FABFDD8-B64B-41D9-A27A-FBAEFDAF65EC},2022-10-07
555,1358,1,74176,1357,Taney,Missouri,29,213,29213,651.5, ,74176,23,1357,19878,110100030703,Shoal Creek,0,"AR,MO",{B6F72A54-2829-488B-8764-06F598B50267},110100030707,0.047018203,Yes,{25306D22-C0B9-4EFB-860F-DA2DF09941A6},2022-10-07
556,1359,1,74095,1358,Baxter,Arkansas,05,005,05005,586.7, ,74095,46,1358,26071,110100040205,Sneeds Creek-White River,0,AR,{C7C5E467-A1E3-4F6A-807C-28F952A3524D},110100040206,0.275598073,Yes,{1BD32075-3CC5-49F4-9201-98F87EBAA026},2022-10-07
557,1360,1,74012,1359,Sharp,Arkansas,05,135,05135,606.4, ,74012,111,1359,29536,110100100505,Browns Creek-Spring River,0,AR,{9D3BF781-0049-481E-B470-A0AC5361D9C7},110100100506,0.272457919,Yes,{533E86E2-060B-407C-AB97-7DC85593B578},2022-10-07
558,1361,1,74124,1360,Marion,Arkansas,05,089,05089,640.3, ,74124,82,1360,17647,110100031108,Dry Creek-White River,0,AR,{46B7987C-886F-4E2C-93AE-0B53B4F98244},110100040202,0.20853759,Yes,{B2DDB615-F158-4387-9960-CF993BE218C5},2022-10-07
559,1362,1,74061,1361,Boone,Arkansas,05,009,05009,601.8, ,74061,101,1361,18790,110100030906,Sugar Orchard Creek,0,AR,{89FE8676-FF5A-49A3-A2D5-F659F7D1560A},110100030907,0.240688161,Yes,{293F5379-EC82-4FE1-89F9-42F5887DD012},2022-10-07
560,1363,1,73997,1362,Madison,Arkansas,05,087,05087,837.1, ,73997,141,1362,20657,110100010602,Seals Creek-War Eagle Creek,0,AR,{A381D79A-70E6-48B0-8277-3370E39B7513},110100010603,0.207191078,Yes,{61881938-87E2-4810-9E65-59E57B330790},2022-10-07
561,1364,1,74017,1363,Izard,Arkansas,05,065,05065,584, ,74017,103,1363,22620,110100040405,West Rocky Bayou-Rocky Bayou,0,AR,{269FB68F-4CFD-40A1-8B04-9A5E30594A8A},110100040406,0.216959178,Yes,{D23EE228-A6FE-4376-AFD3-BEC54151B805},2022-10-07
562,1365,1,73988,1364,Washington,Arkansas,05,143,05143,956, ,73988,176,1364,21581,110100010401,London Creek-West Fork White River,0,AR,{37C5F6AA-CE77-4162-B3A2-1540CB18743C},110100010402,0.226520246,Yes,{48AC9021-145C-4B84-B520-A654B2838C06},2022-10-07
563,1366,1,73999,1365,Franklin,Arkansas,05,047,05047,619.7, ,73999,116,1365,10483,111102010703,Fane Creek,0,AR,{693A7CD2-3687-48C0-A02C-E479C8C7FBB1},111102010704,0.142626751,Yes,{260D6DC6-448B-4870-A4BC-DE65D44318E5},2022-10-07
564,1367,1,74907,1366,Adair,Oklahoma,40,001,40001,577, ,74907,85,1366,23093,111101030606,Lake Frances-Illinois River,0,"AR,OK",{32902FAB-F9F3-4353-BBEE-62243C384C25},111101030607,0.188693024,Yes,{1E8660A8-8345-4163-A6D3-F125F93FB68B},2022-10-07
565,1368,1,74055,1367,Newton,Arkansas,05,101,05101,823.2, ,74055,126,1367,23973,111102020603,Curtis Creek-Big Piney Creek,0,AR,{C2874136-8D80-4ED2-9787-4F511CD80AA5},111102020605,0.241070357,Yes,{369C28C4-C632-42F1-AFE9-A44D1D4E0D79},2022-10-07
566,1369,1,74055,1368,Johnson,Arkansas,05,071,05071,682.7, ,74055,117,1368,23973,111102020603,Curtis Creek-Big Piney Creek,0,AR,{C2874136-8D80-4ED2-9787-4F511CD80AA5},111102020605,0.241070357,Yes,{369C28C4-C632-42F1-AFE9-A44D1D4E0D79},2022-10-07
567,1370,1,74013,1369,Crawford,Arkansas,05,033,05033,604.2, ,74013,123,1369,13318,111102010503,Mays Branch,0,AR,{9C731A44-CC14-402D-9B2C-C54B48CC66C9},111102010504,0.215810316,Yes,{B4D32C4B-386D-461F-9A37-20D389AB7ABE},2022-10-07
568,1371,1,74143,1370,Stone,Missouri,29,209,29209,510.9, ,74143,12,1370,25295,110100011307,Yocum Creek-Table Rock Lake,0,"AR,MO",{F0551F95-F5BE-4F57-9A34-51DB07763873},110100011402,0.258030259,Yes,{1A6B8750-DC39-49C7-B0B7-71C690819042},2022-10-07
569,1372,1,74292,1371,Barry,Missouri,29,009,29009,790.9, ,74292,32,1371,16709,110100010801,Butler Creek,0,"AR,MO",{978D2A53-3B51-4EF6-B627-0096624D9401},110100010803,0.13651148,Yes,{07B73C55-CA29-4473-905E-BE2E367EF55A},2022-10-07
570,1373,1,201693,1372,McDonald,Missouri,29,119,29119,539.7, ,201693,20,1372,24991,110702060302,Middle Honey Creek,0,"MO,OK",{88F83A9D-1CD9-4106-BB84-ACDF006C088F},110702060304,0.191364212,Yes,{C306CF73-3316-4D4B-AD4D-1887EF045EFD},2022-10-07
571,1374,1,74049,1373,Benton,Arkansas,05,007,05007,880.3, ,74049,147,1373,13660,110702080201,Headwaters Little Sugar Creek,0,AR,{66D404BB-166B-47E8-9314-5139F13D1B0F},110702080202,0.210866608,Yes,{45703E7F-3ED8-4E37-93E7-6EC40F6E0F55},2022-10-07
572,1375,1,74026,1374,Carroll,Arkansas,05,015,05015,638.8, ,74026,115,1374,15865,110100010907,Lower Dry Fork,0,AR,{8B3398C6-F1D5-44C1-8385-3DA4C523BD45},110100011103,0.163574629,Yes,{55297CF9-FBCC-4E5E-88F5-68CEC588EF6C},2022-10-07
573,1376,1,75938,1375,Ozark,Missouri,29,153,29153,755.1, ,75938,32,1375,28929,110100030707,Buck Creek-Bull Shoals Lake,0,"AR,MO",{36A85DB7-0495-4F89-878B-A916159C5332},110100030708,0.175336015,Yes,{88F64ACF-26A1-4EC3-9557-617F2F02B6B0},2022-10-07
574,1377,1,74088,1376,Fulton,Arkansas,05,049,05049,620.3, ,74088,38,1376,22214,110100120301,Hackney Creek-North Big Creek,0,AR,{1E2B4B52-FE97-4BBB-8535-D29606FFC983},110100120302,0.239109219,Yes,{1764D4A1-341C-4EEF-960A-98C110FCE6B1},2022-10-07
575,1378,1,74096,1377,Searcy,Arkansas,05,129,05129,668.5, ,74096,92,1377,36800,111102020902,Middle Fork Illinois Bayou,0,AR,{0CA480E5-68CA-4DE7-BB9D-A7BB67198C5D},111102020905,0.326306234,Yes,{AD13F946-127B-4E82-8D55-D685F58E7F5D},2022-10-07
576,1379,1,74073,1378,Stone,Arkansas,05,137,05137,609.4, ,74073,98,1378,32106,110100040306,Outlet South Sylamore Creek,0,AR,{C9C0DD80-2FED-443E-AB2E-2C28A27824BF},110100040404,0.274350049,Yes,{E04E033D-A97A-4987-9E8E-664522959EFC},2022-10-07
577,1380,1,74014,1379,Independence,Arkansas,05,063,05063,771.6, ,74014,118,1379,29796,110100130403,Blue Creek-Departee Creek,0,AR,{7E2861E6-57A5-4D82-AD03-D84174B68ED9},110100130404,0.250301934,Yes,{58865573-FD67-4EE7-8981-51C9F90381B5},2022-10-07
578,1381,1,74089,1380,Van Buren,Arkansas,05,141,05141,724.3, ,74089,106,1380,23601,110100140404,Tick Creek-Middle Fork Little Red River,0,AR,{10AB559F-D491-4C5C-A136-5BC6DD0188BB},110100140405,0.227835066,Yes,{653A7D85-B9E7-4508-8CAD-C8194D3043AA},2022-10-07
579,1382,1,74046,1381,Cleburne,Arkansas,05,023,05023,591.9, ,74046,73,1381,26323,110100140604,Salt Creek-Greers Ferry Lake,0,AR,{F7F46A66-0F30-4CB0-AFB9-B94D7F8F0812},110100140605,0.243941771,Yes,{44C365AD-23A7-4364-9EB1-4088E80E0517},2022-10-07
580,1386,1,201590,1385,Crawford,Missouri,29,055,29055,744.4, ,201590,36,1385,35818,071401020401,Headwaters Huzzah Creek,0,MO,{92E53301-8DB3-4471-A71E-58DF8D346AE3},071401020402,0.288854683,Yes,{BEFC29AC-BBC9-41A5-ADDA-F05981A4CD66},2022-10-07
581,1387,0,201548,1386,Phelps,Missouri,29,161,29161,674.3, ,201548,34,1386,13458,102902020301,Sherrill Creek,0,MO,{B7BEB620-2A85-4362-87FC-50614990BA78},102902020302,0.184769459,Yes,{D606169C-D869-4788-BE7E-7A3A5517BA9F},2022-10-07
582,1389,0,201728,1388,Pulaski,Missouri,29,169,29169,551.4, ,201728,33,1388,15632,102902030201,Prewett Hollow-Gasconade River,0,MO,{E42F864E-FC37-480A-ADA6-5F6BEC322BA7},102902030202,0.202725718,Yes,{7F22C217-D720-4A89-A6FB-E84280C00A29},2022-10-07
583,1392,1,202321,1391,Laclede,Missouri,29,105,29105,768, ,202321,13,1391,32013,102902010408,Praire Creek-Gasconade River,0,MO,{78E08A99-037A-40F5-A875-0658FD0F51B8},102902010602,0.254613898,Yes,{651EF908-3EAE-4CD6-89A4-8F9A282565CC},2022-10-07
584,1393,1,201566,1392,Dent,Missouri,29,065,29065,754.5, ,201566,45,1392,11701,110100080107,Parker Hollow-Current River,0,MO,{24F3CF14-2FDB-4B49-9BFE-BB220A5F565B},110100080111,0.170728068,Yes,{17591CB0-32D0-43AB-9343-E47CB54DE0F8},2022-10-07
585,1408,0,201548,1407,Texas,Missouri,29,215,29215,1179.2, ,201548,42,1407,13458,102902020301,Sherrill Creek,0,MO,{B7BEB620-2A85-4362-87FC-50614990BA78},102902020302,0.184769459,Yes,{D606169C-D869-4788-BE7E-7A3A5517BA9F},2022-10-07
586,1410,1,202362,1409,Wright,Missouri,29,229,29229,683.2, ,202362,2,1409,24040,102902010504,Doolittle Creek-Roubidoux Creek,0,MO,{BC0053EC-44B3-4364-AEBB-118E4FEB9688},102902010505,0.24079149,Yes,{17A9BB45-79C0-43DB-85F8-77BE73525E8A},2022-10-07
587,1415,0,201937,1414,St. Francois,Missouri,29,187,29187,451.2, ,201937,13,1414,19651,080202020205,Doe Run Creek,0,MO,{76380631-FB64-4533-B54C-D6817C3F9679},080202020206,0.248005127,Yes,{F61B2791-172C-4D40-95E6-25ACC64857A2},2022-10-07
588,1425,1,164378,1424,Lyon,Kentucky,21,143,21143,256.4, ,164378,16,1424,32955,051302050703,Long Creek-Cumberland River,0,KY,{232C4515-0BF4-4A4A-BBA6-72C17511FBCD},051302050707,0.281005884,Yes,{4A51C170-E60E-4762-A9B5-C59AD35E516A},2022-10-07
589,1426,0,201444,1425,Iron,Missouri,29,093,29093,552.6, ,201444,82,1425,36897,110100070101,Upper West Fork Black River,0,MO,{540738EC-5F53-44BD-8854-3A0FCB9CD2BB},110100070103,0.331917851,Yes,{8510985C-6C42-46F7-A053-8339EC075C77},2022-10-07
590,1427,1,201669,1426,Madison,Missouri,29,123,29123,497.8, ,201669,59,1426,18993,080202020210,Turkey Creek-St Francis River,0,MO,{75D7AB5E-3E7B-463E-A2EA-8AAFBED45EB6},080202020402,0.205666516,Yes,{A4C2FE6F-FA1A-4627-8C09-2A30CFE2F881},2022-10-07
591,1428,0,201444,1427,Reynolds,Missouri,29,179,29179,814.4, ,201444,106,1427,36897,110100070101,Upper West Fork Black River,0,MO,{540738EC-5F53-44BD-8854-3A0FCB9CD2BB},110100070103,0.331917851,Yes,{8510985C-6C42-46F7-A053-8339EC075C77},2022-10-07
592,1429,0,201862,1428,Bollinger,Missouri,29,017,29017,621.4, ,201862,22,1428,20109,071401070204,Wash Creek-Castor River,0,MO,{D3DA20B9-6558-46DC-8F2A-62C763552437},071401070206,0.229348356,Yes,{69E275E1-77C6-4DE5-B8B6-8C5814C2B0F1},2022-10-07
593,1430,1,201448,1429,Wayne,Missouri,29,223,29223,774.1, ,201448,88,1429,36471,080202020503,Big Lake Creek-St Francis River,0,MO,{F315D60B-644C-49F4-8702-4DD174EF19D0},080202020506,0.341519798,Yes,{A52A10B7-80BC-4259-AB61-7557CB101C6C},2022-10-07
594,1435,1,201808,1434,Washington,Missouri,29,221,29221,762.2, ,201808,32,1434,30617,071401020304,Lost Creek-Courtois Creek,0,MO,{BA271565-5177-4BDF-A293-3FE7BDE02A7B},071401020305,0.294244948,Yes,{D47F2026-D75F-42EE-B905-A1B4F5D751B0},2022-10-07
595,1444,1,140498,1443,Pope,Illinois,17,151,17151,374.6, ,140498,8,1443,31811,051402030601,Little Lusk Creek-Lusk Creek,0,IL,{E6D589CC-2152-42F3-8F8D-9110FA34EC0E},051402030602,0.286405807,Yes,{4917C42E-2799-4721-8AA1-0877C45235F0},2022-10-07
596,1448,1,164398,1447,Livingston,Kentucky,21,139,21139,342.2, ,164398,2,1447,37153,051302050708,Demumbers Creek-Cumberland River,0,KY,{DCDE5081-9192-4C86-BF14-A6BA5AA3B6E7},051302050804,0.331553444,Yes,{FC4365A5-7F08-4C48-922C-05C42E5D1B91},2022-10-07
597,1454,1,166031,1453,Marshall,Kentucky,21,157,21157,340.3, ,166031,7,1453,21519,060400051003,Ledbetter Creek-Kentucky Lake,0,KY,{E9B9CCE1-5AA2-440B-B87D-02CDD0A469F3},060400051004,0.225802728,Yes,{83B720AF-0850-4357-9EB4-216131DB1255},2022-10-07
598,1455,1,164326,1454,Trigg,Kentucky,21,221,21221,481.1, ,164326,32,1454,24621,051302050505,Bennettstown-Little River,0,KY,{98CD0F65-A3AB-428E-A58B-A5B1C241E87D},051302050507,0.336195934,Yes,{445E2552-A3B3-4ADC-A8A0-7806DE3B6A0E},2022-10-07
599,1457,1,166737,1456,Stewart,Tennessee,47,161,47161,493.2, ,166737,36,1456,36966,051302050406,Saline Creek,0,"KY,TN",{67576105-EC07-4DC3-B73E-301DA81C7C9C},051302050407,0.25906173,Yes,{3316C917-3985-41FB-BD18-06CAA38CDA74},2022-10-07
600,1458,1,74789,1457,Dunklin,Missouri,29,069,29069,547.1, ,74789,6,1457,25035,080202030802,Little Slough Ditch,0,"AR,MO",{C36D54FC-EC6F-4427-B678-DD6963000432},080202030902,0.289635308,Yes,{DF6FBD8D-68C1-40DE-B0FF-624748475EE2},2022-10-07
601,1462,1,76132,1461,Greene,Arkansas,05,055,05055,579.6, ,76132,4,1461,22898,080202030704,Locust Creek Ditch Outlet,0,AR,{D0231E13-EF8F-491C-9F29-F6F922AD2914},080202030902,0.347095798,Yes,{EDCE7DC4-49B2-42E7-B473-94EB2696E828},2022-10-07
602,1463,1,74012,1462,Lawrence,Arkansas,05,075,05075,592.3, ,74012,60,1462,29536,110100100505,Browns Creek-Spring River,0,AR,{9D3BF781-0049-481E-B470-A0AC5361D9C7},110100100506,0.272457919,Yes,{533E86E2-060B-407C-AB97-7DC85593B578},2022-10-07
603,1466,1,326024,1465,Lauderdale,Tennessee,47,097,47097,507.1, ,326024,10,1465,51086,080101000604,Fletcher Towhead-Mississippi River,0,"AR,TN",{8D550956-11F8-40A3-9506-AE555D16CE49},080101000605,0.562690278,Yes,{3B8959CE-BBCA-4A1A-B0B7-124B691BBBCE},2022-10-07
604,1469,1,74267,1468,Mississippi,Arkansas,05,093,05093,919.7, ,74267,24,1468,26787,080202040805,Big Lake,0,"AR,MO",{826DAA9E-E4CB-4715-BD03-5FD31C0244B7},080202040808,0.27364843,Yes,{0F8E7DBB-68F7-4DC7-B1DC-BEA2269C0695},2022-10-07
605,1470,1,74479,1469,Craighead,Arkansas,05,031,05031,713, ,74479,23,1469,29247,080202031003,Purcell Slough,0,AR,{45038B41-91C7-4AF7-8A59-FCFAA1C30205},080202031004,0.372703181,Yes,{2AD8A359-3714-43BD-BE4C-781D15472946},2022-10-07
606,1471,1,74321,1470,Poinsett,Arkansas,05,111,05111,763.4, ,74321,14,1470,49439,080202030902,St. Francis Bay Floodway-St. Francis River,0,AR,{D7EAD75E-5C09-49E1-AE63-A111D4B22D07},080202030903,0.442680202,Yes,{74ABDD4A-F1D2-4B96-9B85-FB3D409841A6},2022-10-07
607,1472,1,75443,1471,Tipton,Tennessee,47,167,47167,474.7, ,75443,18,1471,80970,080101000701,Bear Creek-Mississippi River,0,"AR,TN",{EEE1106C-1006-4E5E-9556-65E9D9DB79EF},080101000702,0.181462637,Yes,{F60BB3F5-8910-442A-87A1-B104B6DFD40B},2022-10-07
608,1473,0,201859,1472,Butler,Missouri,29,023,29023,699, ,201859,13,1472,32807,110100080703,Beaverdam Creek,0,MO,{FDD01151-C80F-4798-9902-0A80AF59ACFB},110100080704,0.353466892,Yes,{B989E121-7667-4A5F-B514-4EC7319EC7DF},2022-10-07
609,1474,1,75982,1473,Ripley,Missouri,29,181,29181,631.7, ,75982,50,1473,22365,110100090103,Mud Creek,0,"AR,MO",{9BB296DF-E954-492C-AB8E-B10CE8B3CD56},110100090104,0.155399442,Yes,{D14A9C38-E860-4B95-BB06-B78CD08A6CCC},2022-10-07
610,1476,1,74012,1475,Randolph,Arkansas,05,121,05121,656, ,74012,63,1475,29536,110100100505,Browns Creek-Spring River,0,AR,{9D3BF781-0049-481E-B470-A0AC5361D9C7},110100100506,0.272457919,Yes,{533E86E2-060B-407C-AB97-7DC85593B578},2022-10-07
611,1480,1,166011,1479,Calloway,Kentucky,21,035,21035,410.8, ,166011,19,1479,15436,060400050802,Dog Creek-Blood River,0,KY,{E2CD98C6-86CF-4791-88CB-700926FDDB7B},060400050803,0.185132804,Yes,{708C68CD-296A-41D5-986D-E478E4EEE1AA},2022-10-07
612,1484,1,326269,1483,Henry,Tennessee,47,079,47079,593.5, ,326269,11,1483,30024,060400050801,Headwaters Blood River,0,"KY,TN",{D9A5E778-F02F-4AD5-8869-D5B89D377BC4},060400050802,0.280076914,Yes,{AE511CDB-4108-4CB1-AEA7-08A130E9C093},2022-10-07
613,1485,1,328164,1484,Carroll,Tennessee,47,017,47017,599.9, ,328164,4,1484,33428,080102030603,South Fork Obion River Upper,0,TN,{1A69EA4B-CB90-4A1B-9AD3-19FA2B05769D},080102030605,0.284558405,Yes,{C76C5D26-A824-4B95-9719-550A482709F7},2022-10-07
614,1491,1,147445,1490,Washington,Indiana,18,175,18175,516.5, ,147445,3,1490,15072,051202080104,Greasy Creek-East Fork White River,0,IN,{97320EAC-2A01-4A64-BA97-413EEB0A7C90},051202080302,0.173363702,Yes,{BDDD4B77-07D9-4792-A24B-9EED5B506FE7},2022-10-07
615,1493,1,163460,1492,Wise,Virginia,51,195,51195,405.2, ,163460,50,1492,24758,051301010102,Looney Creek-Poor Fork Cumberland River,0,KY,{B02FA74C-6F97-40F9-9374-4794DC23BB8D},051301010106,0.247609015,Yes,{5F50E3CA-84AA-48CA-B7A7-2091CB4AB3C9},2022-10-07
616,1495,1,164109,1494,Russell,Kentucky,21,207,21207,282.8, ,164109,5,1494,33481,051301030404,Upper Wolf Creek,0,KY,{5DE5845A-0EFC-49D9-BD08-C7325257E856},051301030405,0.299470812,Yes,{CF3481E5-F14C-4556-AEAC-4223B3391C6D},2022-10-07
617,1498,1,164326,1497,Christian,Kentucky,21,047,21047,724, ,164326,8,1497,24621,051302050505,Bennettstown-Little River,0,KY,{98CD0F65-A3AB-428E-A58B-A5B1C241E87D},051302050507,0.336195934,Yes,{445E2552-A3B3-4ADC-A8A0-7806DE3B6A0E},2022-10-07
618,1500,1,268840,1499,Rutherford,North Carolina,37,161,37161,565.8, ,268840,33,1499,33992,030501020101,Upper Henry Fork,0,NC,{67ABA6F2-FEBC-4E61-A8A3-9A483ACB6E4F},030501020102,0.295847151,Yes,{201D5996-FCB7-481D-8885-6B889FA8EB01},2022-10-07
619,1501,1,327026,1500,Sequatchie,Tennessee,47,153,47153,266, ,327026,5,1500,44835,060200040106,Big Brush Creek,0,TN,{23FA4AA8-B5CF-4DC4-B896-0BFC18C704DF},060200040107,0.346666875,Yes,{FD438703-DB3E-49C6-9C56-A0610EA8CB59},2022-10-07
620,1502,1,268853,1501,Cleveland,North Carolina,37,045,37045,468.5, ,268853,20,1501,27909,030501020201,Upper Jacob Fork,0,NC,{AB337247-6361-46C8-9C01-F13393035312},030501020202,0.270311419,Yes,{7AE93BEC-DD30-420A-A2F3-61DA7AD06999},2022-10-07
621,1509,1,329607,1508,Houston,Tennessee,47,083,47083,206.9, ,329607,2,1508,13666,051302050205,Yellow Creek Outlet,0,TN,{5A787599-CFA3-427B-A168-3C7B36DB3C56},051302050308,0.171623756,Yes,{1BA9DF63-A026-433E-948C-8EE2606FD040},2022-10-07
622,1510,1,326694,1509,Morgan,Tennessee,47,129,47129,522.4, ,326694,66,1509,31816,060102070303,Lower Poplar Creek,0,TN,{1F3CD5FA-2959-477A-BC7E-FF79844FBB40},060102070405,0.27610261,Yes,{6F026527-2F2D-4AD3-B3DE-9379B7327834},2022-10-07
623,1512,1,329588,1511,Dickson,Tennessee,47,043,47043,491.3, ,329588,5,1511,35741,051302050104,Bartons Creek Lower,0,TN,{9B1F255F-C18B-460D-BD16-85F0E863BDBB},051302050304,0.295312207,Yes,{C6B2311B-E23C-4979-8793-96F15A25D464},2022-10-07
624,1513,1,326718,1512,Putnam,Tennessee,47,141,47141,402.5, ,326718,31,1512,28563,060102080101,Upper Clear Creek,0,TN,{7EB8648F-4DA4-446F-B868-877A5EF224FD},060102080102,0.263600693,Yes,{B6A59246-CC00-45F8-B503-C23B65592AFC},2022-10-07
625,1515,1,326556,1514,Loudon,Tennessee,47,105,47105,247.3, ,326556,18,1514,38152,060102040405,Ninemile Creek,0,TN,{042D3768-ECE7-40A7-B111-C47A0C72D95B},060102040406,0.368570998,Yes,{445496C6-6047-462B-8055-BC287B2F7AF4},2022-10-07
626,1517,1,326801,1516,McMinn,Tennessee,47,107,47107,432.3, ,326801,59,1516,38859,060200010101,Big Sewee Creek,0,TN,{EE934E07-B10E-485C-B735-B86093A904BE},060200010103,0.320547119,Yes,{76D72451-F45A-4D0B-AD24-21F27D622F20},2022-10-07
627,1518,1,327078,1517,Grundy,Tennessee,47,061,47061,361.1, ,327078,4,1517,39215,060300010102,Upper Battle Creek,0,TN,{407DED5A-3E97-4CAF-BBDD-69B43920F069},060300010104,0.278392512,Yes,{EF2EAC90-810E-4E4C-AA99-942186F18561},2022-10-07
628,1529,1,166751,1528,Montgomery,Tennessee,47,125,47125,543.8, ,166751,34,1528,12480,051302060401,Dry Fork Creek,0,"KY,TN",{F86DB869-5C70-4157-8401-B85B109AC0C5},051302060402,0.124702705,Yes,{B2EDA755-9FDD-45C2-B46D-F3E3FFC28FF7},2022-10-07
629,1531,1,164199,1530,Wayne,Kentucky,21,231,21231,484.2, ,164199,16,1530,10030,051301040602,Lonesome Creek-Little South Fork,0,KY,{A0510011-4419-47AA-96AB-6026CD4E5E27},051301040604,0.22402507,Yes,{7E4067C1-9A4F-4F5E-8EC4-3C26A44812B8},2022-10-07
630,1532,1,164195,1531,McCreary,Kentucky,21,147,21147,430.6, ,164195,32,1531,10459,051301040509,Blair Creek-Big South Fork Cumberland River,0,KY,{7BDF45EC-0795-4EE6-978C-E1AE59B08239},051301040701,0.160569092,Yes,{A117BDE5-8C2F-4EA9-85B0-4566C78FF594},2022-10-07
631,1534,1,326177,1533,Clay,Tennessee,47,027,47027,259.3, ,326177,28,1533,19298,051301030708,Kettle Creek,0,"KY,TN",{9E491B8F-3BEE-4C01-8CAB-129AA690E7CE},051301030710,0.178038313,Yes,{21F65026-5360-4D6F-AA41-8B7F184C3284},2022-10-07
632,1535,1,166717,1534,Pickett,Tennessee,47,137,47137,174.6, ,166717,24,1534,25786,051301040601,Headwaters Little South Fork,0,"KY,TN",{07E0559B-0737-4872-A156-B4765F254C38},051301040602,0.207442842,Yes,{A1501656-C5E6-4BBA-9A50-AE76EAB3DA3F},2022-10-07
633,1536,1,166685,1535,Scott,Tennessee,47,151,47151,533.2, ,166685,94,1535,47844,051301010701,Upper Jellico Creek,0,"KY,TN",{F02CE9D1-80FC-4AEF-80E7-8947695ED037},051301010703,0.214961763,Yes,{3A6488C0-ECCB-4D10-96D9-59B87C483313},2022-10-07
634,1537,1,326205,1536,Overton,Tennessee,47,133,47133,434.8, ,326205,60,1536,28763,051301050303,Ashburn Creek-Obey River,0,"KY,TN",{802E6C5B-70E7-4DA9-A7DE-11CB05F42F0E},051301050503,0.269766615,Yes,{98E47F8B-FCE4-4DF4-B37E-CE82CBD7B143},2022-10-07
635,1538,1,328792,1537,Jackson,Tennessee,47,087,47087,319.6, ,328792,10,1537,16701,051301060102,Dry Fork Creek,0,TN,{20E7CEEE-A826-4CCC-8B71-40AA48731F90},051301060104,0.192447768,Yes,{6FA2A560-F55C-45EC-84D2-E2CA2F3948B4},2022-10-07
636,1542,1,326201,1541,Fentress,Tennessee,47,049,47049,499, ,326201,83,1541,40088,051301040508,Rock Creek,0,"KY,TN",{A224C048-B64C-4590-93F2-126797E8D975},051301040701,0.330232888,Yes,{3DB28D1E-55BA-4B9D-B172-D4AE807F53A9},2022-10-07
637,1543,1,326716,1542,Cumberland,Tennessee,47,035,47035,684.9, ,326716,94,1542,28563,060102080101,Upper Clear Creek,0,TN,{7EB8648F-4DA4-446F-B868-877A5EF224FD},060102080102,0.26660785,Yes,{1D4B50A2-35E6-493A-B59E-3D6DFEC18D04},2022-10-07
638,1544,1,326694,1543,Roane,Tennessee,47,145,47145,395, ,326694,16,1543,31816,060102070303,Lower Poplar Creek,0,TN,{1F3CD5FA-2959-477A-BC7E-FF79844FBB40},060102070405,0.27610261,Yes,{6F026527-2F2D-4AD3-B3DE-9379B7327834},2022-10-07
639,1547,1,330238,1546,Rhea,Tennessee,47,143,47143,336.4, ,330238,10,1546,39485,060102010401,Piney Creek,0,TN,{7875C886-FA24-4941-8230-447A3D6DB656},060102010403,0.3035531,Yes,{629CDF50-EC80-4D5F-A4F9-722216C3F437},2022-10-07
640,1548,1,327026,1547,Van Buren,Tennessee,47,175,47175,274.6, ,327026,27,1547,44835,060200040106,Big Brush Creek,0,TN,{23FA4AA8-B5CF-4DC4-B896-0BFC18C704DF},060200040107,0.346666875,Yes,{FD438703-DB3E-49C6-9C56-A0610EA8CB59},2022-10-07
641,1549,1,326732,1548,Bledsoe,Tennessee,47,007,47007,406.7, ,326732,28,1548,30234,060102080201,Headwaters Daddys Creek,0,TN,{F3D09445-07DD-4E91-AD5C-CB69E0AF1F58},060102080203,0.301301885,Yes,{FC623A35-AA81-4E3E-8C23-86856597DB74},2022-10-07
642,1550,1,326800,1549,Meigs,Tennessee,47,121,47121,216.8, ,326800,9,1549,38859,060200010101,Big Sewee Creek,0,TN,{EE934E07-B10E-485C-B735-B86093A904BE},060200010103,0.292510197,Yes,{180A17E3-1178-4637-BE72-551ADC156A1A},2022-10-07
643,1552,1,329056,1551,White,Tennessee,47,185,47185,379.4, ,329056,32,1551,9774,051301080103,Bee Creek Lower,0,TN,{AB6B50B6-4165-4FBA-BB70-9168F95BA33A},051301080305,0.164284861,Yes,{D2CE14B5-0B04-48AC-8641-214186F0D873},2022-10-07
644,1553,1,166164,1552,Owen,Kentucky,21,187,21187,354.2, ,166164,4,1552,27037,051002051502,Flat Creek-Kentucky River,0,KY,{F4B8888E-FFC3-4584-9BAB-4AD69471D492},051002051506,0.294390035,Yes,{442E8502-F841-491D-BC5F-BECB3B1447E5},2022-10-07
645,1566,1,164079,1565,Pulaski,Kentucky,21,199,21199,677.1, ,164079,15,1565,18786,051301030302,Puncheon Creek-Fishing Creek,0,KY,{A2ECC9EE-BC30-4988-80F1-90D7AC7C01CC},051301030303,0.246159393,Yes,{089D8B91-DA50-4C7C-B2CD-B459A6820EE7},2022-10-07
646,1583,1,165946,1582,Henry,Kentucky,21,103,21103,291.2, ,165946,9,1582,14919,051002051103,Little Sixmile Creek-Sixmile Creek,0,KY,{9812A8FE-C16E-472D-95FA-65AB197736AE},051002051104,0.235236583,Yes,{18D696F7-59E2-490B-B982-EB7F200EBFAC},2022-10-07
647,1586,1,165947,1585,Franklin,Kentucky,21,073,21073,212.1, ,165947,4,1585,14919,051002051103,Little Sixmile Creek-Sixmile Creek,0,KY,{9812A8FE-C16E-472D-95FA-65AB197736AE},051002051104,0.210088275,Yes,{84242991-29BB-4517-89B0-BBAC5BB5543F},2022-10-07
648,1601,1,164079,1600,Casey,Kentucky,21,045,21045,445.7, ,164079,19,1600,18786,051301030302,Puncheon Creek-Fishing Creek,0,KY,{A2ECC9EE-BC30-4988-80F1-90D7AC7C01CC},051301030303,0.246159393,Yes,{089D8B91-DA50-4C7C-B2CD-B459A6820EE7},2022-10-07
649,1608,0,380783,1607,Putnam,West Virginia,54,079,54079,350.4, ,380783,2,1607,22673,050500080106,Pocatalico Creek,0,WV,{E6D5077A-82D2-4C6B-B573-F2536726E06E},050500080107,0.222233971,Yes,{80056129-7378-42FD-A07C-450B0A54A1B4},2022-10-07
650,1611,1,166889,1610,Lawrence,Kentucky,21,127,21127,420.1, ,166889,2,1610,26991,050702030504,Georges Creek-Levisa Fork,0,KY,{8131F9DA-0F8D-4A36-BBE6-B918CA975345},050702030505,0.252882255,Yes,{E66E4BEC-FFEE-409E-BEDE-E77FBBD5FC32},2022-10-07
651,1612,1,163053,1611,Morgan,Kentucky,21,175,21175,383.7, ,163053,9,1611,21123,051001010105,Johnson Creek,0,KY,{52CDDB53-20FB-4E44-A080-A3E51952D521},051001010106,0.250224711,Yes,{41596F63-9693-4AB7-AF78-11886C28B4F3},2022-10-07
652,1613,1,380893,1612,Logan,West Virginia,54,045,54045,455.6, ,380893,53,1612,20482,050500090301,Spruce Laurel Fork,0,WV,{C7A534F7-A219-4D62-A4A3-B6282028C42D},050500090302,0.245156307,Yes,{D132A9F1-0EFE-46B1-80EC-BBEFDFCC5C6E},2022-10-07
653,1614,1,163056,1613,Johnson,Kentucky,21,115,21115,263.9, ,163056,38,1613,31969,051001010106,Burning Fork-Licking River,0,KY,{71633A67-B891-4B61-865D-D646B94FB73E},051001010502,0.308588389,Yes,{09224850-7999-4D8E-84DC-221CFC8A2A22},2022-10-07
654,1615,1,380519,1614,Raleigh,West Virginia,54,081,54081,609.3, ,380519,23,1614,28828,050500060101,Packs Branch-Paint Creek,0,WV,{17E526BF-7777-433F-9E01-86CADA66A2B0},050500060102,0.236709691,Yes,{E36822C1-9F78-49DF-B23C-6A81A37100B3},2022-10-07
655,1616,1,381013,1615,Mingo,West Virginia,54,059,54059,423.6, ,381013,10,1615,29092,050701010401,Copperas Mine Fork,0,WV,{4C97EAAA-C5B0-45A8-9F81-B40025CC45A5},050701010402,0.300380137,Yes,{E29897D0-D8DB-4E69-BCC0-79E81CECA715},2022-10-07
656,1617,1,166854,1616,Martin,Kentucky,21,159,21159,230.8, ,166854,3,1616,25608,050702030305,Daniels Creek-Johns Creek,0,KY,{5115F9BB-9B54-4622-B104-62372DFF917A},050702030501,0.252821735,Yes,{F0A6A8C6-D52B-4F89-8213-2AC1DBA3C1A6},2022-10-07
657,1620,1,163035,1619,Magoffin,Kentucky,21,153,21153,309.4, ,163035,41,1619,24273,051001010101,Headwaters Licking River,0,KY,{8C0E30C1-599C-4C90-BA8D-86E537630D00},051001010102,0.295691345,Yes,{E81F3BB0-4A3B-41CA-8E71-A282CCD0A1C3},2022-10-07
658,1625,1,163036,1624,Floyd,Kentucky,21,071,21071,395.5, ,163036,48,1624,24273,051001010101,Headwaters Licking River,0,KY,{8C0E30C1-599C-4C90-BA8D-86E537630D00},051001010102,0.25357835,Yes,{9294088A-6C8A-4694-B079-FB7422996172},2022-10-07
659,1627,1,163035,1626,Breathitt,Kentucky,21,025,21025,495.3, ,163035,6,1626,24273,051001010101,Headwaters Licking River,0,KY,{8C0E30C1-599C-4C90-BA8D-86E537630D00},051001010102,0.295691345,Yes,{E81F3BB0-4A3B-41CA-8E71-A282CCD0A1C3},2022-10-07
660,1630,1,163035,1629,Knott,Kentucky,21,119,21119,353, ,163035,8,1629,24273,051001010101,Headwaters Licking River,0,KY,{8C0E30C1-599C-4C90-BA8D-86E537630D00},051001010102,0.295691345,Yes,{E81F3BB0-4A3B-41CA-8E71-A282CCD0A1C3},2022-10-07
661,1632,1,163455,1631,Letcher,Kentucky,21,133,21133,339.1, ,163455,27,1631,38878,051301010101,Upper Poor Fork Cumberland river,0,KY,{4C939D8A-7D1F-4F64-A1F3-EBE47335DB81},051301010102,0.315380599,Yes,{AF5A425B-2C14-433F-BA8D-94DB8C338881},2022-10-07
662,1647,1,380525,1646,Kanawha,West Virginia,54,039,54039,911, ,380525,34,1646,22586,050500060103,Long Branch-Paint Creek,0,WV,{C09C8516-9796-4C5D-B997-A5ABF9326A60},050500060104,0.264431161,Yes,{B9DCEF2C-3A78-4C17-9D38-EC47A21744D9},2022-10-07
663,1650,1,381055,1649,Lincoln,West Virginia,54,043,54043,438.6, ,381055,7,1649,18802,050701020101,Big Creek,0,WV,{E7AB7331-458B-4C8E-9337-D3C77A172961},050701020105,0.22277674,Yes,{5706A6E3-63AE-4486-ABB5-7255AC78674D},2022-10-07
664,1651,0,380371,1650,Fayette,West Virginia,54,019,54019,668.4, ,380371,34,1650,24553,050500040305,Mill Creek-New River,0,WV,{F377D135-523B-4C82-8DB2-FC3213E9C6E8},050500040306,0.220813534,Yes,{FDC7F3E7-CD23-4C91-80AB-0B5EF7D2E9F4},2022-10-07
665,1652,1,380533,1651,Boone,West Virginia,54,005,54005,503.2, ,380533,71,1651,22534,050500060201,Headwaters Cabin Creek,0,WV,{2C02D045-5922-4B3E-8A1E-99E7AF77C92B},050500060202,0.226352876,Yes,{F4092026-D252-49E6-BFBE-F01270B9F21D},2022-10-07
666,1653,1,380885,1652,Wyoming,West Virginia,54,109,54109,501.8, ,380885,8,1652,26928,050500090203,Middle Marsh Fork,0,WV,{EFF5B79D-A383-49F9-81D1-EA3F56F813FB},050500090204,0.234817551,Yes,{888EE6E4-49D5-4BA9-8697-927F3F746F67},2022-10-07
667,1654,1,166476,1653,Pike,Kentucky,21,195,21195,788.8, ,166476,10,1653,15006,050702020701,Upper Elkhorn Creek,0,KY,{12EB2C03-50C6-4EB1-9ACF-71B04B151504},050702020702,0.212572566,Yes,{6BE3EDDE-E473-4B1F-9ABF-33872C65A077},2022-10-07
668,1663,1,328944,1662,Scott,Virginia,51,169,51169,538.6, ,328944,14,1662,26188,060102050802,Lower North Fork Clinch River,0,"TN,VA",{9B24967C-87C1-4EC1-8E89-750B597AC653},060102050804,0.11506183,Yes,{4C5B461C-425C-416A-8F79-BEC9AE8FF8AF},2022-10-07
669,1664,1,270636,1663,Wilkes,North Carolina,37,193,37193,759.7, ,270636,30,1663,21149,030401010101,Buffalo Creek,0,NC,{B36A87BB-941D-446B-B905-9C760E1B2338},030401010102,0.253507145,Yes,{A14B63B2-C1C3-4ED9-99C8-72B1F1E21427},2022-10-07
670,1665,0,270033,1664,Greene,Tennessee,47,059,47059,624.3, ,270033,45,1664,21991,060101051203,Shut-In Creek-French Broad River,0,NC,{DD05C1D1-2E86-42C7-9970-896872339C57},060101051402,0.202871468,Yes,{7CE9654F-0B34-4BA8-9427-B82B8F105EAB},2022-10-07
671,1666,1,326673,1665,Anderson,Tennessee,47,001,47001,344.8, ,326673,20,1665,31559,060102070102,Lower Bull Run Creek,0,TN,{4AAD1A15-072E-4BF5-A5AA-4D9BFCC0C7C0},060102070404,0.292432853,Yes,{80FD516F-6517-4465-9FF6-A7587FD157DD},2022-10-07
672,1667,1,268402,1666,Avery,North Carolina,37,011,37011,247.3, ,268402,38,1666,36054,030501010202,North Fork Catawba River,0,NC,{E6D37460-17FA-4E0F-8FB6-0C725923E4F3},030501010303,0.415683679,Yes,{0CBB56DA-ACCE-43AC-9B74-EFC9A6EE2996},2022-10-07
673,1668,1,270353,1667,Unicoi,Tennessee,47,171,47171,186.5, ,270353,11,1667,25985,060101080208,Big Rock Creek,0,NC,{D8E3B31E-FE18-4165-92B4-A65120C082DA},060101080209,0.190584967,Yes,{FF0A5202-EB7F-40D2-A680-715BBD2DC885},2022-10-07
674,1669,1,269995,1668,Madison,North Carolina,37,115,37115,451.5, ,269995,39,1668,31437,060101050906,Sandymush Creek,0,NC,{3CCF834E-23F4-444C-9D28-0639FB3286E9},060101050907,0.260264132,Yes,{E5EE553E-784D-4C82-917F-DC7114C16F8B},2022-10-07
675,1670,1,271380,1669,Iredell,North Carolina,37,097,37097,597.2, ,271380,12,1669,22624,030401020105,Patterson Creek,0,NC,{725A4D78-BD25-40F4-8DC9-060130CA9E18},030401020106,0.221594161,Yes,{9077327C-A782-4DEA-B357-7BC88EC17058},2022-10-07
676,1671,1,269901,1670,Buncombe,North Carolina,37,021,37021,659.9, ,269901,13,1670,20437,060101050403,Mills River,0,NC,{F813317F-4FAA-40F1-84CD-07BC1CAC4C20},060101050404,0.206121168,Yes,{9E91D5A0-EA8C-47B5-B329-97E8FFBF7036},2022-10-07
677,1672,1,270875,1671,Monroe,Tennessee,47,123,47123,652.6, ,270875,106,1671,20916,060102040105,Santeetlah Creek,0,NC,{8C87C32D-F7F9-4702-B6CF-89A6AB607639},060102040106,0.17038286,Yes,{46655BE9-EABF-450C-9183-AEFF882C80DD},2022-10-07
678,1673,1,270401,1672,Graham,North Carolina,37,075,37075,301.6, ,270401,71,1672,28363,060102020304,Whiteoak Creek-Nantahala River,0,NC,{CCDF521D-23E9-440A-B1D1-3FEE42157C6B},060102020305,0.256631221,Yes,{7C7B49C9-F8F2-4ED6-82B6-7F8BBF76C805},2022-10-07
679,1674,1,326668,1673,Knox,Tennessee,47,093,47093,525.8, ,326668,20,1673,35411,060102070101,Upper Bull Run Creek,0,TN,{0521DAF7-D210-41B2-97E4-EF620EA56F67},060102070102,0.26840677,Yes,{E57B86A0-3DB4-49A8-A384-4A5A349D36ED},2022-10-07
680,1675,1,329918,1674,Jefferson,Tennessee,47,089,47089,314.3, ,329918,14,1674,36385,060101060403,English Creek-Pigeon River,0,TN,{325FCD29-7EDC-4E1A-8240-821AC928D511},060101070101,0.330230428,Yes,{A9ED57B5-0071-4DB6-B7DC-DF644A3B1926},2022-10-07
681,1676,1,270087,1675,Cocke,Tennessee,47,029,47029,443.1, ,270087,68,1675,23266,060101060304,Big Creek,0,NC,{82A65900-09C3-4288-9457-34456E48E353},060101060305,0.221402394,Yes,{6EA682C2-7D7F-4F30-A189-D89B12398FC2},2022-10-07
682,1677,1,270087,1676,Sevier,Tennessee,47,155,47155,597.7, ,270087,111,1676,23266,060101060304,Big Creek,0,NC,{82A65900-09C3-4288-9457-34456E48E353},060101060305,0.221402394,Yes,{6EA682C2-7D7F-4F30-A189-D89B12398FC2},2022-10-07
683,1678,1,270449,1677,Blount,Tennessee,47,009,47009,566.6, ,270449,85,1677,32752,060102020503,Hazel Creek,0,NC,{B26E6E1D-2210-4D54-9598-B6B44E397ADA},060102020505,0.231619977,Yes,{7715FD8B-7398-49DB-90BE-15047296C340},2022-10-07
684,1679,1,269837,1678,Haywood,North Carolina,37,087,37087,554.6, ,269837,96,1678,24193,060101050101,North Fork French Broad River,0,NC,{55385BDC-7E8B-4470-817F-9D7147DFC6AD},060101050105,0.228850652,Yes,{658683EB-CD7F-4C90-A6DB-94557B92EA21},2022-10-07
685,1680,1,270063,1679,Swain,North Carolina,37,173,37173,540.5, ,270063,119,1679,22397,060101060203,Upper Johnathans Creek,0,NC,{69352127-4599-4A94-B512-FEF609BF3A24},060101060204,0.255612049,Yes,{8AFBA179-22E6-479D-85AC-1C663BD3E97C},2022-10-07
686,1681,1,163455,1680,Harlan,Kentucky,21,095,21095,468, ,163455,47,1680,38878,051301010101,Upper Poor Fork Cumberland river,0,KY,{4C939D8A-7D1F-4F64-A1F3-EBE47335DB81},051301010102,0.315380599,Yes,{AF5A425B-2C14-433F-BA8D-94DB8C338881},2022-10-07
687,1682,1,163464,1681,Lee,Virginia,51,105,51105,437.3, ,163464,41,1681,39124,051301010103,Upper Martins Fork Cumberland River,0,KY,{3F0D2EE6-B7E1-42BD-882B-5D01D60E24C2},051301010107,0.503493683,Yes,{7D537585-1532-47BF-9A60-ABC469C5D78D},2022-10-07
688,1683,1,326586,1682,Hancock,Tennessee,47,067,47067,223.5, ,326586,31,1682,7054,060102050803,War Creek,0,TN,{FEFAAD35-E25B-4361-B47F-CEDB25CEED32},060102050804,0.161890561,Yes,{7189D948-DD88-4164-94F1-DC1B15EE58DE},2022-10-07
689,1684,1,166673,1683,Claiborne,Tennessee,47,025,47025,441.5, ,166673,21,1683,18367,051301010603,Laurel Fork,0,"KY,TN",{D144C504-00F0-456C-B543-9F2197D82F82},051301010604,0.116962576,Yes,{22C0D059-1F1C-411B-B46C-A7103CB03976},2022-10-07
690,1685,1,166673,1684,Campbell,Tennessee,47,013,47013,498.3, ,166673,38,1684,18367,051301010603,Laurel Fork,0,"KY,TN",{D144C504-00F0-456C-B543-9F2197D82F82},051301010604,0.116962576,Yes,{22C0D059-1F1C-411B-B46C-A7103CB03976},2022-10-07
691,1686,1,326586,1685,Hawkins,Tennessee,47,073,47073,499.4, ,326586,18,1685,7054,060102050803,War Creek,0,TN,{FEFAAD35-E25B-4361-B47F-CEDB25CEED32},060102050804,0.161890561,Yes,{7189D948-DD88-4164-94F1-DC1B15EE58DE},2022-10-07
692,1687,1,326668,1686,Union,Tennessee,47,173,47173,247.2, ,326668,2,1686,35411,060102070101,Upper Bull Run Creek,0,TN,{0521DAF7-D210-41B2-97E4-EF620EA56F67},060102070102,0.26840677,Yes,{E57B86A0-3DB4-49A8-A384-4A5A349D36ED},2022-10-07
693,1689,1,330113,1688,Hamblen,Tennessee,47,063,47063,175.8, ,330113,2,1688,30424,060101080902,Bent Creek,0,TN,{404DEBA4-1732-4C54-8DC7-B79E205C2F07},060101080906,0.273497437,Yes,{273B68F7-953F-416F-BCBD-DEC4595DDAA8},2022-10-07
694,1690,1,166671,1689,Whitley,Kentucky,21,235,21235,445.1, ,166671,19,1689,31808,051301010601,Straight Creek-Clear Fork,0,"KY,TN",{74081755-9225-4F1C-ADBE-6B87F5A90EB9},051301010604,0.22536856,Yes,{E5798CC4-1893-4332-8026-639DEF052D91},2022-10-07
695,1691,1,163491,1690,Bell,Kentucky,21,013,21013,361.4, ,163491,8,1690,30992,051301010204,Puckett Creek-Cumberland River,0,KY,{82215AA8-8953-47BE-80E1-0C2CB83EE047},051301010206,0.353782869,Yes,{03E8271C-3948-4069-A7ED-192490DF42EB},2022-10-07
696,1698,1,270097,1697,Carter,Tennessee,47,019,47019,347.7, ,270097,24,1697,29438,060101080101,Headwaters North Toe River,0,NC,{8B6F9AE9-18CA-42FB-82D8-77AA349BEB28},060101080102,0.24410099,Yes,{07F60DA6-8705-49C9-A895-6771F8A42773},2022-10-07
697,1700,1,268407,1699,Watauga,North Carolina,37,189,37189,312.4, ,268407,23,1699,28375,030501010301,Upper Linville River,0,NC,{42BB1202-B5CB-4261-9BA7-AEFD47443D08},030501010302,0.29715569,Yes,{C53BB602-0FF6-456D-ADDA-9627906F6E07},2022-10-07
698,1705,1,268402,1704,Mitchell,North Carolina,37,121,37121,222.1, ,268402,41,1704,36054,030501010202,North Fork Catawba River,0,NC,{E6D37460-17FA-4E0F-8FB6-0C725923E4F3},030501010303,0.415683679,Yes,{0CBB56DA-ACCE-43AC-9B74-EFC9A6EE2996},2022-10-07
699,1706,1,268417,1705,Caldwell,North Carolina,37,027,37027,475.3, ,268417,54,1705,23781,030501010401,Upper Warrior Fork,0,NC,{F7A0CBD1-36C8-4B65-BDE1-28AD2FD7229C},030501010403,0.23406538,Yes,{8BFD462E-12E6-406B-834F-D403317376C0},2022-10-07
700,1707,1,270293,1706,Yancey,North Carolina,37,199,37199,313.1, ,270293,10,1706,15765,060101080105,Big Crabtree Creek,0,NC,{283B2917-A188-4A13-A02E-1E9FF67EB7D0},060101080106,0.184843073,Yes,{3F19CEF4-E150-495F-8C8E-6FFED5AA217C},2022-10-07
701,1709,1,268401,1708,Burke,North Carolina,37,023,37023,513.4, ,268401,50,1708,36054,030501010202,North Fork Catawba River,0,NC,{E6D37460-17FA-4E0F-8FB6-0C725923E4F3},030501010303,0.441018964,Yes,{ED8FC7BF-088A-4E76-90BB-E5E32CBA46FF},2022-10-07
702,1710,1,268401,1709,McDowell,North Carolina,37,111,37111,447, ,268401,11,1709,36054,030501010202,North Fork Catawba River,0,NC,{E6D37460-17FA-4E0F-8FB6-0C725923E4F3},030501010303,0.441018964,Yes,{ED8FC7BF-088A-4E76-90BB-E5E32CBA46FF},2022-10-07
703,1711,1,268853,1710,Catawba,North Carolina,37,035,37035,413.6, ,268853,2,1710,27909,030501020201,Upper Jacob Fork,0,NC,{AB337247-6361-46C8-9C01-F13393035312},030501020202,0.270311419,Yes,{7AE93BEC-DD30-420A-A2F3-61DA7AD06999},2022-10-07
704,1712,1,268853,1711,Lincoln,North Carolina,37,109,37109,307.1, ,268853,2,1711,27909,030501020201,Upper Jacob Fork,0,NC,{AB337247-6361-46C8-9C01-F13393035312},030501020202,0.270311419,Yes,{7AE93BEC-DD30-420A-A2F3-61DA7AD06999},2022-10-07
705,1713,1,122259,1712,Jackson,North Carolina,37,099,37099,494.5, ,122259,87,1712,24591,030601020204,Upper Chattooga River,0,"GA,NC,SC",{483B073F-EC80-4AE7-9C03-6E4893EB15F9},030601020209,0.160881108,Yes,{B8182818-3E67-4F21-9F6B-AF0EDF58458D},2022-10-07
706,1714,1,2679,1713,Wayne,Tennessee,47,181,47181,735.6, ,2679,24,1713,24989,060300050601,Middle Cypress Creek,0,"AL,TN",{D13648A7-B954-416E-9AF7-B8D945FA8A55},060300050602,0.110486008,Yes,{6D9EC51B-08A8-47F6-ADB4-C2BDCF7611A8},2022-10-07
707,1715,1,268947,1714,Henderson,North Carolina,37,089,37089,375, ,268947,14,1714,26992,030501050101,Lake Summit-Green River,0,NC,{9F100EE6-554D-483B-B17B-637B3FFA9052},030501050103,0.232415051,Yes,{34612E0E-CBC5-41C3-9FF8-3081621EDAA6},2022-10-07
708,1716,1,116365,1715,Hamilton,Tennessee,47,065,47065,575.7, ,116365,5,1715,55253,060200011204,Lower Nickajack Lake-Tennessee River,0,"AL,GA,TN",{DD2A528D-CC87-4597-AF8A-19B8E0EFF744},060300010201,0.418559223,Yes,{C1577685-21E6-4E03-A405-3161AD69C04F},2022-10-07
709,1719,1,1063,1718,Lauderdale,Alabama,01,077,01077,718.8, ,1063,42,1718,15187,060300021205,Page Branch-Tennessee River,0,AL,{5169F33A-DAFE-498A-A698-516C84EF8C04},060300050801,0.179645722,Yes,{50D02559-4D42-4897-BA84-3C9FE2111C50},2022-10-07
710,1720,1,1105,1719,Colbert,Alabama,01,033,01033,623.6, ,1105,23,1719,42728,060300050303,Middle Town Creek,0,AL,{B321FFEC-07E9-4F50-96CF-A14143831B32},060300050304,0.296307108,Yes,{5FDA2D63-3837-4D94-820B-282E56ABCE5F},2022-10-07
711,1721,1,313164,1720,Richland,South Carolina,45,079,45079,771.2, ,313164,34,1720,34661,030501060708,Nicholas Creek-Broad River,0,SC,{79E0E7AA-7896-4D69-9AD9-88D67242941F},030501100301,0.357504589,Yes,{8B3A0591-ADBC-4813-9D39-C1F94D6105A6},2022-10-07
712,1722,1,119891,1721,Fulton,Georgia,13,121,13121,534.9, ,119891,3,1721,15117,031300020104,Wilson Creek-Chattahoochee River,0,GA,{7A30B6BB-A327-4A39-99F3-E8931CDCACB7},031300020304,0.18779245,Yes,{33899873-E278-426B-A817-CF63692B4148},2022-10-07
713,1723,1,4265,1722,Walker,Alabama,01,127,01127,805.3, ,4265,34,1722,17749,031601070105,Boxes Creek,0,AL,{5647D0EE-0D93-4818-A2BC-807F9ED27691},031601070106,0.26024768,Yes,{B31E0C0C-1183-4DFF-89B9-2AF75B13F607},2022-10-07
714,1724,1,2277,1723,St. Clair,Alabama,01,115,01115,653.6, ,2277,23,1723,27570,031501060301,Little Canoe Creek,0,AL,{AE8212C4-16E4-4AB0-96C9-5DD634A524A1},031501060302,0.403617811,Yes,{1A2ACFB5-1AAF-45F0-9FAB-C4895A06D9C9},2022-10-07
715,1725,1,122305,1724,Edgefield,South Carolina,45,037,45037,506.6, ,122305,30,1724,31892,030601060105,Llyod Creek-Savannah River,0,"GA,SC",{6C1C4AAE-5667-4C4E-923A-618C644D628B},030601060601,0.286579345,Yes,{BED19395-D3AE-4B18-8B99-E464B1BF5F3E},2022-10-07
716,1726,1,1676,1725,Cleburne,Alabama,01,029,01029,561, ,1676,72,1725,27022,031501050101,Pumpkin Pile Creek-McCurry Creek,0,"AL,GA",{D94E87FB-BF93-43B9-952A-ED5A48164F20},031501050103,0.10911171,Yes,{3287A98F-335D-47E1-A29E-18F30BA15812},2022-10-07
717,1727,1,4047,1726,Fayette,Alabama,01,057,01057,629.3, ,4047,74,1726,28298,031601030201,Wickett Creek-Beaver Creek,0,AL,{122142FC-8AAA-4A70-9C2B-B47FA24A4B61},031601030202,0.268504231,Yes,{A3F23EE7-5589-428B-9636-AFB28FBC8D1E},2022-10-07
718,1728,1,122310,1727,Aiken,South Carolina,45,003,45003,1080.3, ,122310,85,1727,48575,030601060601,Augusta Canal-Savannah River,0,"GA,SC",{F7391DB1-D958-4238-B9A3-C367FC0CA61B},030601060607,0.309716663,Yes,{773F969D-C06B-4951-A457-5139DBF7E3E1},2022-10-07
719,1729,1,2277,1728,Jefferson,Alabama,01,073,01073,1123.8, ,2277,86,1728,27570,031501060301,Little Canoe Creek,0,AL,{AE8212C4-16E4-4AB0-96C9-5DD634A524A1},031501060302,0.403617811,Yes,{1A2ACFB5-1AAF-45F0-9FAB-C4895A06D9C9},2022-10-07
720,1730,1,1996,1729,Carroll,Georgia,13,045,13045,504, ,1996,9,1729,9625,031501080304,Norman Creek,0,"AL,GA",{24935C3C-55BE-4238-8B3E-8558FE8BA0E0},031501080305,0.121768296,Yes,{941F5907-AE78-4730-BD35-250CA795656A},2022-10-07
721,1731,1,121825,1730,Morgan,Georgia,13,211,13211,354.6, ,121825,83,1730,15695,030701010706,Oconee River-Lake Oconee,0,GA,{F6EF1E9E-2AC7-4150-9C81-0289187060D1},030701011304,0.18371327,Yes,{7A4E0AAF-F93B-464B-9B0D-467546385A21},2022-10-07
722,1732,1,3811,1731,Marengo,Alabama,01,091,01091,982.8, ,3811,117,1731,20266,031502030501,County Line Creek-Sand Creek,0,AL,{4B53B1CC-DF4E-4822-A3C7-96131D46E234},031502030503,0.202714846,Yes,{EC66AA79-DB01-496F-AB7C-27C952CF8C3F},2022-10-07
723,1733,1,116693,1732,Dodge,Georgia,13,091,13091,503.3, ,116693,60,1732,37220,030701040302,Limestone Creek,0,GA,{A4DB6D81-271C-4469-972F-E12E18F578B8},030701040303,0.278750395,Yes,{0FBE48D8-674C-4665-A60D-B306D38BB923},2022-10-07
724,1734,1,116894,1733,Toombs,Georgia,13,279,13279,368.7, ,116894,52,1733,20650,030701060101,Horn Creek-Altamaha River,0,GA,{82A6309D-C9BC-4848-8F6E-8DD3672D94C9},030701060106,0.2559614,Yes,{8BA70517-53B2-46BB-A112-99818DF07C54},2022-10-07
725,1735,1,889,1734,Bullock,Alabama,01,011,01011,626.1, ,889,87,1734,27377,031402020201,Johnson Creek-Headwaters Pea River,0,AL,{60F0C2CE-8255-4201-AD11-2D023C5E4978},031402020205,0.266442252,Yes,{860FEE9E-D1C8-4E82-A1EF-2B1C8A6E4004},2022-10-07
726,1736,1,116824,1735,Wheeler,Georgia,13,309,13309,300.2, ,116824,53,1735,48904,030701040806,Opossum Creek-Ocmulgee River,0,GA,{87DB22B2-88EA-41BF-B655-D0A27702C231},030701040807,0.370316145,Yes,{FB2CEF3A-0B28-43B4-BBA2-D542C23695DC},2022-10-07
727,1737,1,3741,1736,Wilcox,Alabama,01,131,01131,907.5, ,3741,97,1736,23461,031502030203,Wolf Creek,0,AL,{270BBF7D-4892-4D8F-8B14-8EA2A97EB00A},031502030204,0.245664063,Yes,{1343A8B3-92C0-480F-A7E7-DAADCF9A6F9B},2022-10-07
728,1738,1,117470,1737,Webster,Georgia,13,307,13307,210.2, ,117470,52,1737,14078,031300090101,West Fork Ichawaynochaway Creek,0,GA,{477F3E17-1535-4BD7-A2D4-6BA41662A055},031300090102,0.199935404,Yes,{5EEF4E5F-B1DF-4909-8037-25AC072B4AF7},2022-10-07
729,1739,1,122073,1738,Sumter,Georgia,13,261,13261,492.6, ,122073,107,1738,8147,031300060104,Triple Creek,0,GA,{F908EE4A-873A-4D9E-9865-B02CF6A89D86},031300060105,0.121258432,Yes,{AEC97175-622F-4591-B6E1-E04A87274BB2},2022-10-07
730,1740,0,2374,1739,Talladega,Alabama,01,121,01121,760.2, ,2374,33,1739,37666,031501060507,Tuskehadky Branch-Choccolocco Creek,0,AL,{3AD4F0C0-A7F8-4E68-A5A7-FB2F32B07D8D},031501060512,0.310896341,Yes,{B3B07DB8-F6F2-4800-AA05-0904B19060A6},2022-10-07
731,1741,1,1577,1740,Chambers,Alabama,01,017,01017,603.1, ,1577,12,1740,28257,031300020805,Veasey Creek-West Point Lake,0,"AL,GA",{7AED0A01-23BD-47B1-8193-BEDA0849C9DF},031300020806,0.260479999,Yes,{5546A87E-7602-4E31-9C44-22BF0640D82B},2022-10-07
732,1742,1,2999,1741,Tallapoosa,Alabama,01,123,01123,766.2, ,2999,31,1741,26570,031501090305,Laney Creek,0,AL,{2AA82454-95E6-4C7A-9E7F-BBA939BE8E48},031501090309,0.222836126,Yes,{3E0C96A5-0B29-4CC3-98A4-B5B9866EAE65},2022-10-07
733,1743,1,2731,1742,Coosa,Alabama,01,037,01037,666.4, ,2731,45,1742,29433,031501070303,Cohabie Creek-Cedar Creek,0,AL,{492C3B31-D430-4D83-8254-77BA25886555},031501070304,0.303247955,Yes,{EA27C472-027E-48A5-85FD-68AAD8ADFCD3},2022-10-07
734,1744,1,2771,1743,Chilton,Alabama,01,021,01021,700.8, ,2771,47,1743,28859,031501070503,Spring Creek-Lay Lake,0,AL,{022F96E4-5EF9-408F-B998-13663290AAC2},031501070803,0.363687177,Yes,{5B39102F-853D-4C94-9FF8-B3FD6A697A8F},2022-10-07
735,1745,1,4863,1744,Hale,Alabama,01,065,01065,656.5, ,4863,73,1744,33501,031601130103,South Sandy Creek,0,AL,{93B74C34-E7B2-44FC-898F-0E4931D91FB7},031601130104,0.34700096,Yes,{45C4FA92-7780-4B32-914C-E2A28384DB3B},2022-10-07
736,1746,1,2836,1745,Elmore,Alabama,01,051,01051,657.2, ,2836,72,1745,47999,031501070901,Chesnut Creek,0,AL,{0247BBD4-CA63-48C5-9F2A-269740C871BD},031501070906,0.318205767,Yes,{3BA7DCEF-B8DF-4E0B-B10B-D7341EE084E9},2022-10-07
737,1747,1,1308,1746,Montgomery,Alabama,01,101,01101,799.8, ,1308,75,1746,38091,031403010201,Headwaters Mannings Creek,0,AL,{661C7D8C-A4AC-404D-9A93-036BF84A5A86},031403010204,0.358182736,Yes,{F7E9DC57-70ED-4DA0-8345-A776DECA151B},2022-10-07
738,1748,1,3351,1747,Lowndes,Alabama,01,085,01085,725, ,3351,93,1747,46965,031502010402,Upper Pinchony Creek,0,AL,{1DF18E4A-6612-4C01-B122-4DC3A0F2315F},031502010403,0.400505587,Yes,{17008027-A8C4-4F30-8983-E1A3829F34D6},2022-10-07
739,1749,1,1623,1748,Stewart,Georgia,13,259,13259,463.5, ,1623,97,1748,22462,031300030606,Snake Creek-Chattahoochee River,0,"AL,GA",{5F452DC8-3F73-43D7-AF3F-11F1887A67F3},031300030804,0.080560737,Yes,{6844A0FE-C65C-44FF-9C17-DC5D57CE1CF9},2022-10-07
740,1750,1,3635,1749,Perry,Alabama,01,105,01105,724.1, ,3635,70,1749,27534,031502020507,Blue Girth Creek,0,AL,{9D4E6B18-9369-43B9-97A4-53E96DABE67D},031502020601,0.357796966,Yes,{EC5D6E97-2F93-4E08-98CC-878FDAD44B73},2022-10-07
741,1751,1,2835,1750,Autauga,Alabama,01,001,01001,604.4, ,2835,53,1750,47999,031501070901,Chesnut Creek,0,AL,{0247BBD4-CA63-48C5-9F2A-269740C871BD},031501070906,0.326869126,Yes,{97779AB3-8FC1-43CF-B9AA-A0541965F7F5},2022-10-07
742,1752,1,3493,1751,Dallas,Alabama,01,047,01047,993.4, ,3493,97,1751,38639,031502011006,Lower Mulberry Creek,0,AL,{972AAA0C-B715-40AC-AF4C-98CFD8C4DC57},031502011204,0.347633655,Yes,{19A593AF-A05F-490B-840C-D8BB6966C292},2022-10-07
743,1753,1,3613,1752,Tuscaloosa,Alabama,01,125,01125,1351.2, ,3613,137,1752,25856,031502020501,Hill Creek,0,AL,{BF4AF503-43A2-4A00-B9C7-7D28D1F62322},031502020502,0.27980326,Yes,{789E3D0A-BE25-4C3F-A4E1-EC6A8614DE5F},2022-10-07
744,1754,1,2449,1753,Shelby,Alabama,01,117,01117,809.5, ,2449,44,1753,20735,031501060804,Jess Branch-Shoal Creek,0,AL,{EA3EC76E-567E-4190-9724-8423B7F76865},031501060805,0.230584698,Yes,{96B04E9C-AC04-4556-A9CF-CC2A521524D6},2022-10-07
745,1755,1,3475,1754,Bibb,Alabama,01,007,01007,626.1, ,3475,43,1754,23293,031502011002,Little Mulberry Creek,0,AL,{3C6C8EAB-0ECC-4E80-9658-549FD35C926C},031502011003,0.21614784,Yes,{F88A0770-9C4F-49FE-B11F-5F5DB11C8F9B},2022-10-07
746,1756,1,121473,1755,Fayette,Georgia,13,113,13113,198.8, ,121473,3,1755,32869,031300050104,Murphy Creek-Flint River,0,GA,{71B782BB-06A3-4B0D-A7A9-A525934EA616},031300050106,0.283458994,Yes,{8A52E82A-992C-424C-A4E4-AE90BAC75DE1},2022-10-07
747,1757,1,120391,1756,Coweta,Georgia,13,077,13077,445.9, ,120391,4,1756,19392,031300020501,Sandy Creek,0,GA,{9274D7B8-ECD9-43BA-820F-847510B676AF},031300020502,0.197290517,Yes,{84A29BC7-E7B4-4844-8739-B9017A84DF55},2022-10-07
748,1758,1,2920,1757,Randolph,Alabama,01,111,01111,584.1, ,2920,6,1757,34658,031501081003,Ketchepedrakee Creek,0,AL,{0531714A-D802-4E76-BAA0-9709AAA02E3F},031501081004,0.468098311,Yes,{732F6F23-214E-4B3C-97DE-E6727CB0F19A},2022-10-07
749,1759,0,2357,1758,Clay,Alabama,01,027,01027,606, ,2357,20,1758,13228,031501060503,Hillabee Creek,0,AL,{A132723C-C821-487B-A65F-E2EF561AD625},031501060504,0.22871307,Yes,{B0CA06E1-E142-4640-B5DA-860F1A9759DA},2022-10-07
750,1760,1,116185,1759,Heard,Georgia,13,149,13149,300.8, ,116185,8,1759,11606,031300020803,Little Wehadkee Creek,0,"AL,GA",{BD70CF1A-BDC9-4358-96A3-F76AD152EBE0},031300020806,0.146091446,Yes,{F134A065-D3A8-4FA1-B184-3C7C2690D0A7},2022-10-07
751,1761,1,120440,1760,Meriwether,Georgia,13,199,13199,505.1, ,120440,78,1760,28742,031300020703,Flat Creek,0,GA,{C1C02464-883D-49FD-8508-943ED6881F0D},031300020707,0.344191623,Yes,{F7D4E1A8-8C29-4174-99AB-C10B1B2BA495},2022-10-07
752,1762,1,116189,1761,Troup,Georgia,13,285,13285,446.3, ,116189,75,1761,17262,031300020806,Lower Wehadkee Creek,0,"AL,GA",{8F8F1606-57E0-4FBA-AE17-BBF47A38F64E},031300020808,0.157810393,Yes,{0592ADED-7DC8-4D0C-86EA-0F33F345FB33},2022-10-07
753,1763,1,121541,1762,Pike,Georgia,13,231,13231,219.3, ,121541,44,1762,9948,031300050401,Hollonville-Flint River,0,GA,{602A31AA-B602-407F-92C7-08039B4817E6},031300050403,0.140406742,Yes,{7B5D20BA-E441-4E95-98D9-805ABDC2AFA0},2022-10-07
754,1764,1,120520,1763,Talbot,Georgia,13,263,13263,394.7, ,120520,70,1763,7978,031300021201,Upper Mulberry Creek,0,GA,{46012123-FD97-4275-B673-9693AFBB1E7E},031300021205,0.12975439,Yes,{0A12AED3-1072-44CE-8BDA-F98D6AFB3B69},2022-10-07
755,1765,1,1595,1764,Harris,Georgia,13,145,13145,473, ,1595,98,1764,14210,031300021109,Bartletts Ferry Dam-Chattahoochee River,0,"AL,GA",{E401458E-B6E0-4A97-9BD3-FF402892F118},031300021302,0.172313767,Yes,{858BFAF6-9E97-4AA6-AA56-FB5C469AA55B},2022-10-07
756,1766,1,1595,1765,Lee,Alabama,01,081,01081,615.5, ,1595,45,1765,14210,031300021109,Bartletts Ferry Dam-Chattahoochee River,0,"AL,GA",{E401458E-B6E0-4A97-9BD3-FF402892F118},031300021302,0.172313767,Yes,{858BFAF6-9E97-4AA6-AA56-FB5C469AA55B},2022-10-07
757,1767,1,1606,1766,Muscogee,Georgia,13,215,13215,221, ,1606,53,1766,28585,031300021306,Soap Creek-Chattahoochee River,0,"AL,GA",{DAF377DF-34AC-4D8A-B680-61EE823766E1},031300030104,0.165918686,Yes,{9C629651-D84F-4BBA-9058-BCA18654AE7E},2022-10-07
758,1768,1,3111,1767,Macon,Alabama,01,087,01087,613.2, ,3111,74,1767,28799,031501100103,Middle Sougahatchee Creek,0,AL,{25E8DCFC-B6B6-4F60-9570-E57E61127FEE},031501100104,0.269672008,Yes,{E0B6037B-3DE6-4874-82CB-4C1366E761E0},2022-10-07
759,1769,1,120575,1768,Marion,Georgia,13,197,13197,367.4, ,120575,79,1768,13755,031300030202,Lower South Fork Upatoi Creek,0,GA,{ACA282D0-A106-420D-B7A7-4BBDBB3D0126},031300030205,0.189595639,Yes,{8420916C-F297-4922-B076-502515B300D3},2022-10-07
760,1770,1,1614,1769,Chattahoochee,Georgia,13,053,13053,251.2, ,1614,60,1769,20297,031300030106,Broken Arrow Creek-Chattahoochee River,0,"AL,GA",{619FD29E-FFE8-4C6D-B9C5-04F729C2153A},031300030602,0.229892311,Yes,{B36F79CF-3DAB-4081-B205-8C32BBC77BCD},2022-10-07
761,1771,1,1614,1770,Russell,Alabama,01,113,01113,647.4, ,1614,75,1770,20297,031300030106,Broken Arrow Creek-Chattahoochee River,0,"AL,GA",{619FD29E-FFE8-4C6D-B9C5-04F729C2153A},031300030602,0.229892311,Yes,{B36F79CF-3DAB-4081-B205-8C32BBC77BCD},2022-10-07
762,1773,1,325931,1772,Franklin,Tennessee,47,051,47051,574.3, ,325931,5,1772,13585,060300010302,Middle Crow Creek,0,"AL,TN",{ABF1E31C-DEC7-400B-A57A-D23A38A3310F},060300010304,0.128648816,Yes,{38E9387A-C2A6-4458-9992-DA1EE69546A8},2022-10-07
763,1774,1,317,1773,Jackson,Alabama,01,071,01071,1126.7, ,317,30,1773,17242,060300010601,Evans Creek,0,AL,{3422C36D-08B7-4954-9CDB-C2688025ABAF},060300010602,0.187629102,Yes,{D8135AD8-B51C-4F34-B8CB-AE2F9DB5BBB5},2022-10-07
764,1775,1,119524,1774,Fannin,Georgia,13,111,13111,391.1, ,119524,81,1774,13189,031501020101,Tickanetley Creek,0,GA,{81BBE626-C029-415A-B9AB-4161DD0574E3},031501020102,0.152898194,Yes,{8FD82E5D-6B53-4370-AD45-D403BA5D5D5F},2022-10-07
765,1776,1,502,1775,DeKalb,Alabama,01,049,01049,778.7, ,502,36,1775,30676,060300010702,Snake Creek-Town Creek,0,AL,{21D2618B-7F89-4A00-B3BC-29AAFE7ED49E},060300010703,0.325771687,Yes,{C0D149D9-D487-4ACD-9ED7-BE8FDD2226FC},2022-10-07
766,1777,1,119484,1776,Gilmer,Georgia,13,123,13123,431.8, ,119484,118,1776,13097,031501010401,Emery Creek-Holly Creek,0,GA,{3513D67F-5C1B-48D2-A92B-1A0DFAF20245},031501010402,0.169695703,Yes,{D495E8CC-E610-4F72-ADF4-11C20BE98C8A},2022-10-07
767,1778,1,735,1777,Lawrence,Alabama,01,079,01079,718.1, ,735,50,1777,31150,060300021006,Crowdabout Creek,0,AL,{560FD0FC-F76C-4C54-9A85-A52EF581CE06},060300021007,0.346472379,Yes,{6BBAC80C-19FC-43E0-8CE3-8C6106DA1E6C},2022-10-07
768,1779,1,711,1778,Morgan,Alabama,01,103,01103,599, ,711,24,1778,36189,060300020906,Matney Branch-Tennessee River,0,AL,{683A6D9C-DF47-41D9-82C6-19AE593648F1},060300021102,0.421047437,Yes,{C63A521B-D4B3-4349-9774-8850CB271968},2022-10-07
769,1780,1,119515,1779,Gordon,Georgia,13,129,13129,358.3, ,119515,101,1779,11021,031501010503,Polecat Creek,0,GA,{91F320B5-99A7-4F4E-9797-FAA234D7D5A3},031501010504,0.159489302,Yes,{8A7852DF-560F-4407-AB67-E65E699AF26A},2022-10-07
770,1781,1,333,1780,Marshall,Alabama,01,095,01095,623.2, ,333,23,1780,19608,060300010605,Lower North Sauty Creek,0,AL,{E49FB600-3212-4D00-8F12-2A218F26C078},060300010606,0.265701253,Yes,{B420C55E-44BF-4C62-902A-0FE23B17B35F},2022-10-07
771,1782,1,1678,1781,Floyd,Georgia,13,115,13115,518.5, ,1678,122,1781,8005,031501050204,Kings Creek,0,"AL,GA",{16E31714-AE5B-4F88-BCBF-758D7DF0B9F7},031501050205,0.069304122,Yes,{9209D029-921C-4C37-8621-14CC08F14F29},2022-10-07
772,1783,1,1679,1782,Chattooga,Georgia,13,055,13055,313.5, ,1679,96,1782,8005,031501050204,Kings Creek,0,"AL,GA",{16E31714-AE5B-4F88-BCBF-758D7DF0B9F7},031501050205,0.065437689,Yes,{48960382-7538-41CB-B51E-746294105564},2022-10-07
773,1784,1,523,1783,Etowah,Alabama,01,055,01055,548.7, ,523,18,1783,23340,060300010802,Upper Short Creek,0,AL,{D957A65A-E526-44A0-838A-9460A96D52F4},060300010806,0.210000254,Yes,{818A49A0-2325-4CC0-94D8-EECCF171CC9C},2022-10-07
774,1785,1,1950,1784,Calhoun,Alabama,01,015,01015,612.3, ,1950,39,1784,17883,031501050901,South Fork Terrapin Creek,0,AL,{FEF35837-A902-4C07-B004-26D1485483E4},031501050904,0.213879062,Yes,{D33B7175-A903-4BE6-A2C5-7205FB08AB4D},2022-10-07
775,1786,1,119891,1785,Douglas,Georgia,13,097,13097,200.1, ,119891,5,1785,15117,031300020104,Wilson Creek-Chattahoochee River,0,GA,{7A30B6BB-A327-4A39-99F3-E8931CDCACB7},031300020304,0.18779245,Yes,{33899873-E278-426B-A817-CF63692B4148},2022-10-07
776,1787,1,717,1786,Cullman,Alabama,01,043,01043,754.8, ,717,19,1786,13294,060300021002,Dry Creek-Mill Creek,0,AL,{A7261F03-8AAC-4808-81F8-3E9C5AFADBB1},060300021003,0.182936071,Yes,{609B6F0A-F7DD-4C88-83ED-94D93D2550DE},2022-10-07
777,1788,1,1177,1787,Winston,Alabama,01,133,01133,631.8, ,1177,36,1787,43186,060300060102,Headwaters Bear Creek,0,AL,{4D525068-37AF-4488-BECC-EC4055B9E814},060300060103,0.315408485,Yes,{7AD0A3F2-817A-4936-BC41-7E7884877490},2022-10-07
778,1789,1,2284,1788,Blount,Alabama,01,009,01009,650.6, ,2284,11,1788,31005,031501060302,Headwaters Big Canoe Creek,0,AL,{7DC4A60B-20B2-4F52-8CCB-947E2EF3E9B6},031501060303,0.30409611,Yes,{4387FA4E-D78B-4AC2-BF75-CCB341D44CF9},2022-10-07
779,1791,1,677,1790,Limestone,Alabama,01,083,01083,607.1, ,677,30,1790,17456,060300020703,Lower Limestone Creek,0,AL,{527A31FA-C496-49EF-A14D-81F11CFFE9CB},060300020906,0.316791144,Yes,{07D359DE-17C0-430D-B8A7-ABFCE67C0C53},2022-10-07
780,1792,1,569,1791,Madison,Alabama,01,089,01089,812.8, ,569,19,1791,15447,060300020105,Williams Creek-Dry Creek,0,AL,{DAAA5DC1-D331-4F07-B4ED-5978D187D982},060300020107,0.202127148,Yes,{8C88654A-1474-4BE4-BDF0-1425FD37AA36},2022-10-07
781,1793,1,122707,1792,Bradley,Tennessee,47,011,47011,331.6, ,122707,29,1792,19105,031501010103,Ball Play Creek-Conasauga River,0,"GA,TN",{32323F18-4B6E-408E-905A-E66481EF3EAE},031501010105,0.190910976,Yes,{4EC99404-EB8A-44E1-8A96-B8A6EB74C200},2022-10-07
782,1794,1,116364,1793,Marion,Tennessee,47,115,47115,513.6, ,116364,22,1793,55253,060200011204,Lower Nickajack Lake-Tennessee River,0,"AL,GA,TN",{DD2A528D-CC87-4597-AF8A-19B8E0EFF744},060300010201,0.27719468,Yes,{4462FDDF-3553-4135-9484-96A4409847E0},2022-10-07
783,1795,1,122262,1794,Polk,Tennessee,47,139,47139,442.3, ,122262,86,1794,35317,060200030207,Wolf Creek-Toccoa River,0,"GA,NC,TN",{44477404-90FF-4052-B20E-30177A6B4BF2},060200030209,0.28447799,Yes,{0B935D77-EE80-4E28-A7CA-2D0FF15A24E0},2022-10-07
784,1796,1,119435,1795,Whitfield,Georgia,13,313,13313,290.5, ,119435,68,1795,10256,031501010204,Hampton Island-Conasauga River,0,GA,{2E7FF0DD-DBD6-47A2-A1F4-66018565D329},031501010211,0.169352635,Yes,{599B77DD-8715-4F9E-8F09-02461AEECF10},2022-10-07
785,1797,1,119423,1796,Murray,Georgia,13,213,13213,347, ,119423,107,1796,8193,031501010201,Upper Sumac Creek,0,GA,{65D3BD9D-9B92-4F08-B054-3AD8C77FEFE9},031501010204,0.12494033,Yes,{1DBFA673-EAF1-432D-9130-E1D340B18B3B},2022-10-07
786,1798,1,119474,1797,Catoosa,Georgia,13,047,13047,162.4, ,119474,32,1797,14516,031501010305,Upper Mill Creek,0,GA,{D1CA2724-A30A-4656-B8AB-B108012AC9E0},031501010306,0.256171355,Yes,{2C7BEE1C-6D39-40F1-B39E-7E409855E5A5},2022-10-07
787,1799,1,116316,1798,Dade,Georgia,13,083,13083,174.2, ,116316,29,1798,15806,031501050703,East Fork West Fork Little River-West Fork Little River,0,"AL,GA",{47CAF7E7-2498-49CE-9447-752984054FCA},031501050704,0.108770519,Yes,{EE202FA2-14A0-42C3-A990-85A9E1AAF5CE},2022-10-07
788,1800,0,1971,1799,Walker,Georgia,13,295,13295,447.3, ,1971,94,1799,13620,031501050702,Middle Fork Little River,0,"AL,GA",{77AF7B34-0F52-45CF-9704-4D4A25A9C673},031501050705,0.119188831,Yes,{93C5B515-7933-4026-BDDC-2A241C24E3E1},2022-10-07
789,1801,1,119539,1800,Pickens,Georgia,13,227,13227,232.7, ,119539,73,1800,16005,031501020105,Turkey Creek-Clear Creek,0,GA,{F6AD262A-DBA3-46C7-9A30-80FA69E8AFCF},031501020106,0.195801569,Yes,{0059D0FD-0F74-4D28-BBCB-414F9064E288},2022-10-07
790,1802,1,1676,1801,Cherokee,Alabama,01,019,01019,600, ,1676,59,1801,27022,031501050101,Pumpkin Pile Creek-McCurry Creek,0,"AL,GA",{D94E87FB-BF93-43B9-952A-ED5A48164F20},031501050103,0.10911171,Yes,{3287A98F-335D-47E1-A29E-18F30BA15812},2022-10-07
791,1803,1,120055,1802,Bartow,Georgia,13,015,13015,469.8, ,120055,100,1802,19545,031501020602,Ninetynine Branch-Salacoa Creek,0,GA,{6F32EC60-0375-4AE3-AE95-8FC7DDC58612},031501020604,0.251076759,Yes,{D19B4DF6-C79D-45BE-A2AF-0A9D3F7E582F},2022-10-07
792,1804,1,120051,1803,Cherokee,Georgia,13,057,13057,434.1, ,120051,47,1803,14772,031501020601,Little Creek-Salacoa Creek,0,GA,{117B4C93-C3CF-47AF-89C9-6E55AE0EAD77},031501020602,0.17921757,Yes,{5F61C9A7-E99A-4D41-9CBF-21B05E1DDB7B},2022-10-07
793,1805,1,119891,1804,Cobb,Georgia,13,067,13067,344.4, ,119891,12,1804,15117,031300020104,Wilson Creek-Chattahoochee River,0,GA,{7A30B6BB-A327-4A39-99F3-E8931CDCACB7},031300020304,0.18779245,Yes,{33899873-E278-426B-A817-CF63692B4148},2022-10-07
794,1806,1,1676,1805,Polk,Georgia,13,233,13233,312.2, ,1676,74,1805,27022,031501050101,Pumpkin Pile Creek-McCurry Creek,0,"AL,GA",{D94E87FB-BF93-43B9-952A-ED5A48164F20},031501050103,0.10911171,Yes,{3287A98F-335D-47E1-A29E-18F30BA15812},2022-10-07
795,1807,1,119897,1806,Paulding,Georgia,13,223,13223,315.3, ,119897,59,1806,35685,031300020201,Upper Sweetwater Creek,0,GA,{D367E254-9B13-4DC2-8B4E-FFA3C8C038A5},031300020203,0.353098638,Yes,{9223FCF3-4E3F-4786-AED8-DBB6217030A9},2022-10-07
796,1808,1,1983,1807,Haralson,Georgia,13,143,13143,283, ,1983,54,1807,15498,031501050903,Mountain Creek-Terrapin Creek,0,"AL,GA",{B0C43E83-3027-49D3-81CC-B80EFFF454E6},031501050904,0.116362549,Yes,{76658FA1-F80B-46A5-8FA0-B3D434F19F4C},2022-10-07
797,1809,1,269519,1808,Transylvania,North Carolina,37,175,37175,380.6, ,269519,48,1808,15661,030601010101,Lake Toxaway-Headwaters Toxaway River,0,NC,{F48540A9-4249-47AD-B1D5-53EDA0503771},030601010102,0.19528504,Yes,{6A1E599F-BC7F-4B14-965C-7D3A1BE82A93},2022-10-07
798,1811,1,268952,1810,Polk,North Carolina,37,149,37149,238.7, ,268952,9,1810,25471,030501050103,Cove Creek-Green River,0,NC,{34B517DF-166F-4F11-BAF5-3ABEC4227ADF},030501050104,0.247997268,Yes,{92A221C6-9B14-4B30-8E03-0D2739E0D516},2022-10-07
799,1812,1,271580,1811,Greenville,South Carolina,45,045,45045,794.6, ,271580,33,1811,28603,030501051201,Upper North Pacolet River,0,"NC,SC",{3CBDC200-D20D-4AF8-A752-7DBF2C0C64D5},030501051202,0.28248661,Yes,{5FBAC89C-1C02-4493-9492-19D99A444E55},2022-10-07
800,1813,1,118287,1812,Habersham,Georgia,13,137,13137,279.2, ,118287,39,1812,13432,030601020106,Bridge Creek-Tallulah River,0,GA,{109E7C7C-7F33-44BB-B0BE-5E86F98B6030},030601020108,0.166789293,Yes,{C720B7AB-EC74-4C95-BA81-60D8D0718045},2022-10-07
801,1814,1,122276,1813,Anderson,South Carolina,45,007,45007,757.5, ,122276,53,1813,59693,030601020507,Lower Tugaloo River,0,"GA,SC",{4D27B6FC-6E31-45A6-ACEC-CC49B0C235D1},030601030100,0.305353551,Yes,{D89EF0A8-3C8E-46A2-A3AA-E741EE47657C},2022-10-07
802,1815,1,313281,1814,Laurens,South Carolina,45,059,45059,723.8, ,313281,21,1814,32961,030501080105,Durbin Creek,0,SC,{ED40EE00-2D26-4019-A583-9728815AF75A},030501080106,0.291260171,Yes,{50B57B88-18A5-41C9-92D9-D0F664CFC4ED},2022-10-07
803,1816,1,119287,1815,Lumpkin,Georgia,13,187,13187,284.3, ,119287,34,1815,15885,031300010401,Wahoo Creek,0,GA,{B2A9C8E8-A469-4E03-A0F2-76051A8D5086},031300010404,0.204507984,Yes,{E4E443A2-76E9-48C4-B271-2ABE43414770},2022-10-07
804,1817,1,119339,1816,Dawson,Georgia,13,085,13085,214.5, ,119339,31,1816,17012,031300010701,Yellow Creek-Chestatee River,0,GA,{120355D7-A644-4138-890F-5785216E5793},031300010702,0.195109276,Yes,{C8727430-1676-4B67-8708-66CEE0D7D5C6},2022-10-07
805,1818,1,313261,1817,Fairfield,South Carolina,45,039,45039,710.2, ,313261,12,1817,39210,030501070507,Lower Tyger River,0,SC,{F807F0A1-DA24-4AB5-8D9F-0EB008283FAD},030501060406,0.34479185,Yes,{92D6B7CC-C462-40D7-A0B3-116E938DCDD6},2022-10-07
806,1819,1,118390,1818,McCormick,South Carolina,45,065,45065,394, ,118390,91,1818,22202,030601030705,Lower Fishing Creek,0,GA,{D3020485-16B3-46FF-B6C2-0AFD7664F36E},030601030712,0.213177572,Yes,{F8477DA6-6519-434E-8986-DF48D6F82991},2022-10-07
807,1820,1,118371,1819,Wilkes,Georgia,13,317,13317,473.5, ,118371,66,1819,15153,030601030701,Pistol Creek,0,GA,{1DEBDF56-6873-4D23-8C6A-56F6EE257DE3},030601030712,0.182530191,Yes,{CDA8FD97-7DC8-4B74-B14F-60EC799A99C3},2022-10-07
808,1821,1,116425,1820,Walton,Georgia,13,297,13297,329.7, ,116425,54,1820,22581,030701030704,Beaverdam Creek-Alcovy River,0,GA,{909990CF-B47E-48AC-B95C-73E4D40760C5},030701030705,0.279054877,Yes,{6D62D4B2-0E30-4768-88E9-980B476B9EF5},2022-10-07
809,1822,1,118328,1821,Franklin,Georgia,13,119,13119,266.3, ,118328,50,1821,22650,030601020501,Eastanollee Creek,0,GA,{58A04D1E-9CF0-4641-A89E-45EDCA3E171D},030601020507,0.242046723,Yes,{4903A608-C09C-4EA6-B054-4A4FA5539B0B},2022-10-07
810,1823,1,118400,1822,Banks,Georgia,13,011,13011,233.9, ,118400,32,1822,24803,030601040101,Nancy Town Creek-Middle Fork Broad River,0,GA,{30786A00-F472-42FB-B4B7-0E9B7F8AB901},030601040102,0.270686054,Yes,{91EF09B8-D474-45DD-BBC7-B3DF0326C5D4},2022-10-07
811,1824,1,120695,1823,Forsyth,Georgia,13,117,13117,247.1, ,120695,2,1823,9570,031501040303,Yellow Creek-Etowah River,0,GA,{EE3FA7CB-AEFE-4353-828F-5E202327AC51},031501040306,0.134522921,Yes,{076F3888-64C5-4D3B-B5F6-D9CF81A46768},2022-10-07
812,1825,1,118452,1824,Jackson,Georgia,13,157,13157,343.1, ,118452,43,1824,25037,030601040205,Upper Grove Creek,0,GA,{F623EAD3-AFBC-4765-97A3-F070D0CB838F},030601040207,0.248199493,Yes,{DCCC821E-208F-47A2-9859-FC0909E2BBF8},2022-10-07
813,1826,1,118339,1825,Elbert,Georgia,13,105,13105,374.6, ,118339,62,1825,27471,030601030301,Upper Beaverdam Creek,0,GA,{4C59F051-1FEA-4F1F-8E37-EB2FF31C554D},030601030303,0.276316965,Yes,{8F50AF18-E651-44ED-87C7-D22119B106DF},2022-10-07
814,1827,1,118432,1826,Madison,Georgia,13,195,13195,285.3, ,118432,49,1826,32229,030601040109,Stephens Creek-Middle Fork Broad River,0,GA,{07EAD648-1146-4C41-90AC-746B9984A911},030601040301,0.336771684,Yes,{29A63E18-C5B7-4494-AE92-1887E2C489A7},2022-10-07
815,1828,1,116420,1827,Gwinnett,Georgia,13,135,13135,436.6, ,116420,3,1827,14255,030701030702,Palm Creek-Alcovy River,0,GA,{D3455655-517F-4B25-A279-CE9B059AC76C},030701030704,0.186343083,Yes,{2C658C39-1ADD-491D-90F5-2505CA0B0322},2022-10-07
816,1829,1,121334,1828,Barrow,Georgia,13,013,13013,163, ,121334,28,1828,17851,030701010106,Dosters Creek-Middle Oconee River,0,GA,{AA5E4817-D3AB-4D10-AE47-72862263327A},030701010302,0.207528872,Yes,{3895C0D2-FFAE-46E9-97BF-A20DD08F6CE4},2022-10-07
817,1830,1,121365,1829,Oconee,Georgia,13,219,13219,186.3, ,121365,52,1829,12540,030701010303,Bear Creek,0,GA,{8AC61FC2-05B2-4CC2-B3AE-36429205D7FD},030701010307,0.172971116,Yes,{068910F5-7DC2-4248-83E3-074B7AC27042},2022-10-07
818,1831,1,123250,1830,DeKalb,Georgia,13,089,13089,270.5, ,123250,1,1830,24317,030701030107,Camp Creek-South River,0,GA,{6A915C9B-947B-4028-95A0-557B0885003A},030701030603,0.255255081,Yes,{00683D5B-D57C-41FA-9498-ABBC09403C7D},2022-10-07
819,1832,1,118453,1831,Hall,Georgia,13,139,13139,429.1, ,118453,27,1831,25037,030601040205,Upper Grove Creek,0,GA,{F623EAD3-AFBC-4765-97A3-F070D0CB838F},030601040207,0.260965828,Yes,{6594E017-0722-46FC-AEEB-6FB5276415E8},2022-10-07
820,1833,1,118332,1832,Hart,Georgia,13,147,13147,256.2, ,118332,43,1832,14808,030601020503,Gum Log Creek,0,GA,{B06CE3AB-9503-4D56-B03B-4BA3F9883CEB},030601020507,0.188341454,Yes,{E45230B1-AECE-459E-A851-5FD014327480},2022-10-07
821,1834,1,118499,1833,Clarke,Georgia,13,059,13059,121.4, ,118499,35,1833,23306,030601040402,Brush Creek,0,GA,{7872004B-2C87-4B31-95DF-B420F934AD71},030601040406,0.199693911,Yes,{FC63DAF6-D997-42FF-8160-BA1FAA14D215},2022-10-07
822,1835,1,118492,1834,Oglethorpe,Georgia,13,221,13221,442.2, ,118492,75,1834,33795,030601040304,Deep Creek-Broad River,0,GA,{AD3598DD-D52D-4716-B81E-17758311205A},030601040602,0.300670497,Yes,{838EEBE8-E988-4279-B5AF-9FA078B2306E},2022-10-07
823,1836,1,122248,1835,Macon,North Carolina,37,113,37113,519.7, ,122248,99,1835,19726,030601020101,Headwaters Tallulah River,0,"GA,NC",{C7753241-7C48-4890-90F4-D3F5498D672D},030601020103,0.148751973,Yes,{4E6FA97B-4868-4817-8790-A82C109AB206},2022-10-07
824,1837,1,271599,1836,Pickens,South Carolina,45,077,45077,512, ,271599,34,1836,16111,030601010102,Toxaway River-Lake Jocassee,0,"NC,SC",{2035B338-716A-4329-B13C-3812571664FC},030601010105,0.122011486,Yes,{36BC3EC6-56D4-4600-96FB-198ABB02ACA5},2022-10-07
825,1838,1,118322,1837,Oconee,South Carolina,45,073,45073,673.6, ,118322,73,1837,21089,030601020401,Panther Creek,0,GA,{B7287034-4B73-4306-AB17-1A07B93CEA3F},030601020403,0.270136134,Yes,{6550AB45-6B39-4E0D-900E-5DF27AF0871B},2022-10-07
826,1839,1,117967,1838,Rabun,Georgia,13,241,13241,377.1, ,117967,95,1838,11986,030601020102,Persimmon Creek,0,GA,{B9470680-B6CB-4A65-A14F-A70137DA520A},030601020103,0.169398006,Yes,{B3FE3F12-7AE7-4B43-9703-9088260A5F37},2022-10-07
827,1840,1,118277,1839,Towns,Georgia,13,281,13281,171.7, ,118277,45,1839,12819,030601020103,Popcorn Creek-Tallulah River,0,GA,{C344500C-AFFB-45E7-BEAF-9B0398ADA4E9},030601020105,0.166895728,Yes,{92E31141-DB02-40F6-8947-710E358D0407},2022-10-07
828,1841,1,118879,1840,Union,Georgia,13,291,13291,329.6, ,118879,68,1840,14301,031300010101,Headwaters Chattahoochee River,0,GA,{E86AF9F8-BD04-41D5-B337-0D6EB7028CE7},031300010102,0.184970847,Yes,{C28BDEA2-1E58-4FB1-ABD1-1438A4502020},2022-10-07
829,1842,1,118879,1841,White,Georgia,13,311,13311,242.3, ,118879,35,1841,14301,031300010101,Headwaters Chattahoochee River,0,GA,{E86AF9F8-BD04-41D5-B337-0D6EB7028CE7},031300010102,0.184970847,Yes,{C28BDEA2-1E58-4FB1-ABD1-1438A4502020},2022-10-07
830,1843,1,118320,1842,Stephens,Georgia,13,257,13257,184.3, ,118320,30,1842,21089,030601020401,Panther Creek,0,GA,{B7287034-4B73-4306-AB17-1A07B93CEA3F},030601020403,0.246408279,Yes,{40458CE3-FE91-45F5-B060-39CCE2F43EA6},2022-10-07
831,1844,1,122263,1843,Cherokee,North Carolina,37,039,37039,466.6, ,122263,97,1843,35317,060200030207,Wolf Creek-Toccoa River,0,"GA,NC,TN",{44477404-90FF-4052-B20E-30177A6B4BF2},060200030209,0.330153289,Yes,{7120C85C-A9CE-43EF-A25B-4B5B9EE6478B},2022-10-07
832,1845,1,122160,1844,Clay,North Carolina,37,043,37043,220.6, ,122160,41,1844,21343,060200020103,Hightower Creek,0,GA,{D16EC9BB-FBFB-4E15-98B5-F8AD546899FA},060200020104,0.194069046,Yes,{50A4F8CB-9CB2-40CD-B3BC-965C9C5EABD0},2022-10-07
833,1846,1,271560,1845,Spartanburg,South Carolina,45,083,45083,819.2, ,271560,18,1845,29716,030501050501,Richardson Creek-Broad River,0,"NC,SC",{27E311F7-9C0D-4495-8453-0A6BBE2E02B5},030501050503,0.246587397,Yes,{52C0481E-7081-4D49-8EC1-6C3AF17BAD39},2022-10-07
834,1847,1,271565,1846,Cherokee,South Carolina,45,021,45021,397, ,271565,19,1846,16039,030501050503,Big Horse Creek-Broad River,0,"NC,SC",{E68AE1E2-A6B8-45FD-9649-BBE726C1FE30},030501050506,0.134901815,Yes,{AF38F231-9C8E-48AB-889E-AF27278F1818},2022-10-07
835,1848,1,316328,1847,York,South Carolina,45,091,45091,695.6, ,316328,8,1847,25849,030501051103,Lower Bullock Creek,0,SC,{FD70A4A3-1C21-40C7-AFF3-A459A54E8364},030501051604,0.275014419,Yes,{89E4F63E-DAC8-4925-9644-CA3FAAA1CFD9},2022-10-07
836,1849,1,313230,1848,Union,South Carolina,45,087,45087,516.4, ,313230,14,1848,35576,030501070405,Middle Fairforest Creek,0,SC,{79757E40-9F7F-4FA3-A0B6-F359685B4987},030501070406,0.306663793,Yes,{E7C53B17-B9CC-4E3D-B021-AF1DD7545E65},2022-10-07
837,1850,1,316016,1849,Chester,South Carolina,45,023,45023,586.5, ,316016,17,1849,11843,030501030503,Beaverdam Creek-Rocky Creek,0,SC,{CEC94051-DAF5-49A1-BDAE-711704A81EE3},030501030505,0.193173801,Yes,{50ADD7B5-8FA7-41D0-BD7B-D3E5BCE32FCA},2022-10-07
838,1851,1,313089,1850,Newberry,South Carolina,45,071,45071,647.6, ,313089,38,1850,25210,030501060405,Lower Cannons Creek,0,SC,{0B5144DA-A2B3-4242-898B-A20FA42FCAA1},030501060406,0.389802084,Yes,{49C036EB-73DD-4451-A525-1C09D23D0116},2022-10-07
839,1852,1,118364,1851,Abbeville,South Carolina,45,001,45001,511.1, ,118364,70,1851,14152,030601030408,Lower Coldwater Creek,0,GA,{B3794E02-71FB-4374-9BE2-21D482773E9A},030601030410,0.193637828,Yes,{C0260118-5D79-4A25-9E6B-D586B0650BF4},2022-10-07
840,1853,1,313507,1852,Greenwood,South Carolina,45,047,45047,462.4, ,313507,45,1852,19984,030501090703,Henley Creek,0,SC,{2BD93BCC-79AB-4B70-B5BC-A0FC49B15450},030501090704,0.191532371,Yes,{94CB708D-1366-4719-8D83-3853A71C6C69},2022-10-07
841,1854,1,313884,1853,Lexington,South Carolina,45,063,45063,757.2, ,313884,13,1853,26994,030501091403,Outlet Saluda River,0,SC,{E43244B9-6CFC-40A4-AD49-FB12F1A71331},030501100301,0.311050037,Yes,{1BE5C115-FED9-44B2-9848-C3849A62F5FB},2022-10-07
842,1855,1,313675,1854,Saluda,South Carolina,45,081,45081,462.2, ,313675,13,1854,35752,030501091103,Big Creek-Little Saluda River,0,SC,{DF5C8961-A263-44D6-88B6-7543762924A8},030501091105,0.275868075,Yes,{B8BEDFDD-BC3B-411F-AE34-91553B7514E3},2022-10-07
843,1856,1,118372,1855,Lincoln,Georgia,13,181,13181,257.8, ,118372,40,1855,15153,030601030701,Pistol Creek,0,GA,{1DEBDF56-6873-4D23-8C6A-56F6EE257DE3},030601030712,0.252044562,Yes,{DEEAF001-43D8-40FA-A858-BF846BB0A9A6},2022-10-07
844,1857,1,116379,1856,Rockdale,Georgia,13,247,13247,132.4, ,116379,3,1856,19346,030701030405,Carr Branch-Yellow River,0,GA,{AB4DFE82-4AF3-46FB-8B10-CA09180BAF63},030701030502,0.229644619,Yes,{8EC9298E-7326-42D1-89AE-B4E333023CBF},2022-10-07
845,1858,1,118571,1857,Greene,Georgia,13,133,13133,406.1, ,118571,81,1857,22330,030601050101,Upper North Fork Little River,0,GA,{51105C91-B69D-49D2-9452-ED70E82FE976},030601050102,0.207679056,Yes,{7A83DA83-DC43-4206-800E-DBAA9708C99B},2022-10-07
846,1859,1,116385,1858,Newton,Georgia,13,217,13217,279.1, ,116385,42,1858,31008,030701030502,Dried Indian Creek-Yellow River,0,GA,{18E5FA31-99E5-41BC-8860-97DFE70ADB64},030701030503,0.281580216,Yes,{A4AE9648-4DDA-45FD-AE05-6234F6496641},2022-10-07
847,1860,1,118596,1859,Warren,Georgia,13,301,13301,286.8, ,118596,56,1859,37056,030601050202,Harden Creek-Little River,0,GA,{B21A2F35-7900-4B3C-934A-0208EAA751D0},030601050203,0.410591067,Yes,{FC0D166A-7F44-48B2-8B07-3D508F62BC5A},2022-10-07
848,1861,1,116502,1860,Spalding,Georgia,13,255,13255,199.6, ,116502,18,1860,24096,030701031102,Troublesome Creek-Towaliga River,0,GA,{837F2DB6-AEBC-406A-B3A0-294B791BA7AE},030701031106,0.286267485,Yes,{F39D0269-0584-4889-911C-E4962BFC1BE2},2022-10-07
849,1862,1,119003,1861,Glascock,Georgia,13,125,13125,144.4, ,119003,38,1861,15664,030601080102,Little Brier Creek,0,GA,{50CF6B92-92FA-4F59-8E35-41FF29D1A16D},030601080103,0.179542029,Yes,{5FBFD428-1A6B-408A-AB95-7EB9F58C3899},2022-10-07
850,1863,1,117140,1862,Jefferson,Georgia,13,163,13163,529.1, ,117140,102,1862,26497,030701070203,Smith Creek-Little Ohoopee River,0,GA,{35B2C10B-1929-42E7-8EBF-B38B98929D35},030701070204,0.258805737,Yes,{11E9FB76-0153-43D5-860A-0FC1EB743186},2022-10-07
851,1864,1,118975,1863,Burke,Georgia,13,033,13033,835.3, ,118975,145,1863,25929,030601060603,Upper McBean Creek,0,GA,{69F0E4C6-DED4-45EE-A41D-93963E7F009D},030601060604,0.247997922,Yes,{37928228-BDEE-4C90-B301-A229DAAD428D},2022-10-07
852,1865,1,117001,1864,Washington,Georgia,13,303,13303,684.7, ,117001,132,1864,22506,030701070101,Dyers Creek-Ohoopee River,0,GA,{475BD916-F1F4-439C-AF06-949168E8D75A},030701070102,0.214475254,Yes,{F402B5D3-A9B8-4D45-8594-D4C23C61C0C5},2022-10-07
853,1866,1,119078,1865,Allendale,South Carolina,45,005,45005,412.3, ,119078,74,1865,32668,030601090101,Buck Creek,0,GA,{3D5323C5-22E7-4E54-9E32-1644E43D73A2},030601090103,0.346439404,Yes,{B0E8A627-B7E0-435D-8431-1CB6820FFE9B},2022-10-07
854,1867,1,118995,1866,Screven,Georgia,13,251,13251,655.5, ,118995,101,1866,20507,030601060901,Rocky  Creek,0,GA,{B683C0F6-C434-40F8-9C0B-A0FA83868451},030601060905,0.227280897,Yes,{6B7FEB18-8ACB-4AB5-8D5D-6800E2B8E85B},2022-10-07
855,1868,1,122330,1867,Hampton,South Carolina,45,049,45049,562.6, ,122330,81,1867,48265,030601090103,Jackson Branch-Savannah River,0,"GA,SC",{2BC7EC2E-78C9-47B0-AB27-1B7AC9FECAF1},030601090106,0.164366367,Yes,{C03CC200-AABC-453B-AACD-6DDE941D1289},2022-10-07
856,1869,1,122763,1868,Wilkinson,Georgia,13,319,13319,452.1, ,122763,82,1868,9003,030701020203,Little Black Creek,0,GA,{2F97DC91-06F9-492E-B2A3-88C8B244FDAD},030701020207,0.24435138,Yes,{E1D20987-9348-45E4-8B13-A1152E8C8573},2022-10-07
857,1870,1,116589,1869,Upson,Georgia,13,293,13293,327.7, ,116589,72,1869,22147,030701031501,Wood Creek-Echeconnee Creek,0,GA,{64822B2B-73D7-42AD-816B-D950474600F7},030701031502,0.231835083,Yes,{B7495537-6630-49F7-9652-8233486A8E93},2022-10-07
858,1871,1,116581,1870,Bibb,Georgia,13,021,13021,255.6, ,116581,32,1870,21561,030701031405,Lake Tobesofkee,0,GA,{61AF4A73-4B46-4971-8AFB-43349A8B8919},030701031406,0.207372798,Yes,{8EE46E73-F06E-43CB-A96E-831730BFCF8D},2022-10-07
859,1872,1,119051,1871,Jenkins,Georgia,13,165,13165,352.1, ,119051,62,1871,21075,030601080401,Upper Beaverdam Creek,0,GA,{D698C47B-267B-4178-9A50-9790DBC8758E},030601080402,0.241009622,Yes,{C6AE5C74-3A77-41B0-BBB1-A3F6D5C79335},2022-10-07
860,1873,1,117005,1872,Johnson,Georgia,13,167,13167,306.4, ,117005,57,1872,28048,030701070102,Big Branch-Ohoopee River,0,GA,{DDCDE4B1-9C4D-4BF9-A5B6-A1F0C10D78C2},030701070105,0.289477228,Yes,{6016BE74-8FD1-41F7-90EA-7A15ECBEF185},2022-10-07
861,1874,1,116828,1873,Montgomery,Georgia,13,209,13209,247.3, ,116828,48,1873,35079,030701040807,Gully Creek-Ocmulgee River,0,GA,{2B71C792-295C-445D-8073-4D24CA8E01DF},030701060101,0.24223252,Yes,{2883F47E-6E21-4E21-8234-6A7619EF8CB9},2022-10-07
862,1875,1,116629,1874,Twiggs,Georgia,13,289,13289,362.7, ,116629,50,1874,63827,030701031605,Stone Creek-Ocmulgee River,0,GA,{873726B1-7FDB-4F2A-881A-34765C192096},030701040101,0.472774498,Yes,{2E4691B3-E6C7-4835-BCE9-F644B2D3528B},2022-10-07
863,1876,1,120586,1875,Taylor,Georgia,13,269,13269,379.8, ,120586,70,1875,17154,031300030204,Juniper Creek,0,GA,{8C5C9F4C-B95E-49CD-B101-85B9BDDDC4BC},031300030205,0.214962879,Yes,{B8335F20-7644-4DB4-8B68-49008716097D},2022-10-07
864,1877,1,116841,1876,Laurens,Georgia,13,175,13175,818.9, ,116841,134,1876,23230,030701050201,Batson Creek-Alligator Creek,0,GA,{11EB7EDB-0F37-4B24-84CD-CB854EEB2D91},030701050202,0.225898102,Yes,{5779DE8B-C617-422D-ACE8-138383053D10},2022-10-07
865,1878,1,116609,1877,Houston,Georgia,13,153,13153,379.7, ,116609,52,1877,35492,030701031506,Juniper Creek-Echeconnee Creek,0,GA,{7CEEBA11-37B0-45F7-B9D8-592DBB021CE3},030701031605,0.375441917,Yes,{E637C54F-6D6D-4BFE-A48A-5EA21094947E},2022-10-07
866,1879,1,116649,1878,Bleckley,Georgia,13,023,13023,218.6, ,116649,37,1878,23509,030701040105,South Shellstone Creek,0,GA,{B53F69A2-79EC-42B3-8F55-EED057500A47},030701040106,0.220452732,Yes,{334F0D5B-A449-438A-A59D-BED412664E05},2022-10-07
867,1880,1,116661,1879,Macon,Georgia,13,193,13193,405.9, ,116661,85,1879,43120,030701040201,Upper Big Indian Creek,0,GA,{509EAACD-59BB-4B04-90D3-104E292A3722},030701040202,0.290370998,Yes,{DA0A0326-4FA6-426D-A3AB-0C0B2CDFB1B3},2022-10-07
868,1881,1,122029,1880,Schley,Georgia,13,249,13249,167.8, ,122029,43,1880,20563,031300051504,Upper Cedar Creek,0,GA,{A8377C2F-D992-4DF8-9066-8E64A257780D},031300051505,0.210626616,Yes,{FB499634-5241-48E6-B028-481A5443927E},2022-10-07
869,1882,1,116657,1881,Pulaski,Georgia,13,235,13235,250, ,116657,38,1881,42965,030701040107,Thompson Mill Creek-Ocmulgee River,0,GA,{42EB4AD4-5C5C-477B-AA89-804D73A27552},030701040303,0.391024743,Yes,{A46810D9-B20A-4EA2-9EDD-0D6DFC629E5C},2022-10-07
870,1883,1,116701,1882,Dooly,Georgia,13,093,13093,397.1, ,116701,73,1882,26811,030701040401,Upper Big Creek,0,GA,{871BCA61-E770-4A12-B10E-AD60B9F7B1A0},030701040402,0.24131013,Yes,{ED42AA83-7341-43DF-A61F-521634DE26B5},2022-10-07
871,1884,1,116593,1883,Crawford,Georgia,13,079,13079,326.5, ,116593,67,1883,23483,030701031502,Walnut Creek,0,GA,{237C0EEA-4E23-41B4-99B6-D32B906553EB},030701031503,0.22712188,Yes,{8676FB43-933F-4ADC-8B9D-5F36A974BB02},2022-10-07
872,1885,1,116609,1884,Peach,Georgia,13,225,13225,151.5, ,116609,24,1884,35492,030701031506,Juniper Creek-Echeconnee Creek,0,GA,{7CEEBA11-37B0-45F7-B9D8-592DBB021CE3},030701031605,0.375441917,Yes,{E637C54F-6D6D-4BFE-A48A-5EA21094947E},2022-10-07
873,1886,1,118572,1885,Taliaferro,Georgia,13,265,13265,195.5, ,118572,37,1885,22330,030601050101,Upper North Fork Little River,0,GA,{51105C91-B69D-49D2-9452-ED70E82FE976},030601050102,0.224647746,Yes,{A2B52B80-5420-4734-B8CD-FA65DEA93BC4},2022-10-07
874,1887,1,121473,1886,Clayton,Georgia,13,063,13063,144.8, ,121473,3,1886,32869,031300050104,Murphy Creek-Flint River,0,GA,{71B782BB-06A3-4B0D-A7A9-A525934EA616},031300050106,0.283458994,Yes,{8A52E82A-992C-424C-A4E4-AE90BAC75DE1},2022-10-07
875,1888,1,116397,1887,Henry,Georgia,13,151,13151,324.8, ,116397,22,1887,27403,030701030602,Lower Walnut Creek,0,GA,{A3BF3240-CA1E-4F79-B022-CFF8B2EE9C2A},030701030603,0.262542812,Yes,{AEE4F02C-2D62-42CD-A550-DCF75BE1CC9D},2022-10-07
876,1889,1,116410,1888,Jasper,Georgia,13,159,13159,373.7, ,116410,78,1888,30177,030701030605,South River-Jackson Lake,0,GA,{2E5A6086-1DD9-4206-A446-E604B64F7488},030701030903,0.295382756,Yes,{6094F022-C6DF-488F-9129-89328507451D},2022-10-07
877,1890,1,122379,1889,Putnam,Georgia,13,237,13237,360.7, ,122379,69,1889,17744,030701011205,Shoulderbone Creek,0,GA,{4C30B119-C03D-4E6B-966C-0D52DC45D487},030701011804,0.240117881,Yes,{E36FB77E-9DBD-49D5-93AF-84CCDB2C9874},2022-10-07
878,1891,1,119107,1890,Hancock,Georgia,13,141,13141,478.5, ,119107,85,1890,14982,030602010104,Powell Creek,0,GA,{C7B3EC54-5D2C-47A2-9AC1-4C4F4B886CCA},030602010105,0.268566815,Yes,{C3A3182F-4267-4953-B585-6FC4C4961012},2022-10-07
879,1892,1,116389,1891,Butts,Georgia,13,035,13035,190.1, ,116389,41,1891,19351,030701030503,Dog Branch-Yellow River,0,GA,{82BA0EBD-6AE5-4562-98E7-455108FD9541},030701030605,0.234175381,Yes,{B0C6A8BD-59D2-44BA-BE0C-D5B0B3F871BC},2022-10-07
880,1893,1,122496,1892,Baldwin,Georgia,13,009,13009,267.7, ,122496,55,1892,22237,030701011704,Rock Creek-Big Cedar Creek,0,GA,{6A2F83BA-089E-475E-98F2-26B3C7926865},030701011706,0.333860934,Yes,{0970BA65-4487-4462-AA20-5A543E4097B0},2022-10-07
881,1894,1,116537,1893,Jones,Georgia,13,169,13169,395.5, ,116537,66,1893,14391,030701031301,Upper Falling Creek,0,GA,{AFCC092B-BD3E-483E-A1F0-C715325F8DDD},030701031302,0.175749842,Yes,{AE75C5E4-ABDA-4E24-8647-4FAB33440A43},2022-10-07
882,1895,1,116513,1894,Lamar,Georgia,13,171,13171,185.9, ,116513,38,1894,31745,030701031105,Buck Creek,0,GA,{D0F677DB-329E-48CB-A132-65AD166A82BD},030701031106,0.283873342,Yes,{F1A4BD72-EDD1-4E01-AE20-FCE6C2C2D5EF},2022-10-07
883,1896,1,116489,1895,Monroe,Georgia,13,207,13207,397.3, ,116489,65,1895,16616,030701031005,Lower Big Sandy Creek,0,GA,{2E8C91A4-8960-421F-892A-527040545773},030701031006,0.229770094,Yes,{BEBEDB9D-0123-4A4A-BD60-DE11D3DB7605},2022-10-07
884,1897,1,118934,1896,Columbia,Georgia,13,073,13073,307.8, ,118934,40,1896,25315,030601050401,Germany Creek,0,GA,{FCB04B07-5C18-44A5-9B6A-685EEC5E8FB1},030601050402,0.278575231,Yes,{2D8D738B-6D0F-4655-B862-06E2ED2EA382},2022-10-07
885,1898,1,118602,1897,McDuffie,Georgia,13,189,13189,266.3, ,118602,40,1897,39642,030601050203,Williams Creek-Little River,0,GA,{F12AE80A-D74B-4AF7-9F36-66E4C387C013},030601050206,0.296441898,Yes,{EDA1CC6A-2AC8-4E2D-81B3-8BBE39559663},2022-10-07
886,1899,1,118956,1898,Richmond,Georgia,13,245,13245,328.5, ,118956,48,1898,41247,030601060104,Uchee Creek,0,GA,{2CFCB682-562E-44DB-B5E8-819DBD0DFD8C},030601060105,0.359499677,Yes,{705C64D9-14F6-40F2-B1C1-209DC7C6B00F},2022-10-07
887,1900,1,122317,1899,Barnwell,South Carolina,45,011,45011,557.5, ,122317,56,1899,34914,030601060805,Little Beaverdam Creek-Savannah River,0,"GA,SC",{8EF0B585-5606-4855-B84E-C13190F72101},030601060806,0.407152187,Yes,{70D615E2-3A70-4CAC-AE49-4A2F634B6FCD},2022-10-07
888,1901,1,315545,1900,Bamberg,South Carolina,45,009,45009,395.3, ,315545,42,1900,25095,030502040307,Snake Branch-South Fork Edisto River,0,SC,{B5FF53D4-0A5A-4070-BCC9-1B6B69BD67A7},030502040311,0.340578183,Yes,{1E6EF76E-1156-4B21-8C7B-1B866A3BBD6F},2022-10-07
889,1902,1,117026,1901,Emanuel,Georgia,13,107,13107,690.4, ,117026,100,1901,24295,030701070107,Poley Creek-Ohoopee River,0,GA,{888EFAA1-3017-44ED-A2D8-21D0F5937F74},030701070108,0.219195717,Yes,{4DA3E2A7-9043-47A8-9A67-CB891FF0B27E},2022-10-07
890,1903,1,122335,1902,Jasper,South Carolina,45,053,45053,666.8, ,122335,68,1902,42348,030601090107,Hog Branch-Savannah River,0,"GA,SC",{EE949713-5B8F-426B-9987-732DC2F494DC},030601090305,0.477236314,Yes,{0D79C5FC-A6BE-4519-A9A1-4DCE5C2605FA},2022-10-07
891,1904,1,119748,1903,Bulloch,Georgia,13,031,13031,688.9, ,119748,112,1903,33361,030602020107,Long Branch-Ogeechee River,0,GA,{5F3C0356-2EA5-46DA-AC45-A68F6A7CB3E0},030602020302,0.281688675,Yes,{C181220A-FEE9-4560-9C53-050544A2A9B5},2022-10-07
892,1905,1,119083,1904,Effingham,Georgia,13,103,13103,482.8, ,119083,60,1904,30597,030601090201,Upper Runs Branch,0,GA,{7325BA30-894C-47AC-B895-183EA6CF2FF0},030601090202,0.249855562,Yes,{F9421FC4-BEC5-40BB-9C2F-3AE184752B66},2022-10-07
893,1906,1,117161,1905,Candler,Georgia,13,043,13043,248.8, ,117161,55,1905,41816,030701070303,Jacks Creek,0,GA,{E4B66FF6-8052-4D8C-A517-C834CFCDC992},030701070304,0.299593832,Yes,{A0A6BA5B-ACEE-45BF-9F64-806BBBB69A1A},2022-10-07
894,1907,1,117029,1906,Treutlen,Georgia,13,283,13283,202.1, ,117029,33,1906,36951,030701070108,Mulepen Creek-Ohoopee River,0,GA,{10F20158-ECF1-4957-9E0B-0E232E251423},030701070302,0.336881667,Yes,{57C661FC-DED8-47C1-8748-C2BD0ED675DB},2022-10-07
895,1908,1,116944,1907,Evans,Georgia,13,109,13109,186.9, ,116944,45,1907,26952,030701060303,Upper Beards Creek,0,GA,{64D5AFE0-9480-4162-9C8E-3E1575B1D648},030701060305,0.26866523,Yes,{4E5B7A78-21C8-4EF4-BD22-68B94ED3AD73},2022-10-07
896,2197,0,180020,2196,Jackson,Michigan,26,075,26075,723.6, ,180020,5,2196,16119,040500030103,Middle North Branch Kalamazoo River,0,MI,{CEDEE13B-EAB5-47F8-BFF4-5E2E88B2021B},040500030104,0.283493536,Yes,{E37797D9-C9DD-4CE5-A73E-DB90F4CAD3B5},2022-10-07
897,2209,0,180040,2208,Calhoun,Michigan,26,025,26025,718.4, ,180040,1,2208,11094,040500030204,Swains Lake Drain-South Branch Kalamazoo River,0,MI,{37BF18BD-6A76-4EE9-A2BC-F0066C5209EB},040500030206,0.161705907,Yes,{DCD22564-504D-4C22-9163-963262BC8A99},2022-10-07
898,2224,1,182361,2223,Kalkaska,Michigan,26,079,26079,570.8, ,182361,2,2223,28364,040601050403,Rapid River,0,MI,{C653C986-818D-4FAB-B9C0-8BB1572F8F1B},040601050404,0.35812619,Yes,{792F0999-170F-44BA-84A8-ED544D8FA6B1},2022-10-07
899,2258,1,284422,2257,Lawrence,Ohio,39,087,39087,457.3, ,284422,8,2257,31604,050901010802,Black Fork,0,OH,{07A1A104-2848-44C9-AD74-C57B76C62F3F},050901010803,0.322212078,Yes,{1E54F949-3494-4C1B-82EF-FE75FEA8C211},2022-10-07
900,2274,1,147445,2273,Jackson,Indiana,18,071,18071,513.8, ,147445,7,2273,15072,051202080104,Greasy Creek-East Fork White River,0,IN,{97320EAC-2A01-4A64-BA97-413EEB0A7C90},051202080302,0.173363702,Yes,{BDDD4B77-07D9-4792-A24B-9EED5B506FE7},2022-10-07
901,2285,1,143343,2284,Lawrence,Indiana,18,093,18093,452.1, ,143343,9,2284,10914,051202081002,Sheeks Lake-East Fork White River,0,IN,{4AB0DBFD-3E87-4282-9207-D2ECA129B682},051202081005,0.189814358,Yes,{9F8D6D61-F0CA-4A50-8355-562C71E068E3},2022-10-07
902,2394,1,280790,2393,Belmont,Ohio,39,013,39013,541.4, ,280790,25,2393,24390,050301060702,Upper McMahon Creek,0,OH,{AA0C5C7A-B0D1-42F5-B5F8-F2BD614A8F86},050301060704,0.299250809,Yes,{09A942A1-19C2-4093-A162-743B1727B2D8},2022-10-07
903,2397,1,283064,2396,Hocking,Ohio,39,073,39073,423.6, ,283064,11,2396,11260,050600020903,Pretty Run,0,OH,{3B24A7DA-CA45-46AA-9515-2E04142CBDFF},050600020905,0.181629224,Yes,{3162971A-DF42-41C7-B5F3-9545DB514AA0},2022-10-07
904,2398,1,280910,2397,Washington,Ohio,39,167,39167,640.2, ,280910,18,2397,20357,050302010902,Buffalo Run-West Fork Duck Creek,0,OH,{2400158F-DA7F-41EC-BDFB-087D70A7E027},050302010903,0.267031265,Yes,{9F6B164E-7BE6-4A0D-8C81-535F721F8CEF},2022-10-07
905,2401,1,280930,2400,Athens,Ohio,39,009,39009,508.5, ,280930,12,2400,25252,050302020104,West Branch Little Hocking River,0,OH,{29425C97-A7FD-4C4B-BB47-6A4BD626308A},050302020105,0.246895792,Yes,{BED02DF9-4924-4DB2-8EE5-943B2F1EF527},2022-10-07
906,2403,1,283032,2402,Vinton,Ohio,39,163,39163,415, ,283032,26,2402,40152,050600020702,Middle Fork Salt Creek,0,OH,{05F4379D-B2B5-4EA2-9195-75721D4D13C6},050600020805,0.355927089,Yes,{EA619AC5-1FEA-4A9B-ADB0-CD22D2B0DE24},2022-10-07
907,2404,1,284382,2403,Jackson,Ohio,39,079,39079,421.5, ,284382,8,2403,13970,050901010601,Indian Creek,0,OH,{45E42F7E-A27F-45FB-B12F-4E8478ACC3B7},050901010602,0.195329846,Yes,{621F5793-0EA6-42AB-85FB-0378CA488C29},2022-10-07
908,2410,1,279935,2409,Adams,Ohio,39,001,39001,585.8, ,279935,14,2409,29754,050902010210,Quicks Run-Ohio River,0,"KY,OH",{5AC9F138-0C47-480F-A1CF-39BDCE49C459},050902010601,0.172733342,Yes,{72CE89B8-8252-4671-AC33-0B0DF0D33C4E},2022-10-07
909,2411,1,284474,2410,Scioto,Ohio,39,145,39145,616.1, ,284474,9,2410,20674,050901030201,Hales Creek,0,OH,{D91607E4-F06D-43B8-B15E-6CEF587C0B3E},050901030202,0.228557272,Yes,{170166DB-4FF8-42F0-8688-E907A43C35A0},2022-10-07
910,2421,1,281448,2420,Guernsey,Ohio,39,059,39059,528.3, ,281448,24,2420,15378,050400011301,Spencer Creek,0,OH,{096F2358-B860-43F0-BF2B-982482341374},050400011302,0.224892999,Yes,{B2E660F4-5407-4DF1-9A58-94B6D9CF1F9E},2022-10-07
911,2423,1,280886,2422,Noble,Ohio,39,121,39121,404.6, ,280886,28,2422,20249,050302010801,Upper East Fork Duck Creek,0,OH,{07018404-03C2-401B-9AFA-D869BA01C2E5},050302010803,0.266952766,Yes,{B91F3026-4CA5-45DD-8564-4FC3C8F5B06F},2022-10-07
912,2432,0,379761,2431,Jackson,West Virginia,54,035,54035,471.6, ,379761,6,2431,17343,050302020603,Grasslick Creek,0,WV,{A38A274D-7011-47F8-9984-6A75E2B8A5E6},050302020604,0.200125287,Yes,{655895B5-005D-4C55-A0DE-602B39DE9195},2022-10-07
913,2434,1,284382,2433,Gallia,Ohio,39,053,39053,471.1, ,284382,9,2433,13970,050901010601,Indian Creek,0,OH,{45E42F7E-A27F-45FB-B12F-4E8478ACC3B7},050901010602,0.195329846,Yes,{621F5793-0EA6-42AB-85FB-0378CA488C29},2022-10-07
914,2452,1,306186,2451,Bedford,Pennsylvania,42,009,42009,1017, ,306186,10,2451,17913,020700030404,Crooked Run-Sideling Hill Creek,0,"MD,PA",{57032DD8-8E32-4F35-9F46-209D018FA57A},020700030405,0.241704608,Yes,{83554764-41DE-476F-B81E-A3197838E32F},2022-10-07
915,2482,1,306186,2481,Fulton,Pennsylvania,42,057,42057,438.2, ,306186,13,2481,17913,020700030404,Crooked Run-Sideling Hill Creek,0,"MD,PA",{57032DD8-8E32-4F35-9F46-209D018FA57A},020700030405,0.241704608,Yes,{83554764-41DE-476F-B81E-A3197838E32F},2022-10-07
916,2524,0,306381,2523,Wayne,Pennsylvania,42,127,42127,750.7, ,306381,4,2523,26751,020401010501,Hankins Creek-Delaware River,0,"NY,PA",{02D6B732-1F39-4E9C-964D-EB60D498391E},020401010506,0.232168058,Yes,{EFD19D59-D1BA-4627-AB93-08FD4C36AA94},2022-10-07
917,2653,1,244648,2652,Sullivan,New Hampshire,33,019,33019,552.1, ,244648,46,2652,20342,010801060405,Long Pond Brook-Sugar River,0,NH,{33733333-1F1A-43B1-9C7A-BEFD0AC15B00},010801060406,0.270091397,Yes,{331B4AFB-2C29-4F80-BC47-4707F42745A1},2022-10-07
918,2677,1,244450,2676,Grafton,New Hampshire,33,009,33009,1750.5, ,244450,9,2676,23864,010801060105,Mascoma Lake-Mascoma River,0,NH,{D36C9A8C-F0B8-4EF0-AFF5-85672B121E15},010801060106,0.269090607,Yes,{6854DC24-0E4E-420E-B50E-D9AD5553545E},2022-10-07
919,2716,1,266484,2715,Moore,North Carolina,37,125,37125,705.6, ,266484,13,2715,11214,030402030204,Middle Drowning Creek,0,NC,{F939AC1F-6921-43DC-951C-200D79987D83},030402030206,0.233669148,Yes,{A744CDE3-6E48-4EA4-A35F-2E2ACF22F550},2022-10-07
920,2717,1,268813,2716,Mecklenburg,North Carolina,37,119,37119,546.2, ,268813,4,2716,18643,030501011401,McDowell Creek,0,NC,{9061A480-135A-44F6-9046-42FED16CA5E4},030501011402,0.199731126,Yes,{AA872B52-431B-4F97-97DD-31C9A8B8ECD4},2022-10-07
921,2718,1,265818,2717,Montgomery,North Carolina,37,123,37123,501.6, ,265818,36,2717,12719,030401050708,Camp Branch-Rocky River,0,NC,{1A551CEB-EB13-44FA-8F23-C3195B27719F},030401040205,0.169556874,Yes,{FEC90F08-D720-4865-92DF-151E1171B205},2022-10-07
922,2719,1,267503,2718,Jones,North Carolina,37,103,37103,473.1, ,267503,14,2718,31867,030202020306,Mosley Creek,0,NC,{8C6E5A3F-D2E0-411A-B6EC-31BFF930EBFA},030202020307,0.265995373,Yes,{87D96285-B7D1-4438-85B0-D17509252679},2022-10-07
923,2720,1,268693,2719,Onslow,North Carolina,37,133,37133,761.9, ,268693,15,2719,21338,030202040103,Outlet Tuckahoe Swamp,0,NC,{AA8D32F4-B6E1-4167-9F35-B91E7F0BA41A},030202040104,0.194199431,Yes,{C47B6722-226E-494C-987C-B5FC13BD0514},2022-10-07
924,2721,1,314145,2720,Clarendon,South Carolina,45,027,45027,695.6, ,314145,10,2720,165142,030501110109,Lake Marion-Santee River,0,SC,{E4F4E340-4EF9-4B70-8305-B511880D1131},030501120101,0.534345686,Yes,{2BE255ED-87CD-4DD2-935F-054D4BA4850A},2022-10-07
925,2722,1,314151,2721,Williamsburg,South Carolina,45,089,45089,937.4, ,314151,35,2721,17767,030501120101,Dead River-Santee River,0,SC,{5DAFA924-523B-4AD1-BC51-35A92286326A},030501120104,0.186255635,Yes,{D9D17C08-A30D-482C-8686-58265E834ADB},2022-10-07
926,2723,1,314067,2722,Calhoun,South Carolina,45,017,45017,392.9, ,314067,23,2722,23398,030501100302,Sandy Run-Congaree River,0,SC,{2CD588A5-5904-495D-8989-DEB7BFE6B8F7},030501100310,0.29678405,Yes,{918C3BC5-F21F-4A1A-8814-3890AF81367B},2022-10-07
927,2724,1,314145,2723,Orangeburg,South Carolina,45,075,45075,1127.8, ,314145,39,2723,165142,030501110109,Lake Marion-Santee River,0,SC,{E4F4E340-4EF9-4B70-8305-B511880D1131},030501120101,0.534345686,Yes,{2BE255ED-87CD-4DD2-935F-054D4BA4850A},2022-10-07
928,2725,1,314295,2724,Georgetown,South Carolina,45,043,45043,847.2, ,314295,66,2724,28410,030501120205,Echaw Creek,0,SC,{AF32CF93-0551-4AEF-904C-FC48F571FD14},030501120206,0.261787593,Yes,{3B1CF654-8704-4074-9C8B-C92B468C99A9},2022-10-07
929,2726,1,313354,2725,Berkeley,South Carolina,45,015,45015,1228.3, ,313354,118,2725,25685,030502090201,Awendaw Creek,0,SC,{0F9B2623-6248-4BC6-8E5A-55DD38C26C2E},030502090202,0.227479662,Yes,{68BD5FA3-36DF-491F-B296-76BDCF9AB118},2022-10-07
930,2727,1,314544,2726,Dorchester,South Carolina,45,035,45035,576.2, ,314544,28,2726,38571,030502010706,Goose Creek,0,SC,{8857241A-D5E9-4F75-83ED-A7D633AC4D61},030502010507,0.332764069,Yes,{80074796-B09F-4F49-B935-2D7B275C8B7F},2022-10-07
931,2728,1,315775,2727,Colleton,South Carolina,45,029,45029,1075.1, ,315775,77,2727,25535,030502060106,Bush Branch-Edisto River,0,SC,{6D97D405-FB23-4FE2-A084-FC22F1EA5864},030502060108,0.265575394,Yes,{FCAB5AF3-7EB2-4AC5-AD3D-192197BE1D87},2022-10-07
932,2729,1,313348,2728,Charleston,South Carolina,45,019,45019,986.2, ,313348,59,2728,31766,030502090101,Cape Romain,0,SC,{6F7139D6-8BD0-4F87-B84C-B54D87739AA1},030502090102,0.239074558,Yes,{661FFDFE-AA72-4FA5-9C85-7549B35AB8E5},2022-10-07
933,2730,1,313316,2729,Beaufort,South Carolina,45,013,45013,615.2, ,313316,25,2729,32025,030502080601,Pocotaligo River-Broad River,0,SC,{B16E1F0C-3182-4406-8E93-C3A3B04ACD11},030502080605,0.428564013,Yes,{6F4AB48C-DC49-4C68-A4B8-C437AC1D3D9C},2022-10-07
934,2731,1,267503,2730,Lenoir,North Carolina,37,107,37107,402.8, ,267503,7,2730,31867,030202020306,Mosley Creek,0,NC,{8C6E5A3F-D2E0-411A-B6EC-31BFF930EBFA},030202020307,0.265995373,Yes,{87D96285-B7D1-4438-85B0-D17509252679},2022-10-07
935,2732,1,266508,2731,Robeson,North Carolina,37,155,37155,951, ,266508,34,2731,22031,030402030401,Back Swamp,0,NC,{536E723E-7AB1-416D-906A-0E19B7DC8221},030402030403,0.245056889,Yes,{38BDAF76-7B7B-4B46-9011-F2F1D8B2E9D0},2022-10-07
936,2733,1,267110,2732,Bladen,North Carolina,37,017,37017,887.2, ,267110,69,2732,7997,030402030704,Bryan Millpond-Black Swamp,0,NC,{0BD2CE13-F24D-4952-ADFE-6BCA94CBB4A2},030402030705,0.17755408,Yes,{699EAAC2-2079-420C-98E6-E26134DC695E},2022-10-07
937,2734,0,270982,2733,Chesterfield,South Carolina,45,025,45025,806, ,270982,7,2733,10209,030402010306,Whortleberry Creek-Pee Dee River,0,"NC,SC",{E814B0BF-B494-4D78-8A3A-64E7E46BA3C8},030402010504,0.133465015,Yes,{CB17295B-7019-4D67-B88D-FBA90EB302CA},2022-10-07
938,2735,0,270982,2734,Marlboro,South Carolina,45,069,45069,485.4, ,270982,23,2734,10209,030402010306,Whortleberry Creek-Pee Dee River,0,"NC,SC",{E814B0BF-B494-4D78-8A3A-64E7E46BA3C8},030402010504,0.133465015,Yes,{CB17295B-7019-4D67-B88D-FBA90EB302CA},2022-10-07
939,2736,1,267550,2735,Pender,North Carolina,37,141,37141,870.5, ,267550,24,2735,16516,030300050404,Weyman Creek,0,NC,{2E5A5083-A4F7-4AEA-8081-57E737139401},030300050405,0.210685506,Yes,{95DD0199-796D-4FA7-A089-FE7232AAD6AD},2022-10-07
940,2737,1,271025,2736,Dillon,South Carolina,45,033,45033,406.3, ,271025,21,2736,19051,030402040203,Leith Creek,0,"NC,SC",{5665E0EA-AFD3-4D93-A5A2-B10B4BBF8371},030402040501,0.167797885,Yes,{1A443A24-FA37-4BE5-A9A7-FC4C6A3EDC12},2022-10-07
941,2738,0,314914,2737,Kershaw,South Carolina,45,055,45055,740.2, ,314914,11,2737,12458,030402020305,Lynches River,0,SC,{697D157A-BE3A-4C06-9877-21CDFC22D859},030402020306,0.216073496,Yes,{3BEE8355-5AE6-40A2-978C-132A5D546332},2022-10-07
942,2739,1,312940,2738,Horry,South Carolina,45,051,45051,1145, ,312940,73,2738,8669,030402031303,Ashpole Swamp,0,"NC,SC",{59DC3E58-B651-468A-A7E4-AA92F80B3A39},030402031404,0.162580166,Yes,{06ED49F8-797D-458B-A171-B4F5A944B360},2022-10-07
943,2740,0,314637,2739,Darlington,South Carolina,45,031,45031,566.8, ,314637,16,2739,37483,030402010510,Beaverdam Creek-Great Pee Dee River,0,SC,{1AF86377-B702-4F2C-844F-9510977F9199},030402010802,0.427014301,Yes,{FB651664-CA39-4421-AFE2-8AB9EC6B8A23},2022-10-07
944,2741,1,314966,2740,Lee,South Carolina,45,061,45061,411.4, ,314966,6,2740,31710,030402020503,Merchants Mill Creek-Lynches River,0,SC,{EB6F2B4A-768C-4A70-8C82-6117C3CB5756},030402020504,0.247562467,Yes,{45E12C4D-5C2B-440F-B136-B9BC310E8290},2022-10-07
945,2742,1,314798,2741,Florence,South Carolina,45,041,45041,803.4, ,314798,19,2741,17267,030402010810,Rogers Lake-Great Pee Dee River,0,SC,{88EC5CF2-90C6-4B05-AE27-43DB89374146},030402011002,0.195228243,Yes,{D1658A49-F86A-4C26-8715-DCDE3C533386},2022-10-07
946,2743,1,312940,2742,Marion,South Carolina,45,067,45067,494.1, ,312940,54,2742,8669,030402031303,Ashpole Swamp,0,"NC,SC",{59DC3E58-B651-468A-A7E4-AA92F80B3A39},030402031404,0.162580166,Yes,{06ED49F8-797D-458B-A171-B4F5A944B360},2022-10-07
947,2744,1,314146,2743,Sumter,South Carolina,45,085,45085,681.6, ,314146,20,2743,165142,030501110109,Lake Marion-Santee River,0,SC,{E4F4E340-4EF9-4B70-8305-B511880D1131},030501120101,0.809055148,Yes,{68EEC26C-1C12-4C02-973E-B928326495E0},2022-10-07
948,2745,1,265774,2744,Union,North Carolina,37,179,37179,639.4, ,265774,22,2744,26878,030401050507,Lower Richardson Creek,0,NC,{0DCEAEBE-7B49-4994-8AF6-DCE21AA43614},030401050707,0.269361902,Yes,{5E987C9E-CD8C-43E5-B8BD-B808BB5A8B5B},2022-10-07
949,2746,1,265774,2745,Anson,North Carolina,37,007,37007,537.4, ,265774,76,2745,26878,030401050507,Lower Richardson Creek,0,NC,{0DCEAEBE-7B49-4994-8AF6-DCE21AA43614},030401050707,0.269361902,Yes,{5E987C9E-CD8C-43E5-B8BD-B808BB5A8B5B},2022-10-07
950,2747,1,266485,2746,Hoke,North Carolina,37,093,37093,392.3, ,266485,15,2746,11214,030402030204,Middle Drowning Creek,0,NC,{F939AC1F-6921-43DC-951C-200D79987D83},030402030206,0.175793657,Yes,{D087D11B-D381-4BF0-8216-7477296ACEE7},2022-10-07
951,2748,1,265822,2747,Richmond,North Carolina,37,153,37153,479.6, ,265822,29,2747,24944,030402010101,Rocky Fork Creek,0,NC,{5C2B00DA-2FC6-4D1B-9098-4467DEE56B91},030402010102,0.244845124,Yes,{E6E00D44-D86D-4E73-A90D-D0CA5A38680D},2022-10-07
952,2749,1,316044,2748,Lancaster,South Carolina,45,057,45057,555.6, ,316044,1,2748,36198,030501030606,Fishing Creek Reservoir-Catawba River,0,SC,{C2BD0A49-BBE4-4331-A491-52BD087F3BE8},030501040106,0.472369249,Yes,{18E3226E-03EB-4109-BAF8-4B7D7A49FCF7},2022-10-07
953,2750,1,266482,2749,Scotland,North Carolina,37,165,37165,320.7, ,266482,8,2749,12465,030402030203,Big Muddy Lake-Big Muddy Creek,0,NC,{D1EA13DA-67F8-4F92-AEAF-9E93C6BB55B6},030402030204,0.156826449,Yes,{7095F0E6-4B01-4D40-AA07-A96F3B489C19},2022-10-07
954,2751,1,267828,2750,Sampson,North Carolina,37,163,37163,947.4, ,267828,36,2750,26480,030300060107,Jones Swamp-South River,0,NC,{F951FE9A-A2A7-4B28-A0FC-07F187934805},030300060203,0.32836255,Yes,{836E8784-0610-4075-B1F0-26CFE3B464F5},2022-10-07
955,2752,1,267021,2751,Cumberland,North Carolina,37,051,37051,658.8, ,267021,18,2751,12657,030300040403,Hector Creek-Little River,0,NC,{85DEA786-6CDA-415B-8751-7A2F8AF5DAF1},030300040405,0.168835689,Yes,{E47FCB79-9AC9-4CD2-85C7-AE7F65E3E11A},2022-10-07
956,2753,1,268077,2752,Duplin,North Carolina,37,061,37061,818.8, ,268077,39,2752,14548,030300060506,Lower Stewarts Creek,0,NC,{A04055CC-0F71-4CFE-B2A2-93D7E261A75F},030300060509,0.214030616,Yes,{CD60109F-0E14-4256-A072-AB7A7F2FB974},2022-10-07
957,2754,1,267378,2753,Columbus,North Carolina,37,047,37047,953.6, ,267378,43,2753,24452,030402031104,Flowers Swamp-Lumber River,0,NC,{291FD2B2-DED6-41D5-98C0-D524DEA8CB12},030402031404,0.333288928,Yes,{725F1B66-A301-4F96-AAFD-70033A65A7E8},2022-10-07
958,2756,1,267555,2755,Brunswick,North Carolina,37,019,37019,864.2, ,267555,66,2755,26939,030300050406,Hood Creek,0,NC,{FDFF1DCB-D237-4B0A-9944-96832325A584},030300050407,0.225243765,Yes,{E9528564-02B6-40D2-90A6-939AF91C3009},2022-10-07
959,2757,1,269766,2756,Pamlico,North Carolina,37,137,37137,347, ,269766,7,2756,26415,030202040801,Upper Bay River,0,NC,{03D2E5CE-559D-4838-91A8-78A475C1806D},030202040802,0.222453688,Yes,{85EE9B59-0052-4226-95FF-E73BC2E967AA},2022-10-07
960,2758,1,267503,2757,Craven,North Carolina,37,049,37049,727.2, ,267503,43,2757,31867,030202020306,Mosley Creek,0,NC,{8C6E5A3F-D2E0-411A-B6EC-31BFF930EBFA},030202020307,0.265995373,Yes,{87D96285-B7D1-4438-85B0-D17509252679},2022-10-07
961,2759,1,269747,2758,Carteret,North Carolina,37,031,37031,505.5, ,269747,26,2758,35299,030202040604,Adams Creek,0,NC,{ED4DDBE5-2761-4CEA-ABCA-8821E1AB8AC2},030202040605,0.26666036,Yes,{EFB85EA8-972A-4AE5-9A0F-C12B3C90E84B},2022-10-07
962,2772,1,265621,2771,Northampton,North Carolina,37,131,37131,550.2, ,265621,9,2771,19692,030102040805,Upper Potecasi Creek,0,NC,{E5F93B06-BA89-4C48-A63C-4B169C9FA1A5},030102040807,0.217597021,Yes,{061323B9-82AA-447A-9E63-545A3DBFAD39},2022-10-07
963,2773,1,267510,2772,Pitt,North Carolina,37,147,37147,654.7, ,267510,44,2772,14188,030202020307,Mosley Creek-Neuse River,0,NC,{E7B23A13-0876-4EAA-8537-730C0AE7431E},030202020603,0.243222123,Yes,{0B04F6AC-43FE-4776-B045-17C59ADC53C9},2022-10-07
964,2774,1,267466,2773,Dare,North Carolina,37,055,37055,378, ,267466,2,2773,23109,030102050807,Grapevine Bay-Alligator River,0,NC,{C862A8C1-4C86-4F73-8206-882A7CA17B7B},030102050809,0.293875392,Yes,{8FC7EB69-23D4-4830-993C-A25E73512BF6},2022-10-07
965,2775,1,266661,2774,Wayne,North Carolina,37,191,37191,556.5, ,266661,20,2774,23191,030202011306,Lower Mill Creek,0,NC,{ACF29FAB-271E-4B38-98B4-DEC073798135},030202011705,0.221528488,Yes,{62D924B7-9CD5-4EE3-B20D-78B8EF4DBBC5},2022-10-07
966,2776,1,267023,2775,Harnett,North Carolina,37,085,37085,601.7, ,267023,7,2775,12657,030300040403,Hector Creek-Little River,0,NC,{85DEA786-6CDA-415B-8751-7A2F8AF5DAF1},030300040405,0.177805015,Yes,{3ECEC155-821B-49AC-A04E-D71E8D8459DF},2022-10-07
967,2777,2,272080,2776,Cabarrus,North Carolina,37,025,37025,364.2, ,272080,6,2776,23836,030401050304,Lower Dutch Buffalo Creek,0,NC,{95A99B59-6669-472C-B82A-2AB941D2B543},030401050305,0.289811167,Yes,{8EE59CFF-63E1-4E75-8257-6AA3A1332106},2022-10-07
968,2778,1,265806,2777,Stanly,North Carolina,37,167,37167,404.5, ,265806,14,2777,18535,030401050705,Gilberts Creek-Rocky River,0,NC,{102F5596-BE87-4078-9DD7-7DABCB74E725},030401050707,0.231025944,Yes,{C5029F1F-ED9C-4FDD-AF1A-D123004F02CF},2022-10-07
969,2784,1,268633,2783,Halifax,North Carolina,37,083,37083,731.8, ,268633,12,2783,15058,030201020206,Lower Little Fishing Creek,0,NC,{6C9D3F84-2DED-4113-AAA2-0B1A9971C059},030201020503,0.203747858,Yes,{EFED9867-6973-40F1-8BAE-D21FC0CC2F2C},2022-10-07
970,2785,1,271403,2784,Yadkin,North Carolina,37,197,37197,337.6, ,271403,3,2784,17536,030401020202,Upper North Little Hunting Creek,0,NC,{34B19818-A036-49D3-8BB5-7AED058EDF07},030401020203,0.265273671,Yes,{FF82109B-E538-4AA9-A597-964C74259420},2022-10-07
971,2788,1,266326,2787,Guilford,North Carolina,37,081,37081,655.9, ,266326,1,2787,20794,030300020308,Stinking Quarter Creek,0,NC,{B772BCCE-894D-40C4-9E60-B1CC8099B0AB},030300020310,0.330515181,Yes,{343DB3AB-8C35-4B36-BFAB-05FFE0CA2D2A},2022-10-07
972,2789,1,266326,2788,Alamance,North Carolina,37,001,37001,435.8, ,266326,1,2788,20794,030300020308,Stinking Quarter Creek,0,NC,{B772BCCE-894D-40C4-9E60-B1CC8099B0AB},030300020310,0.330515181,Yes,{343DB3AB-8C35-4B36-BFAB-05FFE0CA2D2A},2022-10-07
973,2793,1,266197,2792,Johnston,North Carolina,37,101,37101,795.3, ,266197,30,2792,22758,030202011105,Buffalo Creek-Neuse River,0,NC,{396EC8BB-87AA-4679-BE3B-A04108394622},030202011702,0.331203943,Yes,{F7AC7AFB-696C-49EA-A5DD-451243544053},2022-10-07
974,2795,1,271344,2794,Davie,North Carolina,37,059,37059,266.7, ,271344,7,2794,29297,030401011404,Lower Dutchmans Creek,0,NC,{6DF79870-E65A-4B92-A012-2A7198486EBC},030401011504,0.248739766,Yes,{FF95405A-2301-4982-B10A-DD4EA45A24CF},2022-10-07
975,2796,1,271355,2795,Davidson,North Carolina,37,057,37057,567.2, ,271355,10,2795,32998,030401011503,Dykers Creek-Yadkin River,0,NC,{7CAE07EA-201D-474F-BD8F-8B1F078359E9},030401011504,0.296370056,Yes,{01817021-11A3-4442-86E1-8C3A3F1A39D6},2022-10-07
976,2797,1,266773,2796,Randolph,North Carolina,37,151,37151,789.8, ,266773,26,2796,36006,030300030107,Polecat Creek,0,NC,{261842D4-1D74-4173-86C8-7835044E05E6},030300030110,0.316965664,Yes,{1F5A37A0-7612-4F17-9EE6-5A9ADAF19422},2022-10-07
977,2798,1,271359,2797,Rowan,North Carolina,37,159,37159,524.1, ,271359,5,2797,17485,030401011504,Farabee Creek-Yadkin River,0,NC,{E99E6A0E-B36C-47F9-A42A-DCA0554C7972},030401030105,0.23850188,Yes,{55509B14-8C48-4C32-9585-FC3F9EE9A791},2022-10-07
978,2804,1,269333,2803,Caswell,North Carolina,37,033,37033,428.6, ,269333,43,2803,25982,030101030905,Lower Wolf Island Creek,0,NC,{E3FE7C63-E872-437E-9055-A29B85950989},030101030906,0.275653072,Yes,{2834DE1D-2246-4625-87A7-850D9DA4C775},2022-10-07
979,2805,1,269331,2804,Rockingham,North Carolina,37,157,37157,573.1, ,269331,12,2804,18156,030101030904,Upper Wolf Island Creek,0,NC,{52BB6EED-CF71-40E9-8AEB-3DAD766A0F58},030101030905,0.222089166,Yes,{9EA2DBF5-EF3E-4EAC-98B5-3644EF278821},2022-10-07
980,2811,1,269601,2810,Person,North Carolina,37,145,37145,404.1, ,269601,25,2810,15959,030101040505,Lower South Hyco Creek,0,NC,{4C778EB2-1FDC-4CA0-BB61-B69DBC1AA4DA},030101040507,0.207786683,Yes,{F4769DF6-A941-41C8-B757-EC16A516F9E7},2022-10-07
981,2813,1,268205,2812,Nash,North Carolina,37,127,37127,542, ,268205,24,2812,25939,030201010502,Pig Basket Creek,0,NC,{8A1D5759-52CB-492F-850D-12F444150534},030201010504,0.239149707,Yes,{92F96C0B-012A-4281-8F75-9A99DF76900A},2022-10-07
982,2814,1,268576,2813,Edgecombe,North Carolina,37,065,37065,506.4, ,268576,31,2813,37086,030201010803,Moccasin Creek-Swift Creek,0,NC,{A8E34A63-9AEE-4C6B-A141-748C22A90804},030201010904,0.43148624,Yes,{6053CC27-6EA0-448A-BEFA-13601E028715},2022-10-07
983,2816,1,267923,2815,Wilson,North Carolina,37,195,37195,375.6, ,267923,4,2815,25534,030202030201,Great Swamp,0,NC,{A2A09773-0491-4CF6-A81D-21AF4AC60EF9},030202030203,0.260464796,Yes,{5A06DBD8-7E8D-4209-9D8F-BADED86B879B},2022-10-07
984,2817,1,268267,2816,Greene,North Carolina,37,079,37079,265.7, ,268267,3,2816,34360,030202030603,Middle Swamp,0,NC,{A7379F8C-8907-4A56-A941-819F3E893C67},030202030604,0.286948296,Yes,{70EB70F5-BC9F-4308-BD6B-052F9A83ABC9},2022-10-07
985,2818,1,366977,2817,Culpeper,Virginia,51,047,51047,382.3, ,366977,11,2817,30916,020801030501,Hiders Branch-Mountain Run,0,VA,{AACF2366-5196-4C31-9510-DC5F1E74718F},020801030503,0.280214799,Yes,{958C38FA-4BA5-464B-A5F7-22BD5C53B753},2022-10-07
986,2826,0,380096,2825,Summers,West Virginia,54,089,54089,367.7, ,380096,4,2825,26157,050500020705,Lower Indian Creek,0,WV,{CE8032C6-D998-48C6-B004-832EC994B7FF},050500021003,0.276694855,Yes,{2E417B3C-0A5A-4EBA-A6C9-DFC1A91D0C59},2022-10-07
987,2835,0,380077,2834,Monroe,West Virginia,54,063,54063,473.7, ,380077,24,2834,22010,050500020701,Burnside Branch,0,WV,{485C1280-DCDF-4A14-A514-25BD24A412BD},050500020703,0.227774719,Yes,{486FE67B-4526-4112-A63D-2A00BEA2E67E},2022-10-07
988,2852,1,367180,2851,Orange,Virginia,51,137,51137,343.5, ,367180,9,2851,17869,020801031001,Rapidan-Rapidan River,0,VA,{2FB9CB56-799B-46D3-9E6C-FA5E4E5606C8},020801031003,0.188985534,Yes,{5BA44460-BB83-464F-9230-6EEDD4A0237F},2022-10-07
989,2877,0,370797,2876,Northumberland,Virginia,51,133,51133,211.2, ,370797,1,2876,26331,020801020104,Dividing Creek-Lower Chesapeake Bay,0,VA,{34685F5F-6801-4B99-A60E-BEBC759149FF},020801010000,0.258827982,Yes,{EACD5B73-67A7-45B7-8C1B-B12D28E02BB4},2022-10-07
990,2903,1,266589,2902,Currituck,North Carolina,37,053,37053,257.8, ,266589,20,2902,12699,030102051102,Culpeper Island-Dismal Swamp,0,"NC,VA",{9CE4C24B-3FE8-447D-A9FA-F7BD1A1E0FEC},030102051103,0.172365112,Yes,{471E5EB6-267D-4E66-AB4D-BF1FA04A424B},2022-10-07
991,2904,1,267200,2903,Perquimans,North Carolina,37,143,37143,249.7, ,267200,1,2903,29982,030102050502,Rabbit Corner-Middle Little River,0,NC,{416442AD-0400-4144-98C9-1F8F47560836},030102050503,0.283903656,Yes,{7E06E7FF-35BF-4A60-82CC-C59F60F96D2E},2022-10-07
992,2905,1,265653,2904,Chowan,North Carolina,37,041,37041,174, ,265653,4,2904,13554,030102050102,Edenton Bay,0,NC,{8D4E885E-72D4-4905-9885-32898B051AB0},030102050105,0.165124803,Yes,{9E940B61-1D15-4820-BD48-D75EEDA95C33},2022-10-07
993,2906,1,269668,2905,Bertie,North Carolina,37,015,37015,708, ,269668,42,2905,20198,030101070301,Sandy Run-Roanoke River,0,NC,{FD44C61E-7DC0-40B9-B1AB-E9EA05C5E2A9},030101070302,0.273897191,Yes,{77C5D1D9-4FEE-42F0-831E-48620E6A257A},2022-10-07
994,2907,1,269735,2906,Beaufort,North Carolina,37,013,37013,853.6, ,269735,21,2906,21302,030201030504,Upper Tranters Creek,0,NC,{336924AD-8648-4671-A64B-A3EE73675DBF},030201030505,0.241358787,Yes,{3DC3BE2D-CE81-4250-B7DC-3395A5FB07CB},2022-10-07
995,2908,1,269403,2907,Martin,North Carolina,37,117,37117,461.9, ,269403,31,2907,8376,030201030301,Upper Conetoe Creek,0,NC,{2713B4CD-C290-4CB3-B205-F130724BCAF6},030201030303,0.134463399,Yes,{2F70AEDF-3335-4664-86B1-4B0123E51C74},2022-10-07
996,2909,1,265656,2908,Washington,North Carolina,37,187,37187,377.5, ,265656,23,2908,24765,030102050103,Headwaters Kendrick Creek,0,NC,{448CF904-FF7F-4B6C-88AC-1B11F4CB2A9F},030102050104,0.214514263,Yes,{A9519A50-C92A-461F-92B4-F06A5DCA9996},2022-10-07
997,2910,0,265967,2909,Tyrrell,North Carolina,37,177,37177,398.9, ,265967,32,2909,18456,030102050201,Phelps Lake,0,NC,{91355F3C-45CF-4CE3-BCFD-9A4A03BE60FB},030102050204,0.18007941,Yes,{D42EF13F-3A0F-455B-864B-60742D92193B},2022-10-07
998,2914,1,265621,2913,Hertford,North Carolina,37,091,37091,357.3, ,265621,26,2913,19692,030102040805,Upper Potecasi Creek,0,NC,{E5F93B06-BA89-4C48-A63C-4B169C9FA1A5},030102040807,0.217597021,Yes,{061323B9-82AA-447A-9E63-545A3DBFAD39},2022-10-07
999,2915,1,265645,2914,Gates,North Carolina,37,073,37073,344, ,265645,4,2914,20769,030102040908,Town of Murfreesboro-Meherrin River,0,NC,{66264279-E4C5-4085-B66A-4D61839B7615},030102030202,0.305088172,Yes,{32571C62-AD51-49C7-AFA1-CC0B81C16658},2022-10-07
1000,2917,1,366378,2916,Virginia Beach,Virginia,51,810,51810,257.9, ,366378,1,2916,39450,030102051303,Back Bay,0,"NC,VA",{117691DE-65FF-4BA0-BB3C-A80A365D6D99},030102051304,0.117843357,Yes,{702EBF7B-5B49-4977-AF3A-9301E3071CC7},2022-10-07
1001,2918,1,266591,2917,Chesapeake,Virginia,51,550,51550,350.1, ,266591,5,2917,12699,030102051102,Culpeper Island-Dismal Swamp,0,"NC,VA",{9CE4C24B-3FE8-447D-A9FA-F7BD1A1E0FEC},030102051103,0.16174384,Yes,{028D5DFC-4AC4-4C5C-AF6F-FDDB26B1F960},2022-10-07
1002,2920,1,266589,2919,Camden,North Carolina,37,029,37029,241.6, ,266589,27,2919,12699,030102051102,Culpeper Island-Dismal Swamp,0,"NC,VA",{9CE4C24B-3FE8-447D-A9FA-F7BD1A1E0FEC},030102051103,0.172365112,Yes,{471E5EB6-267D-4E66-AB4D-BF1FA04A424B},2022-10-07
1003,2921,1,267200,2920,Pasquotank,North Carolina,37,139,37139,229, ,267200,8,2920,29982,030102050502,Rabbit Corner-Middle Little River,0,NC,{416442AD-0400-4144-98C9-1F8F47560836},030102050503,0.283903656,Yes,{7E06E7FF-35BF-4A60-82CC-C59F60F96D2E},2022-10-07
1004,2922,1,2138,2921,Choctaw,Alabama,01,023,01023,920.8, ,2138,125,2921,38272,031602010202,Upper Kinterbush Creek,0,"AL,MS",{8DE03E14-79F7-4618-93FB-E1195920D42D},031602010203,0.305323344,Yes,{0967074E-4C65-42FA-95E9-E49ED3390310},2022-10-07
1005,2923,1,112924,2922,Lake,Florida,12,069,12069,1156.3, ,112924,126,2922,18726,030801011304,Konomac Lake,0,FL,{8090E69F-ED06-42B6-B9E5-95BA532B029B},030801011601,0.207339556,Yes,{6FA07A20-EBC5-4AE8-8766-141083BD540F},2022-10-07
1006,2924,1,169393,2923,Tensas,Louisiana,22,107,22107,641.2, ,169393,91,2923,37202,080403060101,Lake St John-Black Bayou Lake,0,LA,{F844CFF1-E22A-41DB-A173-86F72C8227A3},080403060103,0.251118658,Yes,{6AF6C148-0ABC-4D8E-85F0-406FDF6DC318},2022-10-07
1007,2925,1,197896,2924,Jasper,Mississippi,28,061,28061,677.4, ,197896,39,2924,38450,031700010703,Possum Creek-Chunky River,0,MS,{CBD9A2C6-3BF0-4E0E-9106-0EB7EC773E61},031700020301,0.349755238,Yes,{B2F6AE2D-C75A-46CC-8985-3E82E5DC66D9},2022-10-07
1008,2926,1,2142,2925,Clarke,Mississippi,28,023,28023,693.4, ,2142,119,2925,38094,031602010501,Williams Creek-Bogue Chitto,0,"AL,MS",{76EAA2F0-37B6-4CA5-9678-B7FB3F2CE3F9},031602010505,0.397665445,Yes,{4694E8F2-6DCF-4269-8641-8AC65064E6BB},2022-10-07
1009,2927,1,198125,2926,Smith,Mississippi,28,129,28129,637.3, ,198125,24,2926,28928,031700040201,Little Tallahala Creek-West Tallahala Creek,0,MS,{0930AE7A-344D-49EE-A410-8D65D9E0366F},031700040203,0.309566309,Yes,{91592D3D-5E52-434A-AC6D-C9E6B82D16E8},2022-10-07
1010,2928,1,169620,2927,Claiborne,Mississippi,28,021,28021,501.4, ,169620,86,2927,114612,080601000200,080601000200,0,"LA,MS",{3BC27637-3D8E-41E9-88A5-1EA326B5128A},080601000302,0.793325876,Yes,{0CA9251A-BEE1-4397-AECA-CA6D01493D99},2022-10-07
1011,2929,1,3831,2928,Clarke,Alabama,01,025,01025,1252.5, ,3831,149,2928,19515,031502030601,Little Creek-Dry Creek,0,AL,{F91C7F93-C933-48EC-8B8E-8A4B7FE8DB0B},031502030603,0.205829418,Yes,{D1768944-47E4-4D7A-B057-5ADD805FA9BF},2022-10-07
1012,2930,1,169166,2929,Newton,Texas,48,351,48351,939.5, ,169166,158,2929,11902,120100050402,Pearl Creek,0,LA,{9864D28B-7E07-4E82-A176-90EFBD826582},120100050403,0.168826432,Yes,{D84FD5D4-ACC6-4035-A489-51EBC545F986},2022-10-07
1013,2931,1,330468,2930,Jasper,Texas,48,241,48241,969.6, ,330468,135,2930,29833,120200050809,Mill Creek-Angelina River,0,TX,{178E0369-AC71-4EE2-A6DB-EBC71C0AFE13},120200050904,0.275595561,Yes,{185E42E1-2327-4C24-8C84-55F9730F7DD5},2022-10-07
1014,2932,1,168179,2931,Tangipahoa,Louisiana,22,105,22105,823.1, ,168179,25,2931,23400,080702040501,Selsers Creek,0,LA,{2F1F3AD8-E99D-4651-BB98-1E5F0A22A2F3},080702040502,0.212682932,Yes,{7EBFE4EB-C16A-4E66-BBA3-BABBDE01C92C},2022-10-07
1015,2933,1,169223,2932,St. Tammany,Louisiana,22,103,22103,1110, ,169223,89,2932,31393,031800040702,Pearl River Canal-Pearl River,0,"LA,MS",{65EE19E8-D3CD-4F48-97D4-89A2D525C982},031800040704,0.252521247,Yes,{66BA44EB-FA35-4963-A5E7-26727C49B2B6},2022-10-07
1016,2934,1,167745,2933,Livingston,Louisiana,22,063,22063,702.9, ,167745,37,2933,23451,080702030401,Wall Bayou-Tickfaw River,0,LA,{8C8B9179-A6EA-4893-99F3-E03DEF3574B5},080702030403,0.284954297,Yes,{CB394042-0D8C-400D-82FD-A00382924789},2022-10-07
1017,2935,1,169239,2934,Hancock,Mississippi,28,045,28045,484.5, ,169239,92,2934,11888,031800041002,Second Alligator Branch-Pearl River,0,"LA,MS",{3E49B5EA-DE2E-4916-804E-EF74884BF394},031800041004,0.146631962,Yes,{62AFF234-F173-4C64-A6C1-1368FCD09419},2022-10-07
1018,2936,1,168512,2935,Iberville,Louisiana,22,047,22047,652.9, ,168512,77,2935,26808,080703000104,Bayou Fordoche-Bayou Grosse Tete,0,LA,{DBD5A477-F3FB-4FA9-96DB-D62E5D40206A},080703000302,0.229908647,Yes,{CC0C54BA-7A85-45B1-A88B-A3115449DFF4},2022-10-07
1019,2937,1,330293,2936,Hardin,Texas,48,199,48199,897.4, ,330293,125,2936,18456,120200030405,Bunns Canal-Neches River,0,TX,{5EDF73F4-E68C-401A-815F-3A642CCE54CF},120200030406,0.204109298,Yes,{890EBE8C-93AC-4F66-9FBF-91E0F03AC7BB},2022-10-07
1020,2938,1,169462,2937,St. Martin,Louisiana,22,099,22099,816.4, ,169462,107,2937,30294,080801010202,Alabama Bayou,0,LA,{BF498FB2-A217-460E-8F24-F2BC2292DD80},080801010401,0.269547098,Yes,{355C272D-AD8C-4ADC-9282-A6E73E8198E7},2022-10-07
1021,2939,1,167810,2938,Calcasieu,Louisiana,22,019,22019,1094.3, ,167810,108,2938,35955,080802020204,West Bayou Lacassine,0,LA,{C61CD45A-1635-456A-9DF3-FEDEC491499E},080802020205,0.316121533,Yes,{B8333522-2AA5-4C18-BF23-6DA35D7E6A02},2022-10-07
1022,2940,1,167801,2939,Jefferson Davis,Louisiana,22,053,22053,658.6, ,167801,50,2939,35957,080802020202,East Bayou Lacassine,0,LA,{914DCCF2-C186-43E0-891F-D13F70C62E0B},080802020204,0.304910697,Yes,{6830BD2F-A014-45AB-A59C-C38412E40E30},2022-10-07
1023,2941,1,167822,2940,Acadia,Louisiana,22,001,22001,657.6, ,167822,59,2940,41595,080802020301,Keystone Ditch-Mermentau River,0,LA,{20A9FD01-2958-4EC6-8537-0D3D700F06C8},080802020302,0.379249189,Yes,{E8E4522B-90C3-4328-A55D-ECAF39359FBC},2022-10-07
1024,2942,1,167817,2941,Cameron,Louisiana,22,023,22023,1651.8, ,167817,95,2941,43760,080802020206,Thornwell Drainage Canal-Bayou Lacassine,0,LA,{7F32ECDC-6B72-453C-B01A-D4CA6BD45E7F},080802020801,0.342862859,Yes,{A6560AC3-898D-4576-BAAD-4774C0C2D768},2022-10-07
1025,2943,1,169780,2942,St. Mary,Louisiana,22,101,22101,689.4, ,169780,59,2942,30848,080801010307,Little Bayou Sorrel,0,LA,{E2B82D04-7423-4087-AE63-E06256D72ACC},080801010309,0.372637017,Yes,{1A3EC692-1D1A-4A8C-AB19-F36577AEACC5},2022-10-07
1026,2944,1,331016,2943,Chambers,Texas,48,071,48071,629.4, ,331016,43,2943,196106,120402020300,Spindletop Ditch,0,TX,{EEE81DDA-7197-4CF3-B7C0-14A6852E77E9},120402020400,0.602947464,Yes,{8AF6D396-49B4-4938-AE94-D39933A4619E},2022-10-07
1027,2945,1,169031,2944,Iberia,Louisiana,22,045,22045,626.3, ,169031,55,2944,30917,080703000403,Logging Canal-Chopin Chute,0,LA,{EAD1A8D9-9709-4410-A9EA-85250922E121},080701000105,0.320990321,Yes,{96ECEEDC-F48F-4561-B954-1729B55147D5},2022-10-07
1028,2946,1,170433,2945,Orange,Texas,48,361,48361,379.5, ,170433,43,2945,196424,120100051100,Black Bayou-Sabine River,0,"LA,TX",{5241B6EC-16A7-4A91-94E3-796BB7A520FF},120402010400,0.532739357,Yes,{2BF5B85E-BD04-4200-ADE7-228270867931},2022-10-07
1029,2947,1,330293,2946,Jefferson,Texas,48,245,48245,990.3, ,330293,45,2946,18456,120200030405,Bunns Canal-Neches River,0,TX,{5EDF73F4-E68C-401A-815F-3A642CCE54CF},120200030406,0.204109298,Yes,{890EBE8C-93AC-4F66-9FBF-91E0F03AC7BB},2022-10-07
1030,2948,1,170741,2947,Lafayette,Louisiana,22,055,22055,270.3, ,170741,22,2947,16135,080801020705,Bayou Teche,0,LA,{5159F6B3-9A71-4DF1-9999-1B7287EF1AF1},080801020804,0.373038964,Yes,{48289DD9-0C41-49EC-8386-FEEE3A72D11F},2022-10-07
1031,2949,1,167821,2948,Vermilion,Louisiana,22,113,22113,1300.8, ,167821,61,2948,41595,080802020301,Keystone Ditch-Mermentau River,0,LA,{20A9FD01-2958-4EC6-8537-0D3D700F06C8},080802020302,0.298933883,Yes,{A4AA0A0C-9C6A-4C36-9C0B-A8BAEE723AA3},2022-10-07
1032,2950,1,167887,2949,Winn,Louisiana,22,127,22127,956.9, ,167887,150,2949,30711,111402070801,Upper Iatt Creek,0,LA,{1D42F907-1B7F-406E-975B-E82870F6EFF9},111402070803,0.252466986,Yes,{53AE73E7-5F71-4E88-A0FC-30B9528EFF12},2022-10-07
1033,2951,1,167871,2950,Natchitoches,Louisiana,22,069,22069,1299.3, ,167871,192,2950,39880,111402070603,Cane River Red Bayou Diversion Canal,0,LA,{FE2321F3-B716-4096-A319-371E03D85798},111402071002,0.278173645,Yes,{C696DC99-2F18-47F4-B884-A3AA14FEE095},2022-10-07
1034,2952,1,330440,2951,Nacogdoches,Texas,48,347,48347,981.3, ,330440,138,2951,19513,120200040702,Little Bayou Loco-Bayou Loco,0,TX,{E4076AFD-97EC-4495-890B-D10188206AB5},120200040703,0.186937832,Yes,{D28EA200-E2A0-4F4E-A34B-E6BC9095EC83},2022-10-07
1035,2953,1,168084,2952,Concordia,Louisiana,22,029,22029,748.7, ,168084,114,2952,15735,080402070301,Tiger Bayou,0,LA,{ABAA4DCF-C353-47EC-966E-5C763CFB6610},080402070303,0.172854384,Yes,{22645A0A-DBD1-4C99-AC70-1288D4E78F0A},2022-10-07
1036,2954,1,169624,2953,Adams,Mississippi,28,001,28001,486.3, ,169624,74,2953,72651,080601000302,Rodney Lake-Mississippi River,0,"LA,MS",{73A26859-1440-4E3F-ABBF-1116D9BDFC12},080601000502,0.608354821,Yes,{C92CE8F6-9C58-4A42-8BFA-5A43448FBD95},2022-10-07
1037,2955,1,330448,2954,San Augustine,Texas,48,405,48405,592.2, ,330448,86,2954,11954,120200050801,Copelle Creek-Angelina River,0,TX,{DE49A922-10C8-461F-BAC0-650DF2D77581},120200050802,0.208528216,Yes,{831A06A3-FF95-45EF-8497-BDAE8F9B9630},2022-10-07
1038,2956,1,168695,2955,Sabine,Texas,48,403,48403,576.6, ,168695,107,2955,15062,120100040604,Spring Branch-Bayou La Nana,0,LA,{A72EF69E-83B4-46B7-B257-2D550C863A31},120100040807,0.176614761,Yes,{C4173DA8-5E41-458A-859D-D61C3E74CDF1},2022-10-07
1039,2957,1,330545,2956,Angelina,Texas,48,005,48005,864.5, ,330545,117,2956,14634,120200050205,Lavaca Creek-Angelina River,0,TX,{2187CCBD-2BAA-40B6-94F6-908F6188A78E},120200050602,0.204650129,Yes,{0BBBB21F-3390-4F85-AB72-F82ACCBB0C83},2022-10-07
1040,2958,1,167871,2957,Rapides,Louisiana,22,079,22079,1362, ,167871,193,2957,39880,111402070603,Cane River Red Bayou Diversion Canal,0,LA,{FE2321F3-B716-4096-A319-371E03D85798},111402071002,0.278173645,Yes,{C696DC99-2F18-47F4-B884-A3AA14FEE095},2022-10-07
1041,2959,1,169632,2958,Wilkinson,Mississippi,28,157,28157,687.7, ,169632,134,2958,68075,080601000600,080601000600,0,"LA,MS",{3505DDAC-6226-4563-976A-B88A638190AF},080701000101,0.624506648,Yes,{E90221A3-10D4-488B-9B6B-05F356F138C4},2022-10-07
1042,2960,1,168712,2959,Vernon,Louisiana,22,115,22115,1341.5, ,168712,197,2959,24196,120100050103,Midkiff Creek-Toro Bayou,0,LA,{A3D2B0C6-CCF1-4DDB-A818-BC62036EB0CC},120100050105,0.221219045,Yes,{E2FD3B10-9C42-4F0E-AADF-8C61A7D7557E},2022-10-07
1043,2961,1,168156,2960,Avoyelles,Louisiana,22,009,22009,865.7, ,168156,100,2960,20537,080403010202,Upper Wiggins Bayou,0,LA,{48E0A519-1372-401B-93BA-E7F62E8D2D49},080403010203,0.218082665,Yes,{386F20C0-56C0-407B-8F2A-48E8482DB4E2},2022-10-07
1044,2962,1,169419,2961,St. Landry,Louisiana,22,097,22097,938.8, ,169419,97,2961,12797,080801010103,McCrea Lake-Atchafalaya River,0,LA,{157FFCE0-F859-479C-82CF-0580060E4128},080801010205,0.310847332,Yes,{2023C0F0-87FE-40F8-B941-5282F73CC74B},2022-10-07
1045,2963,1,168515,2962,West Baton Rouge,Louisiana,22,121,22121,203.6, ,168515,20,2962,47846,080703000201,Bayou Grosse Tete-Bayou Cholpe,0,LA,{601B8CA0-A46B-4F1F-B9C5-09DBD95B62C1},080703000204,0.345241288,Yes,{3B0E08D7-9C2B-4C8E-9E11-75DEBEED6392},2022-10-07
1046,2964,1,330365,2963,Tyler,Texas,48,457,48457,935.7, ,330365,117,2963,27913,120200060303,Drakes Branch,0,TX,{92DB18C7-F2A2-4D74-9EE9-B8971CBF2548},120200060306,0.337828333,Yes,{9B975EB6-9176-4287-AAAE-EE47A454FC75},2022-10-07
1047,2965,1,168759,2964,Beauregard,Louisiana,22,011,22011,1166, ,168759,195,2964,38845,120100050309,Cypress Creek-Anacoco Creek,0,LA,{F01A2A7D-5CE3-46AC-A881-6AFA8986136F},120100050310,0.313051225,Yes,{64007B53-CF59-45F0-8E79-9A97C05CE925},2022-10-07
1048,2966,1,170156,2965,Shelby,Texas,48,419,48419,834.5, ,170156,115,2965,24521,120100040307,Styles Creek-Toledo Bend Reservoir,0,"LA,TX",{DE241718-6D23-4E3A-80B0-1D75E8E57678},120100040309,0.198106564,Yes,{93226199-83E9-44A2-B288-5F621BC4E190},2022-10-07
1049,2967,1,168643,2966,Sabine,Louisiana,22,085,22085,1011.5, ,168643,165,2966,27669,120100040308,Cow Bayou,0,LA,{83A1BAB6-0D9B-4026-9CA0-8126408CC59D},120100040309,0.221384834,Yes,{2AA3FCBF-1FA3-4B31-9C05-33DD882AA397},2022-10-07
1050,2968,1,168083,2967,Catahoula,Louisiana,22,025,22025,739.4, ,168083,145,2967,15735,080402070301,Tiger Bayou,0,LA,{ABAA4DCF-C353-47EC-966E-5C763CFB6610},080402070303,0.18919459,Yes,{01667FC7-2314-41DA-BC05-A741CDA8C044},2022-10-07
1051,2969,1,168099,2968,La Salle,Louisiana,22,059,22059,662.4, ,168099,112,2968,10073,080402070402,Bayou Dan,0,LA,{B09EAC79-A006-46A0-95BC-BA51227438D6},080402070403,0.143411168,Yes,{6DC9CFAE-EBDB-4A80-9449-705A79803C02},2022-10-07
1052,2970,1,167891,2969,Grant,Louisiana,22,043,22043,664.6, ,167891,103,2969,14580,111402070802,Saddle Bayou,0,LA,{2DEC3719-D973-442A-9321-BDC846915644},111402070803,0.200528407,Yes,{BC855815-023C-456D-9D56-0907854E55EA},2022-10-07
1053,2971,1,168505,2970,Pointe Coupee,Louisiana,22,077,22077,590.7, ,168505,49,2970,43114,080703000102,Portage Canal No 1-Portage Canal No 2,0,LA,{EA611EE6-FAEF-4603-A7B7-2AEF9B4269BE},080703000103,0.330030483,Yes,{AE8FECEF-D76D-4D45-9904-FF12D9206F6E},2022-10-07
1054,2972,1,168779,2971,West Feliciana,Louisiana,22,125,22125,426, ,168779,60,2971,29418,080403010505,Outflow Channel-Red River,0,LA,{65D92749-E3BF-4B6F-97BE-91FDDF17BA21},080801010103,0.246233077,Yes,{A6C7AAC1-48E8-45E6-862E-80C984625CC2},2022-10-07
1055,2973,1,170301,2972,Evangeline,Louisiana,22,039,22039,679.6, ,170301,89,2972,25076,080801020305,Langs Branch-Bayou Cocodrie,0,LA,{1EE90668-44B8-4555-9182-CEE97A6086DA},080801020307,0.2358334,Yes,{5C16C689-37CC-4A9D-BC94-C66051D38D27},2022-10-07
1056,2974,1,169514,2973,Allen,Louisiana,22,003,22003,765.7, ,169514,110,2973,34798,080802030303,Cherrywinche Creek,0,LA,{D03C6219-5E78-4A89-A7AE-7743B925AE6F},080802030304,0.260712994,Yes,{BBE47114-69D3-4E8C-8A86-60D713C58C7D},2022-10-07
1057,2975,1,198156,2974,Covington,Mississippi,28,031,28031,414.9, ,198156,40,2974,39090,031700040305,Sullivans Hollow Creek-Oakohay Creek,0,MS,{1C4E4F4D-D81A-4672-966C-59F110407792},031700040503,0.357274578,Yes,{130C99B7-DA3E-46F5-9DCE-762F41E3AF90},2022-10-07
1058,2976,1,221,2975,Washington,Alabama,01,129,01129,1088.5, ,221,136,2975,26545,031700080104,Pine Barren Creek,0,AL,{501B37FB-899D-4FD7-A34F-57BF8598DADA},031700080105,0.274768599,Yes,{8CA052B3-B5EA-46CB-8B8D-B599C028C4B8},2022-10-07
1059,2977,1,196040,2976,Marion,Mississippi,28,091,28091,548.6, ,196040,47,2976,33678,031800040601,Mill Creek-Pearl River,0,"LA,MS",{926BC944-6396-42F9-9F86-E0AEA537328A},031800040602,0.362096838,Yes,{90A41A78-8A85-48B5-A42D-D083760A703B},2022-10-07
1060,2978,1,196041,2977,Lamar,Mississippi,28,073,28073,500.4, ,196041,56,2977,33678,031800040601,Mill Creek-Pearl River,0,"LA,MS",{926BC944-6396-42F9-9F86-E0AEA537328A},031800040602,0.254693808,Yes,{DC06007F-E440-4386-B47A-64AA929BA53C},2022-10-07
1061,2979,1,198217,2978,Forrest,Mississippi,28,035,28035,470.2, ,198217,63,2978,27019,031700040608,Tick Creek-Bouie Creek,0,MS,{6C3C812A-BDC1-45F5-B9BF-CD58B1262068},031700040802,0.329205653,Yes,{AA7ACED7-C526-4032-A168-3F21CB7529EA},2022-10-07
1062,2980,1,198360,2979,Perry,Mississippi,28,111,28111,650.2, ,198360,75,2979,17404,031700050304,Burdeman Branch-Tallahala Creek,0,MS,{6E7B2D0E-0C2E-4510-ACAB-F6892B9A7B23},031700050603,0.209043924,Yes,{A1FE145E-A4C5-4E4D-A3E8-99A70A2943DE},2022-10-07
1063,2981,1,195931,2980,Greene,Mississippi,28,041,28041,718.7, ,195931,94,2980,14331,031700030204,Byrd Creek-Turkey Creek,0,"AL,MS",{FCE25340-F3E1-49A2-8145-8662FCFFACE6},031700030205,0.206803285,Yes,{29099737-2FD2-4D56-B779-FEBDFC5C6D57},2022-10-07
1064,2982,1,169669,2981,Amite,Mississippi,28,005,28005,731.6, ,169669,108,2981,35190,080702020106,Cars Creek-East Fork Amite River,0,"LA,MS",{0355D6A6-FAFB-4941-B594-000D1DC9BDC2},080702020401,0.133317452,Yes,{B5B2AFB2-DDCB-4525-B119-51DF5AEB0F55},2022-10-07
1065,2983,1,196075,2982,Pike,Mississippi,28,113,28113,410.8, ,196075,24,2982,32768,031800050504,"Clifton, LA-Bogue Chitto",0,"LA,MS",{CF57C0CB-EB24-4A69-A509-6904F82F4F37},031800050601,0.228994573,Yes,{579B13C3-568F-40B5-8942-8BA57D7E0D63},2022-10-07
1066,2984,1,196040,2983,Walthall,Mississippi,28,147,28147,404.4, ,196040,20,2983,33678,031800040601,Mill Creek-Pearl River,0,"LA,MS",{926BC944-6396-42F9-9F86-E0AEA537328A},031800040602,0.362096838,Yes,{90A41A78-8A85-48B5-A42D-D083760A703B},2022-10-07
1067,2985,1,129,2984,Mobile,Alabama,01,097,01097,1252.7, ,129,89,2984,12394,031602040305,Lower Chasaw Creek,0,AL,{8D473D69-EA86-4346-9FB3-B65763C5AD0D},031602040403,0.252379838,Yes,{F8BF7A56-735D-4EA1-9FE6-438DCB8CCDAB},2022-10-07
1068,2986,1,169206,2985,Pearl River,Mississippi,28,109,28109,818.9, ,169206,127,2985,33678,031800040601,Mill Creek-Pearl River,0,"LA,MS",{926BC944-6396-42F9-9F86-E0AEA537328A},031800040602,0.184996417,Yes,{0C77088B-4A36-4292-9A19-CD2498980053},2022-10-07
1069,2987,1,2541,2986,Jackson,Mississippi,28,059,28059,738, ,2541,84,2986,11273,031700080603,Collins Creek-Big Creek,0,"AL,MS",{09009A64-6453-467C-82FD-91266D83463B},031700080703,0.142397399,Yes,{F6B63475-6C15-498D-AC09-FE6A64954A47},2022-10-07
1070,2988,1,171554,2987,East Baton Rouge,Louisiana,22,033,22033,470.5, ,171554,22,2987,26114,080702010308,Sandy Creek-Thompson Creek,0,LA,{5750F889-E1C8-437B-BF4E-8BE1BB23D45F},080701000103,0.225466896,Yes,{19546E15-37CF-48C9-97BC-6EC2D2BF505E},2022-10-07
1071,2989,1,198705,2988,Harrison,Mississippi,28,047,28047,584.2, ,198705,51,2988,18949,031700090402,Bayou Costapia,0,MS,{332F140E-774D-41FE-AFA5-796B9EA036A1},031700090403,0.192258911,Yes,{4AE3E291-AFB6-49B7-8F0F-151BD64A6141},2022-10-07
1072,2990,1,169197,2989,Washington,Louisiana,22,117,22117,676, ,169197,79,2989,30127,031800040502,East Fork Pushepatapa Creek,0,"LA,MS",{DC0559C9-4049-4294-8DAC-90F8B17BD95B},031800040503,0.096135492,Yes,{6E29D5A2-F290-4271-95E7-F7DE227F24D7},2022-10-07
1073,2991,1,168207,2990,St. Helena,Louisiana,22,091,22091,409.5, ,168207,35,2990,29941,080702050204,Spring Creek-Tangipahoa River,0,LA,{33CAC09E-F169-4055-BEA6-FE2A2964C929},080702050303,0.344075137,Yes,{9F1CA966-4FD7-45A9-99E2-4D01D982A71E},2022-10-07
1074,2992,1,169657,2991,East Feliciana,Louisiana,22,037,22037,455.7, ,169657,66,2991,26395,080702010301,Hurricane Creek-Thompson Creek,0,"LA,MS",{E51F4423-5466-4CA2-B75D-677B35B9E096},080702010302,0.15106561,Yes,{20520767-D3F7-4D43-AC4C-4D0ED32F1639},2022-10-07
1075,2993,1,198220,2992,Simpson,Mississippi,28,127,28127,590.5, ,198220,54,2992,26804,031700040701,Dry Creek-Okatoma Creek,0,MS,{668F2973-5E72-4C06-86E9-8823D6C9C738},031700040702,0.246190047,Yes,{161CE903-1E92-4500-9C2F-8F17DCE87C01},2022-10-07
1076,2994,1,196579,2993,Copiah,Mississippi,28,029,28029,779.4, ,196579,75,2993,12546,080602030101,Bowerton-Jackson Creek,0,MS,{5FF1DCC9-FDD9-4E21-A652-B4CA7D3CEF8F},080602030103,0.17147242,Yes,{399DFA9D-5CA5-4229-9DBF-E796C83F2451},2022-10-07
1077,2995,1,169626,2994,Jefferson,Mississippi,28,063,28063,527.2, ,169626,102,2994,72651,080601000302,Rodney Lake-Mississippi River,0,"LA,MS",{73A26859-1440-4E3F-ABBF-1116D9BDFC12},080601000502,0.464999874,Yes,{6F572FBB-954D-485C-B5B9-F9CB9AAC2D60},2022-10-07
1078,2996,1,198201,2995,Jefferson Davis,Mississippi,28,065,28065,409.1, ,198201,22,2995,38785,031700040604,West Bouie Creek-Bouie Creek,0,MS,{1F94A7FF-FD65-4C60-8573-6F6DBE592630},031700040606,0.347853191,Yes,{9E4ECE48-5872-4549-87E7-659E73856338},2022-10-07
1079,2997,1,199427,2996,Lawrence,Mississippi,28,077,28077,435.7, ,199427,32,2996,11679,031800030104,Bird Branch-Bahala Creek,0,MS,{EBB79B14-BF06-4FFF-BF82-9F71C9B307A8},031800030205,0.172244172,Yes,{471C06E1-274E-4358-8447-F34D070A5A90},2022-10-07
1080,2998,1,196592,2997,Lincoln,Mississippi,28,085,28085,588.1, ,196592,38,2997,20081,080602030201,Wesson Lake-Dye Branch,0,MS,{C8192291-26A3-4306-96A8-9B7E6263AC4A},080602030204,0.188336754,Yes,{893EB1BB-208D-4E5F-AFDF-0B635A47130B},2022-10-07
1081,2999,1,196743,2998,Franklin,Mississippi,28,037,28037,566.7, ,196743,100,2998,29355,080602040201,Whitens Creek-South Fork Coles Creek,0,MS,{EF9C92C6-F13A-4879-B4C3-13186B986406},080602040203,0.246328957,Yes,{4A400320-E17B-4550-8107-C0937AF1B7E7},2022-10-07
1082,3000,1,195882,2999,Wayne,Mississippi,28,153,28153,813.5, ,195882,106,2999,35004,031602010803,Puss Cuss Creek,0,"AL,MS",{03E51286-E1E9-4CBC-B7DE-FE47EE607C06},031602010806,0.078553788,Yes,{24DF2780-5876-4DF3-BA52-6F23486CBF71},2022-10-07
1083,3001,1,198184,3000,Jones,Mississippi,28,067,28067,699.7, ,198184,33,3000,22750,031700040504,Masons Creek-Leaf River,0,MS,{D7C433AB-8E1B-4940-B2F1-9C7658AFACAD},031700040903,0.23953601,Yes,{9E5B324A-521D-4261-9F7E-9BE2267DE444},2022-10-07
1084,3002,1,195952,3001,George,Mississippi,28,039,28039,483.6, ,195952,73,3001,18118,031700080302,Scarborough Creek-Brushy Creek,0,"AL,MS",{190BD64C-679B-4071-8A6D-93962860CC4C},031700080303,0.213185241,Yes,{7A274BF4-02F2-4A0F-9512-D95395912963},2022-10-07
1085,3003,1,198588,3002,Stone,Mississippi,28,131,28131,448.1, ,198588,57,3002,25472,031700070205,Browns Creek-Beaverdam Creek,0,MS,{FAF8E98C-E6DF-4F3A-A2FA-34D2FD005CDE},031700070206,0.217463468,Yes,{DA969FFC-0CF2-42E4-87AD-F967AC102A1D},2022-10-07
1086,3004,1,167829,3003,St. Bernard,Louisiana,22,087,22087,481.6, ,167829,56,3003,30025,080902030603,Bay Boudreau,0,LA,{00614C6F-EB2C-4130-B9FF-2FE0D60CADFA},080902030606,0.173769281,Yes,{39E54D47-54D3-4A57-9AF3-8CE73133487B},2022-10-07
1087,3005,1,168610,3004,Lafourche,Louisiana,22,057,22057,1190.9, ,168610,18,3004,43581,080903010301,Petit Lac Des Allemands-Bayou Des Allemands,0,LA,{33BF66BD-E890-46E6-93E9-BED4FD9D09C4},080903010312,0.353227519,Yes,{223E1CAB-52E0-4841-888F-9443B4844B11},2022-10-07
1088,3006,1,167848,3005,Plaquemines,Louisiana,22,075,22075,1039.8, ,167848,144,3005,39336,080902030702,Bayou Terre Aux Boeufs,0,LA,{695567AD-7F18-4897-B516-8286B6F310FC},080902030800,0.586413311,Yes,{94A67E66-A10E-4E5E-8AE4-350AFA30400F},2022-10-07
1089,3007,1,169871,3006,Terrebonne,Louisiana,22,109,22109,1481.1, ,169871,73,3006,33509,080903020302,Bayou Black-Intracoastal Waterway,0,LA,{967EC242-4869-4F43-9654-D42A4440C3E7},080903020305,0.379593342,Yes,{909E6771-4C3B-4B38-B5CE-0CA1318C6215},2022-10-07
1090,3008,1,168631,3007,Jefferson,Louisiana,22,051,22051,488.1, ,168631,40,3007,39610,080903010307,Westwego-Main Canal,0,LA,{13869046-E7FB-41F3-843C-826970BE9DB2},080903010310,0.529911942,Yes,{7A7D5905-DFB9-498F-8D6C-B673F2AD429A},2022-10-07
1091,3009,1,167770,3008,Ascension,Louisiana,22,005,22005,302.9, ,167770,11,3008,22943,080702040104,Bayou Pierre-Little Amite River,0,LA,{77E4B775-6F56-44BB-9169-A86F630491A6},080702040204,0.275441934,Yes,{146B80A2-795F-4BF8-950D-0BA5F639BB52},2022-10-07
1092,3012,1,168641,3011,Orleans,Louisiana,22,071,22071,349.7, ,168641,32,3011,23830,080903010309,Gretna-Intracoastal Waterway,0,LA,{083A1930-DFFD-430F-A1AC-1569FD8A5D64},080903010310,0.215492346,Yes,{F97287E7-B385-40C6-A2D4-9EBFD2B5D10A},2022-10-07
1093,3013,1,168610,3012,St. Charles,Louisiana,22,089,22089,409.9, ,168610,26,3012,43581,080903010301,Petit Lac Des Allemands-Bayou Des Allemands,0,LA,{33BF66BD-E890-46E6-93E9-BED4FD9D09C4},080903010312,0.353227519,Yes,{223E1CAB-52E0-4841-888F-9443B4844B11},2022-10-07
1094,3014,1,169031,3013,Assumption,Louisiana,22,007,22007,364.6, ,169031,34,3013,30917,080703000403,Logging Canal-Chopin Chute,0,LA,{EAD1A8D9-9709-4410-A9EA-85250922E121},080701000105,0.320990321,Yes,{96ECEEDC-F48F-4561-B954-1729B55147D5},2022-10-07
1095,3015,1,120171,3014,Bryan,Georgia,13,029,13029,448.2, ,120171,62,3014,23632,030602020502,Luke Swamp,0,GA,{D9180A14-970E-4DDC-AFA6-8F3D3D41F351},030602020503,0.203734711,Yes,{7B170639-B3B3-4163-895A-1885768A10F0},2022-10-07
1096,3016,1,120215,3015,Chatham,Georgia,13,051,13051,482.2, ,120215,42,3015,25565,030602020605,Morgans Bridge-Ogeechee River,0,GA,{149DD481-9715-476A-ACD3-BC379CA7451F},030602020606,0.307947995,Yes,{27F137EA-2DFC-45D6-955C-429245F65CC8},2022-10-07
1097,3017,1,69,3016,Baldwin,Alabama,01,003,01003,1654.5, ,69,201,3016,8968,031401060102,Fletcher Creek,0,AL,{A0F63025-2413-41DB-8CA5-3B2A7630CEDF},031401060103,0.195452712,Yes,{7E81C1A6-E1AD-40FB-A4E7-C4BCFBA5F954},2022-10-07
1098,3018,1,1228,3017,Walton,Florida,12,131,12131,1069.6, ,1228,157,3017,24506,031401030601,Fleming Creek-Pond Creek,0,"AL,FL",{CCDA5C2B-A905-4B0B-BA09-067DD0E7EC9A},031401030605,0.160454894,Yes,{E4A3B52A-6326-4E45-8A36-477B9304ECA0},2022-10-07
1099,3019,1,111074,3018,Nassau,Florida,12,089,12089,667.1, ,111074,99,3018,32830,030702040501,Baldwin Bay-Deep Creek,0,FL,{C8AA0196-98D5-4632-B1DB-0AC12F7C0099},030702040503,0.25079896,Yes,{8C9FC947-7D27-4F8E-9C56-859ABA778C61},2022-10-07
1100,3020,1,112752,3019,Leon,Florida,12,073,12073,701.1, ,112752,108,3019,19284,031200010202,Dry Creek,0,"FL,GA",{E8E317B7-FEB5-45BB-970B-738432CD3C5A},031200010203,0.21520764,Yes,{C09164F6-5DF9-4685-97E9-2BAF19E7723E},2022-10-07
1101,3021,1,112378,3020,Jefferson,Florida,12,065,12065,612.4, ,112378,94,3020,21920,031101030104,Cat Creek-Aucilla River,0,GA,{3E7F2A2C-8B17-4927-8A4E-1541EF2F27DB},031101030203,0.019892779,Yes,{918851A3-6154-41EC-8A70-7C70134B8769},2022-10-07
1102,3022,1,112687,3021,Madison,Florida,12,079,12079,715.8, ,112687,87,3021,24573,031101030202,Denmark Lake,0,"FL,GA",{2FD6DD53-07CB-4ABE-8954-239B80F2DD84},031101030204,0.182236666,Yes,{E140DC1B-A775-4EC6-840F-5CCB4290AC58},2022-10-07
1103,3023,1,111267,3022,Calhoun,Florida,12,013,12013,574.5, ,111267,81,3022,21297,031401010101,Compass Lake,0,FL,{80F7BB9E-B0F5-41AF-B554-850EB4B0DE0D},031401010102,0.277266635,Yes,{CAC08E2D-5CF9-482F-995E-441872E54BC3},2022-10-07
1104,3024,1,111236,3023,Liberty,Florida,12,077,12077,843.1, ,111236,145,3023,19288,031300130401,Thousand Yard Bay,0,FL,{A13D2708-06F7-4912-A60F-0BC8F140F252},031300130402,0.269739657,Yes,{2E1865EA-75FE-45C0-8D5B-316A4E1A7CE8},2022-10-07
1105,3025,1,111026,3024,Columbia,Florida,12,023,12023,800.8, ,111026,100,3024,39086,030702040101,Ocean Pond,0,FL,{0AD9D08C-873A-446C-8399-97B8EBB082AF},030702040102,0.30255315,Yes,{FC28A993-93C7-4F87-83BA-C6B3AC5EEE27},2022-10-07
1106,3026,1,111026,3025,Baker,Florida,12,003,12003,588.8, ,111026,98,3025,39086,030702040101,Ocean Pond,0,FL,{0AD9D08C-873A-446C-8399-97B8EBB082AF},030702040102,0.30255315,Yes,{FC28A993-93C7-4F87-83BA-C6B3AC5EEE27},2022-10-07
1107,3027,1,111074,3026,Duval,Florida,12,031,12031,847.9, ,111074,49,3026,32830,030702040501,Baldwin Bay-Deep Creek,0,FL,{C8AA0196-98D5-4632-B1DB-0AC12F7C0099},030702040503,0.25079896,Yes,{8C9FC947-7D27-4F8E-9C56-859ABA778C61},2022-10-07
1108,3028,1,111267,3027,Bay,Florida,12,005,12005,778.2, ,111267,102,3027,21297,031401010101,Compass Lake,0,FL,{80F7BB9E-B0F5-41AF-B554-850EB4B0DE0D},031401010102,0.277266635,Yes,{CAC08E2D-5CF9-482F-995E-441872E54BC3},2022-10-07
1109,3029,1,115298,3028,Wakulla,Florida,12,129,12129,617.4, ,115298,104,3028,16293,031200010504,Hamlin Branch,0,FL,{AFC0C71D-CFBB-48EC-AF6C-981D52934EA8},031200011001,0.187602282,Yes,{84CF3550-F3DE-4467-93B8-D2F3E3650699},2022-10-07
1110,3030,1,112806,3029,Volusia,Florida,12,127,12127,1208.7, ,112806,125,3029,32351,030801010901,Clark Lake,0,FL,{776A033B-F496-4E5B-BB08-378C52A0F412},030801010902,0.27417019,Yes,{5FF4A4C6-EF9A-4FAF-A7E6-4EB26635EDCB},2022-10-07
1111,3031,1,111265,3030,Gulf,Florida,12,045,12045,569.4, ,111265,72,3030,106247,031300140201,Apalachicola Bay,0,FL,{7F30DDC1-D52D-4D3F-800A-33D5AF025528},OCEAN,0.715982499,Yes,{E277299A-BA7E-4BC6-9337-82D2556AD2C0},2022-10-07
1112,3032,1,111234,3031,Franklin,Florida,12,037,12037,554.4, ,111234,73,3031,19288,031300130401,Thousand Yard Bay,0,FL,{A13D2708-06F7-4912-A60F-0BC8F140F252},031300130402,0.17597751,Yes,{939B023D-1F70-4D55-9D6B-FC762D0A21E6},2022-10-07
1113,3033,1,363,3032,Barbour,Alabama,01,005,01005,904.5, ,363,129,3032,19917,031402010101,Headwaters East Fork Choctawatchee River,0,AL,{928D700A-E635-42C1-B196-FFC15F0F3BCA},031402010103,0.222869987,Yes,{EE6F0CF8-2191-4FCB-BB90-EF0E4862C05B},2022-10-07
1114,3034,1,1,3033,Covington,Alabama,01,039,01039,1043.9, ,1,157,3033,12663,031401030101,Pond Creek,0,AL,{B1EF0C55-72ED-4FF6-A3BA-97A87C6A6C47},031401030102,0.154643799,Yes,{B44A841D-D5B3-4B93-B2C7-C59854E0C441},2022-10-07
1115,3035,1,1653,3034,Early,Georgia,13,099,13099,516.6, ,1653,132,3034,8622,031300040501,Brickyard Creek-Chattahoochee River,0,"AL,GA",{44E958AF-D3DA-4BCE-8D0C-866F0F9724D4},031300040504,0.144228546,Yes,{FF90466F-9408-497D-B01B-CC4F7FC6F7F0},2022-10-07
1116,3036,1,116721,3035,Baker,Georgia,13,007,13007,349.1, ,116721,52,3035,23747,031300080106,Miller Springs-Flint River,0,GA,{4D983198-F731-43DF-8010-935E578E2E7D},031300080107,0.221639804,Yes,{867A891A-8B2F-49CE-A9E8-D580707E844A},2022-10-07
1117,3037,1,398,3036,Houston,Alabama,01,069,01069,581.6, ,398,108,3036,10820,031402010206,Dunham Creek,0,AL,{408E5BBE-5288-422D-A0E5-2D6AFBEAE143},031402010207,0.167013123,Yes,{0629DAC1-47B0-42E5-AD30-80D298EAAE45},2022-10-07
1118,3038,0,1249,3037,Escambia,Florida,12,033,12033,668.1, ,1249,85,3037,14036,031401060103,Hurricane Creek-Perdido River,0,"AL,FL",{1410A508-79C9-4027-892F-CE705F9B4B06},031401060104,0.15750795,Yes,{92D55569-BB86-45FE-AB16-34B810BD83BF},2022-10-07
1119,3039,1,53,3038,Escambia,Alabama,01,053,01053,953, ,53,181,3038,15976,031401040101,Panther Creek,0,AL,{4FF3179E-9187-4E2E-B538-DCDC20FBA83E},031401040103,0.196627497,Yes,{08B8F79F-A140-4448-8728-D38D8515DADC},2022-10-07
1120,3040,1,1228,3039,Okaloosa,Florida,12,091,12091,939.5, ,1228,148,3039,24506,031401030601,Fleming Creek-Pond Creek,0,"AL,FL",{CCDA5C2B-A905-4B0B-BA09-067DD0E7EC9A},031401030605,0.160454894,Yes,{E4A3B52A-6326-4E45-8A36-477B9304ECA0},2022-10-07
1121,3041,1,1547,3040,Santa Rosa,Florida,12,113,12113,1025.4, ,1547,119,3040,32694,031403040506,Lindsey Creek,0,"AL,FL",{957E7C4A-BE25-4A31-B4B7-926ACE4481D8},031403040605,0.235188728,Yes,{9CA8FA57-DBA2-4EBA-A96D-1012C3CC9E62},2022-10-07
1122,3042,1,7,3041,Crenshaw,Alabama,01,041,01041,610.9, ,7,72,3041,37030,031401030102,Lightwood Knot Creek,0,AL,{F0D9874D-52BA-4FDC-A5E6-E259B627764D},031401030103,0.303106653,Yes,{9A8EB812-0643-46D7-AA3F-D177213C0B8E},2022-10-07
1123,3043,1,1428,3042,Butler,Alabama,01,013,01013,777.9, ,1428,68,3042,20215,031403020502,Honey Creek-Piney Woods Creek,0,AL,{439A6CC6-FD9A-40C3-8BEB-452E1121625A},031403020504,0.211254312,Yes,{0C2B59AD-984E-4867-BBE3-967682B108B4},2022-10-07
1124,3044,1,1472,3043,Monroe,Alabama,01,099,01099,1034.1, ,1472,122,3043,30830,031403030301,West Sepulga River,0,AL,{9B6513F8-D2E1-4CAC-9B44-44D481BE2B56},031403030304,0.283798535,Yes,{815FE457-9504-4723-BAD2-54B3474A9537},2022-10-07
1125,3045,1,1368,3044,Conecuh,Alabama,01,035,01035,852.9, ,1368,139,3044,42635,031403010503,Teel Creek,0,AL,{FF5047BF-C913-43B2-8D8B-5832191CBFD9},031403040101,0.331902745,Yes,{2D45D80D-C0D4-4811-8E2D-68E6A48EAFE0},2022-10-07
1126,3046,1,909,3045,Pike,Alabama,01,109,01109,672.1, ,909,75,3045,16059,031402020206,Double Creek,0,AL,{6E7B7685-FD16-4521-860C-D5106CC003A2},031402020207,0.187738155,Yes,{4EBBB46F-C4AA-41C8-9275-3622902AE6B4},2022-10-07
1127,3047,1,1633,3046,Quitman,Georgia,13,239,13239,160.5, ,1633,36,3046,30928,031300030905,Cool Branch-Chattahoochee River,0,"AL,GA",{5586363E-4D1E-4DFB-A55E-F674DF639E49},031300031302,0.178141111,Yes,{7584B619-38C7-43CE-B1DD-107F9E9DE55D},2022-10-07
1128,3048,1,117039,3047,Terrell,Georgia,13,273,13273,337.8, ,117039,75,3047,12438,031300080301,Upper Cooleewahee Creek,0,GA,{034EFD5F-29DE-4504-BF9E-68984D2AA737},031300080303,0.159694294,Yes,{028CEF84-1367-418B-B40D-EBA81822F6BE},2022-10-07
1129,3049,1,117469,3048,Randolph,Georgia,13,243,13243,431, ,117469,82,3048,14078,031300090101,West Fork Ichawaynochaway Creek,0,GA,{477F3E17-1535-4BD7-A2D4-6BA41662A055},031300090102,0.190941338,Yes,{C7F9CB3E-43E9-40A6-8C6A-3AC78234C1FB},2022-10-07
1130,3050,1,369,3049,Henry,Alabama,01,067,01067,568.3, ,369,91,3049,20988,031402010103,Hamm Creek-Beaver Creek,0,AL,{8581DD0C-0126-477D-8EE3-F7D3E1979757},031402010104,0.210800715,Yes,{7914B386-400B-4071-94B1-61DD4239A6B6},2022-10-07
1131,3051,1,1640,3050,Clay,Georgia,13,061,13061,216.6, ,1640,46,3050,28722,031300031313,Drag Nasty Creek-Chattahoochee River,0,"AL,GA",{7C8968AA-BD1D-416E-BA6C-1245DC73CF18},031300031600,0.275545992,Yes,{6D19A6A8-6652-4EDB-B1D2-AFA697E1C5E4},2022-10-07
1132,3052,1,117501,3051,Calhoun,Georgia,13,037,13037,283.8, ,117501,49,3051,18670,031300090303,Falling Creek,0,GA,{21831178-C503-4AAE-813A-70C327369E85},031300090304,0.264131205,Yes,{156D33B6-6B6A-48E7-866C-244DCA76C1A5},2022-10-07
1133,3053,1,2,3052,Coffee,Alabama,01,031,01031,680.5, ,2,131,3052,12663,031401030101,Pond Creek,0,AL,{B1EF0C55-72ED-4FF6-A3BA-97A87C6A6C47},031401030102,0.163666279,Yes,{DE055AE3-AA80-41EE-91BC-8F89562C1062},2022-10-07
1134,3054,1,379,3053,Dale,Alabama,01,045,01045,562.7, ,379,84,3053,22479,031402010201,Jack Creek,0,AL,{A4521D0D-5D75-482F-B18F-8A0FB7CA9848},031402010203,0.226794398,Yes,{727DBEE7-8D19-4CA9-95BA-A743D7BE3582},2022-10-07
1135,3055,1,117101,3054,Miller,Georgia,13,201,13201,283.6, ,117101,74,3054,40519,031300080701,Davis Pond-Flint River,0,GA,{A62C0587-7ACB-4028-A0A2-813560033532},031300080702,0.407427441,Yes,{6B12A2F1-188F-4604-A416-41840C162A17},2022-10-07
1136,3056,1,453,3055,Geneva,Alabama,01,061,01061,578.9, ,453,118,3055,25501,031402010501,Newton Creek,0,AL,{4C972938-C98E-4266-9013-367447E6D01C},031402010503,0.268217732,Yes,{EC2F0AC6-EEF3-45FB-8DFA-00DB3D87E364},2022-10-07
1137,3057,1,112785,3056,Decatur,Georgia,13,087,13087,623.2, ,112785,94,3056,23992,031300040806,West Lake Seminole,0,"FL,GA",{3F986D28-044F-4683-A324-A5F9DFCCBAE0},031300110201,0.150587559,Yes,{CF9E9ADC-CA04-414F-A606-2FE89C0AAD17},2022-10-07
1138,3058,1,111023,3057,Seminole,Georgia,13,253,13253,256.5, ,111023,60,3057,34216,031300040801,Irwin Mill Creek-Chattahoochee River,0,"AL,FL,GA",{92800DE6-75F4-454B-A99A-D4EB110A7C6C},031300040803,0.161587502,Yes,{9B6875B4-E40D-4F54-AAD2-36ADA1BA1551},2022-10-07
1139,3059,1,1213,3058,Jackson,Florida,12,063,12063,954.6, ,1213,145,3058,23775,031300120105,Spring Creek-Marshall Creek,0,"AL,FL",{10B8480D-6C43-4945-ACEF-21831DC5FE34},031300120106,0.190060445,Yes,{A0949AE8-7B60-4A79-941F-63DDF0C30A61},2022-10-07
1140,3060,1,1535,3059,Holmes,Florida,12,059,12059,488.7, ,1535,80,3059,34561,031402030105,East Pittman Creek-Choctawhatchee River,0,"AL,FL",{92E126F5-B1FB-4E5A-864A-AD7591F7AC78},031402030302,0.209035454,Yes,{96AA1E8C-B0F4-47D0-AFEE-F9DB6A42CDEF},2022-10-07
1141,3061,1,111267,3060,Washington,Florida,12,133,12133,616.4, ,111267,98,3060,21297,031401010101,Compass Lake,0,FL,{80F7BB9E-B0F5-41AF-B554-850EB4B0DE0D},031401010102,0.277266635,Yes,{CAC08E2D-5CF9-482F-995E-441872E54BC3},2022-10-07
1142,3062,0,112756,3061,Gadsden,Florida,12,039,12039,528.6, ,112756,109,3061,10956,031200030101,Bryants Mill Creek,0,"FL,GA",{0CB385F1-8854-4818-8CF8-DB2E8096DF11},031200030103,0.021282428,Yes,{86ED05A6-C9FB-41AB-9B0E-44FCA1376EF6},2022-10-07
1143,3063,1,116782,3062,Telfair,Georgia,13,271,13271,444.1, ,116782,49,3062,57254,030701040602,House Creek,0,GA,{CBF01099-941D-48B7-853D-8276C74287FB},030701040803,0.541371827,Yes,{0C469051-5437-421E-9DFD-0AD33A7C77C1},2022-10-07
1144,3064,1,116749,3063,Wilcox,Georgia,13,315,13315,383.3, ,116749,44,3063,51423,030701040501,Bluff Creek,0,GA,{14B05693-476B-470F-8F17-CA0D589CE357},030701040503,0.345588603,Yes,{2DE636F2-C3C6-4387-AEA2-8EA9BC61E66E},2022-10-07
1145,3065,1,116814,3064,Jeff Davis,Georgia,13,161,13161,335.5, ,116814,51,3064,58846,030701040804,Gregeory Creek-Ocmulgee River,0,GA,{6505F355-D2F5-4F5B-B23D-28B9D65EDB67},030701040805,0.376460396,Yes,{50D877D1-4042-4055-A90E-A4BF8EE0401A},2022-10-07
1146,3066,1,118011,3065,Berrien,Georgia,13,019,13019,457.8, ,118011,66,3065,29200,031102020402,Mill Creek-Alapaha River,0,GA,{1C603E63-8AB7-47AE-ABFC-755CB776C093},031102020403,0.338604741,Yes,{45C90583-95F7-4271-9C32-659E39FDC691},2022-10-07
1147,3067,1,112647,3066,Ware,Georgia,13,299,13299,906.7, ,112647,72,3066,36760,030702040303,Moccasin Swamp-Moccasin Creek,0,"FL,GA",{2CC8197B-097A-4467-9D27-B1A25AFAB7E4},030702040304,0.163192855,Yes,{CE3A2A2E-3DC8-4310-8E07-44C08D864740},2022-10-07
1148,3068,1,116986,3067,Glynn,Georgia,13,127,13127,449.4, ,116986,36,3067,42761,030701060501,Alex Creek-Altamaha River,0,GA,{AAAD92F8-23CB-4733-9C06-A2C9C0DDA3E8},030701060502,0.285936547,Yes,{E9AB2FF6-911D-447B-824E-5E58CE912D91},2022-10-07
1149,3069,1,116709,3068,Mitchell,Georgia,13,205,13205,513.9, ,116709,81,3068,12559,031300080103,Upper Dry Creek,0,GA,{E0D6C86A-7FA2-41A9-B0A2-CE3F4BA2B573},031300080105,0.174144685,Yes,{B0B5EDAA-9CD2-41BE-8FBA-7901C11EC7DD},2022-10-07
1150,3070,1,116969,3069,Brantley,Georgia,13,025,13025,447.8, ,116969,38,3069,106285,030701060402,Penholoway Creek,0,GA,{C673261C-C7F6-4FC7-B51D-CE5ACBDB6384},030701060405,0.57416285,Yes,{95CE77CE-78D6-42BB-8D2C-3F7E0E678C48},2022-10-07
1151,3071,1,118135,3070,Cook,Georgia,13,075,13075,233.2, ,118135,41,3070,17737,031102030202,Middle New River,0,GA,{B1E454E1-96BC-43A0-83D5-E681BB9E56F1},031102030204,0.184485582,Yes,{E6C06C9A-24CE-4178-84DC-C9AB70DA6BA8},2022-10-07
1152,3072,1,116730,3071,Colquitt,Georgia,13,071,13071,556.6, ,116730,100,3071,13596,031300080201,Upper Racoon Creek,0,GA,{A9B2067F-92E5-4B0A-9D32-6C0754729DF4},031300080203,0.169352591,Yes,{66EA0F49-4AE4-45D5-B262-D773F246DEA2},2022-10-07
1153,3073,1,112700,3072,Clinch,Georgia,13,065,13065,824.5, ,112700,70,3072,34383,031102010401,Breakfast Branch-Okefenokee Swamp,0,"FL,GA",{E9A03AE1-003A-4856-B2A0-486DC9CD5559},031102010402,0.320125365,Yes,{FDDE1157-D85D-46F2-8F7D-4D813A6238F8},2022-10-07
1154,3074,1,112702,3073,Hamilton,Florida,12,047,12047,519.3, ,112702,81,3073,39840,031102010502,Lower Toms Creek,0,"FL,GA",{8AE1ECB1-FCF0-4659-A554-E5DC5A76B475},031102010505,0.019088476,Yes,{19C68D5E-9492-4A39-BEFE-73D42AE356E7},2022-10-07
1155,3075,1,117707,3074,Lanier,Georgia,13,173,13173,199.9, ,117707,42,3074,57775,031102010301,Arabia Swamp,0,GA,{697EDB06-D1B1-4111-B72C-05903327B9C2},031102010302,0.359562999,Yes,{E59CF949-9105-4A02-8765-4439363E1627},2022-10-07
1156,3076,1,112754,3075,Grady,Georgia,13,131,13131,460.3, ,112754,89,3075,19284,031200010202,Dry Creek,0,"FL,GA",{E8E317B7-FEB5-45BB-970B-738432CD3C5A},031200010203,0.10135775,Yes,{9831409F-753F-4442-9D74-E5E4599DA3B0},2022-10-07
1157,3077,1,112378,3076,Thomas,Georgia,13,275,13275,552.1, ,112378,91,3076,21920,031101030104,Cat Creek-Aucilla River,0,GA,{3E7F2A2C-8B17-4927-8A4E-1541EF2F27DB},031101030203,0.019892779,Yes,{918851A3-6154-41EC-8A70-7C70134B8769},2022-10-07
1158,3078,1,112378,3077,Brooks,Georgia,13,027,13027,497.8, ,112378,75,3077,21920,031101030104,Cat Creek-Aucilla River,0,GA,{3E7F2A2C-8B17-4927-8A4E-1541EF2F27DB},031101030203,0.019892779,Yes,{918851A3-6154-41EC-8A70-7C70134B8769},2022-10-07
1159,3079,1,112717,3078,Lowndes,Georgia,13,185,13185,510.6, ,112717,69,3078,40530,031102021003,Alapahoochee River,0,"FL,GA",{FC417983-2064-403F-ADD4-68DEFE706A2A},031102021208,0.117261419,Yes,{ACF57A42-A811-47BA-A9E7-587D4B5C5C7F},2022-10-07
1160,3080,1,112702,3079,Echols,Georgia,13,101,13101,420.8, ,112702,73,3079,39840,031102010502,Lower Toms Creek,0,"FL,GA",{8AE1ECB1-FCF0-4659-A554-E5DC5A76B475},031102010505,0.019088476,Yes,{19C68D5E-9492-4A39-BEFE-73D42AE356E7},2022-10-07
1161,3081,1,116709,3080,Worth,Georgia,13,321,13321,574.5, ,116709,120,3080,12559,031300080103,Upper Dry Creek,0,GA,{E0D6C86A-7FA2-41A9-B0A2-CE3F4BA2B573},031300080105,0.174144685,Yes,{B0B5EDAA-9CD2-41BE-8FBA-7901C11EC7DD},2022-10-07
1162,3082,1,117747,3081,Turner,Georgia,13,287,13287,289.8, ,117747,52,3081,21631,031102020104,Young Creek-Alapaha River,0,GA,{6B44CE84-9BE6-411E-8317-6475A3FB2162},031102020106,0.206315368,Yes,{F0387677-D690-4A29-8A0F-EA64CAEAC7CE},2022-10-07
1163,3083,1,116777,3082,Ben Hill,Georgia,13,017,13017,254, ,116777,42,3082,25114,030701040601,South Prong House Creek,0,GA,{31477E48-9132-4ABF-9109-BF5178DDE160},030701040602,0.254407605,Yes,{B49FF11A-9291-464D-AF5E-ACCFA79A7FFC},2022-10-07
1164,3084,1,116813,3083,Coffee,Georgia,13,069,13069,602.9, ,116813,84,3083,58846,030701040804,Gregeory Creek-Ocmulgee River,0,GA,{6505F355-D2F5-4F5B-B23D-28B9D65EDB67},030701040805,0.340609933,Yes,{F4604504-2F3D-4258-9DDE-FAC3B6784988},2022-10-07
1165,3085,1,116777,3084,Irwin,Georgia,13,155,13155,362.8, ,116777,64,3084,25114,030701040601,South Prong House Creek,0,GA,{31477E48-9132-4ABF-9109-BF5178DDE160},030701040602,0.254407605,Yes,{B49FF11A-9291-464D-AF5E-ACCFA79A7FFC},2022-10-07
1166,3086,1,116709,3085,Dougherty,Georgia,13,095,13095,334.7, ,116709,60,3085,12559,031300080103,Upper Dry Creek,0,GA,{E0D6C86A-7FA2-41A9-B0A2-CE3F4BA2B573},031300080105,0.174144685,Yes,{B0B5EDAA-9CD2-41BE-8FBA-7901C11EC7DD},2022-10-07
1167,3087,1,117995,3086,Tift,Georgia,13,277,13277,268.8, ,117995,54,3086,23891,031102020303,Upper Hat Creek,0,GA,{A74ED4DD-0B56-488D-AD6E-93FAEFA1918E},031102020304,0.216945364,Yes,{16C8D0EC-146A-4D39-A8FE-C6DF4A0BF1D5},2022-10-07
1168,3088,1,117226,3087,Atkinson,Georgia,13,003,13003,343.5, ,117226,46,3087,22497,030702010104,Little Creek-Satilla River,0,GA,{F6A4848C-4E69-4C93-AD65-2C38A88C5980},030702010201,0.220018644,Yes,{86DFA2CC-7533-4767-8F38-5D4A19F7D37D},2022-10-07
1169,3089,1,117735,3088,Crisp,Georgia,13,081,13081,281.1, ,117735,57,3088,26521,031102020101,Headwaters Alapaha River,0,GA,{15E29606-91E0-4180-A530-91307A390214},031102020102,0.229705058,Yes,{C9514803-544F-43BB-B7DF-46C1E3ACA0A5},2022-10-07
1170,3090,1,117039,3089,Lee,Georgia,13,177,13177,361.8, ,117039,74,3089,12438,031300080301,Upper Cooleewahee Creek,0,GA,{034EFD5F-29DE-4504-BF9E-68984D2AA737},031300080303,0.159694294,Yes,{028CEF84-1367-418B-B40D-EBA81822F6BE},2022-10-07
1171,3091,1,116980,3090,Liberty,Georgia,13,179,13179,538.7, ,116980,56,3090,108271,030701060404,Lower Doctors Creek,0,GA,{104143F6-2FA6-4BB1-B201-A82E3B0CDF1C},030701060405,0.72754991,Yes,{C881C657-7B3E-4AB3-B394-9196D9D0D638},2022-10-07
1172,3092,1,116942,3091,Long,Georgia,13,183,13183,403.9, ,116942,41,3091,26952,030701060303,Upper Beards Creek,0,GA,{64D5AFE0-9480-4162-9C8E-3E1575B1D648},030701060305,0.223916075,Yes,{1C23659B-C15A-4ACE-B96C-35D195149F5C},2022-10-07
1173,3093,1,116901,3092,Appling,Georgia,13,001,13001,512.4, ,116901,66,3092,26474,030701060103,Bullards Creek,0,GA,{0923F883-297C-4976-AA49-E4526F925D1D},030701060106,0.23582866,Yes,{A2567836-0914-48E1-9C24-5744161F97E6},2022-10-07
1174,3094,1,116934,3093,Wayne,Georgia,13,305,13305,648.2, ,116934,59,3093,15169,030701060301,Fivemile Creek,0,GA,{7CA1EEDA-8E57-4E83-A753-41428B124ADB},030701060308,0.227770564,Yes,{6A12C09B-5440-4BA2-A1B7-5539816B5CC2},2022-10-07
1175,3095,1,117301,3094,Bacon,Georgia,13,005,13005,285.9, ,117301,43,3094,31925,030702010602,Upper Hog Creek,0,GA,{07D502A3-3345-479A-8A08-3CBF36FAB2D7},030702010603,0.332005555,Yes,{EE9BA22D-FD00-40B4-9545-1BC98A7F77C4},2022-10-07
1176,3096,1,116978,3095,McIntosh,Georgia,13,191,13191,456.2, ,116978,38,3095,108271,030701060404,Lower Doctors Creek,0,GA,{104143F6-2FA6-4BB1-B201-A82E3B0CDF1C},030701060405,0.59859285,Yes,{FEB2134D-CDDC-4E6F-8EB1-25F143E17F70},2022-10-07
1177,3097,1,117324,3096,Pierce,Georgia,13,229,13229,343.7, ,117324,37,3096,55803,030702010703,Kettle Creek-Satilla River,0,GA,{B1F2C750-EA12-4D88-B9AB-C4212CE2160B},030702010705,0.384761944,Yes,{010F565A-244D-4AF7-824D-38D8C835452A},2022-10-07
1178,3098,1,112669,3097,Camden,Georgia,13,039,13039,661.7, ,112669,62,3097,40154,030702040901,Hampton Lake,0,"FL,GA",{E46ED7C6-82CB-4708-9AB9-146698F76BFE},030702040902,0.489920606,Yes,{500DA809-421B-41A8-9C96-74749118E5E9},2022-10-07
1179,3099,1,111073,3098,Charlton,Georgia,13,049,13049,782.5, ,111073,83,3098,15685,030702040405,030702040405,0,FL,{B1C38107-79ED-46EB-8889-717F3D2A2E64}, ,0.173093192,Yes,{14D7EFE0-CE34-4C9E-966E-D56A67387857},2022-10-07
1180,3100,1,113412,3099,Alachua,Florida,12,001,12001,969, ,113412,108,3099,84741,030801020900,Johnson Lake,0,FL,{01D92268-C3C0-4085-92D3-6A3F228EB241},CLOSED BASIN,0.501117084,Yes,{6C2C9037-BBCE-4F2F-BB3A-C9C2A2FEB926},2022-10-07
1181,3101,1,113135,3100,Putnam,Florida,12,107,12107,827.1, ,113135,102,3100,19360,030801011901,Lake Delancy,0,FL,{7F070594-4201-48BF-BF56-AD17960FC382},CLOSED BASIN,0.203816068,Yes,{B3712F15-DF1A-4F6E-A924-89F54388D6E5},2022-10-07
1182,3102,1,114308,3101,Dixie,Florida,12,029,12029,712.3, ,114308,77,3101,48082,031101020604,Mud Creek-Steinhatchee River,0,FL,{79B0990E-F73C-41F4-858F-5791C5714678},031101020605,0.277035598,Yes,{141C546B-B154-4E51-B124-0EEB5030A2E4},2022-10-07
1183,3103,1,113506,3102,Flagler,Florida,12,035,12035,507.9, ,113506,55,3102,40382,030801030102,Lake Diston,0,FL,{8F2642A5-4A14-4441-96CB-AA8CA2677F64},030801030205,0.372024952,Yes,{C953A842-76C0-4F96-8B84-BC01EB728E03},2022-10-07
1184,3104,1,113382,3103,Levy,Florida,12,075,12075,1132.4, ,113382,124,3103,157490,030801020700,Lake Stafford,0,FL,{40D9B216-A770-4171-A8E1-1BEE98073C7C},CLOSED BASIN,0.756780976,Yes,{BF22DF4F-A083-4FD0-972B-1FBDD8A48B64},2022-10-07
1185,3105,1,113070,3104,Marion,Florida,12,083,12083,1663, ,113070,148,3104,18563,030801011501,Lake Dorr,0,FL,{9BDD9731-A6F3-499D-9B3D-7823CF9742E5},030801011502,0.194936994,Yes,{FF3A7083-BF72-4410-B6EF-BEF5DE7AB2B1},2022-10-07
1186,3106,1,113608,3105,Citrus,Florida,12,017,12017,619, ,113608,72,3105,29935,031002070101,Little Rocky Creek-Cedar Creek Frontal,0,FL,{0699B1AB-8D64-4F9C-946B-C7D4958B23E6},OCEAN,0.186029718,Yes,{DD04AE21-BF6E-4D30-8C88-47A23276993F},2022-10-07
1187,3107,1,112733,3106,Suwannee,Florida,12,121,12121,692.1, ,112733,97,3106,22150,031102021208,Sasser Landing Cemetary-Alapaha River,0,"FL,GA",{95B8812A-46CE-497A-A8B9-143F40C53BDD},031102020905,0.289664997,Yes,{578F0D27-BF30-439C-909F-4342ACF80EBE},2022-10-07
1188,3108,1,114212,3107,Taylor,Florida,12,123,12123,1049.7, ,114212,117,3107,31922,031101020101,Sampala Lake,0,FL,{CDE1F0C3-C794-437F-8616-7A776CE81550},031101020102,0.281375285,Yes,{280A52F2-6F98-4107-A7E9-4E0FB88B150B},2022-10-07
1189,3109,1,114231,3108,Lafayette,Florida,12,067,12067,547.9, ,114231,74,3108,19799,031101020201,San Pedro Bay,0,FL,{5C34E342-DBB6-452E-9324-9888DA8D4ED5},031101020202,0.189303535,Yes,{7660224E-1361-48F9-8F33-C5DCD4DF553F},2022-10-07
1190,3110,1,114008,3109,Gilchrist,Florida,12,041,12041,355.5, ,114008,49,3109,65461,031101010100,Newberry Drain,0,FL,{E71B120A-B793-4867-BB7E-26723B25EB9B},CLOSED BASIN,0.480025723,Yes,{B3131BD7-8572-4C1E-B77D-4D8D3DE36759},2022-10-07
1191,3111,1,113540,3110,St. Johns,Florida,12,109,12109,660.6, ,113540,78,3110,43365,030801030303,Salt Creek,0,FL,{58870A1B-16BF-4EDD-B0DE-5920081BC874},030801030304,0.620684666,Yes,{AC544EBE-F74C-4348-BA41-E8970BE0FBCF},2022-10-07
1192,3112,1,113867,3111,Clay,Florida,12,019,12019,643.7, ,113867,81,3111,28692,030801030501,Levys Prairie,0,FL,{A0840374-8FD5-46C3-9C2E-24BB9025FE60},030801030502,0.247661186,Yes,{9C22F3B2-FB6C-401D-A328-48C8AD699876},2022-10-07
1193,3113,1,111054,3112,Union,Florida,12,125,12125,249.7, ,111054,42,3112,30030,030702040401,Palestine Lake,0,FL,{6A20F199-87A6-4DB3-B224-C04B668844A3},030702040402,0.285756259,Yes,{E87B0FE6-C5BE-4339-A1BA-473ACE226A30},2022-10-07
1194,3114,1,113868,3113,Bradford,Florida,12,007,12007,300, ,113868,51,3113,30111,030801030502,Lake Geneva,0,FL,{360364AA-DF1E-4719-96CD-ABFEE95195F9},030801030503,0.309435806,Yes,{960173C6-7B3A-4AC7-9276-8B213DA3D9A2},2022-10-07
1195,3115,0,113318,3114,Sumter,Florida,12,119,12119,580.3, ,113318,69,3114,43538,030801020203,Lake Harris,0,FL,{3AB47037-1CC4-46F1-BC29-56914B37F692},030801020402,0.455991922,Yes,{F06AED87-53CE-489C-9E27-2B38F19EF693},2022-10-07
1196,3116,1,111307,3115,Okeechobee,Florida,12,093,12093,891.7, ,111307,78,3115,29457,030901011501,North Fork of Pine Island Slough,0,FL,{96ECD108-E3BF-4F6F-B764-84F20A455C66},030901011503,0.229031219,Yes,{14872DB5-C526-4B14-9F02-69ADB46C79AD},2022-10-07
1197,3117,1,111144,3116,Sarasota,Florida,12,115,12115,579.2, ,111144,65,3116,26351,031001011106,Lower Shell Creek,0,FL,{BEBE78EE-ECDC-47FA-9B0E-5E7F0D5B56E2},031001011108,0.340545702,Yes,{0C785899-4240-491A-8DF1-C5EDC78CDABB},2022-10-07
1198,3118,1,112812,3117,Seminole,Florida,12,117,12117,344.7, ,112812,31,3117,35282,030801010902,Ruth Lake,0,FL,{76B6B339-393D-4AC6-8537-A7708FEB4CA0},030801010905,0.296364875,Yes,{936CE54B-9D8F-4307-8B9A-75AB8E5C6AD1},2022-10-07
1199,3119,1,112983,3118,Pasco,Florida,12,101,12101,765.2, ,112983,91,3118,12774,031002050201,Hillsborough River Drain,0,FL,{76E82A27-2F79-47BF-8E4C-1656D1B8851B},031002050202,0.187323683,Yes,{048D7BD5-E1A8-454F-8686-DD9AEA471B87},2022-10-07
1200,3120,1,111082,3119,Polk,Florida,12,105,12105,2010, ,111082,245,3119,31831,030901010905,Cypress Lake,0,FL,{19C59637-8FF9-4BFD-AF55-38EFF87ED2BE},030901011302,0.270382752,Yes,{F85B5559-A2E3-4418-8C6B-C5B107F64404},2022-10-07
1201,3121,1,111082,3120,Osceola,Florida,12,097,12097,1506.2, ,111082,178,3120,31831,030901010905,Cypress Lake,0,FL,{19C59637-8FF9-4BFD-AF55-38EFF87ED2BE},030901011302,0.270382752,Yes,{F85B5559-A2E3-4418-8C6B-C5B107F64404},2022-10-07
1202,3122,1,113226,3121,Pinellas,Florida,12,103,12103,291, ,113226,4,3121,25641,031002060101,Brooker Creek,0,FL,{DBC3A8C3-DA79-48EF-B2BA-3A0A01A6B0BF},031002060102,0.229974643,Yes,{818705E6-75B1-4A1B-A710-9E7EEE4FC87F},2022-10-07
1203,3123,1,111605,3122,Hillsborough,Florida,12,057,12057,1072.8, ,111605,135,3122,21843,031002020101,North Fork of the Manatee River,0,FL,{EEA3C20B-028D-4322-97DD-2BAF3C6CBC9C},031002020103,0.310037385,Yes,{2FE074BB-7A02-4A55-ADC3-222BF23CC419},2022-10-07
1204,3124,1,111130,3123,Highlands,Florida,12,055,12055,1106.4, ,111130,141,3123,34251,030901011303,030901011303,0,FL,{60E4F05B-311D-4196-BF1B-205B75840C96}, ,0.361961008,Yes,{B4FDEA44-0A73-4C77-8925-554FB3F88169},2022-10-07
1205,3125,1,111144,3124,DeSoto,Florida,12,027,12027,639.4, ,111144,95,3124,26351,031001011106,Lower Shell Creek,0,FL,{BEBE78EE-ECDC-47FA-9B0E-5E7F0D5B56E2},031001011108,0.340545702,Yes,{0C785899-4240-491A-8DF1-C5EDC78CDABB},2022-10-07
1206,3126,1,112465,3125,Orange,Florida,12,095,12095,1004.4, ,112465,78,3125,28037,030801010705,Taylor Creek-St. Johns River,0,FL,{205755F3-35CC-4FE4-A76E-DC00118271F6},030801010707,0.395327345,Yes,{8529D413-C0F8-49B2-A6BD-62213CD36D26},2022-10-07
1207,3127,1,113628,3126,Hernando,Florida,12,053,12053,488.2, ,113628,65,3126,18019,031002070202,Sand Point Pond,0,FL,{5A65080A-6743-421C-93C0-D38FFF3AB2DC},CLOSED BASIN,0.297762831,Yes,{C1383E6A-FCAA-4A0F-A5CD-DB3EED8D5A2E},2022-10-07
1208,3128,1,111157,3127,Hardee,Florida,12,049,12049,638.3, ,111157,102,3127,18315,031001020101,Wingate Creek,0,FL,{53AE854B-708D-469A-942C-1E2FD8A795D4},031001020104,0.169638897,Yes,{9ECCFD67-0981-44BA-8E58-FDCDB238FC04},2022-10-07
1209,3129,1,111154,3128,Manatee,Florida,12,081,12081,761.9, ,111154,106,3128,18315,031001020101,Wingate Creek,0,FL,{53AE854B-708D-469A-942C-1E2FD8A795D4},031001020104,0.225364065,Yes,{175496BB-8424-41EB-A114-0A0829BC8255},2022-10-07
1210,3130,1,111542,3129,Glades,Florida,12,043,12043,986.3, ,111542,98,3129,16576,030901012102,Grogan Lake,0,FL,{41B0F44A-16EF-42B7-B41F-44050576BCDC},030902010200,0.180246518,Yes,{D6479E67-E39C-4641-980F-D08F1168D1CE},2022-10-07
1211,3131,1,111138,3130,Charlotte,Florida,12,015,12015,716.2, ,111138,84,3130,23472,031001011105,Myrtle Slough-Cecil M. Webb State Wildlife Management Area,0,FL,{070D6634-8D50-49A5-BE27-B138FD4461AC},031001011106,0.2196361,Yes,{4CA2C05E-958F-4710-91CB-42BC670C128E},2022-10-07
1212,3132,1,112503,3131,Hendry,Florida,12,051,12051,1189.6, ,112503,85,3131,445393,030902010200,Lake Okeechobee,0,FL,{9ABAFF7B-AAFA-4EE2-885A-CE451F3BEB19},CLOSED BASIN,0.916329881,Yes,{E0C36FBE-1E00-430C-9922-E90EAE423C6B},2022-10-07
1213,3133,1,111391,3132,Lee,Florida,12,071,12071,810.1, ,111391,65,3132,40982,031001030103,Yucca Pen Creek Frontal,0,FL,{07E3F9AE-449D-4DC4-86E3-1732C459F263},031001030202,0.293130238,Yes,{36E5B1F7-2C21-47E9-9C9D-94F486D1B7D8},2022-10-07
1214,3134,1,112547,3133,Collier,Florida,12,021,12021,2029, ,112547,126,3133,71713,030902020900,Goddens Strand Slough,0,FL,{8AD0739F-81C4-4163-B2A3-798EA4A2BD65},030902021100,0.431754014,Yes,{1B17D6E6-F791-454B-8881-C6F873A09E94},2022-10-07
1215,3135,1,112027,3134,Brevard,Florida,12,009,12009,1055.3, ,112027,108,3134,14999,030801010401,Sixmile Creek,0,FL,{859E0814-12F7-4822-9996-B6634F87F0AC},030801010402,0.2044353,Yes,{C75C7C38-5465-4647-9F9D-29E84CFBA0D3},2022-10-07
1216,3136,1,111984,3135,Indian River,Florida,12,061,12061,513.4, ,111984,76,3135,24064,030801010103,Upper Fort Drum Creek,0,FL,{C502F469-70B4-4600-AA47-1458806E4DA7},030801010104,0.236558985,Yes,{521AD1DD-E83F-45D5-AB23-3FF8C83A5A10},2022-10-07
1217,3137,1,111554,3136,St. Lucie,Florida,12,111,12111,575.5, ,111554,32,3136,53506,030901020200,Nubbin Slough,0,FL,{43133DC6-658E-4ECD-BD12-032AF39207C8},030901020303,0.388648509,Yes,{D31CC7BF-8F4C-4C51-8C67-55832387EA11},2022-10-07
1218,3138,1,111554,3137,Martin,Florida,12,085,12085,657, ,111554,45,3137,53506,030901020200,Nubbin Slough,0,FL,{43133DC6-658E-4ECD-BD12-032AF39207C8},030901020303,0.388648509,Yes,{D31CC7BF-8F4C-4C51-8C67-55832387EA11},2022-10-07
1219,3139,1,112499,3138,Palm Beach,Florida,12,099,12099,2219.5, ,112499,68,3138,108468,030902010100,Corbett Wildlife Management Area,0,FL,{D2B6BA2C-2D0D-4ED6-A3C1-FFBF214C007F},030902060801,0.52432494,Yes,{454C3D7C-9146-4EFC-BF92-169423D3199D},2022-10-07
1220,3140,1,112511,3139,Broward,Florida,12,011,12011,1221.1, ,112511,27,3139,275297,030902020200,East Bolles Canal,0,FL,{2C1BCF3F-504E-4F33-8EEA-893970DBE4E4},030902020300,0.859395025,Yes,{5D6C90DA-01BB-4AB5-9C93-1ED0CED89E98},2022-10-07
1221,3141,1,112555,3140,Miami-Dade,Florida,12,086,12086,1985.2, ,112555,39,3140,491553,030902021100,Conservation Area 3A,0,FL,{1EF28A82-D050-4754-8028-694647FD8390},030902021300,0.972242431,Yes,{6820A9DC-2697-41F0-8F61-9157283A22D7},2022-10-07
