TARGET_FID,ObjectID,NAME,STATE_NAME,STATE_FIPS,CNTY_FIPS,FIPS,SQMI,Cnty_Statu,join_cou_1,target_f_1,areaacres,name_1,objectid_1,states,tnmid,tohuc,shape_leng,status1
112563,1,Monroe,Florida,12,087,12087,997.2, ,11,1,566006,Everglades National Park,0,FL,{EEC3BB54-24C1-4008-B8F1-AFBC5763C52C},030902021400,1.04043733,Yes
123489,2,Kalawao,Hawaii,15,005,15005,13.2, ,6,2,7654,Waihaanau Stream,0,HI,{11A783EE-9ED4-4528-813F-9752F3D35BA0},OCEAN,0.16040368,Yes
123647,3,Kauai,Hawaii,15,007,15007,627.3, ,79,3,15025,Wainiha River,0,HI,{E40CFDC0-D68F-414C-9D76-05CFF62964CB},OCEAN,0.20144358,Yes
123531,4,Honolulu,Hawaii,15,003,15003,599.3, ,83,4,15210,Makaleha Stream,0,HI,{FEBE78C5-35EC-4C05-B38E-1AF852F1CD96},OCEAN,0.220616,Yes
123486,5,Maui,Hawaii,15,009,15009,1160.2, ,113,5,18015,Kakaauuku Gulch,0,HI,{0A698DC6-AE37-4B27-9444-E0131EE959D9},OCEAN,0.29617403,Yes
123753,6,Hawaii,Hawaii,15,001,15001,4028.5, ,253,6,15350,Kohala Ditch,0,HI,{61D67696-D537-487D-843A-F82F9F804260},OCEAN,0.18497958,Yes
85111,16,Del Norte,California,06,015,06015,1014.4, ,151,16,17514,Siskiyou Fork Smith River,0,CA,{53421617-5CBB-4220-9C48-511386EFE391},180101010204,0.20124257,Yes
85183,17,Humboldt,California,06,023,06023,3586.5, ,411,17,38593,Noisy Creek-Redwood Creek,0,CA,{25E197D9-E0F0-486E-AC79-33C7EA19190E},180101020102,0.33911784,Yes
80102,18,Trinity,California,06,105,06105,3207.6, ,433,18,29474,Stacey Creek-Clear Creek,0,CA,{308A673C-9A03-4072-887A-12E893C80960},180201540102,0.24167868,Yes
80290,19,Mendocino,California,06,045,06045,3513.3, ,491,19,22076,McClure Creek-Thomes Creek,0,CA,{4FEDAB15-149B-4A18-8799-E576DF2440F8},180201560404,0.22758252,Yes
82020,20,Lake,California,06,033,06033,1329.9, ,209,20,13649,Saint Helena Creek,0,CA,{F56F1E8E-CDDF-41FA-802E-B3B6EBC7A003},180201620303,0.17404127,Yes
82020,21,Sonoma,California,06,097,06097,1590.5, ,209,21,13649,Saint Helena Creek,0,CA,{F56F1E8E-CDDF-41FA-802E-B3B6EBC7A003},180201620303,0.17404127,Yes
86657,22,Marin,California,06,041,06041,525, ,93,22,19864,San Antonio Creek,0,CA,{54135AAA-EC16-4C29-BCA7-DF12CF4A5D8F},180500020801,0.2668217,Yes
299049,80,Wasco,Oregon,41,065,41065,2395.3, ,15,80,36574,Rhodes Canyon-John Day River,0,OR,{FECA08D2-75E8-4959-ABC7-3371DF6A2CBE},170702040409,0.29502499,Yes
272298,189,Rolette,North Dakota,38,079,38079,939.3, ,3,189,24436,Lake Upsilon-Long River,0,"CN,ND",{E0A5CD07-4651-4DC0-B36A-754FAB520C05},CANADA,0.29984022,Yes
179437,297,Dickinson,Michigan,26,043,26043,777.1, ,4,297,16764,North Branch Ford River,0,MI,{BD29ECF0-64B4-425F-9059-F239FFD779E3},040301090105,0.22903908,Yes
179437,305,Marquette,Michigan,26,103,26103,1870.1, ,27,305,16764,North Branch Ford River,0,MI,{BD29ECF0-64B4-425F-9059-F239FFD779E3},040301090105,0.22903908,Yes
66120,320,Cochise,Arizona,04,003,04003,6219.2, ,7,320,175404,Martin Wash-Alkali Flats,0,AZ,{1ED2F114-3FF8-4C57-AD6B-AB7174702F83},150502010706,0.70331367,Yes
330340,322,Crockett,Texas,48,105,48105,2807.4, ,297,322,35759,Outlet Live Oak Creek,0,TX,{C2587E93-EC62-4141-9C22-A746183F595F},130700080702,0.28806079,Yes
331221,323,Matagorda,Texas,48,321,48321,1144.9, ,49,323,39774,Hardeman Slough-Caney Creek,0,TX,{CA671D01-2079-4241-A7F4-DD5D3C902056},120904020204,0.32363231,Yes
330304,324,Victoria,Texas,48,469,48469,888.9, ,122,324,26424,Court Branch-Coleto Creek,0,TX,{66D61D50-263B-43BB-8986-08BA920E56AA},121002040401,0.21921607,Yes
330624,325,Maverick,Texas,48,323,48323,1291.7, ,162,325,35093,Quemado Creek-Rio Grande,0,"MX,TX",{B216F4C6-DD74-4590-8D74-DDF121228CF9},130800011907,0.30801525,Yes
330274,326,Hudspeth,Texas,48,229,48229,4571.9, ,313,326,15078,Cerro Diablo-C and L Draw,0,TX,{16F02251-25AB-4C24-9CF6-B9DEE331BF21},130500040913,0.17378682,Yes
330359,328,Pecos,Texas,48,371,48371,4764.7, ,510,328,31626,De Spain Ranch-WB Flats,0,TX,{4EF3714A-775F-41A4-AB36-099CC3490AEF},130402110103,0.26935258,Yes
330284,329,Brewster,Texas,48,043,48043,6192.8, ,649,329,28455,Cow Creek,0,TX,{B33686B5-C8BE-495E-B864-FFE89BFCAEFE},130402090602,0.24809556,Yes
330295,330,Terrell,Texas,48,443,48443,2357.7, ,292,330,26722,Buck Creek,0,TX,{589DBC8D-BA04-491C-827F-6699B89538EF},130402100304,0.22460813,Yes
330413,331,Presidio,Texas,48,377,48377,3856.2, ,395,331,27314,Mimbrosa Creek-Alamito Creek,0,TX,{C9D27723-5942-4FE5-AB1B-B3D429D4C6F6},130402020501,0.28450157,Yes
330430,332,Culberson,Texas,48,109,48109,3812.7, ,335,332,33180,Dutch Draw-Cottonwood Creek,0,TX,{24A7E217-2B85-4530-8A6A-5578873FD0C4},130700040203,0.32013809,Yes
330430,333,Reeves,Texas,48,389,48389,2642, ,271,333,33180,Dutch Draw-Cottonwood Creek,0,TX,{24A7E217-2B85-4530-8A6A-5578873FD0C4},130700040203,0.32013809,Yes
330570,334,Loving,Texas,48,301,48301,676.9, ,79,334,25156,Lineberry Windmill,0,TX,{0D935DC9-F08C-44FF-A551-CC371B698EB0},130700070703,0.2313476,Yes
330476,335,Crane,Texas,48,103,48103,785.6, ,83,335,15142,130700072002-Crossett Oil Field,0,TX,{08846122-F92A-4D6C-B766-806DB67D4D23},130700071602,0.25175486,Yes
330313,336,Upton,Texas,48,461,48461,1241.8, ,117,336,29161,McElroy Ranch,0,TX,{E7016DDE-9792-42D1-B0DA-5E10828187C6},130700071406,0.25256583,Yes
330417,337,Jeff Davis,Texas,48,243,48243,2264.6, ,238,337,37453,South Carrizo Draw-Barilla Draw,0,TX,{2BEC4F72-7586-423C-A5D2-25E3A36F0A4A},130700050301,0.30688476,Yes
331037,338,Midland,Texas,48,329,48329,902, ,108,338,39840,Walcott Windmill-Monahans Draw,0,TX,{7AB67CAC-B73C-4D07-A549-4B0C144DE6F7},120800050406,0.3289149,Yes
330571,339,Winkler,Texas,48,495,48495,841.2, ,61,339,39381,Yantis Ranch,0,TX,{DE51FBF1-F43C-49F5-9588-F8D63569ABB8},130700070704,0.29949665,Yes
330305,340,Ector,Texas,48,135,48135,901.7, ,99,340,27369,North Cowden Oil Field-Embar Lake,0,TX,{83389B78-F8F5-4DF9-A4F7-AEB0650133B1},CLOSED BASIN,0.26254022,Yes
330708,341,Ward,Texas,48,475,48475,835.7, ,68,341,48584,Soda Lake,0,TX,{F1180150-FC60-4BB9-AA5C-A3827F7B2EA1},130700010904,0.3216764,Yes
330336,342,Hill,Texas,48,217,48217,986.3, ,139,342,36639,Whitney Creek-Lake Whitney,0,TX,{489EEC46-9CE1-4282-A3E0-DE6F85ABBA57},120602020601,0.29563488,Yes
330628,343,Comanche,Texas,48,093,48093,947.7, ,124,343,33112,Martins Creek-Copperas Creek,0,TX,{A1634D07-F9A2-4E29-8CCE-A287E3104C17},120702010307,0.26536202,Yes
330302,344,Bosque,Texas,48,035,48035,1002.6, ,128,344,13209,Lower East Bosque River,0,TX,{728680DE-445F-4EA6-9340-5C2E87179EE5},120602040304,0.20903016,Yes
330403,345,Lampasas,Texas,48,281,48281,713.5, ,88,345,13284,City of Kempner-Lampasas River,0,TX,{57642F6D-4419-4D4B-A2D2-016F74E62A48},120702030504,0.16268276,Yes
330459,346,Grimes,Texas,48,185,48185,801, ,107,346,29645,Rocky Creek,0,TX,{9132F721-081E-4535-9754-F5E84B4C897D},120701030803,0.27646054,Yes
330368,347,Travis,Texas,48,453,48453,1023.7, ,131,347,20538,Lower Cypress Creek,0,TX,{522AFEDB-7BD9-401D-8632-9CF50AA080E9},120902060310,0.24324478,Yes
331079,348,Montgomery,Texas,48,339,48339,1076.7, ,137,348,31537,Little Lake Creek-Conroe Lake,0,TX,{9F80D8F9-ACF1-459D-8BE3-EB6A7483008A},120401010206,0.31437236,Yes
330318,349,Lee,Texas,48,287,48287,633.5, ,90,349,21848,Middle Rabbs Creek,0,TX,{1A55D7BE-6B6A-43EE-B57D-176B43D4B51D},120903010506,0.21295436,Yes
330450,350,Liberty,Texas,48,291,48291,1176.4, ,152,350,14039,North Dayton Oil Field-Cedar Bayou,0,TX,{7202BB9B-221F-4C7E-BF3A-E46A01E292D9},120402030102,0.15542121,Yes
330716,351,Galveston,Texas,48,167,48167,403.3, ,16,351,156240,Cane Bayou,0,TX,{9BA4FEA8-7CF9-498B-B37A-610633BC643A},OCEAN,0.16300621,Yes
330446,352,Atascosa,Texas,48,013,48013,1235.6, ,166,352,13073,North Prong Atascosa River-Atascosa River,0,TX,{5EC2FF5A-E5C7-49DC-B0E0-7AABBCCC044A},121101100102,0.14963496,Yes
330360,353,Zavala,Texas,48,507,48507,1301.7, ,155,353,32248,Leona Tank-Leona River,0,TX,{42FE1D32-175A-45A7-99BB-C67ECBB499FE},121101061101,0.33289427,Yes
330461,354,Frio,Texas,48,163,48163,1134.3, ,161,354,29788,Yoledigo Creek,0,TX,{3DEE4D29-17D0-4F0F-934C-592F6236802B},121101061103,0.24469636,Yes
330335,355,Gillespie,Texas,48,171,48171,1061.8, ,128,355,26921,Legion Creek-Sandy Creek,0,TX,{A256D255-C386-4877-B430-DD47F000C8D7},120902010307,0.26605965,Yes
330368,356,Blanco,Texas,48,031,48031,713.4, ,100,356,20538,Lower Cypress Creek,0,TX,{522AFEDB-7BD9-401D-8632-9CF50AA080E9},120902060310,0.24324478,Yes
330367,357,Edwards,Texas,48,137,48137,2119.9, ,241,357,18204,Wheat Cave-Dry Devils River,0,TX,{32285B90-4C81-4281-93AD-63509C4D8635},130403030103,0.2081312,Yes
330279,358,Val Verde,Texas,48,465,48465,3232.4, ,377,358,23501,Cooper Draw,0,TX,{946A425A-7C6A-4D15-8A3E-18016A78D787},130403011103,0.24671622,Yes
330673,359,Comal,Texas,48,091,48091,574.7, ,82,359,31431,Pleasant Valley Creek-Cibolo Creek,0,TX,{19D77E93-106A-4264-A9DE-91E41735E670},121003040104,0.25973334,Yes
330475,360,Bexar,Texas,48,029,48029,1256.1, ,156,360,28348,Dietz Creek-Cibolo Creek,0,TX,{58916851-A0C2-4E2A-8B64-BE449064A16B},121003040206,0.29691558,Yes
330435,361,Medina,Texas,48,325,48325,1334.5, ,156,361,24594,East Branch Live Oak Creek,0,TX,{7D9350B2-2119-432E-AD3C-585D74F8DE9C},121101070204,0.22262372,Yes
330394,362,Uvalde,Texas,48,463,48463,1558.6, ,201,362,32424,Headwaters Cooks Slough,0,TX,{8B70E95A-7A79-4502-820F-20661BD28B39},121101060903,0.28540366,Yes
330272,363,Kinney,Texas,48,271,48271,1365.3, ,169,363,16387,Headwaters Las Moras Creek,0,TX,{886E2AA9-61C2-44A2-A577-245BE5197305},130800011304,0.19579723,Yes
330322,364,Kerr,Texas,48,265,48265,1107.7, ,135,364,30340,Upper East Frio River,0,TX,{D83D5B4A-52B7-4D0B-930A-8B4921C6004D},121101060107,0.23000312,Yes
330330,365,Kendall,Texas,48,259,48259,663.1, ,82,365,31499,Curry Creek,0,TX,{AB7FCD81-B037-4E56-82B0-4D3C8E941862},121002010404,0.25331295,Yes
330275,366,Real,Texas,48,385,48385,700, ,97,366,15644,Ranger Hollow,0,TX,{7E9D0DF6-42C2-4E0D-8001-52D52E6B0133},121101010105,0.18573988,Yes
330524,367,Bandera,Texas,48,019,48019,797.5, ,115,367,23191,Upper Turtle Creek,0,TX,{44AC2433-B9D5-44AF-B552-E2C92F7B5B81},121002010205,0.27023236,Yes
330719,368,Runnels,Texas,48,399,48399,1057.1, ,125,368,40095,Red Bank Creek-Jim Ned Creek,0,TX,{DEC92F98-0EC6-4EEA-B908-E7281D8F8BF6},120901080103,0.31018274,Yes
330327,369,Tom Green,Texas,48,451,48451,1540.5, ,195,369,34663,Shin Oak Creek-North Concho River,0,TX,{BD066D1F-EFB5-40D1-BD3C-3A64D0E2F6DB},120901040502,0.32238793,Yes
330663,370,Reagan,Texas,48,383,48383,1176, ,132,370,29511,South Mustang Draw,0,TX,{39B12D03-F80D-43EC-81BD-E47AD2DC0E16},120901030706,0.22631242,Yes
330472,371,Concho,Texas,48,095,48095,993.6, ,119,371,36256,Harden Branch-Brady Creek,0,TX,{C8BBF12A-855D-46EE-B996-71A8A5763AD9},120901100104,0.26374106,Yes
330420,372,Irion,Texas,48,235,48235,1051.6, ,124,372,17135,Arden Cemetery-Middle Concho River,0,TX,{E4103C1F-D398-4D80-97CB-001EFA7E5112},120901031105,0.1707931,Yes
330294,373,McCulloch,Texas,48,307,48307,1073.4, ,130,373,25371,Headwaters Deep Creek,0,TX,{8949EE12-BCE5-4824-81B1-EC31B1848407},120901060406,0.23446193,Yes
330294,374,San Saba,Texas,48,411,48411,1138.8, ,129,374,25371,Headwaters Deep Creek,0,TX,{8949EE12-BCE5-4824-81B1-EC31B1848407},120901060406,0.23446193,Yes
330442,375,Kimble,Texas,48,267,48267,1250.9, ,164,375,28395,Sycamore Creek-Llano River,0,TX,{A560314D-5AAB-4072-A673-224777826E31},120902040204,0.34992496,Yes
330462,376,Sutton,Texas,48,435,48435,1454.4, ,171,376,15615,West Maynard Creek,0,TX,{5C17E986-13C2-4160-95F0-8311FBDCCDF6},120902020203,0.19947951,Yes
330299,377,Schleicher,Texas,48,413,48413,1310.7, ,148,377,15022,Middle Valley-Middle Valley Prong,0,TX,{2E724B3C-72BF-41A9-9B44-94485A209EC0},120901090205,0.16533282,Yes
330433,378,Sterling,Texas,48,431,48431,923.5, ,112,378,24655,Lower Lacy Creek,0,TX,{70EB2120-44E4-4475-AC76-D67241528E40},120901040301,0.20232585,Yes
330665,379,Glasscock,Texas,48,173,48173,900.9, ,103,379,36098,Dobson Creek-North Concho River,0,TX,{CFA0D839-156A-45E5-BCB6-5FB92AF8B895},120901040105,0.29269108,Yes
330327,380,Coke,Texas,48,081,48081,928, ,120,380,34663,Shin Oak Creek-North Concho River,0,TX,{BD066D1F-EFB5-40D1-BD3C-3A64D0E2F6DB},120901040502,0.32238793,Yes
330505,381,Coleman,Texas,48,083,48083,1281.6, ,155,381,11856,Middle Hords Creek,0,TX,{4A2F743F-19CE-4475-9B53-F7E629DAB79F},120901080204,0.15898034,Yes
330631,382,Brown,Texas,48,049,48049,956.9, ,116,382,24306,Dry Blanket Creek,0,TX,{55AE556A-4EE8-4F1D-897D-9CC0E46031D0},120901070503,0.23674263,Yes
331156,383,Mills,Texas,48,333,48333,749.9, ,96,383,15242,Lower Browns Creek,0,TX,{7A9738D7-AB2F-4D3D-94E7-28A63EA03283},120901070605,0.18619205,Yes
330408,384,Menard,Texas,48,327,48327,902.2, ,118,384,13199,Chapman Draw,0,TX,{3548BDC3-F2B2-445A-A08E-E31747C1C481},120901090506,0.1539145,Yes
330543,385,Mason,Texas,48,319,48319,932.5, ,115,385,26132,Upper James River,0,TX,{F1EA8834-15AC-45FF-B01F-4FD589B55D91},120902040408,0.24875037,Yes
330296,386,Llano,Texas,48,299,48299,965.6, ,125,386,32963,Wrights Creek-Llano Creek,0,TX,{373190DC-43CD-4547-9BBF-EA9521115638},120902040803,0.34776303,Yes
330455,387,Cherokee,Texas,48,073,48073,1062, ,130,387,34622,Boggy Creek-Neches River,0,TX,{6038C887-C11E-4B54-865C-5DBBACB8CDA9},120200010409,0.26067285,Yes
330292,388,Hamilton,Texas,48,193,48193,836.4, ,106,388,35086,Fall Creek-North Bosque River,0,TX,{A4AAE7FB-C9FF-4D66-89F1-2EE33AB502DE},120602040303,0.2661043,Yes
330525,389,Limestone,Texas,48,293,48293,933.2, ,117,389,49521,Holman Creek,0,TX,{7BFAEA99-FDCB-4AFE-96A2-049D1B27B733},120701030305,0.33685851,Yes
330617,390,Coryell,Texas,48,099,48099,1056.7, ,136,390,17731,Lower Plum Creek,0,TX,{FFF6F830-435A-42A8-9259-6CD825409706},120702010902,0.25412982,Yes
330352,391,Leon,Texas,48,289,48289,1080.4, ,131,391,40418,Caney Creek-Trinity River,0,TX,{91C201E4-EF9C-4424-80AB-082C660586E3},120302010701,0.40536817,Yes
330578,392,Houston,Texas,48,225,48225,1236.8, ,143,392,33533,Upper Hurricane Bayou,0,TX,{206FEF87-9E67-4FA6-8EDE-19D6B6F95585},120302010706,0.27359439,Yes
330649,393,Falls,Texas,48,145,48145,773.8, ,97,393,12757,Able Lake-Sandy Creek,0,TX,{7DF95DFB-5887-49D8-A156-E9CB5228CF62},120701010104,0.15827009,Yes
330429,394,Trinity,Texas,48,455,48455,714, ,101,394,27213,Clear Creek-Lake Livingston,0,TX,{68B1612B-DBE8-43DD-B801-EE719A789939},120302021104,0.22610383,Yes
330516,395,Robertson,Texas,48,395,48395,865.6, ,106,395,12926,Clear Creek-Navasota River,0,TX,{509A23F3-FC97-4ACC-A91F-C23BA986AAE2},120701030505,0.16316618,Yes
330291,396,Bell,Texas,48,027,48027,1088.3, ,144,396,17157,Boggy Creek-Little River,0,TX,{6B61CB9B-38FB-4493-8428-202D7A085467},120702040103,0.21709593,Yes
330429,397,Polk,Texas,48,373,48373,1109.8, ,138,397,27213,Clear Creek-Lake Livingston,0,TX,{68B1612B-DBE8-43DD-B801-EE719A789939},120302021104,0.22610383,Yes
330370,398,Burnet,Texas,48,053,48053,1021.4, ,133,398,39289,Mesquite Creek,0,TX,{1BE03AF2-B860-4518-949C-B8F5A0C49EEC},120702030309,0.28694572,Yes
330989,399,Brazos,Texas,48,041,48041,590.7, ,73,399,34283,Thompsons Creek,0,TX,{782B59C9-AF8F-4CCA-A451-4D73F396476E},120701010703,0.29059738,Yes
330362,400,San Jacinto,Texas,48,407,48407,627.9, ,76,400,21805,Huffman Creek-Trinity River,0,TX,{0831A97B-D42C-489E-B428-83B5542B0829},120302021207,0.21747884,Yes
330484,401,Burleson,Texas,48,051,48051,677.8, ,94,401,30565,Brushy Creek-Davidson Creek,0,TX,{A0554D31-71D0-4B48-A1C3-4E47460DA765},120701020406,0.2894094,Yes
330488,402,Milam,Texas,48,331,48331,1021.8, ,135,402,12426,Sypert Branch,0,TX,{B72A55D8-9C37-40BE-BB75-76B61F9BB6F8},120702040110,0.16123938,Yes
330339,403,Williamson,Texas,48,491,48491,1133.9, ,132,403,20809,Houghton Branch-Middle Yegua Creek,0,TX,{BEC5D6CF-EB65-4844-B566-783E35AEF24D},120701020102,0.20312798,Yes
330283,404,McLennan,Texas,48,309,48309,1060.2, ,135,404,25015,Harris Creek-South Bosque River,0,TX,{02D993EE-F6E5-472C-BFA7-5C57417F3B66},120602030303,0.25000659,Yes
330352,405,Anderson,Texas,48,001,48001,1077.9, ,134,405,40418,Caney Creek-Trinity River,0,TX,{91C201E4-EF9C-4424-80AB-082C660586E3},120302010701,0.40536817,Yes
330352,406,Freestone,Texas,48,161,48161,892.1, ,107,406,40418,Caney Creek-Trinity River,0,TX,{91C201E4-EF9C-4424-80AB-082C660586E3},120302010701,0.40536817,Yes
330506,407,Madison,Texas,48,313,48313,472.4, ,68,407,18728,Rocky Creek-Bedias Creek,0,TX,{718636B7-0ACA-471D-9E06-F6698F453C06},120302020506,0.22314797,Yes
330489,408,Walker,Texas,48,471,48471,801.4, ,98,408,15116,Boswell Creek,0,TX,{E00E6B02-DF5D-40D4-9909-B6BF45133FA1},120401030302,0.17999982,Yes
330314,409,Washington,Texas,48,477,48477,621.5, ,98,409,25558,Indian Creek-East Mill Creek,0,TX,{7CCA9701-481A-442B-815A-F76A1139AC4A},120701040202,0.22742657,Yes
330290,410,Harris,Texas,48,201,48201,1773.5, ,184,410,24205,Carpenters Bayou,0,TX,{0F5F0217-6FEC-4549-9A66-79BF0E6B1184},120401040705,0.26140875,Yes
330381,411,Colorado,Texas,48,089,48089,973.2, ,125,411,36683,Coushatta Creek-San Bernard River,0,TX,{807CD7DD-F527-4849-B28F-C44532E4A45C},120904010106,0.26555396,Yes
330475,412,Guadalupe,Texas,48,187,48187,714.6, ,90,412,28348,Dietz Creek-Cibolo Creek,0,TX,{58916851-A0C2-4E2A-8B64-BE449064A16B},121003040206,0.29691558,Yes
330372,413,Fort Bend,Texas,48,157,48157,884.8, ,99,413,27518,Mound Creek,0,TX,{796AA1DD-1283-4571-B833-D1ED64B0218E},120904010304,0.26033523,Yes
330701,414,Gonzales,Texas,48,177,48177,1069.8, ,141,414,31303,Seals Creek-San Marcos River,0,TX,{AD47DABE-30A8-41F2-96EC-096742A58852},121002030503,0.29486526,Yes
330379,415,Wharton,Texas,48,481,48481,1094.4, ,117,415,35455,Boone Branch-San Bernard River,0,TX,{377AEF76-7529-4D7D-BF79-97F155508661},120904010207,0.26928308,Yes
330337,416,Wilson,Texas,48,493,48493,808.5, ,111,416,36569,Brushy Creek-Elm Creek,0,TX,{2BCA03D5-2766-4C9A-AC9F-BBB6588A4A0C},121002020508,0.30814534,Yes
330853,417,Jackson,Texas,48,239,48239,852.5, ,80,417,32473,Brown Creek-Arenosa Creek,0,TX,{A6811451-DFC2-4683-9D6A-9A90EB598698},121004020202,0.2508038,Yes
330337,418,Karnes,Texas,48,255,48255,753.7, ,101,418,36569,Brushy Creek-Elm Creek,0,TX,{2BCA03D5-2766-4C9A-AC9F-BBB6588A4A0C},121002020508,0.30814534,Yes
331335,419,Lavaca,Texas,48,285,48285,970.6, ,135,419,38819,Sutherland Creek-Brushy Creek,0,TX,{0515028D-D96E-4777-B558-3731EDB5DF59},121001020310,0.43725164,Yes
330481,420,DeWitt,Texas,48,123,48123,910.6, ,118,420,23609,Reeds Branch-Guadalupe River,0,TX,{B5D8DD95-391E-48CE-90B1-E8FFE47A031E},121002040105,0.23209932,Yes
330806,421,Bastrop,Texas,48,021,48021,895.9, ,122,421,20601,Bee Creek-Walnut Creek,0,TX,{C977627E-B2FF-4E04-8EF9-460745CFBABC},120903010306,0.19664201,Yes
330399,422,Hays,Texas,48,209,48209,678.9, ,88,422,23749,Flat Creek,0,TX,{315D37CE-7213-4E42-88D3-A63E57C4A4E1},120902060307,0.21335226,Yes
330318,423,Fayette,Texas,48,149,48149,959.5, ,104,423,21848,Middle Rabbs Creek,0,TX,{1A55D7BE-6B6A-43EE-B57D-176B43D4B51D},120903010506,0.21295436,Yes
330701,424,Caldwell,Texas,48,055,48055,546.9, ,73,424,31303,Seals Creek-San Marcos River,0,TX,{AD47DABE-30A8-41F2-96EC-096742A58852},121002030503,0.29486526,Yes
330383,425,Waller,Texas,48,473,48473,518.8, ,89,425,28820,Mound Creek-Cypress Creek,0,TX,{19EFE66D-4522-4EFC-A022-85D46BD433DE},120401020103,0.26400313,Yes
330424,426,Austin,Texas,48,015,48015,656.6, ,91,426,18228,Bullinger Creek-Brazos River,0,TX,{3DA65174-2149-49C8-911C-8ADCCABFE072},120701040307,0.2172058,Yes
330372,427,Brazoria,Texas,48,039,48039,1442.5, ,77,427,27518,Mound Creek,0,TX,{796AA1DD-1283-4571-B833-D1ED64B0218E},120904010304,0.26033523,Yes
330575,428,Goliad,Texas,48,175,48175,859.1, ,117,428,34393,Cottonwood Hollow-Upper Melon Creek,0,TX,{E97B6236-DCD0-4680-9355-0E16342F59A3},121004060306,0.40776853,Yes
331318,429,Jim Hogg,Texas,48,247,48247,1136.2, ,73,429,23316,Agua Negra Windmill,0,TX,{EB136345-B1EB-4954-B9D3-617EEAD145F4},121102060206,0.20314068,Yes
330573,430,Zapata,Texas,48,505,48505,1058.1, ,134,430,30431,Escobas Creek-Salamoneno Creek,0,TX,{BB187A08-AAEF-4B88-BA8E-48B990F736F2},130800030709,0.2699851,Yes
331083,431,Brooks,Texas,48,047,48047,943.6, ,48,431,15784,Palobla Creek-Paisano Creek,0,TX,{016828AA-2F09-4C51-9215-7BABB44F0BFD},121102050407,0.21008214,Yes
330845,432,Kenedy,Texas,48,261,48261,1416.9, ,32,432,17787,Black Bluff,0,TX,{59D68987-BB03-4858-A15D-419E9E60DCBF},121102050808,0.26249259,Yes
330467,433,Starr,Texas,48,427,48427,1229.3, ,117,433,47210,Upper Las Escobas Creek,0,TX,{0CF8C26E-74B1-4EF1-8DCC-EE2D47D78EB9},130900011303,0.30232402,Yes
330421,434,Hidalgo,Texas,48,215,48215,1582.6, ,49,434,114603,Llano Grande Lake-Arroyo Colorado,0,TX,{E32002F8-2F36-4057-875C-9DC504E1486D},121102080600,0.62982303,Yes
331124,435,La Salle,Texas,48,283,48283,1494.2, ,178,435,20532,121101080303,0,TX,{B4190A75-F972-4146-B3B1-A27BCDC700EC},121101080304,0.19149479,Yes
330345,436,McMullen,Texas,48,311,48311,1142.7, ,145,436,9021,Far Live Oak Creek-San Miguel Creek,0,TX,{B3C7CF8B-D40B-4340-9DE2-404C7EB2979B},121101090503,0.19506991,Yes
330315,437,Dimmit,Texas,48,127,48127,1334.5, ,148,437,40505,Llano Tank-Bonito Creek,0,TX,{427FA613-5B7A-4C1C-8ECF-03798A98F078},121101030505,0.36403757,Yes
330315,438,Webb,Texas,48,479,48479,3375.5, ,398,438,40505,Llano Tank-Bonito Creek,0,TX,{427FA613-5B7A-4C1C-8ECF-03798A98F078},121101030505,0.36403757,Yes
330344,439,Duval,Texas,48,131,48131,1795.6, ,234,439,21508,Lower Rosita Creek,0,TX,{7176C5A5-8EF5-4315-AF47-59DB5003A984},121102040310,0.26591,Yes
330416,440,Live Oak,Texas,48,297,48297,1078.9, ,152,440,20227,Timon Creek-Nueces River,0,TX,{85B1C306-D4ED-4849-96F4-C7ABB79A8802},121101110301,0.26122131,Yes
330490,441,Bee,Texas,48,025,48025,880.4, ,132,441,33889,San Domingo Creek,0,TX,{28AA6C8A-83D1-4408-98E8-E97AA845E37D},121004060105,0.26393012,Yes
330575,442,Refugio,Texas,48,391,48391,778.5, ,98,442,34393,Cottonwood Hollow-Upper Melon Creek,0,TX,{E97B6236-DCD0-4680-9355-0E16342F59A3},121004060306,0.40776853,Yes
331289,443,Calhoun,Texas,48,057,48057,530.9, ,31,443,220064,East Carancahua Creek,0,TX,{8BCFF187-BA14-4C14-A3D8-7B128012218A},121004010500,1.31964939,Yes
330502,444,San Patricio,Texas,48,409,48409,704.3, ,89,444,25058,Headwaters Chiltipin Creek,0,TX,{B13B8282-C532-44DF-9D3B-B9CA386535A5},121004070303,0.27015815,Yes
330331,445,Aransas,Texas,48,007,48007,242.6, ,38,445,8613,Bartell Island-Saint Charles Bay,0,TX,{47D103B4-207F-4BE8-9429-EEC05B459CF0},121004050400,0.12593349,Yes
330849,446,Jim Wells,Texas,48,249,48249,868.3, ,121,446,36320,Lattas Creek-San Fernando Creek,0,TX,{40F70AD3-0230-43F8-90B1-C725D541604F},121102040406,0.34590552,Yes
330510,447,Nueces,Texas,48,355,48355,841.3, ,106,447,29493,Upper Chiltipin Creek,0,TX,{60E57EC0-2A16-46FB-AB47-B3DAF7C170A2},121102050802,0.252812,Yes
330510,448,Kleberg,Texas,48,273,48273,886.5, ,109,448,29493,Upper Chiltipin Creek,0,TX,{60E57EC0-2A16-46FB-AB47-B3DAF7C170A2},121102050802,0.252812,Yes
333891,449,Willacy,Texas,48,489,48489,600.2, ,11,449,289851,Upper Pilot Channel-Laguna Madre,0,TX,{10CD80D8-8B02-4066-8B65-274F1027B99F},121102081000,1.88790868,Yes
333297,450,Cameron,Texas,48,061,48061,943.5, ,27,450,289851,Upper Pilot Channel-Laguna Madre,0,TX,{10CD80D8-8B02-4066-8B65-274F1027B99F},121102081000,1.28348764,Yes
81812,455,Siskiyou,California,06,093,06093,6347.5, ,764,455,21281,Hole In Rock,0,CA,{802AFC74-8997-491B-89EC-3AF4B509268E},180200021307,0.22029016,Yes
246584,457,Hidalgo,New Mexico,35,023,35023,3445.9, ,26,457,14489,Whitmire Creek,0,"AZ,NM",{618C0753-BB4E-41FA-90B5-927D92081F1D},150400030504,0.22118986,Yes
82000,459,Napa,California,06,055,06055,788.1, ,120,459,16541,Upper Eticuera Creek,0,CA,{2F3683D2-DC00-473B-BD41-7CC6427D4D92},180201620102,0.22350111,Yes
66152,460,Navajo,Arizona,04,017,04017,9959.5, ,49,460,14996,West Hay Hollow Draw,0,AZ,{F79D03DB-AE6B-436C-B1CD-DC3888FAE3E2},150200020609,0.19182759,Yes
63080,462,Mohave,Arizona,04,015,04015,13470.8, ,25,462,10430,Agway Wash,0,AZ,{DAC3A029-7C8F-4147-B381-631C302E0612},150100020706,0.14064851,Yes
80710,465,Kern,California,06,029,06029,8161, ,941,465,11495,180902062103,0,CA,{9562E028-9856-44DA-9441-8741A095DB63},180902062109,0.19365408,Yes
80630,466,San Bernardino,California,06,071,06071,20106, ,330,466,23260,Baldwin Lake,0,CA,{CAFFED0C-25A1-4C68-AEF2-BC60B0AEE38C},180702030102,0.21681406,Yes
85393,467,San Luis Obispo,California,06,079,06079,3319.5, ,464,467,14060,Bitterwater Creek,0,CA,{41609719-83DE-41B8-852B-D537FB4F5868},180300031406,0.16604435,Yes
80562,468,Riverside,California,06,065,06065,7302.9, ,237,468,16299,Strawberry Creek-San Jacinto River,0,CA,{7D413DA6-306A-41ED-922B-24AA8593A52F},180702020104,0.17059865,Yes
84507,469,Ventura,California,06,111,06111,1857.3, ,234,469,38660,Castac Lake,0,CA,{51984065-F4D5-4AE4-A51F-40072A803C16},180300030702,0.33053288,Yes
92681,470,Santa Barbara,California,06,083,06083,2748.8, ,344,470,25066,Rancho Nuevo Creek,0,CA,{216AA822-5355-4B99-9494-5EE352EF31BA},180600070105,0.26135012,Yes
80628,471,Orange,California,06,059,06059,799.2, ,21,471,24803,Lake Elsinore,0,CA,{68CB88A4-3A0C-4208-8510-BCDA3135750F},180702030601,0.23950813,Yes
82411,472,San Diego,California,06,073,06073,4238.6, ,268,472,22893,Chihuahua Creek,0,CA,{97E00377-D93D-4979-AD13-2D6355817758},180703020105,0.3213433,Yes
80501,473,Los Angeles,California,06,037,06037,4086.8, ,323,473,22197,Upper San Jose Creek,0,CA,{16CB04C9-9672-415C-B8EC-EA108D936EEA},180701060502,0.35749382,Yes
81996,474,Sacramento,California,06,067,06067,995.3, ,129,474,55674,Natomas Main Drainage Canal-Sacramento River,0,CA,{84D4466A-223B-46DC-BB61-45F1760165C8},180201630701,0.3647434,Yes
81220,475,Mono,California,06,051,06051,3131.8, ,33,475,37314,Upper Mono Creek,0,CA,{03A7009A-3E15-4D80-BAD7-B1953E147CF2},180400060102,0.30878079,Yes
82068,477,Madera,California,06,039,06039,2153.7, ,231,477,37030,Lower Fish Creek,0,CA,{2DB6A67A-729A-41F1-8C94-9273C18AB61D},180400060404,0.2909682,Yes
80294,478,Merced,California,06,047,06047,1963.7, ,164,478,9576,180400011801-Bear Creek,0,CA,{3AD07BDF-7239-4F1D-B388-6CEC8C212457},180400011803,0.21859518,Yes
80334,479,Fresno,California,06,019,06019,6017.2, ,660,479,74617,Upper Poso Slough,0,CA,{A738BD13-47CE-4C2A-A336-A9C2818A19E2},180400012005,0.6834044,Yes
81221,480,Inyo,California,06,027,06027,10227.2, ,139,480,37314,Upper Mono Creek,0,CA,{03A7009A-3E15-4D80-BAD7-B1953E147CF2},180400060102,0.26298377,Yes
83307,481,Tulare,California,06,107,06107,4838.8, ,622,481,16288,Kern-Kaweah River,0,CA,{127D39EF-60C2-4332-8AC5-B18653569D31},180300010105,0.18726816,Yes
85661,482,San Benito,California,06,069,06069,1390.8, ,201,482,13444,Pimental Creek,0,CA,{C6066264-9F8B-438C-AD12-572C8240EE15},180400140102,0.21232309,Yes
88547,483,Monterey,California,06,053,06053,3314.6, ,438,483,34842,Clear Creek-San Benito River,0,CA,{2E65BBCA-A93A-410F-A366-589A8B368FA7},180600020502,0.31836818,Yes
86441,484,Kings,California,06,031,06031,1391.6, ,158,484,60364,Alpaugh Irrigation District Canal,0,CA,{C6B87107-BCF6-47E4-AE4B-6F70E23D545D},180300050804,0.39158101,Yes
84751,485,Amador,California,06,005,06005,604.6, ,102,485,15040,Cole Creek,0,CA,{0856D2A6-A13C-43A0-96AC-052697102937},180400120106,0.21784741,Yes
82263,486,Tuolumne,California,06,109,06109,2275.2, ,276,486,19604,Lyell Fork Merced River,0,CA,{CCDF1320-7E7F-4B07-BCB7-189C98AFEECE},180400080104,0.19453863,Yes
80416,487,San Joaquin,California,06,077,06077,1431.5, ,183,487,23341,Upper Del Puerto Creek,0,CA,{C11AF91D-AFBB-494B-B5B4-25F974FA4C0B},180400020302,0.24595381,Yes
81158,488,Contra Costa,California,06,013,06013,750, ,113,488,10382,Brushy Creek,0,CA,{5038E95C-3A59-4E84-BE8E-05B27873264E},180400030605,0.15284495,Yes
80322,489,Stanislaus,California,06,099,06099,1513.8, ,183,489,19497,Quinto Creek,0,CA,{BCF1BB78-EB09-4564-9372-C6EEE99BE3DB},180400011905,0.3547595,Yes
80442,490,Alameda,California,06,001,06001,744, ,119,490,25363,Hospital Creek,0,CA,{389C2E92-C899-40F6-9E36-0F6EE28260FC},180400020502,0.23222135,Yes
80297,491,Mariposa,California,06,043,06043,1458.2, ,219,491,9576,180400011801-Bear Creek,0,CA,{3AD07BDF-7239-4F1D-B388-6CEC8C212457},180400011803,0.16520088,Yes
80322,492,Santa Clara,California,06,085,06085,1298, ,191,492,19497,Quinto Creek,0,CA,{BCF1BB78-EB09-4564-9372-C6EEE99BE3DB},180400011905,0.3547595,Yes
87443,493,Santa Cruz,California,06,087,06087,447.4, ,64,493,31156,Los Gatos Creek,0,CA,{DA8B3506-A900-4E52-94D4-C3A74BDE7C21},180500030304,0.27726815,Yes
86711,494,San Francisco,California,06,075,06075,47.2, ,13,494,6258,Lobos Creek-Frontal San Francisco Bay Estuaries,0,CA,{AA8E9287-BA8E-4B64-AE6A-886BB48D2FF4},180500021001,0.1340015,Yes
87467,495,San Mateo,California,06,081,06081,454.9, ,63,495,13438,Stevens Creek,0,CA,{FF9A0851-D079-4642-880C-F8F9DAE0FC2B},180500041001,0.18993986,Yes
82064,496,Solano,California,06,095,06095,848.9, ,103,496,10611,Pleasants Creek,0,CA,{AD72D250-4EB2-46A8-BEA8-D44ACEB88563},180201620503,0.14728073,Yes
81114,497,Calaveras,California,06,009,06009,1042.6, ,188,497,12835,Upper Bear Creek,0,CA,{D0D3C05B-F052-4088-B436-C397FD7685E2},180400030405,0.18372821,Yes
235087,498,Lincoln,Nevada,32,017,32017,10637.4, ,30,498,38561,Sams Camp Wash,0,NV,{EFE0F272-E3D3-42AB-89FD-25A473145335},150100100404,0.41822814,Yes
363683,500,Wayne,Utah,49,055,49055,2466.5, ,37,500,35581,Red Canyon-Muddy Creek,0,UT,{6CC73702-859C-4E60-93F2-4D31F411AF22},140700040302,0.32602983,Yes
355715,502,San Juan,Utah,49,037,49037,7933.2, ,52,502,24036,Upper Coal Bead Canyon,0,"CO,UT",{EEACFD81-0D44-47BC-B0DC-ABA0AB2A9872},140802030204,0.20066083,Yes
355518,505,Washington,Utah,49,053,49053,2429.6, ,5,505,11800,Atkinville Wash,0,"AZ,UT",{8D51D98E-FC2D-4630-BE96-00373DA52C1B},150100100307,0.21612293,Yes
63752,507,Yavapai,Arizona,04,025,04025,8127.1, ,40,507,19425,Copper Canyon-Verde River,0,AZ,{255D2583-FE3B-498F-9A04-8C708E43F8A8},150602030303,0.26591347,Yes
81996,524,Yolo,California,06,113,06113,1023.3, ,124,524,55674,Natomas Main Drainage Canal-Sacramento River,0,CA,{84D4466A-223B-46DC-BB61-45F1760165C8},180201630701,0.3647434,Yes
83735,525,Alpine,California,06,003,06003,743.2, ,6,525,27918,Upper North Fork Stanislaus River,0,CA,{00BB5552-21CB-4C5A-ACAC-CAAEF5BE4929},180400100303,0.25928428,Yes
80038,527,Shasta,California,06,089,06089,3847.4, ,536,527,12470,Upper Cottonwood Creek,0,CA,{D77D6CFB-1AF0-4D74-9FA9-994144B1EDAD},180201520805,0.18411845,Yes
83869,528,Lassen,California,06,035,06035,4720.4, ,107,528,28939,Bare Creek,0,CA,{8B5EF69F-5FA8-4C42-A76F-ED47457359D4},180800010304,0.2800982,Yes
80038,532,Tehama,California,06,103,06103,2962.1, ,405,532,12470,Upper Cottonwood Creek,0,CA,{D77D6CFB-1AF0-4D74-9FA9-994144B1EDAD},180201520805,0.18411845,Yes
80277,533,Plumas,California,06,063,06063,2613.8, ,156,533,31541,Upper Mill Creek,0,CA,{7E47DE97-E54D-45BF-8ECC-0F6D87EA5843},180201560302,0.37533613,Yes
81010,534,Glenn,California,06,021,06021,1327, ,189,534,15802,Sour Grass Creek,0,CA,{87187468-9CF7-43EB-9A0F-BDAD3425A670},180201570306,0.2082436,Yes
81022,536,Butte,California,06,007,06007,1677.7, ,227,536,18855,Singer Creek,0,CA,{41BC4A44-E0A7-432C-8325-D7CDFCA13006},180201570404,0.30741399,Yes
93418,537,Sierra,California,06,091,06091,962, ,41,537,18239,Lavezzola Creek,0,CA,{ABC65201-F6A1-4425-A82E-03FADC422DF0},180201250103,0.23077417,Yes
81904,538,Yuba,California,06,115,06115,643.2, ,93,538,31018,Tennessee Creek-South Honcut Creek,0,CA,{D2F8534D-CAD3-479D-91C5-E381C1EBBEA3},180201590106,0.27276233,Yes
93478,540,Nevada,California,06,057,06057,974.8, ,89,540,24689,East Fork Creek-Middle Yuba River,0,CA,{F3E52191-E75F-43CD-BADA-457776C83D41},180201250505,0.23897923,Yes
81864,541,Colusa,California,06,011,06011,1156.2, ,144,541,32358,Campbell Slough-Butte Creek,0,CA,{A62AA294-9037-49CF-8E90-EF4B59CA6509},180201580404,0.32212284,Yes
81956,542,Placer,California,06,061,06061,1500.5, ,157,542,14483,Orchard Creek,0,CA,{20DA3B9A-9E6F-4AB0-8BAA-B1F3196587F7},180201610102,0.18469679,Yes
84783,544,El Dorado,California,06,017,06017,1790, ,185,544,33678,Bear River,0,CA,{1CFBF800-BD39-44FD-9A68-C378F7133111},180400120404,0.28234965,Yes
81892,545,Sutter,California,06,101,06101,608.4, ,54,545,177929,Drumheller Slough-Butte Creek,0,CA,{1E28B3A6-D539-45BC-95BB-F54FAE7A4EC9},180201041203,0.68791621,Yes
79998,547,Modoc,California,06,049,06049,4203.4, ,202,547,21167,Big Juniper Creek-Little Juniper Creek,0,CA,{B8D76CA0-2D03-4740-BA03-66236E35CD13},180200020402,0.2600635,Yes
298331,557,Wheeler,Oregon,41,069,41069,1715.5, ,20,557,28649,Willow Creek,0,OR,{3DF377C2-BC22-4B05-A972-836E1C4BDE64},170702011205,0.29802009,Yes
299049,558,Jefferson,Oregon,41,031,41031,1791.2, ,5,558,36574,Rhodes Canyon-John Day River,0,OR,{FECA08D2-75E8-4959-ABC7-3371DF6A2CBE},170702040409,0.29502499,Yes
355815,592,Box Elder,Utah,49,003,49003,6729, ,204,592,26574,Hay Canyon,0,"ID,UT",{9C07136C-7CE4-479F-B793-34548AA94A2B},160203090204,0.03696147,Yes
254511,909,San Miguel,New Mexico,35,047,35047,4735.6, ,46,909,16111,Outlet Garita Creek,0,NM,{1885BC92-7312-4AC3-B7A8-F046F5F5C854},110800050408,0.19983891,Yes
247067,910,Quay,New Mexico,35,037,35037,2881.8, ,139,910,32015,Hammond Ranch-Frio Draw,0,NM,{5C3B01EB-D22F-4BFD-AA76-F70509269B77},111201010305,0.25656904,Yes
250685,916,Lincoln,New Mexico,35,027,35027,4831.3, ,64,916,14416,Tortolita Arroyo,0,NM,{905BDF2D-757E-4C0E-95B1-778D4AF9221E},130500030502,0.17816695,Yes
247546,917,Chaves,New Mexico,35,005,35005,6075, ,101,917,19463,Burnt Canyon,0,NM,{BE36C0D7-4BA9-4A79-92B6-914D3FDD384C},130600100306,0.3079359,Yes
330596,918,Lubbock,Texas,48,303,48303,900.7, ,73,918,30493,Buffalo Springs Lake,0,TX,{5DBDE6A3-CC94-480D-A145-57D270637C26},120500030307,0.2899856,Yes
330740,919,Hockley,Texas,48,219,48219,908.6, ,114,919,41689,Goat Draw-Illusion Lake,0,TX,{F538F58F-2B7F-4985-9A68-5D4C8DC86974},CLOSED BASIN,0.27553587,Yes
330602,920,Cochran,Texas,48,079,48079,775.3, ,94,920,11593,120800010210-Sulphur Draw,0,TX,{4E775FCD-5F4B-4C96-BF6A-34E5FED35BF3},120800010211,0.19391395,Yes
247401,921,Otero,New Mexico,35,035,35035,6627.3, ,194,921,21202,North Fork-Pine Tree Canyon,0,NM,{E1CD8513-222A-4B66-A6B5-EA3D439E316F},130600090103,0.20411007,Yes
247067,928,Curry,New Mexico,35,009,35009,1407.8, ,71,928,32015,Hammond Ranch-Frio Draw,0,NM,{5C3B01EB-D22F-4BFD-AA76-F70509269B77},111201010305,0.25656904,Yes
255672,929,De Baca,New Mexico,35,011,35011,2333.8, ,49,929,29439,Lower Yeso Creek,0,NM,{66044011-36CB-454C-B027-7C3C0C38ADEE},130600030909,0.28041682,Yes
330469,930,Parmer,Texas,48,369,48369,885.2, ,99,930,35547,111201010204-Tierra Blanca Creek,0,"NM,TX",{8540AC6A-949F-4653-BC52-2FA79A66ED95},111201010504,0.25732188,Yes
330554,931,Castro,Texas,48,069,48069,899.3, ,67,931,38084,Bethel Church,0,TX,{9408E9DD-5B74-4457-8A7C-F91443412E98},120500050302,0.26078355,Yes
247696,932,Roosevelt,New Mexico,35,041,35041,2454.7, ,63,932,23192,120500010605,0,NM,{E42E1BDE-E255-40B0-8D43-DFE72D020222},120500010607,0.31451455,Yes
331254,933,Hale,Texas,48,189,48189,1004.8, ,25,933,32178,120500020505-Blackwater Draw,0,TX,{BC5E5C26-061A-4966-9537-4BC2403B712B},120500020507,0.31258229,Yes
330307,934,Randall,Texas,48,381,48381,922.4, ,104,934,30075,South Cita Creek-Cita Creek,0,TX,{68AE63BC-433C-4763-BFBA-7975B518C7DE},111201030112,0.3061504,Yes
330287,935,Deaf Smith,Texas,48,117,48117,1498.3, ,131,935,33109,111201020203,0,TX,{577BFA06-0CEC-4BA3-A8DC-DE9496151444},111201020204,0.27997887,Yes
330444,936,Lamb,Texas,48,279,48279,1017.7, ,76,936,39903,Silver Lake,0,TX,{9C18D281-948A-4301-902F-504181FCCFFC},120500010906,0.30389339,Yes
330444,937,Bailey,Texas,48,017,48017,827.4, ,91,937,39903,Silver Lake,0,TX,{9C18D281-948A-4301-902F-504181FCCFFC},120500010906,0.30389339,Yes
247053,938,Lea,New Mexico,35,025,35025,4394, ,156,938,35442,Brunson Ranch,0,"NM,TX",{0B650056-2C9A-4952-93D3-E642F7F853AA},130700070510,0.10925478,Yes
330378,939,Lynn,Texas,48,305,48305,893.5, ,98,939,29522,Guthrie Lake,0,TX,{4C25EC7E-AD25-4E0B-877C-6183FF327009},CLOSED BASIN,0.36415832,Yes
330840,940,Terry,Texas,48,445,48445,890.9, ,100,940,34056,Union School-Lost Draw,0,TX,{D7AC72F6-757B-4BB4-BE19-ACEA413F9A0C},120800010503,0.29863548,Yes
330529,941,Yoakum,Texas,48,501,48501,799.8, ,94,941,16748,120800010403-Lost Draw,0,TX,{DF17DB07-187C-4547-B2C5-5CA9C5AC77F6},120800010404,0.21099112,Yes
247889,942,Eddy,New Mexico,35,015,35015,4197.5, ,115,942,30414,Lone Tree Draw,0,NM,{6A72CB25-4254-4B4D-8512-ED82B237608C},130600111008,0.28224612,Yes
330392,943,Dawson,Texas,48,115,48115,902.1, ,113,943,20895,120500040306,0,TX,{276677D0-52DB-4EDE-8A78-FAD7A7E1DE32},CLOSED BASIN,0.22430532,Yes
330861,944,Gaines,Texas,48,165,48165,1502.8, ,158,944,14481,120800030209,0,"NM,TX",{86D3E6F8-93DE-4971-B719-128346101049},120800030501,0.08350914,Yes
330273,945,Martin,Texas,48,317,48317,915.6, ,110,945,21461,North Curtis Ranch,0,TX,{4E928A36-90F8-4367-A66F-6F3D26FC136C},120800041003,0.22807018,Yes
330273,946,Andrews,Texas,48,003,48003,1501, ,153,946,21461,North Curtis Ranch,0,TX,{4E928A36-90F8-4367-A66F-6F3D26FC136C},120800041003,0.22807018,Yes
330325,955,Potter,Texas,48,375,48375,922, ,120,955,33076,Upper West Amarillo Creek,0,TX,{AF1645A3-6A95-4212-90A7-406FB32062BE},110901050309,0.27841093,Yes
330332,956,Oldham,Texas,48,359,48359,1501.4, ,175,956,27314,East Fork Mujares Creek,0,TX,{86C784F2-3176-4F9A-814F-D7AA2EBA9E99},110901010502,0.22513674,Yes
246888,985,Union,New Mexico,35,059,35059,3830.8, ,125,985,18082,Blacksmith Canyon,0,"CO,NM,OK",{FBCC6779-A0D7-48DD-B04C-7E4597C85264},110400010908,0.21714401,Yes
330388,988,Sherman,Texas,48,421,48421,923.2, ,106,988,28327,Spurlock Chapel,0,TX,{AEFDA062-FF15-4609-8986-C86288FA4FB2},111001030502,0.27872215,Yes
255425,990,Harding,New Mexico,35,021,35021,2125.9, ,18,990,24252,Headwaters Del Muerto Creek,0,NM,{167148EC-9A8A-4E80-901C-D80A7CB17A31},110800070303,0.21219427,Yes
330395,991,Hartley,Texas,48,205,48205,1463.2, ,170,991,17740,Rita Blanca Creek-Rita Blanca Lake,0,TX,{6CA10DED-6422-4F4D-BBEB-85598CC51D6E},110901030408,0.26283488,Yes
330353,992,Moore,Texas,48,341,48341,909.6, ,119,992,18798,Town of Sunray-South Palo Duro Creek,0,TX,{3E04E08F-CDFF-43C2-B89F-8A6E99492C97},111001040210,0.19677777,Yes
330541,997,Carson,Texas,48,065,48065,924.1, ,107,997,38741,City of Groom-McClellan Creek,0,TX,{D069FF24-FA9D-4A79-9191-B1142D842E0D},111203010202,0.3327947,Yes
330387,998,Gray,Texas,48,179,48179,929.3, ,114,998,18026,Thut Creek,0,TX,{E38D16AA-D187-4D75-B3E5-F979668C9703},111203010304,0.22177144,Yes
330736,999,Wheeler,Texas,48,483,48483,915.3, ,105,999,28752,Bronco Creek,0,TX,{78D8FBB2-663A-4371-8FCB-5A2327DCBF48},111203020107,0.24091579,Yes
289108,1000,McIntosh,Oklahoma,40,091,40091,712.5, ,116,1000,32965,Black Haw Mountain,0,OK,{DE6B77FF-852A-4FCA-9DAF-BFCF9D39AFB6},110902040705,0.31614626,Yes
286891,1001,Alfalfa,Oklahoma,40,003,40003,881.4, ,7,1001,20442,110500020103 Unnamed Tributary,0,OK,{0D3B6430-01F7-458F-B23B-529AECE9B196},110500020106,0.2925561,Yes
287053,1003,Ellis,Oklahoma,40,045,40045,1231.7, ,42,1003,17309,110902010103-Cimarron River,0,OK,{468DBA45-A69C-4E5E-8BD5-33187E42505A},110902010110,0.24133962,Yes
286622,1004,Major,Oklahoma,40,093,40093,957.9, ,115,1004,39720,Cuddy Creek-West Creek,0,OK,{B31C393F-7C04-4D91-B569-748A97C13726},110500010508,0.30132665,Yes
330526,1005,Lipscomb,Texas,48,295,48295,932.2, ,119,1005,25614,Upper Ivanhoe Creek,0,"OK,TX",{E5AABD7A-13C0-4EE9-A2AE-F98CD3FEAC9C},111002030402,0.2748121,Yes
330282,1006,Hansford,Texas,48,195,48195,920.4, ,87,1006,25499,Lieb Cemetery-South Palo Duro Creek,0,TX,{FEB370AD-3C8D-4BA0-9433-B386EFB4A851},111001040304,0.30664864,Yes
330795,1007,Ochiltree,Texas,48,357,48357,918.1, ,113,1007,37308,Dugout Creek-Canadian River,0,TX,{30D6ACE3-07A8-40B0-B2C6-D78ADF0EAA16},110901060504,0.25516506,Yes
330507,1008,Roberts,Texas,48,393,48393,924.2, ,110,1008,26408,Lower Tallahone Creek,0,TX,{EE77B449-D31A-414E-B9EE-74BEC8F61194},110901060408,0.29221295,Yes
330819,1009,Hemphill,Texas,48,211,48211,912.1, ,102,1009,18014,Major Creek,0,TX,{A025929C-1699-4361-986A-61E3F4E86BA3},111303010104,0.19794036,Yes
330282,1010,Hutchinson,Texas,48,233,48233,894.9, ,120,1010,25499,Lieb Cemetery-South Palo Duro Creek,0,TX,{FEB370AD-3C8D-4BA0-9433-B386EFB4A851},111001040304,0.30664864,Yes
286137,1011,Woods,Oklahoma,40,151,40151,1290.1, ,43,1011,14401,110400080611-Cimarron River,0,"KS,OK",{A3DB1715-496D-4204-85A3-48A327A2D0E7},110500010305,0.12758101,Yes
286136,1012,Harper,Oklahoma,40,059,40059,1041, ,14,1012,14401,110400080611-Cimarron River,0,"KS,OK",{A3DB1715-496D-4204-85A3-48A327A2D0E7},110500010305,0.06677826,Yes
286432,1013,Woodward,Oklahoma,40,153,40153,1246, ,60,1013,29978,Elm Creek-Buffalo Creek,0,OK,{6AE11CCE-3E12-4C09-9A4E-2FF5A2103E6C},110500010306,0.30934523,Yes
286881,1014,Blaine,Oklahoma,40,011,40011,938.9, ,140,1014,36034,Sand Creek,0,OK,{A5035796-71B7-4BC0-9654-D8A004775BD7},110500020106,0.33755761,Yes
289477,1015,Dewey,Oklahoma,40,043,40043,1008.3, ,130,1015,30428,Turkey Creek,0,OK,{AC7FA72D-5AF4-4FAA-A254-D7508831697C},110902010309,0.29246666,Yes
287053,1016,Roger Mills,Oklahoma,40,129,40129,1146.6, ,79,1016,17309,110902010103-Cimarron River,0,OK,{468DBA45-A69C-4E5E-8BD5-33187E42505A},110902010110,0.24133962,Yes
289872,1017,Custer,Oklahoma,40,039,40039,1002, ,131,1017,42504,Rough Creek-Canadian River,0,OK,{D2BDD4D9-4B01-4FA2-8A57-CCB452F5DA97},110902010507,0.34752853,Yes
154506,1044,Linn,Kansas,20,107,20107,606.3, ,9,1044,33897,Middle Fork Little Osage River-Little Osage River,0,KS,{483CAC23-3E69-4E0E-9426-7783A6570F4F},102901030102,0.28787372,Yes
154506,1048,Bourbon,Kansas,20,011,20011,638.8, ,15,1048,33897,Middle Fork Little Osage River-Little Osage River,0,KS,{483CAC23-3E69-4E0E-9426-7783A6570F4F},102901030102,0.28787372,Yes
154950,1052,Cherokee,Kansas,20,021,20021,591, ,17,1052,21822,Fivemile Creek,0,"KS,MO,OK",{7950F915-81F8-4EC5-89C6-D5B685CD86D5},110702071002,0.14682919,Yes
157909,1054,Cowley,Kansas,20,035,20035,1132.6, ,5,1054,34098,Headwaters Rock Creek,0,"KS,OK",{EACB3FDE-D5A8-4C2E-9D8E-D99DA40D71E9},110701060107,0.29321432,Yes
154506,1060,Anderson,Kansas,20,003,20003,584.3, ,4,1060,33897,Middle Fork Little Osage River-Little Osage River,0,KS,{483CAC23-3E69-4E0E-9426-7783A6570F4F},102901030102,0.28787372,Yes
154506,1062,Allen,Kansas,20,001,20001,505.2, ,5,1062,33897,Middle Fork Little Osage River-Little Osage River,0,KS,{483CAC23-3E69-4E0E-9426-7783A6570F4F},102901030102,0.28787372,Yes
156678,1066,Montgomery,Kansas,20,125,20125,651.4, ,5,1066,16175,Claymore Creek-Verdigris River,0,"KS,OK",{6DE7E64F-4AE0-4F3F-AD2C-3AAA3F9D3B3F},110701030303,0.27535413,Yes
154569,1067,Labette,Kansas,20,099,20099,653.3, ,20,1067,22926,Turkey Creek-Labette Creek,0,"KS,OK",{E9D8B976-BCE4-4951-A3D0-02B0CAA03DF2},110702050605,0.32217515,Yes
156507,1068,Chautauqua,Kansas,20,019,20019,644.8, ,20,1068,40088,Hickory Creek-Caney River,0,"KS,OK",{E76D67E7-A657-4D90-B1D5-C2991B1C2F16},110701060503,0.26891955,Yes
286065,1069,Ottawa,Oklahoma,40,115,40115,484.7, ,67,1069,21822,Fivemile Creek,0,"KS,MO,OK",{7950F915-81F8-4EC5-89C6-D5B685CD86D5},110702071002,0.20827036,Yes
286151,1070,Osage,Oklahoma,40,113,40113,2303.8, ,303,1070,27937,Upper Little Beaver Creek,0,"KS,OK",{DC2C3C1C-7B94-4DB4-B69E-07F50789ED5C},110600010302,0.25052257,Yes
285830,1071,Delaware,Oklahoma,40,041,40041,792.3, ,91,1071,22099,Upper Honey Creek,0,"AR,MO,OK",{62E5B95D-46B1-4614-ACFB-13BC3727DACD},110702060302,0.10723042,Yes
286508,1072,Rogers,Oklahoma,40,131,40131,711.8, ,36,1072,39025,Mingo Creek,0,OK,{CD9D7CD9-C0B0-4E94-9533-A68718B9BF19},110701070405,0.33441488,Yes
287406,1073,Pawnee,Oklahoma,40,117,40117,594.9, ,95,1073,17094,Coon Creek-Red Rock Creek,0,OK,{9D7F27EB-AD6E-475D-AFD2-5BB1001869A5},110600060604,0.18381606,Yes
286681,1074,Mayes,Oklahoma,40,097,40097,683.5, ,49,1074,24058,Pensacola Dam-Lake O' The Cherokees,0,OK,{7FDC3C38-8B0F-4B22-8C8B-94C675D6DA67},110702090503,0.21608533,Yes
286489,1075,Tulsa,Oklahoma,40,143,40143,587, ,53,1075,24455,Skalall Creek-Bird Creek,0,OK,{DA2B9A95-300A-43AC-BA53-BF68214F95F2},110701070307,0.24299237,Yes
287513,1076,Payne,Oklahoma,40,119,40119,697.1, ,69,1076,28637,Long Branch,0,OK,{C5EDD7E5-1D08-49B4-BD12-57605D24AE35},110600060502,0.30600782,Yes
287086,1077,Kingfisher,Oklahoma,40,073,40073,905.9, ,60,1077,17364,Middle Salt Creek,0,OK,{AB1F7090-8ADF-4AFE-853A-6952BC4B78F9},110500020207,0.22387059,Yes
287650,1078,Logan,Oklahoma,40,083,40083,748.8, ,101,1078,31272,Lower Cottonwood Creek,0,OK,{8FEEFE55-559D-4A7A-9D0F-2FA7375A0148},110500020810,0.30743655,Yes
288062,1079,Lincoln,Oklahoma,40,081,40081,965.6, ,99,1079,32030,Walnut Creek-Cimarron River,0,OK,{C82082AB-C369-4A33-86C1-8E93ACD14738},110500030208,0.27964694,Yes
287429,1080,Canadian,Oklahoma,40,017,40017,905.4, ,48,1080,18067,110500020704 Unnamed Tributary,0,OK,{04ADDDD3-0D8A-48CF-AC33-277E7C97ECBD},110500020705,0.25081428,Yes
287650,1081,Oklahoma,Oklahoma,40,109,40109,718.4, ,30,1081,31272,Lower Cottonwood Creek,0,OK,{8FEEFE55-559D-4A7A-9D0F-2FA7375A0148},110500020810,0.30743655,Yes
286148,1082,Kay,Oklahoma,40,071,40071,945.1, ,50,1082,18318,Otter Creek-Grouse Creek,0,"KS,OK",{8253DC76-7084-4E46-B0E3-D56D7076BAAE},110600010402,0.06936656,Yes
286453,1084,Noble,Oklahoma,40,103,40103,742.4, ,48,1084,17022,City of Ponca City-Arkansas River,0,OK,{479A1E90-A68D-41EE-A0A2-D628F103B0F6},110600060601,0.21122599,Yes
287160,1085,Garfield,Oklahoma,40,047,40047,1059.9, ,42,1085,25235,110500020309-Cimarron River,0,OK,{6F109563-D11D-41E2-80BC-194B8A924CE7},110500020502,0.28824902,Yes
286249,1086,Craig,Oklahoma,40,035,40035,762.7, ,66,1086,22105,Headwaters Snow Creek,0,"KS,OK",{07EF1EE8-CDBF-49D5-A08F-47C0442A3923},110701030302,0.17931567,Yes
286246,1087,Nowata,Oklahoma,40,105,40105,580.9, ,49,1087,22056,Lower Onion Creek,0,"KS,OK",{42888BE5-18AC-4280-86B8-36D1D2DA6C3F},110701030207,0.15403761,Yes
286286,1088,Washington,Oklahoma,40,147,40147,424.2, ,63,1088,35756,Upper Copan Lake-Little Caney River,0,"KS,OK",{1B7C8AF5-741A-471B-A034-0662AD9ED879},110701060408,0.19218289,Yes
286982,1089,Cherokee,Oklahoma,40,021,40021,776.4, ,84,1089,33605,Upper Spring Creek,0,OK,{2BC58FA5-96FD-433C-B13B-9BDC86111537},110702090603,0.30931648,Yes
288134,1090,Creek,Oklahoma,40,037,40037,969.8, ,140,1090,35373,Lower Turkey Creek,0,OK,{C33B8010-FEB4-4F30-B503-3708C7CFCCD4},110500030503,0.29545834,Yes
287014,1091,Wagoner,Oklahoma,40,145,40145,590.7, ,56,1091,23263,Flat Rock Creek,0,OK,{D4A79890-30B4-4989-9231-039496F12801},110702090803,0.20916478,Yes
287049,1092,Muskogee,Oklahoma,40,101,40101,839, ,118,1092,16872,Flower Creek-Neosho River,0,OK,{7C8E827C-F5E0-4121-B3B6-34D6BA2AE843},111101020307,0.16579007,Yes
288530,1093,Okmulgee,Oklahoma,40,111,40111,702.3, ,126,1093,17669,Middle Duck Creek,0,OK,{93565726-4271-4DAF-A492-50035D94C03E},111101010203,0.20429153,Yes
289575,1094,Okfuskee,Oklahoma,40,107,40107,628.8, ,105,1094,23090,Upper Little  Wewoka Creek,0,OK,{B8E7CE08-4DFA-4656-825A-423D3F0A6F84},111003020502,0.25403093,Yes
290264,1095,Caddo,Oklahoma,40,015,40015,1290.3, ,171,1095,21389,Town of Hydro-Deer Creek,0,OK,{7C1FBF1C-281D-4F73-A62E-BDEF27A96335},110902010610,0.22377011,Yes
288552,1096,Beckham,Oklahoma,40,009,40009,904.1, ,47,1096,26068,Little Turkey Creek,0,OK,{2AC426B8-B672-4AC9-87FC-A1D69DF29640},111203020307,0.37014773,Yes
288923,1097,Washita,Oklahoma,40,149,40149,1009.1, ,46,1097,10973,111203020408 Unnamed Tributary,0,OK,{47D97407-76F3-4D77-ADFF-E8704EFE4110},111203020410,0.18797541,Yes
288864,1098,Pottawatomie,Oklahoma,40,125,40125,793.3, ,85,1098,29525,Horseshoe Lake-North Canadian River,0,OK,{917DF3BC-0230-480C-A70A-49BB083B3200},111003020204,0.26075325,Yes
289100,1099,Haskell,Oklahoma,40,061,40061,625.3, ,105,1099,22518,Upper Longtown Creek,0,OK,{9E388E1C-A518-469D-BF94-C875479EC3FE},110902040703,0.29024807,Yes
289185,1100,Seminole,Oklahoma,40,133,40133,640.7, ,93,1100,26465,Painter Creek-North Canadian River,0,OK,{667FAA77-86ED-477B-8405-68A92E99606D},111003020305,0.2365935,Yes
285945,1101,McCurtain,Oklahoma,40,089,40089,1901.3, ,251,1101,23352,McKinney Creek,0,"AR,OK",{A7A82874-BD29-4CB1-8292-20DB53751B78},111401060507,0.230877,Yes
330289,1102,Clay,Texas,48,077,48077,1116.2, ,134,1102,18608,Friendship Cemetery-Buffalo Creek,0,TX,{3782B14D-FF30-40A8-A52E-FA3BB7C1DA7D},111302090402,0.20099529,Yes
330404,1103,Montague,Texas,48,337,48337,938.4, ,127,1103,25663,Middle Beklnap Creek,0,TX,{6C601980-68E4-4FB8-BBE2-3C8102003357},111302010206,0.29240051,Yes
330797,1104,Red River,Texas,48,387,48387,1057.6, ,128,1104,10713,Claphand Creek,0,TX,{B6C26DF4-21A9-4D87-9633-250A0BC09992},111403020206,0.19318888,Yes
330515,1105,Grayson,Texas,48,181,48181,978.6, ,134,1105,32684,Treasure Island-Red River,0,"OK,TX",{89B4F149-CE46-4051-8277-FE69D2C9F1F2},111302100505,0.14670841,Yes
330300,1106,Cooke,Texas,48,097,48097,898.7, ,132,1106,14379,Lower Spring Creek,0,TX,{19255E1D-12A0-4A31-BE9A-0DBAF80BC324},120301030405,0.19574362,Yes
330807,1107,Lamar,Texas,48,277,48277,932.5, ,110,1107,35509,Headwaters Pine Creek,0,TX,{1FE6B4B7-0CC0-4F29-9656-1A52C6C8F114},111401010702,0.28519924,Yes
330534,1108,Fannin,Texas,48,147,48147,899.2, ,110,1108,25377,Valley Lake,0,"OK,TX",{527FFDFA-41DE-4360-B188-4DB78191C75D},111401010404,0.25653994,Yes
330386,1109,King,Texas,48,269,48269,913.3, ,104,1109,38929,Willow Creek-North Wichita River,0,TX,{9A6D2762-18D1-4824-99BD-6C0052CA03DE},111302040108,0.30122654,Yes
330480,1110,Dickens,Texas,48,125,48125,905.2, ,111,1110,20769,Roaring Spring-Tongue River,0,TX,{DFC88CF7-F69C-4A70-9E48-13BE9F77F1A1},111301040210,0.23840886,Yes
330374,1111,Crosby,Texas,48,107,48107,901.7, ,99,1111,39863,Blue Hole Creek-Sand Creek,0,TX,{414260B2-5248-43AC-BBC1-CB1321EB6405},120500060505,0.34559163,Yes
330363,1112,Archer,Texas,48,009,48009,925.8, ,110,1112,27162,Upper Lake Creek,0,TX,{4A100BEF-1B49-428F-9E45-9D5576B2F001},111302090502,0.26987939,Yes
330281,1113,Knox,Texas,48,275,48275,855.4, ,101,1113,33043,Mexican Creek-Millers Creek,0,TX,{16E83FF2-F283-454E-AD0D-1CE7E91DB4F8},120601010507,0.24989484,Yes
330281,1114,Baylor,Texas,48,023,48023,901, ,111,1114,33043,Mexican Creek-Millers Creek,0,TX,{16E83FF2-F283-454E-AD0D-1CE7E91DB4F8},120601010507,0.24989484,Yes
330953,1115,Erath,Texas,48,143,48143,1089.8, ,133,1115,26138,Upper Armstrong Creek,0,TX,{BEA3132E-9D5F-45F2-8CD3-D93BE5075EA0},120702010207,0.30063862,Yes
330358,1116,Navarro,Texas,48,349,48349,1086.3, ,157,1116,12306,Crab Creek,0,TX,{97757E19-CFD0-4C00-9D67-9C54C2AC501E},120301080405,0.14618653,Yes
330338,1117,Palo Pinto,Texas,48,363,48363,985.8, ,130,1117,11296,Lower Barton Creek,0,TX,{A86D3C09-84BC-45C8-B80C-EC3ABF5725CF},120602010809,0.18637554,Yes
330642,1118,Shackelford,Texas,48,417,48417,915.5, ,113,1118,22721,Murphy Creek-Foyle Creek,0,TX,{2A38A565-AA51-4D7A-83FE-4C85CEFC81CC},120601040202,0.23222218,Yes
330886,1119,Jones,Texas,48,253,48253,937.1, ,113,1119,26902,Middle Deadman Creek,0,TX,{CEDF3700-E6D6-4E33-8326-69B66DFB1AE3},120601020806,0.23778699,Yes
330452,1120,Fisher,Texas,48,151,48151,901.7, ,99,1120,20952,Outlet Cottonwood Creek,0,TX,{7FBF1A32-40D5-4856-B853-BBDA192C7556},120601020402,0.24227006,Yes
330449,1121,Scurry,Texas,48,415,48415,907.5, ,104,1121,34340,Canyon Creek,0,TX,{54BC3BF9-3EFB-47E6-BCF1-64BC427EE094},120800020706,0.26748008,Yes
330342,1122,Borden,Texas,48,033,48033,906, ,99,1122,34196,Salt Draw-Bull Creek,0,TX,{B82FC7E0-2D79-44E9-B8E4-57EA881A2BAC},120800020502,0.25918185,Yes
330321,1123,Stephens,Texas,48,429,48429,921.5, ,122,1123,39686,Upper Gunsolus Creek,0,TX,{16554D13-6689-495F-924A-E0D17B4C6D3B},120601050503,0.32905963,Yes
330276,1124,Taylor,Texas,48,441,48441,919.3, ,105,1124,36580,Upper Mulberry Creek,0,TX,{05004BA6-6720-4077-B81A-E359B9CB3FD4},120601020504,0.30699359,Yes
330288,1125,Howard,Texas,48,227,48227,904.2, ,105,1125,16352,Powell Creek,0,TX,{AF66B130-48F0-4223-B324-0F224624BC75},120800070106,0.19208133,Yes
330668,1126,Mitchell,Texas,48,335,48335,915.9, ,113,1126,13860,Cedar Canyon-Colorado River,0,TX,{3CE3EC45-1AAA-45DC-8BCE-E28047F063FC},120800021001,0.20940958,Yes
330276,1127,Nolan,Texas,48,353,48353,913.9, ,111,1127,36580,Upper Mulberry Creek,0,TX,{05004BA6-6720-4077-B81A-E359B9CB3FD4},120601020504,0.30699359,Yes
330371,1128,Kent,Texas,48,263,48263,902.9, ,135,1128,21429,West Prong Duck Creek,0,TX,{7A312A13-E9FC-477B-84C3-2F689EC83B9B},120500070410,0.20725183,Yes
330548,1129,Stonewall,Texas,48,433,48433,920.2, ,106,1129,24955,Moore Creek-Double Mountain Fork Brazos River,0,TX,{C14FCD22-52F3-4EDC-873A-3D028EE5AE38},120500040901,0.27313062,Yes
330859,1130,Garza,Texas,48,169,48169,896.2, ,104,1130,25751,Hensley Draw-Salt Fork Brazos River,0,TX,{BE521F32-453A-4434-9829-E7349F183000},120500070108,0.23883232,Yes
330298,1131,Haskell,Texas,48,207,48207,910.3, ,98,1131,11047,Little Timber Creek,0,TX,{A115037B-F95B-4F7F-A524-72C728C954BA},120601030205,0.13672882,Yes
330277,1132,Throckmorton,Texas,48,447,48447,915.5, ,107,1132,29899,Bush Knob Creek,0,TX,{71A06B6C-ED5C-4C1D-8161-1AF3460E6E68},120601010706,0.26991062,Yes
330544,1133,Young,Texas,48,503,48503,930.8, ,118,1133,39843,Dead Horse Creek-Brushy Creek,0,TX,{608B58ED-F087-4D90-8053-9C3347D49CD1},120301010107,0.37678315,Yes
330321,1134,Eastland,Texas,48,133,48133,931.9, ,115,1134,39686,Upper Gunsolus Creek,0,TX,{16554D13-6689-495F-924A-E0D17B4C6D3B},120601050503,0.32905963,Yes
330464,1135,Callahan,Texas,48,059,48059,901.3, ,112,1135,34978,Upper South Prong Pecan Bayou,0,TX,{EBAFD440-78A1-413E-A920-4669297DD1E9},120901070104,0.25326944,Yes
288590,1136,Comanche,Oklahoma,40,031,40031,1083.8, ,176,1136,11998,111302030607-West Cache Creek,0,OK,{B9A3A63A-5C84-4FF5-8BE3-DAE53DF08C86},111302030607,0.17614033,Yes
289640,1137,Jackson,Oklahoma,40,065,40065,803.9, ,76,1137,29369,Comeback Mountain.-Elk Creek,0,OK,{2E99D0DD-7498-4614-B9F2-DFF40DB63DC4},111203030404,0.33211758,Yes
330831,1138,Swisher,Texas,48,437,48437,900.7, ,89,1138,27317,111201040503-Tule Creek,0,TX,{511F631B-76A7-4218-8D6E-AAC603E1A0C9},111201040504,0.22667585,Yes
330500,1139,Briscoe,Texas,48,045,48045,901.6, ,114,1139,26559,Middle Los Lingos Creek,0,TX,{719591A2-20D0-426C-A1B2-CAE0E208CA09},111301030106,0.25253214,Yes
330361,1140,Childress,Texas,48,075,48075,713.6, ,81,1140,26743,Whites Creek-Prarie Dog Town Fork Red River,0,TX,{ADDA5A65-8699-4BA4-A2EC-0A149A6F3961},111201050503,0.25408767,Yes
330397,1141,Hall,Texas,48,191,48191,904.1, ,103,1141,29581,Lower Indian Creek,0,TX,{0B3ADB92-242F-44B9-903B-B737813720ED},111201050206,0.24403131,Yes
288610,1142,Tillman,Oklahoma,40,141,40141,879.4, ,71,1142,18131,Upper Spring Creek,0,OK,{A03BE4B5-69F7-4441-861F-004702E89C8A},111302030607,0.18837723,Yes
330348,1143,Hardeman,Texas,48,197,48197,697, ,80,1143,41607,Cottonwood Creek-Pease River,0,TX,{4A329D1D-AA3D-4897-8DA8-09C5BD0AE31D},111301050201,0.31697489,Yes
330480,1144,Motley,Texas,48,345,48345,989.8, ,125,1144,20769,Roaring Spring-Tongue River,0,TX,{DFC88CF7-F69C-4A70-9E48-13BE9F77F1A1},111301040210,0.23840886,Yes
330386,1145,Cottle,Texas,48,101,48101,901.6, ,113,1145,38929,Willow Creek-North Wichita River,0,TX,{9A6D2762-18D1-4824-99BD-6C0052CA03DE},111302040108,0.30122654,Yes
330549,1146,Floyd,Texas,48,153,48153,992.5, ,105,1146,19945,Cedar Hill,0,TX,{0613E0CB-557F-4409-8F6D-3C69B04733B5},CLOSED BASIN,0.21659093,Yes
330307,1147,Armstrong,Texas,48,011,48011,913.8, ,99,1147,30075,South Cita Creek-Cita Creek,0,TX,{68AE63BC-433C-4763-BFBA-7975B518C7DE},111201030112,0.3061504,Yes
330511,1148,Collingsworth,Texas,48,087,48087,919.4, ,113,1148,28781,McCormick Creek-Salt Fork Red River,0,TX,{56FA2D8C-84BB-4771-BC5C-B4E0088962E7},111202020108,0.24163615,Yes
330808,1149,Donley,Texas,48,129,48129,933, ,120,1149,38267,Betty Creek-Mulberry Creek,0,TX,{EAFDEEDE-71DE-4318-A170-E3C71E2EAF81},111201030606,0.36755501,Yes
288923,1150,Kiowa,Oklahoma,40,075,40075,1030.6, ,67,1150,10973,111203020408 Unnamed Tributary,0,OK,{47D97407-76F3-4D77-ADFF-E8704EFE4110},111203020410,0.18797541,Yes
288915,1151,Greer,Oklahoma,40,055,40055,643.7, ,49,1151,24685,Boggy Creek-North Fork Red River,0,OK,{57F75D12-5632-4A10-883E-315164322163},111203020409,0.24685277,Yes
290416,1152,Harmon,Oklahoma,40,057,40057,538.6, ,54,1152,21139,Hackberry Creek-Elm Fork Red River,0,OK,{FFA5E98B-8CDE-429E-AA27-8BB5973BCF99},111203040206,0.25669492,Yes
288611,1153,Cotton,Oklahoma,40,033,40033,641.9, ,111,1153,18131,Upper Spring Creek,0,OK,{A03BE4B5-69F7-4441-861F-004702E89C8A},111302030607,0.19218415,Yes
330437,1154,Wilbarger,Texas,48,487,48487,978.1, ,119,1154,37742,China Creek,0,TX,{D84A1F08-DB08-4356-9FE7-132BBBECB012},111301020205,0.35820566,Yes
330471,1155,Foard,Texas,48,155,48155,707.7, ,91,1155,26917,Blue Hole Creek,0,TX,{A71407BE-9709-4069-BA9E-0D65DEE6139E},111302040208,0.28892595,Yes
330437,1156,Wichita,Texas,48,485,48485,633, ,78,1156,37742,China Creek,0,TX,{D84A1F08-DB08-4356-9FE7-132BBBECB012},111301020205,0.35820566,Yes
288868,1157,Cleveland,Oklahoma,40,027,40027,558.7, ,17,1157,29779,North Deer Creek,0,OK,{0AB83590-2C50-4C56-80E3-CD34A76E184E},111003020204,0.38183048,Yes
291573,1158,Coal,Oklahoma,40,029,40029,521.3, ,87,1158,21607,Big Sandy Creek,0,OK,{7E561A72-441E-405C-ADB5-96A1648CE390},111401030105,0.22945291,Yes
288674,1159,Pushmataha,Oklahoma,40,127,40127,1422.8, ,203,1159,12332,Frazier Creek,0,OK,{D8108EE7-A0C7-4DE4-A5AC-D7BBD46E6703},111401050107,0.16398066,Yes
288448,1160,Atoka,Oklahoma,40,005,40005,990, ,151,1160,22135,Headwaters Brushy Creek,0,OK,{DE433534-6375-48E9-B0ED-C7112378C509},110902040407,0.26693378,Yes
288671,1161,Stephens,Oklahoma,40,137,40137,891.1, ,128,1161,37820,Headwaters Rush Creek,0,OK,{A8C50BD9-284E-4AB7-B584-7C626B75825F},111303030202,0.26029821,Yes
289752,1162,Murray,Oklahoma,40,099,40099,424.9, ,61,1162,25525,Eightmile Creek-Wildhorse Creek,0,OK,{3BC51B60-4F15-45CB-926B-6F01E00F5B3B},111303030507,0.2366892,Yes
290504,1163,Johnston,Oklahoma,40,069,40069,658.3, ,87,1163,31498,Oil Creek,0,OK,{7BBD9D6B-EB64-4FE8-AEBD-F0BA18546EB9},111303040104,0.32135028,Yes
289708,1164,Carter,Oklahoma,40,019,40019,833.7, ,112,1164,23553,Headwaters Hickory Creek,0,OK,{85FA6FAD-26E3-4B8C-8301-65AC45A9D0A8},111302100102,0.21309549,Yes
289340,1165,Jefferson,Oklahoma,40,067,40067,773.8, ,108,1165,15953,Lower Dry Creek,0,OK,{42E8A640-494E-44B0-A013-7FF7C40D8C2E},111302080307,0.17982285,Yes
288379,1166,Marshall,Oklahoma,40,095,40095,427, ,53,1166,26947,Delaware Bend-Red River,0,"OK,TX",{8DC3A17F-90F0-4973-B398-65EAD826FD77},111302100305,0.17974386,Yes
288361,1167,Love,Oklahoma,40,085,40085,531.9, ,82,1167,35240,Fish Creek-Red River,0,"OK,TX",{88245418-F5AB-4481-8C4F-29C98412BEAE},111302100202,0.14623845,Yes
288634,1168,Grady,Oklahoma,40,051,40051,1105.2, ,95,1168,21028,Lower Roaring Creek,0,OK,{5CB6BB44-64B8-46BC-8DF8-386FACC90C18},111303030107,0.21889959,Yes
288647,1169,McClain,Oklahoma,40,087,40087,579.7, ,41,1169,23010,Colbert Creek-Washita River,0,OK,{F306CDB7-F585-4689-A9F9-114832CDD684},111303030109,0.21957411,Yes
289767,1170,Pontotoc,Oklahoma,40,123,40123,725.5, ,105,1170,38550,Rock Creek,0,OK,{B16D5835-18F0-4269-B2C5-822AC7E1EB74},111303030603,0.31979715,Yes
288647,1171,Garvin,Oklahoma,40,049,40049,813.7, ,110,1171,23010,Colbert Creek-Washita River,0,OK,{F306CDB7-F585-4689-A9F9-114832CDD684},111303030109,0.21957411,Yes
288422,1172,Pittsburg,Oklahoma,40,121,40121,1377.9, ,179,1172,11887,Adamson-Gains Creek,0,OK,{B5F5579A-E08D-4EE2-B4DA-71CE0DF797D6},110902040602,0.16042839,Yes
288787,1173,Hughes,Oklahoma,40,063,40063,814.6, ,117,1173,36501,Upper Coal Creek,0,OK,{EC8C946C-2791-429C-9094-664466BC0C68},110902040506,0.35548826,Yes
288418,1174,Latimer,Oklahoma,40,077,40077,729.1, ,138,1174,15834,Boiling Springs-Gains Creek,0,OK,{0CB16431-0A54-4CA4-8C7D-A9CCD8D96F7B},110902040309,0.2199596,Yes
288389,1175,Bryan,Oklahoma,40,013,40013,943.4, ,133,1175,30664,Denison Dam-Red River,0,"OK,TX",{2AE317E5-29AF-4866-B98C-0A0B12C46FC4},111401010201,0.11893607,Yes
288741,1176,Choctaw,Oklahoma,40,023,40023,800.7, ,118,1176,30103,Palmer Lake-Red River,0,"OK,TX",{D6FF6C97-0D6A-4459-B647-F72E82737C44},111401010806,0.08214293,Yes
330693,1177,Jack,Texas,48,237,48237,920.1, ,125,1177,14805,Hall Creek-West Fork Trinity River,0,TX,{6327526D-E102-4EDF-9D77-A382F0DB724C},120301010304,0.25329457,Yes
330366,1178,Collin,Texas,48,085,48085,886.2, ,126,1178,18376,Lower Wilson Creek,0,TX,{543482E6-8DB2-43BF-9E7C-11E8C7269C3B},120301060208,0.23918772,Yes
330434,1179,Wood,Texas,48,499,48499,695.8, ,103,1179,38200,Gunstream Lake-Big Sandy Creek,0,TX,{22404D84-D176-4BD4-B88D-E3367416A25B},120100020205,0.2628629,Yes
330390,1180,Parker,Texas,48,367,48367,909.5, ,124,1180,13132,Squaw Creek-Clear Fork Trinity River,0,TX,{A0CF0D03-D5B9-45E4-91A8-AD4E9B86141E},120301020208,0.18486722,Yes
330347,1181,Tarrant,Texas,48,439,48439,897.6, ,135,1181,38016,Blue Creek-Eagle Mountain Lake,0,TX,{CFB95241-1D0F-4B7E-86CE-95A54ADAE8ED},120301010606,0.27372311,Yes
330485,1182,Dallas,Texas,48,113,48113,907.7, ,128,1182,21201,Indian Creek-Elm Fork Trinity River,0,TX,{B1BD2708-A087-4317-972E-39E0AFA07807},120301031004,0.20762903,Yes
330804,1183,Rains,Texas,48,379,48379,259, ,44,1183,25221,Arr Branch-Lake Fork Creek,0,TX,{348A291D-FBF5-414E-863B-35285CD26190},120100030103,0.26629506,Yes
331571,1184,Gregg,Texas,48,183,48183,276.3, ,47,1184,24066,Grace Creek,0,TX,{7E29D06B-0915-41BE-A022-BE88A3FA6CC7},120100020506,0.2185835,Yes
331552,1185,Johnson,Texas,48,251,48251,733.8, ,84,1185,28785,Wilson Creek-Brazos River,0,TX,{17FE40A1-4689-4E61-9356-A876914B2629},120602011303,0.25062943,Yes
331552,1186,Hood,Texas,48,221,48221,437, ,54,1186,28785,Wilson Creek-Brazos River,0,TX,{17FE40A1-4689-4E61-9356-A876914B2629},120602011303,0.25062943,Yes
330349,1187,Ellis,Texas,48,139,48139,951.9, ,135,1187,14285,Middle Waxahachie Creek,0,TX,{8983D7FF-8D1F-4A20-ACC5-C950AFAB056C},120301090306,0.1758217,Yes
330302,1188,Somervell,Texas,48,425,48425,192, ,30,1188,13209,Lower East Bosque River,0,TX,{728680DE-445F-4EA6-9340-5C2E87179EE5},120602040304,0.20903016,Yes
330347,1189,Wise,Texas,48,497,48497,922.7, ,118,1189,38016,Blue Creek-Eagle Mountain Lake,0,TX,{CFB95241-1D0F-4B7E-86CE-95A54ADAE8ED},120301010606,0.27372311,Yes
330300,1190,Denton,Texas,48,121,48121,958.2, ,133,1190,14379,Lower Spring Creek,0,TX,{19255E1D-12A0-4A31-BE9A-0DBAF80BC324},120301030405,0.19574362,Yes
330939,1191,Delta,Texas,48,119,48119,277.9, ,51,1191,32198,Maxwell Creek-North Sulphur River,0,TX,{1F5746EE-D600-4536-8315-65F2D31A473F},111403010308,0.26821886,Yes
330768,1192,Hunt,Texas,48,231,48231,881.8, ,109,1192,28296,Middle Sulphur River,0,TX,{CC35AE5D-81CB-42F3-AA61-5BAC1FA2F6A4},111403010203,0.26483843,Yes
330561,1193,Titus,Texas,48,449,48449,425.7, ,55,1193,42223,Lacy Creek-White Oak Creek,0,TX,{E45AD1BE-4724-47E0-8106-44F6A53E9198},111403030207,0.48800689,Yes
330789,1194,Franklin,Texas,48,159,48159,294.8, ,45,1194,21738,Lewis Creek-White Oak Creek,0,TX,{86781173-AE47-47AD-856C-78BBAB50ADA8},111403030206,0.22299698,Yes
330306,1195,Hopkins,Texas,48,223,48223,793.1, ,102,1195,20918,Stouts Creek,0,TX,{7C9067D8-761D-4ADD-A295-6599D17DB94E},111403030111,0.23191595,Yes
331220,1196,Camp,Texas,48,063,48063,203.2, ,35,1196,11152,Jakes Creek-Big Cypress Creek,0,TX,{902C1806-E453-4330-90BE-763E4764F166},111403050204,0.1662514,Yes
331419,1197,Rockwall,Texas,48,397,48397,148.8, ,23,1197,15497,Rowlett Creek-East Fork Trinity River,0,TX,{D746AF7D-D942-40C8-8C65-559D78C6C17A},120301060503,0.1565021,Yes
330760,1198,Upshur,Texas,48,459,48459,592.8, ,82,1198,21974,Meddlin Creek,0,TX,{40EF2B10-C2BF-445E-8609-AB4711CCAB45},111403050404,0.248039,Yes
330323,1199,Kaufman,Texas,48,257,48257,806.4, ,123,1199,15754,Rocky Cedar Creek,0,TX,{DDD7EF74-A4B0-419C-B3B3-9F8783E6132F},120301070203,0.20857433,Yes
330426,1200,Van Zandt,Texas,48,467,48467,859.4, ,101,1200,26331,Pottawatomie Creek-Kickapoo Creek,0,TX,{87C624FF-4103-4C9D-ADBB-89D4DA7ABABD},120200010204,0.21323932,Yes
330309,1201,Smith,Texas,48,423,48423,949.9, ,115,1201,24450,Horsley Creek,0,TX,{8EC2CB72-4A76-4A99-9308-3AD88BC670DF},120200010103,0.22349858,Yes
330326,1202,Henderson,Texas,48,213,48213,949.1, ,125,1202,16662,Headwaters Bois d'Arc Creek,0,TX,{91C7D89E-D8F3-4324-A9DE-9208C7CDD278},120301050407,0.17556917,Yes
265978,1205,Hyde,North Carolina,37,095,37095,692, ,28,1205,36279,Old Canal-Scuppernong River,0,NC,{D2E81033-1968-4472-A24D-61E7D23E5B63},030102050205,0.30368455,Yes
116930,1206,Tattnall,Georgia,13,267,13267,488.2, ,61,1206,49995,Slaughter Creek-Altamaha River,0,GA,{F189E46B-8455-42EF-B961-389D872BFE0F},030701060308,0.44169113,Yes
74243,1207,White,Arkansas,05,145,05145,1042.2, ,75,1207,26889,Outlet Raft Creek,0,AR,{92040FE2-B48A-417A-B738-1E2285F9063F},080203010503,0.33593069,Yes
326031,1208,Shelby,Tennessee,47,157,47157,783.7, ,13,1208,80970,Bear Creek-Mississippi River,0,"AR,TN",{EEE1106C-1006-4E5E-9556-65E9D9DB79EF},080101000702,0.37001451,Yes
74115,1209,Conway,Arkansas,05,029,05029,566.7, ,74,1209,24188,Mountain View-East Fork Point Remove Creek,0,AR,{ADCB7E02-398A-4C8A-B979-365D6739C8F8},111102030202,0.24413935,Yes
73995,1210,Sebastian,Arkansas,05,131,05131,545.9, ,101,1210,26791,Upper Vache Grasse Creek,0,AR,{AAA869AC-F2D6-4C33-89C2-0CD66908F841},111102010102,0.24935976,Yes
74138,1211,Cross,Arkansas,05,037,05037,622.3, ,28,1211,35408,Lick Creek-L'Anguille River,0,AR,{6E6C23C3-81BA-4F85-9525-1FFE028413C5},080202050409,0.32511855,Yes
74257,1212,Woodruff,Arkansas,05,147,05147,594.1, ,56,1212,17039,Gum Flat Bayou,0,AR,{79A813B1-7325-47A4-A24F-309F9A482AA6},080203020708,0.33560505,Yes
285877,1213,Le Flore,Oklahoma,40,079,40079,1608, ,253,1213,27537,Cherokee Chute-Arkansas River,0,"AR,OK",{B6698E18-D190-4D9D-8993-857592DEE629},111101040612,0.27526494,Yes
1097,1214,Franklin,Alabama,01,059,01059,646.5, ,20,1214,31143,Rock Creek-Mud Creek,0,AL,{C956CB7C-DAE7-4319-A36E-CE8D005B99B8},060300050302,0.28963539,Yes
74010,1215,Arkansas,Arkansas,05,001,05001,1033.8, ,122,1215,32294,Saw Mill Bend Cutoff-Lower Arkansas Outlet,0,AR,{FAD199CC-58EA-48CB-A794-D76BDC0EF67B},080204010405,0.26182317,Yes
74007,1216,Desha,Arkansas,05,041,05041,819.5, ,83,1216,45840,Canal No. 43,0,AR,{E2A227CE-4BCC-4531-BCC6-278BF1CA6E61},080500020203,0.46649911,Yes
200290,1217,Bolivar,Mississippi,28,011,28011,905.8, ,76,1217,133125,80201000200,0,"AR,MS",{DAC5F2CB-DF81-4AE4-8A15-BBDFC1625737},080201000302,0.58738359,Yes
2049,1218,Lamar,Alabama,01,075,01075,605.5, ,51,1218,32795,Lost Creek-Buttahatchee River,0,"AL,MS",{2A608A9B-77D4-40A4-84BF-5B7EE7F17B0A},031601030601,0.22741505,Yes
74020,1219,Hempstead,Arkansas,05,057,05057,741.4, ,108,1219,31301,Pate Creek-Terre Rouge Creek,0,AR,{EB0A4480-9147-421F-A5CD-C8E07279422B},080401030605,0.38349321,Yes
200548,1220,Sunflower,Mississippi,28,133,28133,707.2, ,39,1220,15621.99435,Little Jack Bayou,0,MS,{20C4055F-69FF-4CA9-A53C-460B1303ECB1},080302070803,0.24216789,Yes
73992,1221,Nevada,Arkansas,05,099,05099,620.8, ,89,1221,12405,Lower White Oak Creek,0,AR,{9F4F91FD-47A8-4E39-89D1-9A15CC984AA6},080401030907,0.21724231,Yes
74172,1222,Little River,Arkansas,05,081,05081,564.9, ,85,1222,23352,McKinney Creek,0,"AR,OK",{A7A82874-BD29-4CB1-8292-20DB53751B78},111401060507,0.062461,Yes
73992,1223,Ouachita,Arkansas,05,103,05103,739.6, ,110,1223,12405,Lower White Oak Creek,0,AR,{9F4F91FD-47A8-4E39-89D1-9A15CC984AA6},080401030907,0.21724231,Yes
200538,1224,Leflore,Mississippi,28,083,28083,606.3, ,58,1224,31145.64281,Lake Henry,0,MS,{D39ACF87-BAA3-48F2-9D1D-EDF8B85AE7EF},080302070803,0.32374766,Yes
197276,1225,Clay,Mississippi,28,025,28025,416, ,59,1225,20347,Fuller Creek-Town Creek,0,MS,{6F74FB13-9ED3-4F9D-A1EA-A1621D5BFC50},031601011302,0.21285739,Yes
74080,1226,Calhoun,Arkansas,05,013,05013,632.5, ,89,1226,35483,Little Two Bayou-Two Bayou,0,AR,{D5A59AF6-DBD9-4E05-9802-D77F36C7EBF6},080402010702,0.26347984,Yes
170193,1227,Franklin,Louisiana,22,041,22041,635.4, ,92,1227,21233,Cow Bayou-Big Creek,0,LA,{7CD63C2B-9F56-46FA-94CD-128752131BC4},080500011006,0.24564957,Yes
330491,1228,Rusk,Texas,48,401,48401,938.6, ,115,1228,35002,McNeil Creek-Bowles Creek,0,TX,{E7B8CE2A-E18D-4BB9-AB92-2F970B034919},120200040302,0.2686497,Yes
168427,1229,De Soto,Louisiana,22,031,22031,894.6, ,133,1229,25858,Bushneck Bayou,0,LA,{7809FAF4-5548-46B9-B754-C8ECCC21FE20},120100040303,0.26701206,Yes
168047,1230,Red River,Louisiana,22,081,22081,402.1, ,70,1230,26037,Castor Creek,0,LA,{CC16CA72-938F-43D4-BCF1-345F0989D124},111402090304,0.24327879,Yes
74001,1231,Drew,Arkansas,05,043,05043,835.7, ,94,1231,29351,Brown Creek,0,AR,{425E1DB5-73ED-4A15-AD30-A04688EF7B34},080402040406,0.23513976,Yes
167529,1232,Caddo,Louisiana,22,017,22017,936.4, ,130,1232,15137,Stillhouse Bayou-Red River,0,"AR,LA",{E79BC399-1AC6-4F8B-8075-31FEDFC8C13C},111402020101,0.23315158,Yes
167521,1233,Bossier,Louisiana,22,015,22015,867.2, ,113,1233,22922,Upper Posten Bayou,0,"AR,LA",{DEC7CC12-E3E9-4F87-9AC9-68C90ED7EBCA},111402010503,0.10790714,Yes
167533,1234,Webster,Louisiana,22,119,22119,615.1, ,88,1234,24587,Little Crooked Creek-Crooked Creek,0,"AR,LA",{5829C5BC-0BA6-4CE9-9D01-5C62506A2094},111402030208,0.15940411,Yes
167481,1235,Claiborne,Louisiana,22,027,22027,767.5, ,90,1235,28685,Beene Creek-Little Cornie Bayou,0,"AR,LA",{60E91819-BD28-4948-8DFE-8914CA8660E5},080402060107,0.23851681,Yes
167449,1236,Union,Louisiana,22,111,22111,905.3, ,119,1236,30747,Frank Lapere Creek,0,"AR,LA",{04F340F7-B3AA-4A06-9B74-BDBD6DB3139C},080402020304,0.23817466,Yes
167451,1237,Morehouse,Louisiana,22,067,22067,805.2, ,109,1237,26620,Snake Creek,0,"AR,LA",{A4CA0422-5B81-45EE-813F-601D7C897224},080402020404,0.14703581,Yes
167503,1238,West Carroll,Louisiana,22,123,22123,360.3, ,22,1238,29887,Caney Bayou,0,"AR,LA",{0D13BA7C-BE42-42B4-8F05-2FD772070FF0},080500010503,0.17060468,Yes
167649,1239,Bienville,Louisiana,22,013,22013,821.8, ,133,1239,39230,Sugar Creek,0,LA,{A4756BBA-80FE-4FD8-A859-036F8FCE280F},080402060705,0.3164792,Yes
330278,1240,Panola,Texas,48,365,48365,821.3, ,114,1240,29708,Henderson Creek-Brushy Creek,0,TX,{6565685A-217B-4B08-BD51-257A1DB9463C},120100021008,0.34280392,Yes
168075,1241,Caldwell,Louisiana,22,021,22021,540.7, ,87,1241,25325,Cypress Creek,0,LA,{0D9A2E9A-DB3C-45C3-85ED-0A2B19E03BA1},080402070206,0.24112189,Yes
330285,1242,Marion,Texas,48,315,48315,420.4, ,76,1242,14216,Johnson Creek-Big Cypress Creek,0,TX,{C0F01E13-1583-447C-A9D4-2519BBDA7A89},111403050406,0.19855782,Yes
330354,1243,Harrison,Texas,48,203,48203,915.1, ,124,1243,17369,Upper Potters Creek,0,TX,{F5CE9E3B-E354-4701-9AF9-CAA755B6F4C3},120100020702,0.19310063,Yes
330520,1244,Bowie,Texas,48,037,48037,922.8, ,131,1244,21212,Akin Creek,0,TX,{0795E324-4027-4057-B1B3-89D11E093062},111403020703,0.22194116,Yes
74002,1245,Miller,Arkansas,05,091,05091,637.5, ,89,1245,18741,West Fork Kelly Bayou,0,"AR,LA",{5A06B6B9-D13C-4653-BB0F-3775907222E6},111403040103,0.20353327,Yes
74032,1246,Lafayette,Arkansas,05,073,05073,545.1, ,82,1246,23879,Heirs Branch-Bodcau Creek,0,AR,{B05E99ED-0BB1-417F-BFAA-A31F44E584A6},111402050205,0.24336687,Yes
74000,1247,Columbia,Arkansas,05,027,05027,766.9, ,100,1247,16300,Hurricane Creek-Cornie Bayou,0,AR,{8B7ADD48-D936-4863-8621-C17DFD61578B},080402060105,0.19025326,Yes
330747,1248,Morris,Texas,48,343,48343,258.6, ,37,1248,35486,Village Creek-White Oak Creek,0,TX,{67BAD504-8DA7-4E9B-AE51-751D106ED28F},111403020404,0.30134612,Yes
330905,1249,Cass,Texas,48,067,48067,960.3, ,123,1249,22840,Bear Creek-Jim Bayou,0,TX,{3814D53E-5F92-491A-9C8B-1F0FDE17AFD6},111403060308,0.2725577,Yes
74067,1250,Bradley,Arkansas,05,011,05011,654.4, ,97,1250,19815,Spring Hill Creek-L'Aigle Creek,0,AR,{916CFC68-72DB-4532-B334-E9375E23D5C1},080402040607,0.24721626,Yes
73989,1251,Ashley,Arkansas,05,003,05003,939.1, ,118,1251,22492,Camp Bayou Canal-Boeuf River,0,"AR,LA",{BA0F929A-9CF3-46A9-9ABA-42E6FD837B7F},080500010706,0.25406523,Yes
73993,1252,Union,Arkansas,05,139,05139,1055.3, ,153,1252,14047,Sleep Bank Creek,0,"AR,LA",{71FE26C2-F406-4F97-8918-2D9C2FBBC081},080402020404,0.18562263,Yes
167641,1253,Lincoln,Louisiana,22,061,22061,472.3, ,69,1253,23338,Cane Creek-Middle Fork Bayou D'arbonne,0,LA,{9792FD1C-1CCE-4A5E-970D-2C14AF43B210},080402060606,0.22327049,Yes
167581,1254,Ouachita,Louisiana,22,073,22073,632.7, ,91,1254,27168,Jones Bayou-Ouachita River,0,LA,{6737227B-8154-4704-8940-A26E4071B500},080402070202,0.52854921,Yes
169736,1255,Richland,Louisiana,22,083,22083,564.5, ,87,1255,19346,Lower Bayou Bonne Idee,0,LA,{CA9B112D-ADDB-4F68-B0CA-A661B84BA6CE},080500010707,0.25955396,Yes
167681,1256,Jackson,Louisiana,22,049,22049,580.3, ,83,1256,33325,South Choudrant Creek,0,LA,{E173FAED-E794-4EF6-9847-887D96BB9F0B},080402060802,0.31409612,Yes
74027,1257,Logan,Arkansas,05,083,05083,731.5, ,111,1257,26269,Scotts Creek-Petit Jean River,0,AR,{A2BBD9B2-5F54-41E3-8B4A-409E58100C7E},111102040205,0.26902076,Yes
74180,1258,Perry,Arkansas,05,105,05105,560.6, ,92,1258,35151,Reece Creek-Maumelle River,0,AR,{D5545597-A3AF-4BF6-94B3-43DF5C7B8D50},111102070107,0.28857832,Yes
73991,1259,Saline,Arkansas,05,125,05125,730.5, ,98,1259,25940,Clear Creek-Rennington Bayou,0,AR,{84C35911-3824-4428-A328-CB74441EEA7D},111102070405,0.2584537,Yes
73985,1260,Garland,Arkansas,05,051,05051,734.6, ,90,1260,27968,Upper North Fork Ouachita River,0,AR,{8F914E6D-A165-4437-BDDE-C50B72362DB3},080401010504,0.28301582,Yes
74034,1261,Montgomery,Arkansas,05,097,05097,800.3, ,108,1261,19959,Upper Irons Fork,0,AR,{EBD0A9EE-350E-4D2B-9F50-69C0DC376FB8},080401010502,0.20099529,Yes
74008,1262,Polk,Arkansas,05,113,05113,862.4, ,111,1262,34712,Headwaters Cossatot River,0,AR,{4DD91A77-0E2D-4B60-8BD6-8428CEBD8E4C},111401090403,0.32003227,Yes
73982,1263,Hot Spring,Arkansas,05,059,05059,622.2, ,101,1263,23455,Middle L'Eau Frais Creek,0,AR,{91B6C159-D854-41D3-8E30-90CD10BC2EFA},080401020505,0.26142012,Yes
74009,1264,Clark,Arkansas,05,019,05019,882.6, ,130,1264,29619,Terre Noire Creek Outlet,0,AR,{1F71820D-5CD7-476D-AE69-DA8F1710917D},080401030908,0.23534362,Yes
74162,1265,Howard,Arkansas,05,061,05061,595.2, ,84,1265,27232,Upper Mine Creek,0,AR,{B7DDE991-9C62-4138-819F-D7B3886760FE},111401091002,0.25926411,Yes
74087,1266,Pike,Arkansas,05,109,05109,613.9, ,91,1266,15143,Saline Creek,0,AR,{485DBCA8-9FD9-466B-AFA3-459D8E6C040B},080401030505,0.25835727,Yes
74084,1267,Sevier,Arkansas,05,133,05133,581.3, ,75,1267,16683,Cane Creek,0,"AR,OK",{6CCC109E-927F-4AA7-BDAE-FC9F66B4B2CC},111401090204,0.19272679,Yes
74034,1268,Yell,Arkansas,05,149,05149,948.8, ,137,1268,19959,Upper Irons Fork,0,AR,{EBD0A9EE-350E-4D2B-9F50-69C0DC376FB8},080401010502,0.20099529,Yes
74016,1269,Scott,Arkansas,05,127,05127,898.2, ,135,1269,24534,East Shadley Creek-Poteau River,0,"AR,OK",{132CE293-6A14-4D17-8B77-326097935957},111101050303,0.24391577,Yes
74040,1270,Faulkner,Arkansas,05,045,05045,664.2, ,28,1270,22236,Little Palarm Creek-Palarm Creek,0,AR,{1D101988-501F-4149-A3FA-730F93AF7FD8},111102030507,0.21102214,Yes
74094,1271,Prairie,Arkansas,05,117,05117,675.7, ,58,1271,31775,Miller Creek-White River,0,AR,{E5C1F72F-C02F-4F46-B7EC-D5A6C531B195},080203030502,0.23168387,Yes
74430,1272,Lonoke,Arkansas,05,085,05085,803.1, ,3,1272,22492,Lower Crooked Creek,0,AR,{735132E9-3A1B-44C2-8739-FAC544F29A87},080204020305,0.2686687,Yes
74037,1273,Pulaski,Arkansas,05,119,05119,806.8, ,63,1273,35298,White Oak Bayou,0,AR,{860AB49B-62FC-4D79-9265-C926EC3FEFFE},111102070402,0.33343962,Yes
74051,1274,Grant,Arkansas,05,053,05053,633, ,81,1274,31207,Simpson Creek,0,AR,{FC42629B-C9A5-4046-87C7-37DDD0355FB3},080402030404,0.2836719,Yes
74051,1275,Jefferson,Arkansas,05,069,05069,914, ,90,1275,31207,Simpson Creek,0,AR,{FC42629B-C9A5-4046-87C7-37DDD0355FB3},080402030404,0.2836719,Yes
74072,1276,Lincoln,Arkansas,05,079,05079,572.2, ,76,1276,23082,Bradshaw Brake-Fish Lake,0,AR,{49B2BA85-BE39-4522-97AD-CD44604CD200},080402050303,0.21342702,Yes
74086,1277,Dallas,Arkansas,05,039,05039,668.2, ,103,1277,23706,Guice Creek-Moro Creek,0,AR,{64BCE85B-ECBB-4A78-8458-BC7114B80B09},080402010105,0.32054192,Yes
74072,1278,Cleveland,Arkansas,05,025,05025,598.8, ,88,1278,23082,Bradshaw Brake-Fish Lake,0,AR,{49B2BA85-BE39-4522-97AD-CD44604CD200},080402050303,0.21342702,Yes
74578,1279,Crittenden,Arkansas,05,035,05035,636.7, ,30,1279,34473,Frenchman's Bayou,0,AR,{9C2862CE-9DCF-4309-B087-D7C492E9BBA1},080202031104,0.38379183,Yes
326333,1280,Hardeman,Tennessee,47,069,47069,670.4, ,13,1280,32871,Big Creek-Muddy Creek,0,"MS,TN",{86ECE9D8-27AE-4F02-BB31-9709EA2D8B98},080102070803,0.213736,Yes
325920,1281,Hardin,Tennessee,47,071,47071,596.3, ,39,1281,30126,Dry Creek-Pickwick Lake,0,"AL,MS,TN",{344FDD33-BBAD-4A18-8966-A05541BAC7F8},060400010504,0.24209853,Yes
326349,1282,Fayette,Tennessee,47,047,47047,706.2, ,13,1282,23366,Indian Creek,0,"MS,TN",{555FC602-F329-4242-8D2A-0C80CCFAB6C2},080102100208,0.16656909,Yes
326317,1283,McNairy,Tennessee,47,109,47109,560.8, ,28,1283,28485,Sevenmile Creek-Chambers Creek,0,"MS,TN",{FA113D15-B8B7-4995-9B13-9B7EA95202B0},060400010502,0.19929438,Yes
74690,1284,Monroe,Arkansas,05,095,05095,621.4, ,54,1284,21178,Hill Bayou-Indian Bayou,0,AR,{74A4C513-B721-446D-930A-4B397EC73085},080203030510,0.24657035,Yes
197094,1285,Marshall,Mississippi,28,093,28093,709.8, ,62,1285,34259,Clear Creek-Wolf River,0,"MS,TN",{F1703209-662C-4E43-8241-0109D0834E63},080102100302,0.30134483,Yes
200396,1286,Tunica,Mississippi,28,143,28143,480.8, ,33,1286,26348.95039,Thomasson Bayou,0,MS,{9F44EF77-322A-4656-BE61-1B73B2BEA080},080302041104,0.32892819,Yes
74166,1287,Phillips,Arkansas,05,107,05107,727.3, ,34,1287,133125,80201000200,0,"AR,MS",{DAC5F2CB-DF81-4AE4-8A15-BBDFC1625737},080201000302,0.40395592,Yes
197160,1288,Union,Mississippi,28,145,28145,416.9, ,20,1288,24243,Osborne Creek-Twentymile Creek,0,MS,{56861F43-A13F-401C-9BF4-B9C9CC272156},031601010304,0.23711256,Yes
199866,1289,Lafayette,Mississippi,28,071,28071,679.3, ,56,1289,25005,Duncans Creek-Cane Creek,0,MS,{49F1803B-CE7E-4B58-875D-AA5DB3B00209},080302010303,0.31212105,Yes
200015,1290,Panola,Mississippi,28,107,28107,705.1, ,40,1290,12342,Greasy Creek,0,MS,{C04ECFB3-6C58-4809-81EA-025EBDAFA822},080302010907,0.16405868,Yes
1173,1291,Marion,Alabama,01,093,01093,743.6, ,67,1291,26334,Little Bear Creek,0,AL,{B9F134BA-625E-4C80-ABE9-3AD1CAA5625F},060300060102,0.26282314,Yes
195776,1292,Coahoma,Mississippi,28,027,28027,583.1, ,49,1292,19170,Little Bee Bayou,0,AR,{FA2A0FA1-C8CA-4EC1-B16D-7F9ACB40B047},080203030511,0.04732137,Yes
200370,1293,Quitman,Mississippi,28,119,28119,406.5, ,52,1293,14003,Burrell Bayou,0,MS,{3E43C3D4-9F16-4AB0-9C09-8134934BEADF},080302041104,0.23377187,Yes
200078,1294,Yalobusha,Mississippi,28,161,28161,495, ,46,1294,34998,Johnson Creek-Otoucalofa Creek,0,MS,{5CA00B36-6333-4B70-BC84-974C8141BB23},080302030302,0.27540706,Yes
200122,1295,Tallahatchie,Mississippi,28,135,28135,652.1, ,91,1295,17651,Shelton Creek-Yocona River,0,MS,{72532518-0BC5-47B2-8C49-13597834AA24},080302020306,0.29567833,Yes
200214,1296,Grenada,Mississippi,28,043,28043,449.4, ,51,1296,20899,Organ Creek-Perry Creek,0,MS,{9AD5A2D9-805D-4587-9492-A3A841455901},080302050310,0.26069133,Yes
73998,1297,St. Francis,Arkansas,05,123,05123,642.4, ,54,1297,19740,Little Crow Creek,0,AR,{961C490F-6804-4D03-B4FB-246DD9438125},080202031602,0.2529448,Yes
196025,1298,DeSoto,Mississippi,28,033,28033,496.8, ,15,1298,22679,Cow Island Bend-Mississippi River,0,"AR,MS,TN",{0755F02B-3E9D-4870-87CF-714C84A07944},080201000102,0.11602674,Yes
74074,1299,Lee,Arkansas,05,077,05077,619.5, ,35,1299,28194,Cow Bayou-St. Francis River,0,AR,{3912BCCF-AACB-49DF-9CF8-6C72C7FED547},080202031606,0.25425682,Yes
200012,1300,Tate,Mississippi,28,137,28137,410.9, ,18,1300,25267,Lafomby Creek-Little Tallahatchie River,0,MS,{DE909158-EBF3-49FA-80BA-CED55ECA14D4},080302010907,0.25250519,Yes
197052,1301,Alcorn,Mississippi,28,003,28003,401.4, ,26,1301,28485,Sevenmile Creek-Chambers Creek,0,"MS,TN",{FA113D15-B8B7-4995-9B13-9B7EA95202B0},060400010502,0.25911754,Yes
195989,1302,Tishomingo,Mississippi,28,141,28141,444.5, ,24,1302,25526,Panther Creek-Pickwick Lake,0,"AL,MS",{326C1C01-43FC-4A58-9CAF-F8190E59D476},060300051203,0.13310628,Yes
197079,1303,Tippah,Mississippi,28,139,28139,460, ,17,1303,30045,Goose Pond Creek-Hatchie River,0,"MS,TN",{3A88ED69-CC8F-41C4-849D-861182100C91},080102070803,0.27879493,Yes
197088,1304,Benton,Mississippi,28,009,28009,408.6, ,27,1304,23366,Indian Creek,0,"MS,TN",{555FC602-F329-4242-8D2A-0C80CCFAB6C2},080102100208,0.26787418,Yes
197120,1305,Prentiss,Mississippi,28,117,28117,418.2, ,32,1305,28188,Mackeys Creek-Bay Springs Lake,0,MS,{B82C1FB9-C3F7-4A43-93AE-5D8560018BCB},031601010105,0.24426755,Yes
197166,1306,Lee,Mississippi,28,081,28081,453.1, ,21,1306,21553,Okeela Creek,0,MS,{D7E9EDD4-0CD0-428E-BF45-411DC8659B32},031601010304,0.23990129,Yes
195800,1307,Itawamba,Mississippi,28,057,28057,540.4, ,46,1307,24367,Splunge Creek,0,"AL,MS",{DF58A927-DF90-453E-8872-7633ECD98A60},031601030503,0.26202086,Yes
197344,1308,Pontotoc,Mississippi,28,115,28115,501, ,19,1308,18136,Balls Branch-Tallabinnela Creek,0,MS,{80EFEB32-D44E-449E-B131-81AC79D5DF19},031601020203,0.22474848,Yes
200042,1309,Calhoun,Mississippi,28,013,28013,588, ,57,1309,24056,Coon Creek-Yocona River,0,MS,{2644EE55-5346-4ED8-AC69-A2EF5CC63A0F},080302030102,0.2651875,Yes
195793,1310,Monroe,Mississippi,28,095,28095,772, ,66,1310,32795,Lost Creek-Buttahatchee River,0,"AL,MS",{2A608A9B-77D4-40A4-84BF-5B7EE7F17B0A},031601030601,0.15454117,Yes
197341,1311,Chickasaw,Mississippi,28,017,28017,504.3, ,40,1311,10911,Tubbalubba Creek,0,MS,{E58E08DE-CCCA-4FF3-98AA-C422D9D41B0C},031601020203,0.20398876,Yes
195821,1312,Lowndes,Mississippi,28,087,28087,516.5, ,14,1312,18360,Cooper Creek-Yellow Creek,0,"AL,MS",{738FE54B-516E-4686-B44A-2BBDAF3CB3C2},031601050501,0.23480403,Yes
196239,1313,Montgomery,Mississippi,28,097,28097,407.9, ,28,1313,26655,Little Wolf Creek-Wolf Creek,0,MS,{788C271C-2CA7-43A1-81B3-FFF20DDDA144},080602010306,0.29978333,Yes
73989,1314,Chicot,Arkansas,05,017,05017,690.9, ,53,1314,22492,Camp Bayou Canal-Boeuf River,0,"AR,LA",{BA0F929A-9CF3-46A9-9ABA-42E6FD837B7F},080500010706,0.25406523,Yes
196271,1315,Attala,Mississippi,28,007,28007,737.1, ,50,1315,27784,Horse Creek-Big Black River,0,MS,{97F06637-5E42-4F0F-BCD8-6F44C14082B6},080602010605,0.24053465,Yes
4179,1316,Greene,Alabama,01,063,01063,659.9, ,70,1316,18494,Wilkes Creek,0,AL,{7B8216A7-2184-472E-BE01-0E1B4E369E7C},031601060603,0.25353469,Yes
200682,1317,Sharkey,Mississippi,28,125,28125,434.9, ,54,1317,23889.4188,Deer Creek-Rolling Fork Creek,0,MS,{C8C04724-3E3C-4A28-8755-AB092BC2B6DD},080302071902,1.04293313,Yes
196351,1318,Yazoo,Mississippi,28,163,28163,934.1, ,112,1318,33925,Tacketts Creek-Big Black River,0,MS,{B32CF7A6-B4D9-42FF-9E82-BFEE6BD81264},080602020401,0.30797156,Yes
200746,1319,Issaquena,Mississippi,28,055,28055,441.4, ,69,1319,27038.85642,Flag Lake,0,MS,{36F10ED4-A1FE-4E20-BE81-71A6BEF7A848},080302090403,0.21204414,Yes
170877,1320,East Carroll,Louisiana,22,035,22035,442.4, ,3,1320,32854,Cypress Bayou-Bayou Macon,0,LA,{C3151CD0-7B7C-4492-B120-4363145E2017},080500020701,0.36990162,Yes
2116,1321,Sumter,Alabama,01,119,01119,913.3, ,137,1321,20069,Big Slough-Tombigbee River,0,"AL,MS",{17AD13A9-1C69-46F2-B587-B7987E107B57},031601060603,0.26133527,Yes
197796,1322,Neshoba,Mississippi,28,099,28099,571.6, ,41,1322,28250,Nelson Creek-Tallashua Creek,0,MS,{87796E51-7B46-4489-8C3D-2BBEAEAF5CC7},031700010103,0.25271238,Yes
198990,1323,Leake,Mississippi,28,079,28079,585.4, ,54,1323,32163,Hooper Mill Creek-Pearl River,0,MS,{5D6D0A6E-9AC8-4E43-AB37-B5EE07266283},031800011403,0.2547489,Yes
195855,1324,Kemper,Mississippi,28,069,28069,767, ,60,1324,23879,Bodka Creek-Akron,0,"AL,MS",{49720B3A-991C-4220-B767-FEC1FBEC0806},031601081004,0.23063701,Yes
198100,1325,Scott,Mississippi,28,123,28123,610.4, ,43,1325,23011,Crout Creek-Leaf River,0,MS,{C20FAF99-9EFA-4A44-8605-4B043E5EB647},031700040103,0.24558267,Yes
169622,1326,Madison,Louisiana,22,065,22065,650.5, ,43,1326,114612,080601000200,0,"LA,MS",{3BC27637-3D8E-41E9-88A5-1EA326B5128A},080601000302,0.54343981,Yes
196351,1327,Madison,Mississippi,28,089,28089,741.9, ,56,1327,33925,Tacketts Creek-Big Black River,0,MS,{B32CF7A6-B4D9-42FF-9E82-BFEE6BD81264},080602020401,0.30797156,Yes
196077,1328,Warren,Mississippi,28,149,28149,618.8, ,78,1328,114612,080601000200,0,"LA,MS",{3BC27637-3D8E-41E9-88A5-1EA326B5128A},080601000302,0.44860551,Yes
199184,1329,Rankin,Mississippi,28,121,28121,806.1, ,49,1329,17283,Hurricane Creek-Fannegusha Creek,0,MS,{76E12296-CF7B-42C7-88B3-3665F4640E78},031800020202,0.19726508,Yes
196463,1330,Hinds,Mississippi,28,049,28049,877.3, ,67,1330,28888,Limekiln Creek,0,MS,{7C2E76B0-54F9-4233-AFC3-65613B09910C},080602020602,0.34649427,Yes
196264,1331,Carroll,Mississippi,28,015,28015,634.5, ,41,1331,20313,East Fork Lewis Creek-Lewis Creek,0,MS,{C5ED2424-82DA-4D84-A1D3-3B784F1FCCDB},080602010404,0.21694651,Yes
200682,1332,Washington,Mississippi,28,151,28151,761.3, ,37,1332,23889.4188,Deer Creek-Rolling Fork Creek,0,MS,{C8C04724-3E3C-4A28-8755-AB092BC2B6DD},080302071902,1.04293313,Yes
196299,1333,Holmes,Mississippi,28,051,28051,764.2, ,64,1333,22853,Peachahala Creek-Big Black River,0,MS,{61305201-8EA1-4EB3-ABA1-E98EE0DF51A5},080602010702,0.22405809,Yes
200802,1334,Humphreys,Mississippi,28,053,28053,431.2, ,31,1334,39145,Lower Tchula Lake-Yazoo River,0,MS,{F96F3A76-DEC6-4633-8D28-388EBC357D71},080302060703,0.40215069,Yes
196196,1335,Webster,Mississippi,28,155,28155,423.3, ,36,1335,14109,Savannah Creek-Spring Creek,0,MS,{456E01D6-81EE-4508-A994-BC81CB8ED870},080602010102,0.18192817,Yes
196206,1336,Oktibbeha,Mississippi,28,105,28105,461.9, ,35,1336,14898,Pigeon Roost Creek,0,MS,{BFE104BD-E7CB-4FE0-8429-D5C8DEC51867},080602010104,0.18841111,Yes
2116,1337,Pickens,Alabama,01,107,01107,890.1, ,29,1337,20069,Big Slough-Tombigbee River,0,"AL,MS",{17AD13A9-1C69-46F2-B587-B7987E107B57},031601060603,0.26133527,Yes
196205,1338,Choctaw,Mississippi,28,019,28019,419.8, ,18,1338,14898,Pigeon Roost Creek,0,MS,{BFE104BD-E7CB-4FE0-8429-D5C8DEC51867},080602010104,0.215277,Yes
195853,1339,Noxubee,Mississippi,28,103,28103,700, ,53,1339,22163,Lower Woodward Creek,0,"AL,MS",{5E8DEAE2-0D2B-4936-B28E-48CD1DDE08F1},031601081101,0.08647905,Yes
197597,1340,Winston,Mississippi,28,159,28159,610.1, ,16,1340,21533,Sand Creek-Noxubee River,0,MS,{01386232-307A-4E96-AF65-36D4B452CF4D},031601080208,0.20870235,Yes
195872,1341,Lauderdale,Mississippi,28,075,28075,715.3, ,65,1341,38272,Upper Kinterbush Creek,0,"AL,MS",{8DE03E14-79F7-4618-93FB-E1195920D42D},031602010203,0.09388466,Yes
197796,1342,Newton,Mississippi,28,101,28101,579.6, ,21,1342,28250,Nelson Creek-Tallashua Creek,0,MS,{87796E51-7B46-4489-8C3D-2BBEAEAF5CC7},031700010103,0.25271238,Yes
201485,1345,Shannon,Missouri,29,203,29203,1004, ,124,1345,38435,Rocky Creek-Current River,0,MO,{C69C1628-1C9B-4A6C-863F-7A7E504B42F4},110100080503,0.38065439,Yes
202274,1346,Stoddard,Missouri,29,207,29207,828.9, ,6,1346,53945,Mingo Swamp,0,MO,{93F82346-9A3E-4088-8922-F9DBCF63E275},080202030401,0.34197367,Yes
201464,1347,Carter,Missouri,29,035,29035,509, ,76,1347,17698,Long Branch-Current River,0,MO,{AAD38CE1-7CE8-4747-94B3-01BF6D1ADE3B},110100080603,0.31038754,Yes
74014,1350,Jackson,Arkansas,05,067,05067,641.4, ,37,1350,29796,Blue Creek-Departee Creek,0,AR,{7E2861E6-57A5-4D82-AD03-D84174B68ED9},110100130404,0.25030193,Yes
74043,1351,Pope,Arkansas,05,115,05115,830.8, ,115,1351,19827,Point Remove Creek,0,AR,{620C53FC-08BA-4ED6-A266-C40CEC2FFDB7},111102030503,0.19722648,Yes
285870,1352,Sequoyah,Oklahoma,40,135,40135,714.9, ,99,1352,20244,Missing Branch-Lee Creek,0,"AR,OK",{98E8F12B-FC8E-425F-9C7D-0DF7BF8BADFD},111101040506,0.22234859,Yes
202105,1353,Douglas,Missouri,29,067,29067,814.6, ,4,1353,39273,Brixey Creek-Spring Creek,0,MO,{F81C395A-5759-4D19-8057-8891B2741197},110100060403,0.32971743,Yes
202288,1354,Newton,Missouri,29,145,29145,626.7, ,9,1354,35609,Sycamore Creek,0,"MO,OK",{39FD9457-3CD7-4767-847E-8FB916957D47},110702060204,0.28332721,Yes
203017,1355,Howell,Missouri,29,091,29091,928.3, ,9,1355,33333,Walnut Fork Hollow-Middle Fork Eleven Point River,0,MO,{C45A804F-5FD9-43CD-82C8-321697C8CC29},110100110107,0.26946826,Yes
201454,1356,Oregon,Missouri,29,149,29149,791.6, ,64,1356,32364,Whites Creek-Eleven Point River,0,MO,{B62BFB0A-AFEB-4D9D-A405-2FB5FA5AEAF1},110100110302,0.29638474,Yes
202510,1357,Taney,Missouri,29,213,29213,651.5, ,8,1357,21458,Cricket Creek-Table Rock Lake,0,"AR,MO",{6CA5FD99-A518-4E81-85E1-707D8C1698FB},110100011403,0.18939739,Yes
74095,1358,Baxter,Arkansas,05,005,05005,586.7, ,45,1358,26071,Sneeds Creek-White River,0,AR,{C7C5E467-A1E3-4F6A-807C-28F952A3524D},110100040206,0.27559807,Yes
74012,1359,Sharp,Arkansas,05,135,05135,606.4, ,106,1359,29536,Browns Creek-Spring River,0,AR,{9D3BF781-0049-481E-B470-A0AC5361D9C7},110100100506,0.27245792,Yes
74124,1360,Marion,Arkansas,05,089,05089,640.3, ,82,1360,17647,Dry Creek-White River,0,AR,{46B7987C-886F-4E2C-93AE-0B53B4F98244},110100040202,0.20853759,Yes
74061,1361,Boone,Arkansas,05,009,05009,601.8, ,101,1361,18790,Sugar Orchard Creek,0,AR,{89FE8676-FF5A-49A3-A2D5-F659F7D1560A},110100030907,0.24068816,Yes
73997,1362,Madison,Arkansas,05,087,05087,837.1, ,138,1362,20657,Seals Creek-War Eagle Creek,0,AR,{A381D79A-70E6-48B0-8277-3370E39B7513},110100010603,0.20719108,Yes
74017,1363,Izard,Arkansas,05,065,05065,584, ,101,1363,22620,West Rocky Bayou-Rocky Bayou,0,AR,{269FB68F-4CFD-40A1-8B04-9A5E30594A8A},110100040406,0.21695918,Yes
73988,1364,Washington,Arkansas,05,143,05143,956, ,154,1364,21581,London Creek-West Fork White River,0,AR,{37C5F6AA-CE77-4162-B3A2-1540CB18743C},110100010402,0.22652025,Yes
73999,1365,Franklin,Arkansas,05,047,05047,619.7, ,112,1365,10483,Fane Creek,0,AR,{693A7CD2-3687-48C0-A02C-E479C8C7FBB1},111102010704,0.14262675,Yes
285826,1366,Adair,Oklahoma,40,001,40001,577, ,78,1366,15997,Cincinnati Creek,0,AR,{40562896-47F2-4606-9B2F-6BE8661A1873},111101030606,0.05923163,Yes
74055,1367,Newton,Arkansas,05,101,05101,823.2, ,125,1367,23973,Curtis Creek-Big Piney Creek,0,AR,{C2874136-8D80-4ED2-9787-4F511CD80AA5},111102020605,0.24107036,Yes
74055,1368,Johnson,Arkansas,05,071,05071,682.7, ,114,1368,23973,Curtis Creek-Big Piney Creek,0,AR,{C2874136-8D80-4ED2-9787-4F511CD80AA5},111102020605,0.24107036,Yes
74013,1369,Crawford,Arkansas,05,033,05033,604.2, ,110,1369,13318,Mays Branch,0,AR,{9C731A44-CC14-402D-9B2C-C54B48CC66C9},111102010504,0.21581032,Yes
202510,1370,Stone,Missouri,29,209,29209,510.9, ,7,1370,21458,Cricket Creek-Table Rock Lake,0,"AR,MO",{6CA5FD99-A518-4E81-85E1-707D8C1698FB},110100011403,0.18939739,Yes
202452,1371,Barry,Missouri,29,009,29009,790.9, ,23,1371,21354,Sweetwater Creek-Kings River,0,"AR,MO",{E06C4D73-98BB-448F-A2C2-2F4C085F143E},110100011204,0.22776414,Yes
202129,1372,McDonald,Missouri,29,119,29119,539.7, ,11,1372,35034,Carr Branch-Elk River,0,"MO,OK",{AF0B02C3-DCEB-4694-B9C4-26B348D54C0B},110702060401,0.1286924,Yes
74049,1373,Benton,Arkansas,05,007,05007,880.3, ,118,1373,13660,Headwaters Little Sugar Creek,0,AR,{66D404BB-166B-47E8-9314-5139F13D1B0F},110702080202,0.21086661,Yes
74026,1374,Carroll,Arkansas,05,015,05015,638.8, ,111,1374,15865,Lower Dry Fork,0,AR,{8B3398C6-F1D5-44C1-8385-3DA4C523BD45},110100011103,0.16357463,Yes
201434,1375,Ozark,Missouri,29,153,29153,755.1, ,20,1375,28829,Headwaters Lick Creek,0,MO,{318F7E04-CF33-4B6A-9BEE-822842C84C26},110100060603,0.29399308,Yes
74088,1376,Fulton,Arkansas,05,049,05049,620.3, ,38,1376,22214,Hackney Creek-North Big Creek,0,AR,{1E2B4B52-FE97-4BBB-8535-D29606FFC983},110100120302,0.23910922,Yes
74096,1377,Searcy,Arkansas,05,129,05129,668.5, ,91,1377,36800,Middle Fork Illinois Bayou,0,AR,{0CA480E5-68CA-4DE7-BB9D-A7BB67198C5D},111102020905,0.32630623,Yes
74073,1378,Stone,Arkansas,05,137,05137,609.4, ,96,1378,32106,Outlet South Sylamore Creek,0,AR,{C9C0DD80-2FED-443E-AB2E-2C28A27824BF},110100040404,0.27435005,Yes
74014,1379,Independence,Arkansas,05,063,05063,771.6, ,116,1379,29796,Blue Creek-Departee Creek,0,AR,{7E2861E6-57A5-4D82-AD03-D84174B68ED9},110100130404,0.25030193,Yes
74112,1380,Van Buren,Arkansas,05,141,05141,724.3, ,104,1380,15294,Outlet Archey Creek,0,AR,{8FF9D06D-FEB1-4681-A54A-DE522C6C7957},110100140205,0.1878222,Yes
74046,1381,Cleburne,Arkansas,05,023,05023,591.9, ,73,1381,26323,Salt Creek-Greers Ferry Lake,0,AR,{F7F46A66-0F30-4CB0-AFB9-B94D7F8F0812},110100140605,0.24394177,Yes
201588,1385,Crawford,Missouri,29,055,29055,744.4, ,34,1385,17245,Huzzah Creek,0,MO,{CD25689F-795A-49DC-9667-1CCB288B9B87},071401020503,0.20304639,Yes
201548,1386,Phelps,Missouri,29,161,29161,674.3, ,32,1386,13458,Sherrill Creek,0,MO,{B7BEB620-2A85-4362-87FC-50614990BA78},102902020302,0.18476946,Yes
201728,1388,Pulaski,Missouri,29,169,29169,551.4, ,29,1388,15632,Prewett Hollow-Gasconade River,0,MO,{E42F864E-FC37-480A-ADA6-5F6BEC322BA7},102902030202,0.20272572,Yes
202362,1391,Laclede,Missouri,29,105,29105,768, ,18,1391,24040,Doolittle Creek-Roubidoux Creek,0,MO,{BC0053EC-44B3-4364-AEBB-118E4FEB9688},102902010505,0.24079149,Yes
201566,1392,Dent,Missouri,29,065,29065,754.5, ,64,1392,11701,Parker Hollow-Current River,0,MO,{24F3CF14-2FDB-4B49-9BFE-BB220A5F565B},110100080111,0.17072807,Yes
201566,1407,Texas,Missouri,29,215,29215,1179.2, ,50,1407,11701,Parker Hollow-Current River,0,MO,{24F3CF14-2FDB-4B49-9BFE-BB220A5F565B},110100080111,0.17072807,Yes
202362,1409,Wright,Missouri,29,229,29229,683.2, ,4,1409,24040,Doolittle Creek-Roubidoux Creek,0,MO,{BC0053EC-44B3-4364-AEBB-118E4FEB9688},102902010505,0.24079149,Yes
202308,1414,St. Francois,Missouri,29,187,29187,451.2, ,11,1414,26047,Wachita Creek-St Francis River,0,MO,{1CFBCFE2-02CA-41CB-B869-D15E6BDBFBEA},080202020210,0.33094512,Yes
164378,1424,Lyon,Kentucky,21,143,21143,256.4, ,16,1424,32955,Long Creek-Cumberland River,0,KY,{232C4515-0BF4-4A4A-BBA6-72C17511FBCD},051302050707,0.28100588,Yes
201444,1425,Iron,Missouri,29,093,29093,552.6, ,77,1425,36897,Upper West Fork Black River,0,MO,{540738EC-5F53-44BD-8854-3A0FCB9CD2BB},110100070103,0.33191785,Yes
201669,1426,Madison,Missouri,29,123,29123,497.8, ,49,1426,18993,Turkey Creek-St Francis River,0,MO,{75D7AB5E-3E7B-463E-A2EA-8AAFBED45EB6},080202020402,0.20566652,Yes
201444,1427,Reynolds,Missouri,29,179,29179,814.4, ,103,1427,36897,Upper West Fork Black River,0,MO,{540738EC-5F53-44BD-8854-3A0FCB9CD2BB},110100070103,0.33191785,Yes
201499,1428,Bollinger,Missouri,29,017,29017,621.4, ,38,1428,15474,Cane Creek,0,MO,{6CBC96C7-3150-4E28-81E0-52E2EE6F8182},071401070405,0.26191124,Yes
201448,1429,Wayne,Missouri,29,223,29223,774.1, ,85,1429,36471,Big Lake Creek-St Francis River,0,MO,{F315D60B-644C-49F4-8702-4DD174EF19D0},080202020506,0.3415198,Yes
201808,1434,Washington,Missouri,29,221,29221,762.2, ,31,1434,30617,Lost Creek-Courtois Creek,0,MO,{BA271565-5177-4BDF-A293-3FE7BDE02A7B},071401020305,0.29424495,Yes
140498,1443,Pope,Illinois,17,151,17151,374.6, ,8,1443,31811,Little Lusk Creek-Lusk Creek,0,IL,{E6D589CC-2152-42F3-8F8D-9110FA34EC0E},051402030602,0.28640581,Yes
164398,1447,Livingston,Kentucky,21,139,21139,342.2, ,2,1447,37153,Demumbers Creek-Cumberland River,0,KY,{DCDE5081-9192-4C86-BF14-A6BA5AA3B6E7},051302050804,0.33155344,Yes
166031,1453,Marshall,Kentucky,21,157,21157,340.3, ,7,1453,21519,Ledbetter Creek-Kentucky Lake,0,KY,{E9B9CCE1-5AA2-440B-B87D-02CDD0A469F3},060400051004,0.22580273,Yes
164326,1454,Trigg,Kentucky,21,221,21221,481.1, ,27,1454,24621,Bennettstown-Little River,0,KY,{98CD0F65-A3AB-428E-A58B-A5B1C241E87D},051302050507,0.33619593,Yes
326228,1456,Stewart,Tennessee,47,161,47161,493.2, ,27,1456,36966,Saline Creek,0,"KY,TN",{67576105-EC07-4DC3-B73E-301DA81C7C9C},051302050407,0.28742764,Yes
202673,1457,Dunklin,Missouri,29,069,29069,547.1, ,9,1457,26787,Big Lake,0,"AR,MO",{826DAA9E-E4CB-4715-BD03-5FD31C0244B7},080202040808,0.19986178,Yes
75853,1461,Greene,Arkansas,05,055,05055,579.6, ,8,1461,6774,Locust Creek Ditch-St. Francis River,0,"AR,MO",{C1343032-76EE-427C-B92B-18DAD9466B48},080202030902,0.16068857,Yes
74012,1462,Lawrence,Arkansas,05,075,05075,592.3, ,59,1462,29536,Browns Creek-Spring River,0,AR,{9D3BF781-0049-481E-B470-A0AC5361D9C7},110100100506,0.27245792,Yes
326009,1465,Lauderdale,Tennessee,47,097,47097,507.1, ,9,1465,29487,Ditch No. 9,0,AR,{C4DE9552-C153-41E0-8EE4-130FB7D05C30},080202031208,0.05670182,Yes
74070,1468,Mississippi,Arkansas,05,093,05093,919.7, ,29,1468,51086,Fletcher Towhead-Mississippi River,0,"AR,TN",{8D550956-11F8-40A3-9506-AE555D16CE49},080101000605,0.44424984,Yes
74006,1469,Craighead,Arkansas,05,031,05031,713, ,18,1469,33205,Ditch Number Fifty-Six,0,AR,{A4D81AF0-E37F-4D7F-B6B7-7D42F6D6E306},080202040808,0.30347113,Yes
74321,1470,Poinsett,Arkansas,05,111,05111,763.4, ,13,1470,49439,St. Francis Bay Floodway-St. Francis River,0,AR,{D7EAD75E-5C09-49E1-AE63-A111D4B22D07},080202030903,0.4426802,Yes
326027,1471,Tipton,Tennessee,47,167,47167,474.7, ,15,1471,20930,Hatchie Towhead-Mississippi River,0,"AR,TN",{DBA80D4B-DF5F-44C2-9C8F-2751A7076414},080101000701,0.24512027,Yes
201536,1472,Butler,Missouri,29,023,29023,699, ,20,1472,20362,Catherine Slough,0,MO,{027B16A5-0A92-4D23-A38E-AA398CE3F57F},110100070803,0.20539272,Yes
201580,1473,Ripley,Missouri,29,181,29181,631.7, ,53,1473,19209,South Prong Little Black River,0,MO,{FF70F5E9-1003-40DC-AB9A-786A66A89E6D},110100080704,0.19497515,Yes
74427,1474,Clay,Arkansas,05,021,05021,641.4, ,4,1474,27223,Indian Hill Island-St. Francis River,0,"AR,MO",{4CB052F8-C476-4FA5-AFE2-496ADB4275A7},080202030901,0.44039325,Yes
74012,1475,Randolph,Arkansas,05,121,05121,656, ,61,1475,29536,Browns Creek-Spring River,0,AR,{9D3BF781-0049-481E-B470-A0AC5361D9C7},110100100506,0.27245792,Yes
166011,1479,Calloway,Kentucky,21,035,21035,410.8, ,12,1479,15436,Dog Creek-Blood River,0,KY,{E2CD98C6-86CF-4791-88CB-700926FDDB7B},060400050803,0.1851328,Yes
326269,1483,Henry,Tennessee,47,079,47079,593.5, ,10,1483,30024,Headwaters Blood River,0,"KY,TN",{D9A5E778-F02F-4AD5-8869-D5B89D377BC4},060400050802,0.28007691,Yes
328164,1484,Carroll,Tennessee,47,017,47017,599.9, ,4,1484,33428,South Fork Obion River Upper,0,TN,{1A69EA4B-CB90-4A1B-9AD3-19FA2B05769D},080102030605,0.2845584,Yes
366194,1492,Wise,Virginia,51,195,51195,405.2, ,32,1492,38878,Upper Poor Fork Cumberland river,0,KY,{4C939D8A-7D1F-4F64-A1F3-EBE47335DB81},051301010102,0.1592743,Yes
164109,1494,Russell,Kentucky,21,207,21207,282.8, ,5,1494,33481,Upper Wolf Creek,0,KY,{5DE5845A-0EFC-49D9-BD08-C7325257E856},051301030405,0.29947081,Yes
164326,1497,Christian,Kentucky,21,047,21047,724, ,5,1497,24621,Bennettstown-Little River,0,KY,{98CD0F65-A3AB-428E-A58B-A5B1C241E87D},051302050507,0.33619593,Yes
268840,1499,Rutherford,North Carolina,37,161,37161,565.8, ,29,1499,33992,Upper Henry Fork,0,NC,{67ABA6F2-FEBC-4E61-A8A3-9A483ACB6E4F},030501020102,0.29584715,Yes
327026,1500,Sequatchie,Tennessee,47,153,47153,266, ,5,1500,44835,Big Brush Creek,0,TN,{23FA4AA8-B5CF-4DC4-B896-0BFC18C704DF},060200040107,0.34666687,Yes
269189,1501,Cleveland,North Carolina,37,045,37045,468.5, ,19,1501,9684,Hills Creek-Second Broad River,0,NC,{E8D59ECB-42DC-4038-8F12-0FB10FDFBDC9},030501050506,0.13558916,Yes
329607,1508,Houston,Tennessee,47,083,47083,206.9, ,2,1508,13666,Yellow Creek Outlet,0,TN,{5A787599-CFA3-427B-A168-3C7B36DB3C56},051302050308,0.17162376,Yes
326694,1509,Morgan,Tennessee,47,129,47129,522.4, ,65,1509,31816,Lower Poplar Creek,0,TN,{1F3CD5FA-2959-477A-BC7E-FF79844FBB40},060102070405,0.27610261,Yes
329588,1511,Dickson,Tennessee,47,043,47043,491.3, ,5,1511,35741,Bartons Creek Lower,0,TN,{9B1F255F-C18B-460D-BD16-85F0E863BDBB},051302050304,0.29531221,Yes
328720,1512,Putnam,Tennessee,47,141,47141,402.5, ,29,1512,19668,Headwaters East Fork Obey River,0,TN,{D49207CF-3E38-4F61-B3A5-2A0EE649ECA2},051301050103,0.24792309,Yes
326556,1514,Loudon,Tennessee,47,105,47105,247.3, ,17,1514,38152,Ninemile Creek,0,TN,{042D3768-ECE7-40A7-B111-C47A0C72D95B},060102040406,0.368571,Yes
326801,1516,McMinn,Tennessee,47,107,47107,432.3, ,55,1516,38859,Big Sewee Creek,0,TN,{EE934E07-B10E-485C-B735-B86093A904BE},060200010103,0.32054712,Yes
327078,1517,Grundy,Tennessee,47,061,47061,361.1, ,4,1517,39215,Upper Battle Creek,0,TN,{407DED5A-3E97-4CAF-BBDD-69B43920F069},060300010104,0.27839251,Yes
326244,1528,Montgomery,Tennessee,47,125,47125,543.8, ,32,1528,12480,Dry Fork Creek,0,"KY,TN",{F86DB869-5C70-4157-8401-B85B109AC0C5},051302060402,0.11371567,Yes
164199,1530,Wayne,Kentucky,21,231,21231,484.2, ,10,1530,10030,Lonesome Creek-Little South Fork,0,KY,{A0510011-4419-47AA-96AB-6026CD4E5E27},051301040604,0.22402507,Yes
164195,1531,McCreary,Kentucky,21,147,21147,430.6, ,29,1531,10459,Blair Creek-Big South Fork Cumberland River,0,KY,{7BDF45EC-0795-4EE6-978C-E1AE59B08239},051301040701,0.16056909,Yes
326177,1533,Clay,Tennessee,47,027,47027,259.3, ,28,1533,19298,Kettle Creek,0,"KY,TN",{9E491B8F-3BEE-4C01-8CAB-129AA690E7CE},051301030710,0.17803831,Yes
326201,1534,Pickett,Tennessee,47,137,47137,174.6, ,22,1534,40088,Rock Creek,0,"KY,TN",{A224C048-B64C-4590-93F2-126797E8D975},051301040701,0.33023289,Yes
326163,1535,Scott,Tennessee,47,151,47151,533.2, ,75,1535,37925,Elk Creek,0,"KY,TN",{67C86DB9-532B-41E1-B544-F187789D6C53},051301010606,0.28480816,Yes
326205,1536,Overton,Tennessee,47,133,47133,434.8, ,59,1536,28763,Ashburn Creek-Obey River,0,"KY,TN",{802E6C5B-70E7-4DA9-A7DE-11CB05F42F0E},051301050503,0.26976662,Yes
328792,1537,Jackson,Tennessee,47,087,47087,319.6, ,10,1537,16701,Dry Fork Creek,0,TN,{20E7CEEE-A826-4CCC-8B71-40AA48731F90},051301060104,0.19244777,Yes
326201,1541,Fentress,Tennessee,47,049,47049,499, ,81,1541,40088,Rock Creek,0,"KY,TN",{A224C048-B64C-4590-93F2-126797E8D975},051301040701,0.33023289,Yes
326716,1542,Cumberland,Tennessee,47,035,47035,684.9, ,93,1542,28563,Upper Clear Creek,0,TN,{7EB8648F-4DA4-446F-B868-877A5EF224FD},060102080102,0.26660785,Yes
326694,1543,Roane,Tennessee,47,145,47145,395, ,16,1543,31816,Lower Poplar Creek,0,TN,{1F3CD5FA-2959-477A-BC7E-FF79844FBB40},060102070405,0.27610261,Yes
330238,1546,Rhea,Tennessee,47,143,47143,336.4, ,10,1546,39485,Piney Creek,0,TN,{7875C886-FA24-4941-8230-447A3D6DB656},060102010403,0.3035531,Yes
327026,1547,Van Buren,Tennessee,47,175,47175,274.6, ,25,1547,44835,Big Brush Creek,0,TN,{23FA4AA8-B5CF-4DC4-B896-0BFC18C704DF},060200040107,0.34666687,Yes
326732,1548,Bledsoe,Tennessee,47,007,47007,406.7, ,25,1548,30234,Headwaters Daddys Creek,0,TN,{F3D09445-07DD-4E91-AD5C-CB69E0AF1F58},060102080203,0.30130188,Yes
326800,1549,Meigs,Tennessee,47,121,47121,216.8, ,9,1549,38859,Big Sewee Creek,0,TN,{EE934E07-B10E-485C-B735-B86093A904BE},060200010103,0.2925102,Yes
329056,1551,White,Tennessee,47,185,47185,379.4, ,32,1551,9774,Bee Creek Lower,0,TN,{AB6B50B6-4165-4FBA-BB70-9168F95BA33A},051301080305,0.16428486,Yes
166164,1552,Owen,Kentucky,21,187,21187,354.2, ,4,1552,27037,Flat Creek-Kentucky River,0,KY,{F4B8888E-FFC3-4584-9BAB-4AD69471D492},051002051506,0.29439003,Yes
164079,1565,Pulaski,Kentucky,21,199,21199,677.1, ,14,1565,18786,Puncheon Creek-Fishing Creek,0,KY,{A2ECC9EE-BC30-4988-80F1-90D7AC7C01CC},051301030303,0.24615939,Yes
165946,1582,Henry,Kentucky,21,103,21103,291.2, ,9,1582,14919,Little Sixmile Creek-Sixmile Creek,0,KY,{9812A8FE-C16E-472D-95FA-65AB197736AE},051002051104,0.23523658,Yes
165947,1585,Franklin,Kentucky,21,073,21073,212.1, ,4,1585,14919,Little Sixmile Creek-Sixmile Creek,0,KY,{9812A8FE-C16E-472D-95FA-65AB197736AE},051002051104,0.21008828,Yes
164079,1600,Casey,Kentucky,21,045,21045,445.7, ,18,1600,18786,Puncheon Creek-Fishing Creek,0,KY,{A2ECC9EE-BC30-4988-80F1-90D7AC7C01CC},051301030303,0.24615939,Yes
380783,1607,Putnam,West Virginia,54,079,54079,350.4, ,2,1607,22673,Pocatalico Creek,0,WV,{E6D5077A-82D2-4C6B-B573-F2536726E06E},050500080107,0.22223397,Yes
166889,1610,Lawrence,Kentucky,21,127,21127,420.1, ,2,1610,26991,Georges Creek-Levisa Fork,0,KY,{8131F9DA-0F8D-4A36-BBE6-B918CA975345},050702030505,0.25288226,Yes
163053,1611,Morgan,Kentucky,21,175,21175,383.7, ,9,1611,21123,Johnson Creek,0,KY,{52CDDB53-20FB-4E44-A080-A3E51952D521},051001010106,0.25022471,Yes
380893,1612,Logan,West Virginia,54,045,54045,455.6, ,51,1612,20482,Spruce Laurel Fork,0,WV,{C7A534F7-A219-4D62-A4A3-B6282028C42D},050500090302,0.24515631,Yes
163056,1613,Johnson,Kentucky,21,115,21115,263.9, ,36,1613,31969,Burning Fork-Licking River,0,KY,{71633A67-B891-4B61-865D-D646B94FB73E},051001010502,0.30858839,Yes
380519,1614,Raleigh,West Virginia,54,081,54081,609.3, ,21,1614,28828,Packs Branch-Paint Creek,0,WV,{17E526BF-7777-433F-9E01-86CADA66A2B0},050500060102,0.23670969,Yes
381013,1615,Mingo,West Virginia,54,059,54059,423.6, ,10,1615,29092,Copperas Mine Fork,0,WV,{4C97EAAA-C5B0-45A8-9F81-B40025CC45A5},050701010402,0.30038014,Yes
166854,1616,Martin,Kentucky,21,159,21159,230.8, ,3,1616,25608,Daniels Creek-Johns Creek,0,KY,{5115F9BB-9B54-4622-B104-62372DFF917A},050702030501,0.25282174,Yes
163035,1619,Magoffin,Kentucky,21,153,21153,309.4, ,38,1619,24273,Headwaters Licking River,0,KY,{8C0E30C1-599C-4C90-BA8D-86E537630D00},051001010102,0.29569134,Yes
163036,1624,Floyd,Kentucky,21,071,21071,395.5, ,48,1624,24273,Headwaters Licking River,0,KY,{8C0E30C1-599C-4C90-BA8D-86E537630D00},051001010102,0.25357835,Yes
163035,1626,Breathitt,Kentucky,21,025,21025,495.3, ,6,1626,24273,Headwaters Licking River,0,KY,{8C0E30C1-599C-4C90-BA8D-86E537630D00},051001010102,0.29569134,Yes
163035,1629,Knott,Kentucky,21,119,21119,353, ,6,1629,24273,Headwaters Licking River,0,KY,{8C0E30C1-599C-4C90-BA8D-86E537630D00},051001010102,0.29569134,Yes
163455,1631,Letcher,Kentucky,21,133,21133,339.1, ,18,1631,38878,Upper Poor Fork Cumberland river,0,KY,{4C939D8A-7D1F-4F64-A1F3-EBE47335DB81},051301010102,0.3153806,Yes
380525,1646,Kanawha,West Virginia,54,039,54039,911, ,32,1646,22586,Long Branch-Paint Creek,0,WV,{C09C8516-9796-4C5D-B997-A5ABF9326A60},050500060104,0.26443116,Yes
381063,1649,Lincoln,West Virginia,54,043,54043,438.6, ,6,1649,28901,Big Harts Creek,0,WV,{9D1B4710-FC23-46FB-A280-0FE88D08CF66},050701020105,0.26234981,Yes
380371,1650,Fayette,West Virginia,54,019,54019,668.4, ,34,1650,24553,Mill Creek-New River,0,WV,{F377D135-523B-4C82-8DB2-FC3213E9C6E8},050500040306,0.22081353,Yes
380533,1651,Boone,West Virginia,54,005,54005,503.2, ,68,1651,22534,Headwaters Cabin Creek,0,WV,{2C02D045-5922-4B3E-8A1E-99E7AF77C92B},050500060202,0.22635288,Yes
380885,1652,Wyoming,West Virginia,54,109,54109,501.8, ,8,1652,26928,Middle Marsh Fork,0,WV,{EFF5B79D-A383-49F9-81D1-EA3F56F813FB},050500090204,0.23481755,Yes
166476,1653,Pike,Kentucky,21,195,21195,788.8, ,10,1653,15006,Upper Elkhorn Creek,0,KY,{12EB2C03-50C6-4EB1-9ACF-71B04B151504},050702020702,0.21257257,Yes
366580,1662,Scott,Virginia,51,169,51169,538.6, ,12,1662,26188,Lower North Fork Clinch River,0,"TN,VA",{9B24967C-87C1-4EC1-8E89-750B597AC653},060102050804,0.26302506,Yes
270636,1663,Wilkes,North Carolina,37,193,37193,759.7, ,28,1663,21149,Buffalo Creek,0,NC,{B36A87BB-941D-446B-B905-9C760E1B2338},030401010102,0.25350715,Yes
326394,1664,Greene,Tennessee,47,059,47059,624.3, ,38,1664,21991,Shut-In Creek-French Broad River,0,NC,{DD05C1D1-2E86-42C7-9970-896872339C57},060101051402,0.09964877,Yes
326673,1665,Anderson,Tennessee,47,001,47001,344.8, ,19,1665,31559,Lower Bull Run Creek,0,TN,{4AAD1A15-072E-4BF5-A5AA-4D9BFCC0C7C0},060102070404,0.29243285,Yes
268402,1666,Avery,North Carolina,37,011,37011,247.3, ,31,1666,36054,North Fork Catawba River,0,NC,{E6D37460-17FA-4E0F-8FB6-0C725923E4F3},030501010303,0.41568368,Yes
326406,1667,Unicoi,Tennessee,47,171,47171,186.5, ,4,1667,25985,Big Rock Creek,0,NC,{D8E3B31E-FE18-4165-92B4-A65120C082DA},060101080209,0.13128586,Yes
269969,1668,Madison,North Carolina,37,115,37115,451.5, ,24,1668,14806,Bull Creek,0,NC,{6EBD0DF4-B86D-4745-915B-2C96DEC61122},060101050805,0.16687148,Yes
271380,1669,Iredell,North Carolina,37,097,37097,597.2, ,11,1669,22624,Patterson Creek,0,NC,{725A4D78-BD25-40F4-8DC9-060130CA9E18},030401020106,0.22159416,Yes
269901,1670,Buncombe,North Carolina,37,021,37021,659.9, ,12,1670,20437,Mills River,0,NC,{F813317F-4FAA-40F1-84CD-07BC1CAC4C20},060101050404,0.20612117,Yes
326423,1671,Monroe,Tennessee,47,123,47123,652.6, ,88,1671,20916,Santeetlah Creek,0,NC,{8C87C32D-F7F9-4702-B6CF-89A6AB607639},060102040106,0.11480934,Yes
270401,1672,Graham,North Carolina,37,075,37075,301.6, ,58,1672,28363,Whiteoak Creek-Nantahala River,0,NC,{CCDF521D-23E9-440A-B1D1-3FEE42157C6B},060102020305,0.25663122,Yes
326668,1673,Knox,Tennessee,47,093,47093,525.8, ,19,1673,35411,Upper Bull Run Creek,0,TN,{0521DAF7-D210-41B2-97E4-EF620EA56F67},060102070102,0.26840677,Yes
329918,1674,Jefferson,Tennessee,47,089,47089,314.3, ,14,1674,36385,English Creek-Pigeon River,0,TN,{325FCD29-7EDC-4E1A-8240-821AC928D511},060101070101,0.33023043,Yes
326392,1675,Cocke,Tennessee,47,029,47029,443.1, ,61,1675,14590,Meadow Fork,0,NC,{D71E9CEB-6BB2-4DB3-A224-34AB5D098557},060101051202,0.08810221,Yes
326396,1676,Sevier,Tennessee,47,155,47155,597.7, ,96,1676,23266,Big Creek,0,NC,{82A65900-09C3-4288-9457-34456E48E353},060101060305,0.07608417,Yes
326410,1677,Blount,Tennessee,47,009,47009,566.6, ,79,1677,32752,Hazel Creek,0,NC,{B26E6E1D-2210-4D54-9598-B6B44E397ADA},060102020505,0.11579529,Yes
269837,1678,Haywood,North Carolina,37,087,37087,554.6, ,84,1678,24193,North Fork French Broad River,0,NC,{55385BDC-7E8B-4470-817F-9D7147DFC6AD},060101050105,0.22885065,Yes
270063,1679,Swain,North Carolina,37,173,37173,540.5, ,99,1679,22397,Upper Johnathans Creek,0,NC,{69352127-4599-4A94-B512-FEF609BF3A24},060101060204,0.25561205,Yes
163455,1680,Harlan,Kentucky,21,095,21095,468, ,37,1680,38878,Upper Poor Fork Cumberland river,0,KY,{4C939D8A-7D1F-4F64-A1F3-EBE47335DB81},051301010102,0.3153806,Yes
366200,1681,Lee,Virginia,51,105,51105,437.3, ,21,1681,32004,Upper Clover Fork Cumberland River,0,KY,{43DC72B8-A499-4C12-A5D5-064E505307F3},051301010105,0.14007974,Yes
326586,1682,Hancock,Tennessee,47,067,47067,223.5, ,24,1682,7054,War Creek,0,TN,{FEFAAD35-E25B-4361-B47F-CEDB25CEED32},060102050804,0.16189056,Yes
326151,1683,Claiborne,Tennessee,47,025,47025,441.5, ,19,1683,35993,Little Yellow Creek-Yellow Creek,0,"KY,TN",{D0838083-5E05-4F57-B0B2-8351F6062288},051301010202,0.24450445,Yes
326153,1684,Campbell,Tennessee,47,013,47013,498.3, ,34,1684,31808,Straight Creek-Clear Fork,0,"KY,TN",{74081755-9225-4F1C-ADBE-6B87F5A90EB9},051301010604,0.28649436,Yes
326586,1685,Hawkins,Tennessee,47,073,47073,499.4, ,16,1685,7054,War Creek,0,TN,{FEFAAD35-E25B-4361-B47F-CEDB25CEED32},060102050804,0.16189056,Yes
326668,1686,Union,Tennessee,47,173,47173,247.2, ,1,1686,35411,Upper Bull Run Creek,0,TN,{0521DAF7-D210-41B2-97E4-EF620EA56F67},060102070102,0.26840677,Yes
330113,1688,Hamblen,Tennessee,47,063,47063,175.8, ,2,1688,30424,Bent Creek,0,TN,{404DEBA4-1732-4C54-8DC7-B79E205C2F07},060101080906,0.27349744,Yes
166671,1689,Whitley,Kentucky,21,235,21235,445.1, ,9,1689,31808,Straight Creek-Clear Fork,0,"KY,TN",{74081755-9225-4F1C-ADBE-6B87F5A90EB9},051301010604,0.22536856,Yes
163491,1690,Bell,Kentucky,21,013,21013,361.4, ,4,1690,30992,Puckett Creek-Cumberland River,0,KY,{82215AA8-8953-47BE-80E1-0C2CB83EE047},051301010206,0.35378287,Yes
326401,1697,Carter,Tennessee,47,019,47019,347.7, ,17,1697,29438,Headwaters North Toe River,0,NC,{8B6F9AE9-18CA-42FB-82D8-77AA349BEB28},060101080102,0.15126573,Yes
268430,1699,Watauga,North Carolina,37,189,37189,312.4, ,21,1699,26796,Upper Johns River,0,NC,{1D020A10-648A-457B-97F3-C2AD51133926},030501010505,0.25767718,Yes
268402,1704,Mitchell,North Carolina,37,121,37121,222.1, ,39,1704,36054,North Fork Catawba River,0,NC,{E6D37460-17FA-4E0F-8FB6-0C725923E4F3},030501010303,0.41568368,Yes
268417,1705,Caldwell,North Carolina,37,027,37027,475.3, ,50,1705,23781,Upper Warrior Fork,0,NC,{F7A0CBD1-36C8-4B65-BDE1-28AD2FD7229C},030501010403,0.23406538,Yes
270293,1706,Yancey,North Carolina,37,199,37199,313.1, ,9,1706,15765,Big Crabtree Creek,0,NC,{283B2917-A188-4A13-A02E-1E9FF67EB7D0},060101080106,0.18484307,Yes
268401,1708,Burke,North Carolina,37,023,37023,513.4, ,50,1708,36054,North Fork Catawba River,0,NC,{E6D37460-17FA-4E0F-8FB6-0C725923E4F3},030501010303,0.44101896,Yes
268401,1709,McDowell,North Carolina,37,111,37111,447, ,9,1709,36054,North Fork Catawba River,0,NC,{E6D37460-17FA-4E0F-8FB6-0C725923E4F3},030501010303,0.44101896,Yes
268853,1710,Catawba,North Carolina,37,035,37035,413.6, ,2,1710,27909,Upper Jacob Fork,0,NC,{AB337247-6361-46C8-9C01-F13393035312},030501020202,0.27031142,Yes
269223,1711,Lincoln,North Carolina,37,109,37109,307.1, ,1,1711,22492,Knob Creek,0,NC,{0D67C1CA-B8C5-4AF2-884A-B01B911B20B1},030501050606,0.19643156,Yes
265586,1712,Jackson,North Carolina,37,099,37099,494.5, ,78,1712,28018,Headwaters West Fork Chattooga River,0,"GA,NC",{860DFC63-8531-45E1-9D05-27633C759FFC},030601020203,0.25940985,Yes
325995,1713,Wayne,Tennessee,47,181,47181,735.6, ,22,1713,24989,Middle Cypress Creek,0,"AL,TN",{D13648A7-B954-416E-9AF7-B8D945FA8A55},060300050602,0.22866188,Yes
268947,1714,Henderson,North Carolina,37,089,37089,375, ,9,1714,26992,Lake Summit-Green River,0,NC,{9F100EE6-554D-483B-B17B-637B3FFA9052},030501050103,0.23241505,Yes
326989,1715,Hamilton,Tennessee,47,065,47065,575.7, ,1,1715,22863,Coppinger Creek-Hiwassee River,0,TN,{61E9EB55-8F96-4062-9713-DA308F0936C6},060200010605,0.24599266,Yes
1063,1718,Lauderdale,Alabama,01,077,01077,718.8, ,41,1718,15187,Page Branch-Tennessee River,0,AL,{5169F33A-DAFE-498A-A698-516C84EF8C04},060300050801,0.17964572,Yes
1105,1719,Colbert,Alabama,01,033,01033,623.6, ,23,1719,42728,Middle Town Creek,0,AL,{B321FFEC-07E9-4F50-96CF-A14143831B32},060300050304,0.29630711,Yes
313164,1720,Richland,South Carolina,45,079,45079,771.2, ,32,1720,34661,Nicholas Creek-Broad River,0,SC,{79E0E7AA-7896-4D69-9AD9-88D67242941F},030501100301,0.35750459,Yes
119891,1721,Fulton,Georgia,13,121,13121,534.9, ,3,1721,15117,Wilson Creek-Chattahoochee River,0,GA,{7A30B6BB-A327-4A39-99F3-E8931CDCACB7},031300020304,0.18779245,Yes
4266,1722,Walker,Alabama,01,127,01127,805.3, ,31,1722,17749,Boxes Creek,0,AL,{5647D0EE-0D93-4818-A2BC-807F9ED27691},031601070106,0.20833395,Yes
2277,1723,St. Clair,Alabama,01,115,01115,653.6, ,23,1723,27570,Little Canoe Creek,0,AL,{AE8212C4-16E4-4AB0-96C9-5DD634A524A1},031501060302,0.40361781,Yes
312848,1724,Edgefield,South Carolina,45,037,45037,506.6, ,27,1724,31892,Llyod Creek-Savannah River,0,"GA,SC",{6C1C4AAE-5667-4C4E-923A-618C644D628B},030601060601,0.34793182,Yes
1676,1725,Cleburne,Alabama,01,029,01029,561, ,71,1725,27022,Pumpkin Pile Creek-McCurry Creek,0,"AL,GA",{D94E87FB-BF93-43B9-952A-ED5A48164F20},031501050103,0.10911171,Yes
4047,1726,Fayette,Alabama,01,057,01057,629.3, ,74,1726,28298,Wickett Creek-Beaver Creek,0,AL,{122142FC-8AAA-4A70-9C2B-B47FA24A4B61},031601030202,0.26850423,Yes
312852,1727,Aiken,South Carolina,45,003,45003,1080.3, ,79,1727,71034,Beaverdam Ditch-Savannah River,0,"GA,SC",{0909F6CE-EECD-461E-96D1-F88A69B66F1C},030601060805,0.22193726,Yes
2282,1728,Jefferson,Alabama,01,073,01073,1123.8, ,85,1728,31005,Headwaters Big Canoe Creek,0,AL,{7DC4A60B-20B2-4F52-8CCB-947E2EF3E9B6},031501060303,0.45014082,Yes
119897,1729,Carroll,Georgia,13,045,13045,504, ,7,1729,35685,Upper Sweetwater Creek,0,GA,{D367E254-9B13-4DC2-8B4E-FFA3C8C038A5},031300020203,0.35309864,Yes
121825,1730,Morgan,Georgia,13,211,13211,354.6, ,83,1730,15695,Oconee River-Lake Oconee,0,GA,{F6EF1E9E-2AC7-4150-9C81-0289187060D1},030701011304,0.18371327,Yes
3811,1731,Marengo,Alabama,01,091,01091,982.8, ,114,1731,20266,County Line Creek-Sand Creek,0,AL,{4B53B1CC-DF4E-4822-A3C7-96131D46E234},031502030503,0.20271485,Yes
116693,1732,Dodge,Georgia,13,091,13091,503.3, ,58,1732,37220,Limestone Creek,0,GA,{A4DB6D81-271C-4469-972F-E12E18F578B8},030701040303,0.2787504,Yes
116894,1733,Toombs,Georgia,13,279,13279,368.7, ,50,1733,20650,Horn Creek-Altamaha River,0,GA,{82A6309D-C9BC-4848-8F6E-8DD3672D94C9},030701060106,0.2559614,Yes
889,1734,Bullock,Alabama,01,011,01011,626.1, ,87,1734,27377,Johnson Creek-Headwaters Pea River,0,AL,{60F0C2CE-8255-4201-AD11-2D023C5E4978},031402020205,0.26644225,Yes
116824,1735,Wheeler,Georgia,13,309,13309,300.2, ,50,1735,48904,Opossum Creek-Ocmulgee River,0,GA,{87DB22B2-88EA-41BF-B655-D0A27702C231},030701040807,0.37031615,Yes
3741,1736,Wilcox,Alabama,01,131,01131,907.5, ,93,1736,23461,Wolf Creek,0,AL,{270BBF7D-4892-4D8F-8B14-8EA2A97EB00A},031502030204,0.24566406,Yes
117470,1737,Webster,Georgia,13,307,13307,210.2, ,52,1737,14078,West Fork Ichawaynochaway Creek,0,GA,{477F3E17-1535-4BD7-A2D4-6BA41662A055},031300090102,0.1999354,Yes
122073,1738,Sumter,Georgia,13,261,13261,492.6, ,106,1738,8147,Triple Creek,0,GA,{F908EE4A-873A-4D9E-9865-B02CF6A89D86},031300060105,0.12125843,Yes
2374,1739,Talladega,Alabama,01,121,01121,760.2, ,33,1739,37666,Tuskehadky Branch-Choccolocco Creek,0,AL,{3AD4F0C0-A7F8-4E68-A5A7-FB2F32B07D8D},031501060512,0.31089634,Yes
1577,1740,Chambers,Alabama,01,017,01017,603.1, ,10,1740,28257,Veasey Creek-West Point Lake,0,"AL,GA",{7AED0A01-23BD-47B1-8193-BEDA0849C9DF},031300020806,0.26048,Yes
2999,1741,Tallapoosa,Alabama,01,123,01123,766.2, ,31,1741,26570,Laney Creek,0,AL,{2AA82454-95E6-4C7A-9E7F-BBA939BE8E48},031501090309,0.22283613,Yes
2731,1742,Coosa,Alabama,01,037,01037,666.4, ,44,1742,29433,Cohabie Creek-Cedar Creek,0,AL,{492C3B31-D430-4D83-8254-77BA25886555},031501070304,0.30324796,Yes
2771,1743,Chilton,Alabama,01,021,01021,700.8, ,47,1743,28859,Spring Creek-Lay Lake,0,AL,{022F96E4-5EF9-408F-B998-13663290AAC2},031501070803,0.36368718,Yes
4863,1744,Hale,Alabama,01,065,01065,656.5, ,71,1744,33501,South Sandy Creek,0,AL,{93B74C34-E7B2-44FC-898F-0E4931D91FB7},031601130104,0.34700096,Yes
2836,1745,Elmore,Alabama,01,051,01051,657.2, ,70,1745,47999,Chesnut Creek,0,AL,{0247BBD4-CA63-48C5-9F2A-269740C871BD},031501070906,0.31820577,Yes
1308,1746,Montgomery,Alabama,01,101,01101,799.8, ,73,1746,38091,Headwaters Mannings Creek,0,AL,{661C7D8C-A4AC-404D-9A93-036BF84A5A86},031403010204,0.35818274,Yes
3351,1747,Lowndes,Alabama,01,085,01085,725, ,88,1747,46965,Upper Pinchony Creek,0,AL,{1DF18E4A-6612-4C01-B122-4DC3A0F2315F},031502010403,0.40050559,Yes
116234,1748,Stewart,Georgia,13,259,13259,463.5, ,89,1748,22462,Snake Creek-Chattahoochee River,0,"AL,GA",{5F452DC8-3F73-43D7-AF3F-11F1887A67F3},031300030804,0.0914413,Yes
3635,1749,Perry,Alabama,01,105,01105,724.1, ,67,1749,27534,Blue Girth Creek,0,AL,{9D4E6B18-9369-43B9-97A4-53E96DABE67D},031502020601,0.35779697,Yes
2835,1750,Autauga,Alabama,01,001,01001,604.4, ,49,1750,47999,Chesnut Creek,0,AL,{0247BBD4-CA63-48C5-9F2A-269740C871BD},031501070906,0.32686913,Yes
3493,1751,Dallas,Alabama,01,047,01047,993.4, ,95,1751,38639,Lower Mulberry Creek,0,AL,{972AAA0C-B715-40AC-AF4C-98CFD8C4DC57},031502011204,0.34763366,Yes
3613,1752,Tuscaloosa,Alabama,01,125,01125,1351.2, ,135,1752,25856,Hill Creek,0,AL,{BF4AF503-43A2-4A00-B9C7-7D28D1F62322},031502020502,0.27980326,Yes
2449,1753,Shelby,Alabama,01,117,01117,809.5, ,43,1753,20735,Jess Branch-Shoal Creek,0,AL,{EA3EC76E-567E-4190-9724-8423B7F76865},031501060805,0.2305847,Yes
3475,1754,Bibb,Alabama,01,007,01007,626.1, ,43,1754,23293,Little Mulberry Creek,0,AL,{3C6C8EAB-0ECC-4E80-9658-549FD35C926C},031502011003,0.21614784,Yes
121473,1755,Fayette,Georgia,13,113,13113,198.8, ,3,1755,32869,Murphy Creek-Flint River,0,GA,{71B782BB-06A3-4B0D-A7A9-A525934EA616},031300050106,0.28345899,Yes
120391,1756,Coweta,Georgia,13,077,13077,445.9, ,4,1756,19392,Sandy Creek,0,GA,{9274D7B8-ECD9-43BA-820F-847510B676AF},031300020502,0.19729052,Yes
2920,1757,Randolph,Alabama,01,111,01111,584.1, ,4,1757,34658,Ketchepedrakee Creek,0,AL,{0531714A-D802-4E76-BAA0-9709AAA02E3F},031501081004,0.46809831,Yes
2382,1758,Clay,Alabama,01,027,01027,606, ,18,1758,37944,Upper Cheaha Creek,0,AL,{7FDB4700-EA9A-4A03-A36E-2FC915846E92},031501060511,0.30582728,Yes
116185,1759,Heard,Georgia,13,149,13149,300.8, ,8,1759,11606,Little Wehadkee Creek,0,"AL,GA",{BD70CF1A-BDC9-4358-96A3-F76AD152EBE0},031300020806,0.14609145,Yes
120440,1760,Meriwether,Georgia,13,199,13199,505.1, ,73,1760,28742,Flat Creek,0,GA,{C1C02464-883D-49FD-8508-943ED6881F0D},031300020707,0.34419162,Yes
116189,1761,Troup,Georgia,13,285,13285,446.3, ,75,1761,17262,Lower Wehadkee Creek,0,"AL,GA",{8F8F1606-57E0-4FBA-AE17-BBF47A38F64E},031300020808,0.15781039,Yes
121541,1762,Pike,Georgia,13,231,13231,219.3, ,43,1762,9948,Hollonville-Flint River,0,GA,{602A31AA-B602-407F-92C7-08039B4817E6},031300050403,0.14040674,Yes
120520,1763,Talbot,Georgia,13,263,13263,394.7, ,69,1763,7978,Upper Mulberry Creek,0,GA,{46012123-FD97-4275-B673-9693AFBB1E7E},031300021205,0.12975439,Yes
116203,1764,Harris,Georgia,13,145,13145,473, ,90,1764,12601,Crow Hop-Chattahoochee River,0,"AL,GA",{BD74F968-F540-4FCC-B111-29CED7E9A54C},031300021109,0.09825849,Yes
1595,1765,Lee,Alabama,01,081,01081,615.5, ,40,1765,14210,Bartletts Ferry Dam-Chattahoochee River,0,"AL,GA",{E401458E-B6E0-4A97-9BD3-FF402892F118},031300021302,0.17231377,Yes
116214,1766,Muscogee,Georgia,13,215,13215,221, ,49,1766,28585,Soap Creek-Chattahoochee River,0,"AL,GA",{DAF377DF-34AC-4D8A-B680-61EE823766E1},031300030104,0.07574183,Yes
3111,1767,Macon,Alabama,01,087,01087,613.2, ,74,1767,28799,Middle Sougahatchee Creek,0,AL,{25E8DCFC-B6B6-4F60-9570-E57E61127FEE},031501100104,0.26967201,Yes
120579,1768,Marion,Georgia,13,197,13197,367.4, ,76,1768,15961,Black Creek,0,GA,{D8AFB43E-7125-44C7-AAA3-99C941C84AED},031300030204,0.19378887,Yes
116223,1769,Chattahoochee,Georgia,13,053,13053,251.2, ,49,1769,20297,Broken Arrow Creek-Chattahoochee River,0,"AL,GA",{619FD29E-FFE8-4C6D-B9C5-04F729C2153A},031300030602,0.12465391,Yes
1614,1770,Russell,Alabama,01,113,01113,647.4, ,53,1770,20297,Broken Arrow Creek-Chattahoochee River,0,"AL,GA",{619FD29E-FFE8-4C6D-B9C5-04F729C2153A},031300030602,0.22989231,Yes
325931,1772,Franklin,Tennessee,47,051,47051,574.3, ,5,1772,13585,Middle Crow Creek,0,"AL,TN",{ABF1E31C-DEC7-400B-A57A-D23A38A3310F},060300010304,0.12864882,Yes
317,1773,Jackson,Alabama,01,071,01071,1126.7, ,28,1773,17242,Evans Creek,0,AL,{3422C36D-08B7-4954-9CDB-C2688025ABAF},060300010602,0.1876291,Yes
119524,1774,Fannin,Georgia,13,111,13111,391.1, ,75,1774,13189,Tickanetley Creek,0,GA,{81BBE626-C029-415A-B9AB-4161DD0574E3},031501020102,0.15289819,Yes
502,1775,DeKalb,Alabama,01,049,01049,778.7, ,30,1775,30676,Snake Creek-Town Creek,0,AL,{21D2618B-7F89-4A00-B3BC-29AAFE7ED49E},060300010703,0.32577169,Yes
119484,1776,Gilmer,Georgia,13,123,13123,431.8, ,114,1776,13097,Emery Creek-Holly Creek,0,GA,{3513D67F-5C1B-48D2-A92B-1A0DFAF20245},031501010402,0.1696957,Yes
735,1777,Lawrence,Alabama,01,079,01079,718.1, ,49,1777,31150,Crowdabout Creek,0,AL,{560FD0FC-F76C-4C54-9A85-A52EF581CE06},060300021007,0.34647238,Yes
711,1778,Morgan,Alabama,01,103,01103,599, ,24,1778,36189,Matney Branch-Tennessee River,0,AL,{683A6D9C-DF47-41D9-82C6-19AE593648F1},060300021102,0.42104744,Yes
119515,1779,Gordon,Georgia,13,129,13129,358.3, ,99,1779,11021,Polecat Creek,0,GA,{91F320B5-99A7-4F4E-9797-FAA234D7D5A3},031501010504,0.1594893,Yes
333,1780,Marshall,Alabama,01,095,01095,623.2, ,22,1780,19608,Lower North Sauty Creek,0,AL,{E49FB600-3212-4D00-8F12-2A218F26C078},060300010606,0.26570125,Yes
116287,1781,Floyd,Georgia,13,115,13115,518.5, ,106,1781,14915,Little Cedar Creek,0,"AL,GA",{5EF30625-ED9B-4B98-8311-17A720ADAF34},031501050107,0.22731208,Yes
116291,1782,Chattooga,Georgia,13,055,13055,313.5, ,83,1782,8005,Kings Creek,0,"AL,GA",{16E31714-AE5B-4F88-BCBF-758D7DF0B9F7},031501050205,0.09877382,Yes
523,1783,Etowah,Alabama,01,055,01055,548.7, ,16,1783,23340,Upper Short Creek,0,AL,{D957A65A-E526-44A0-838A-9460A96D52F4},060300010806,0.21000025,Yes
1950,1784,Calhoun,Alabama,01,015,01015,612.3, ,38,1784,17883,South Fork Terrapin Creek,0,AL,{FEF35837-A902-4C07-B004-26D1485483E4},031501050904,0.21387906,Yes
119891,1785,Douglas,Georgia,13,097,13097,200.1, ,5,1785,15117,Wilson Creek-Chattahoochee River,0,GA,{7A30B6BB-A327-4A39-99F3-E8931CDCACB7},031300020304,0.18779245,Yes
717,1786,Cullman,Alabama,01,043,01043,754.8, ,19,1786,13294,Dry Creek-Mill Creek,0,AL,{A7261F03-8AAC-4808-81F8-3E9C5AFADBB1},060300021003,0.18293607,Yes
1177,1787,Winston,Alabama,01,133,01133,631.8, ,36,1787,43186,Headwaters Bear Creek,0,AL,{4D525068-37AF-4488-BECC-EC4055B9E814},060300060103,0.31540849,Yes
2284,1788,Blount,Alabama,01,009,01009,650.6, ,8,1788,31005,Headwaters Big Canoe Creek,0,AL,{7DC4A60B-20B2-4F52-8CCB-947E2EF3E9B6},031501060303,0.30409611,Yes
677,1790,Limestone,Alabama,01,083,01083,607.1, ,30,1790,17456,Lower Limestone Creek,0,AL,{527A31FA-C496-49EF-A14D-81F11CFFE9CB},060300020906,0.31679114,Yes
571,1791,Madison,Alabama,01,089,01089,812.8, ,17,1791,15447,Williams Creek-Dry Creek,0,AL,{DAAA5DC1-D331-4F07-B4ED-5978D187D982},060300020107,0.19409564,Yes
326049,1792,Bradley,Tennessee,47,011,47011,331.6, ,22,1792,19105,Ball Play Creek-Conasauga River,0,"GA,TN",{32323F18-4B6E-408E-905A-E66481EF3EAE},031501010105,0.20405309,Yes
325926,1793,Marion,Tennessee,47,115,47115,513.6, ,20,1793,39723,Jones Creek-Tennessee River,0,"AL,TN",{3BE99B66-3B0D-4F74-84A4-4FC2F8C1644A},060300010205,0.29148318,Yes
326043,1794,Polk,Tennessee,47,139,47139,442.3, ,61,1794,35317,Wolf Creek-Toccoa River,0,"GA,NC,TN",{44477404-90FF-4052-B20E-30177A6B4BF2},060200030209,0.19092815,Yes
119435,1795,Whitfield,Georgia,13,313,13313,290.5, ,64,1795,10256,Hampton Island-Conasauga River,0,GA,{2E7FF0DD-DBD6-47A2-A1F4-66018565D329},031501010211,0.16935263,Yes
119423,1796,Murray,Georgia,13,213,13213,347, ,104,1796,8193,Upper Sumac Creek,0,GA,{65D3BD9D-9B92-4F08-B054-3AD8C77FEFE9},031501010204,0.12494033,Yes
119474,1797,Catoosa,Georgia,13,047,13047,162.4, ,31,1797,14516,Upper Mill Creek,0,GA,{D1CA2724-A30A-4656-B8AB-B108012AC9E0},031501010306,0.25617135,Yes
116316,1798,Dade,Georgia,13,083,13083,174.2, ,29,1798,15806,East Fork West Fork Little River-West Fork Little River,0,"AL,GA",{47CAF7E7-2498-49CE-9447-752984054FCA},031501050704,0.10877052,Yes
116311,1799,Walker,Georgia,13,295,13295,447.3, ,91,1799,9134,East Fork Little River,0,"AL,GA",{671A57AC-C15D-48BC-B98F-426BB383F3F7},031501050705,0.19187971,Yes
119539,1800,Pickens,Georgia,13,227,13227,232.7, ,73,1800,16005,Turkey Creek-Clear Creek,0,GA,{F6AD262A-DBA3-46C7-9A30-80FA69E8AFCF},031501020106,0.19580157,Yes
1676,1801,Cherokee,Alabama,01,019,01019,600, ,55,1801,27022,Pumpkin Pile Creek-McCurry Creek,0,"AL,GA",{D94E87FB-BF93-43B9-952A-ED5A48164F20},031501050103,0.10911171,Yes
120055,1802,Bartow,Georgia,13,015,13015,469.8, ,97,1802,19545,Ninetynine Branch-Salacoa Creek,0,GA,{6F32EC60-0375-4AE3-AE95-8FC7DDC58612},031501020604,0.25107676,Yes
120051,1803,Cherokee,Georgia,13,057,13057,434.1, ,45,1803,14772,Little Creek-Salacoa Creek,0,GA,{117B4C93-C3CF-47AF-89C9-6E55AE0EAD77},031501020602,0.17921757,Yes
119891,1804,Cobb,Georgia,13,067,13067,344.4, ,10,1804,15117,Wilson Creek-Chattahoochee River,0,GA,{7A30B6BB-A327-4A39-99F3-E8931CDCACB7},031300020304,0.18779245,Yes
116281,1805,Polk,Georgia,13,233,13233,312.2, ,63,1805,27022,Pumpkin Pile Creek-McCurry Creek,0,"AL,GA",{D94E87FB-BF93-43B9-952A-ED5A48164F20},031501050103,0.27154751,Yes
119897,1806,Paulding,Georgia,13,223,13223,315.3, ,59,1806,35685,Upper Sweetwater Creek,0,GA,{D367E254-9B13-4DC2-8B4E-FFA3C8C038A5},031300020203,0.35309864,Yes
116281,1807,Haralson,Georgia,13,143,13143,283, ,43,1807,27022,Pumpkin Pile Creek-McCurry Creek,0,"AL,GA",{D94E87FB-BF93-43B9-952A-ED5A48164F20},031501050103,0.27154751,Yes
269519,1808,Transylvania,North Carolina,37,175,37175,380.6, ,39,1808,15661,Lake Toxaway-Headwaters Toxaway River,0,NC,{F48540A9-4249-47AD-B1D5-53EDA0503771},030601010102,0.19528504,Yes
268952,1810,Polk,North Carolina,37,149,37149,238.7, ,6,1810,25471,Cove Creek-Green River,0,NC,{34B517DF-166F-4F11-BAF5-3ABEC4227ADF},030501050104,0.24799727,Yes
312889,1811,Greenville,South Carolina,45,045,45045,794.6, ,30,1811,16546,East Fork French Broad River,0,NC,{F61CB3A4-8A73-4AD0-997B-2F07C0364C5D},060101050105,0.09531896,Yes
118287,1812,Habersham,Georgia,13,137,13137,279.2, ,39,1812,13432,Bridge Creek-Tallulah River,0,GA,{109E7C7C-7F33-44BB-B0BE-5E86F98B6030},030601020108,0.16678929,Yes
312813,1813,Anderson,South Carolina,45,007,45007,757.5, ,54,1813,59693,Lower Tugaloo River,0,"GA,SC",{4D27B6FC-6E31-45A6-ACEC-CC49B0C235D1},030601030100,0.20848179,Yes
313281,1814,Laurens,South Carolina,45,059,45059,723.8, ,22,1814,32961,Durbin Creek,0,SC,{ED40EE00-2D26-4019-A583-9728815AF75A},030501080106,0.29126017,Yes
119287,1815,Lumpkin,Georgia,13,187,13187,284.3, ,31,1815,15885,Wahoo Creek,0,GA,{B2A9C8E8-A469-4E03-A0F2-76051A8D5086},031300010404,0.20450798,Yes
119339,1816,Dawson,Georgia,13,085,13085,214.5, ,30,1816,17012,Yellow Creek-Chestatee River,0,GA,{120355D7-A644-4138-890F-5785216E5793},031300010702,0.19510928,Yes
313094,1817,Fairfield,South Carolina,45,039,45039,710.2, ,11,1817,37924,Rocky Creek-Broad River,0,SC,{96A04E17-73CD-453C-92D8-57D59DB8AD99},030501060703,0.40884199,Yes
312795,1818,McCormick,South Carolina,45,065,45065,394, ,69,1818,25790,Coody Creek-Broad River,0,GA,{21254DDB-90B8-445B-B881-2E3E3C6AE7B8},030601030712,0.02087892,Yes
118371,1819,Wilkes,Georgia,13,317,13317,473.5, ,65,1819,15153,Pistol Creek,0,GA,{1DEBDF56-6873-4D23-8C6A-56F6EE257DE3},030601030712,0.18253019,Yes
116425,1820,Walton,Georgia,13,297,13297,329.7, ,51,1820,22581,Beaverdam Creek-Alcovy River,0,GA,{909990CF-B47E-48AC-B95C-73E4D40760C5},030701030705,0.27905488,Yes
118328,1821,Franklin,Georgia,13,119,13119,266.3, ,47,1821,22650,Eastanollee Creek,0,GA,{58A04D1E-9CF0-4641-A89E-45EDCA3E171D},030601020507,0.24204672,Yes
118400,1822,Banks,Georgia,13,011,13011,233.9, ,32,1822,24803,Nancy Town Creek-Middle Fork Broad River,0,GA,{30786A00-F472-42FB-B4B7-0E9B7F8AB901},030601040102,0.27068605,Yes
120695,1823,Forsyth,Georgia,13,117,13117,247.1, ,2,1823,9570,Yellow Creek-Etowah River,0,GA,{EE3FA7CB-AEFE-4353-828F-5E202327AC51},031501040306,0.13452292,Yes
118452,1824,Jackson,Georgia,13,157,13157,343.1, ,41,1824,25037,Upper Grove Creek,0,GA,{F623EAD3-AFBC-4765-97A3-F070D0CB838F},030601040207,0.24819949,Yes
118339,1825,Elbert,Georgia,13,105,13105,374.6, ,58,1825,27471,Upper Beaverdam Creek,0,GA,{4C59F051-1FEA-4F1F-8E37-EB2FF31C554D},030601030303,0.27631697,Yes
118432,1826,Madison,Georgia,13,195,13195,285.3, ,49,1826,32229,Stephens Creek-Middle Fork Broad River,0,GA,{07EAD648-1146-4C41-90AC-746B9984A911},030601040301,0.33677168,Yes
116420,1827,Gwinnett,Georgia,13,135,13135,436.6, ,3,1827,14255,Palm Creek-Alcovy River,0,GA,{D3455655-517F-4B25-A279-CE9B059AC76C},030701030704,0.18634308,Yes
121334,1828,Barrow,Georgia,13,013,13013,163, ,27,1828,17851,Dosters Creek-Middle Oconee River,0,GA,{AA5E4817-D3AB-4D10-AE47-72862263327A},030701010302,0.20752887,Yes
121365,1829,Oconee,Georgia,13,219,13219,186.3, ,49,1829,12540,Bear Creek,0,GA,{8AC61FC2-05B2-4CC2-B3AE-36429205D7FD},030701010307,0.17297112,Yes
123250,1830,DeKalb,Georgia,13,089,13089,270.5, ,1,1830,24317,Camp Creek-South River,0,GA,{6A915C9B-947B-4028-95A0-557B0885003A},030701030603,0.25525508,Yes
118453,1831,Hall,Georgia,13,139,13139,429.1, ,27,1831,25037,Upper Grove Creek,0,GA,{F623EAD3-AFBC-4765-97A3-F070D0CB838F},030601040207,0.26096583,Yes
118332,1832,Hart,Georgia,13,147,13147,256.2, ,36,1832,14808,Gum Log Creek,0,GA,{B06CE3AB-9503-4D56-B03B-4BA3F9883CEB},030601020507,0.18834145,Yes
118499,1833,Clarke,Georgia,13,059,13059,121.4, ,33,1833,23306,Brush Creek,0,GA,{7872004B-2C87-4B31-95DF-B420F934AD71},030601040406,0.19969391,Yes
118492,1834,Oglethorpe,Georgia,13,221,13221,442.2, ,72,1834,33795,Deep Creek-Broad River,0,GA,{AD3598DD-D52D-4716-B81E-17758311205A},030601040602,0.3006705,Yes
265581,1835,Macon,North Carolina,37,113,37113,519.7, ,88,1835,19726,Headwaters Tallulah River,0,"GA,NC",{C7753241-7C48-4890-90F4-D3F5498D672D},030601020103,0.19084727,Yes
312889,1836,Pickens,South Carolina,45,077,45077,512, ,31,1836,16546,East Fork French Broad River,0,NC,{F61CB3A4-8A73-4AD0-997B-2F07C0364C5D},060101050105,0.09531896,Yes
312798,1837,Oconee,South Carolina,45,073,45073,673.6, ,47,1837,24591,Upper Chattooga River,0,"GA,NC,SC",{483B073F-EC80-4AE7-9C03-6E4893EB15F9},030601020209,0.13463709,Yes
117967,1838,Rabun,Georgia,13,241,13241,377.1, ,81,1838,11986,Persimmon Creek,0,GA,{B9470680-B6CB-4A65-A14F-A70137DA520A},030601020103,0.16939801,Yes
118277,1839,Towns,Georgia,13,281,13281,171.7, ,39,1839,12819,Popcorn Creek-Tallulah River,0,GA,{C344500C-AFFB-45E7-BEAF-9B0398ADA4E9},030601020105,0.16689573,Yes
118879,1840,Union,Georgia,13,291,13291,329.6, ,64,1840,14301,Headwaters Chattahoochee River,0,GA,{E86AF9F8-BD04-41D5-B337-0D6EB7028CE7},031300010102,0.18497085,Yes
118879,1841,White,Georgia,13,311,13311,242.3, ,34,1841,14301,Headwaters Chattahoochee River,0,GA,{E86AF9F8-BD04-41D5-B337-0D6EB7028CE7},031300010102,0.18497085,Yes
118320,1842,Stephens,Georgia,13,257,13257,184.3, ,29,1842,21089,Panther Creek,0,GA,{B7287034-4B73-4306-AB17-1A07B93CEA3F},030601020403,0.24640828,Yes
265595,1843,Cherokee,North Carolina,37,039,37039,466.6, ,87,1843,35317,Wolf Creek-Toccoa River,0,"GA,NC,TN",{44477404-90FF-4052-B20E-30177A6B4BF2},060200030209,0.15324616,Yes
265581,1844,Clay,North Carolina,37,043,37043,220.6, ,31,1844,19726,Headwaters Tallulah River,0,"GA,NC",{C7753241-7C48-4890-90F4-D3F5498D672D},030601020103,0.19084727,Yes
313029,1845,Spartanburg,South Carolina,45,083,45083,819.2, ,17,1845,29716,Richardson Creek-Broad River,0,"NC,SC",{27E311F7-9C0D-4495-8453-0A6BBE2E02B5},030501050503,0.13669482,Yes
313031,1846,Cherokee,South Carolina,45,021,45021,397, ,12,1846,16039,Big Horse Creek-Broad River,0,"NC,SC",{E68AE1E2-A6B8-45FD-9649-BBE726C1FE30},030501050506,0.16261395,Yes
316328,1847,York,South Carolina,45,091,45091,695.6, ,7,1847,25849,Lower Bullock Creek,0,SC,{FD70A4A3-1C21-40C7-AFF3-A459A54E8364},030501051604,0.27501442,Yes
313094,1848,Union,South Carolina,45,087,45087,516.4, ,14,1848,37924,Rocky Creek-Broad River,0,SC,{96A04E17-73CD-453C-92D8-57D59DB8AD99},030501060703,0.40884199,Yes
316016,1849,Chester,South Carolina,45,023,45023,586.5, ,16,1849,11843,Beaverdam Creek-Rocky Creek,0,SC,{CEC94051-DAF5-49A1-BDAE-711704A81EE3},030501030505,0.1931738,Yes
313089,1850,Newberry,South Carolina,45,071,45071,647.6, ,39,1850,25210,Lower Cannons Creek,0,SC,{0B5144DA-A2B3-4242-898B-A20FA42FCAA1},030501060406,0.38980208,Yes
312819,1851,Abbeville,South Carolina,45,001,45001,511.1, ,69,1851,28156,Lower Rocky River,0,"GA,SC",{E35DA2A2-02EB-4947-AF54-44C4CFC58CB5},030601030411,0.28839036,Yes
313507,1852,Greenwood,South Carolina,45,047,45047,462.4, ,46,1852,19984,Henley Creek,0,SC,{2BD93BCC-79AB-4B70-B5BC-A0FC49B15450},030501090704,0.19153237,Yes
313884,1853,Lexington,South Carolina,45,063,45063,757.2, ,16,1853,26994,Outlet Saluda River,0,SC,{E43244B9-6CFC-40A4-AD49-FB12F1A71331},030501100301,0.31105004,Yes
313652,1854,Saluda,South Carolina,45,081,45081,462.2, ,13,1854,30540,Upper Clouds Creek,0,SC,{7911D17B-5A37-4ED5-AE41-E70E0015EF2E},030501091003,0.24055276,Yes
118372,1855,Lincoln,Georgia,13,181,13181,257.8, ,37,1855,15153,Pistol Creek,0,GA,{1DEBDF56-6873-4D23-8C6A-56F6EE257DE3},030601030712,0.25204456,Yes
116379,1856,Rockdale,Georgia,13,247,13247,132.4, ,3,1856,19346,Carr Branch-Yellow River,0,GA,{AB4DFE82-4AF3-46FB-8B10-CA09180BAF63},030701030502,0.22964462,Yes
118571,1857,Greene,Georgia,13,133,13133,406.1, ,76,1857,22330,Upper North Fork Little River,0,GA,{51105C91-B69D-49D2-9452-ED70E82FE976},030601050102,0.20767906,Yes
116385,1858,Newton,Georgia,13,217,13217,279.1, ,42,1858,31008,Dried Indian Creek-Yellow River,0,GA,{18E5FA31-99E5-41BC-8860-97DFE70ADB64},030701030503,0.28158022,Yes
118599,1859,Warren,Georgia,13,301,13301,286.8, ,53,1859,39642,Williams Creek-Little River,0,GA,{F12AE80A-D74B-4AF7-9F36-66E4C387C013},030601050206,0.26819087,Yes
116502,1860,Spalding,Georgia,13,255,13255,199.6, ,18,1860,24096,Troublesome Creek-Towaliga River,0,GA,{837F2DB6-AEBC-406A-B3A0-294B791BA7AE},030701031106,0.28626748,Yes
119003,1861,Glascock,Georgia,13,125,13125,144.4, ,38,1861,15664,Little Brier Creek,0,GA,{50CF6B92-92FA-4F59-8E35-41FF29D1A16D},030601080103,0.17954203,Yes
117144,1862,Jefferson,Georgia,13,163,13163,529.1, ,100,1862,39220,Battleground Creek-Little Ohoopee River,0,GA,{D30A5248-0EBD-4C5C-9AED-7F8662466578},030701070205,0.29441319,Yes
118975,1863,Burke,Georgia,13,033,13033,835.3, ,135,1863,25929,Upper McBean Creek,0,GA,{69F0E4C6-DED4-45EE-A41D-93963E7F009D},030601060604,0.24799792,Yes
117001,1864,Washington,Georgia,13,303,13303,684.7, ,127,1864,22506,Dyers Creek-Ohoopee River,0,GA,{475BD916-F1F4-439C-AF06-949168E8D75A},030701070102,0.21447525,Yes
312859,1865,Allendale,South Carolina,45,005,45005,412.3, ,64,1865,39245,Sweetwater Creek-Savannah River,0,"GA,SC",{69C2D795-05B0-4521-8E5F-92FA810D6229},030601060905,0.14691991,Yes
118995,1866,Screven,Georgia,13,251,13251,655.5, ,87,1866,20507,Rocky  Creek,0,GA,{B683C0F6-C434-40F8-9C0B-A0FA83868451},030601060905,0.2272809,Yes
312867,1867,Hampton,South Carolina,45,049,45049,562.6, ,73,1867,48265,Jackson Branch-Savannah River,0,"GA,SC",{2BC7EC2E-78C9-47B0-AB27-1B7AC9FECAF1},030601090106,0.29366755,Yes
122763,1868,Wilkinson,Georgia,13,319,13319,452.1, ,80,1868,9003,Little Black Creek,0,GA,{2F97DC91-06F9-492E-B2A3-88C8B244FDAD},030701020207,0.24435138,Yes
116589,1869,Upson,Georgia,13,293,13293,327.7, ,68,1869,22147,Wood Creek-Echeconnee Creek,0,GA,{64822B2B-73D7-42AD-816B-D950474600F7},030701031502,0.23183508,Yes
116581,1870,Bibb,Georgia,13,021,13021,255.6, ,31,1870,21561,Lake Tobesofkee,0,GA,{61AF4A73-4B46-4971-8AFB-43349A8B8919},030701031406,0.2073728,Yes
119051,1871,Jenkins,Georgia,13,165,13165,352.1, ,61,1871,21075,Upper Beaverdam Creek,0,GA,{D698C47B-267B-4178-9A50-9790DBC8758E},030601080402,0.24100962,Yes
117005,1872,Johnson,Georgia,13,167,13167,306.4, ,53,1872,28048,Big Branch-Ohoopee River,0,GA,{DDCDE4B1-9C4D-4BF9-A5B6-A1F0C10D78C2},030701070105,0.28947723,Yes
116828,1873,Montgomery,Georgia,13,209,13209,247.3, ,48,1873,35079,Gully Creek-Ocmulgee River,0,GA,{2B71C792-295C-445D-8073-4D24CA8E01DF},030701060101,0.24223252,Yes
116629,1874,Twiggs,Georgia,13,289,13289,362.7, ,47,1874,63827,Stone Creek-Ocmulgee River,0,GA,{873726B1-7FDB-4F2A-881A-34765C192096},030701040101,0.4727745,Yes
120586,1875,Taylor,Georgia,13,269,13269,379.8, ,69,1875,17154,Juniper Creek,0,GA,{8C5C9F4C-B95E-49CD-B101-85B9BDDDC4BC},031300030205,0.21496288,Yes
116841,1876,Laurens,Georgia,13,175,13175,818.9, ,130,1876,23230,Batson Creek-Alligator Creek,0,GA,{11EB7EDB-0F37-4B24-84CD-CB854EEB2D91},030701050202,0.2258981,Yes
116609,1877,Houston,Georgia,13,153,13153,379.7, ,49,1877,35492,Juniper Creek-Echeconnee Creek,0,GA,{7CEEBA11-37B0-45F7-B9D8-592DBB021CE3},030701031605,0.37544192,Yes
116649,1878,Bleckley,Georgia,13,023,13023,218.6, ,37,1878,23509,South Shellstone Creek,0,GA,{B53F69A2-79EC-42B3-8F55-EED057500A47},030701040106,0.22045273,Yes
116661,1879,Macon,Georgia,13,193,13193,405.9, ,83,1879,43120,Upper Big Indian Creek,0,GA,{509EAACD-59BB-4B04-90D3-104E292A3722},030701040202,0.290371,Yes
122029,1880,Schley,Georgia,13,249,13249,167.8, ,41,1880,20563,Upper Cedar Creek,0,GA,{A8377C2F-D992-4DF8-9066-8E64A257780D},031300051505,0.21062662,Yes
116658,1881,Pulaski,Georgia,13,235,13235,250, ,37,1881,42965,Thompson Mill Creek-Ocmulgee River,0,GA,{42EB4AD4-5C5C-477B-AA89-804D73A27552},030701040303,0.39257588,Yes
116701,1882,Dooly,Georgia,13,093,13093,397.1, ,69,1882,26811,Upper Big Creek,0,GA,{871BCA61-E770-4A12-B10E-AD60B9F7B1A0},030701040402,0.24131013,Yes
116593,1883,Crawford,Georgia,13,079,13079,326.5, ,66,1883,23483,Walnut Creek,0,GA,{237C0EEA-4E23-41B4-99B6-D32B906553EB},030701031503,0.22712188,Yes
116609,1884,Peach,Georgia,13,225,13225,151.5, ,23,1884,35492,Juniper Creek-Echeconnee Creek,0,GA,{7CEEBA11-37B0-45F7-B9D8-592DBB021CE3},030701031605,0.37544192,Yes
118575,1885,Taliaferro,Georgia,13,265,13265,195.5, ,35,1885,23682,Lower North Fork Little River,0,GA,{9DA7D4E5-366E-4774-B164-0347DB8F8DD4},030601050105,0.24982123,Yes
121473,1886,Clayton,Georgia,13,063,13063,144.8, ,2,1886,32869,Murphy Creek-Flint River,0,GA,{71B782BB-06A3-4B0D-A7A9-A525934EA616},031300050106,0.28345899,Yes
116397,1887,Henry,Georgia,13,151,13151,324.8, ,20,1887,27403,Lower Walnut Creek,0,GA,{A3BF3240-CA1E-4F79-B022-CFF8B2EE9C2A},030701030603,0.26254281,Yes
116450,1888,Jasper,Georgia,13,159,13159,373.7, ,76,1888,12194,Hurricane Creek-Alcovy River,0,GA,{EB72A244-7711-40EF-B497-672B8150DCF0},030701030804,0.18154145,Yes
122379,1889,Putnam,Georgia,13,237,13237,360.7, ,68,1889,17744,Shoulderbone Creek,0,GA,{4C30B119-C03D-4E6B-966C-0D52DC45D487},030701011804,0.24011788,Yes
119107,1890,Hancock,Georgia,13,141,13141,478.5, ,83,1890,14982,Powell Creek,0,GA,{C7B3EC54-5D2C-47A2-9AC1-4C4F4B886CCA},030602010105,0.26856682,Yes
116409,1891,Butts,Georgia,13,035,13035,190.1, ,38,1891,30177,South River-Jackson Lake,0,GA,{2E5A6086-1DD9-4206-A446-E604B64F7488},030701030903,0.2882765,Yes
122496,1892,Baldwin,Georgia,13,009,13009,267.7, ,54,1892,22237,Rock Creek-Big Cedar Creek,0,GA,{6A2F83BA-089E-475E-98F2-26B3C7926865},030701011706,0.33386093,Yes
116537,1893,Jones,Georgia,13,169,13169,395.5, ,63,1893,14391,Upper Falling Creek,0,GA,{AFCC092B-BD3E-483E-A1F0-C715325F8DDD},030701031302,0.17574984,Yes
116513,1894,Lamar,Georgia,13,171,13171,185.9, ,37,1894,31745,Buck Creek,0,GA,{D0F677DB-329E-48CB-A132-65AD166A82BD},030701031106,0.28387334,Yes
116489,1895,Monroe,Georgia,13,207,13207,397.3, ,62,1895,16616,Lower Big Sandy Creek,0,GA,{2E8C91A4-8960-421F-892A-527040545773},030701031006,0.22977009,Yes
118935,1896,Columbia,Georgia,13,073,13073,307.8, ,36,1896,28137,Lloyd Creek-Little River,0,GA,{9B5A82C5-4015-4A8E-A373-7F1E94DAB035},030601050403,0.35054123,Yes
118602,1897,McDuffie,Georgia,13,189,13189,266.3, ,40,1897,39642,Williams Creek-Little River,0,GA,{F12AE80A-D74B-4AF7-9F36-66E4C387C013},030601050206,0.2964419,Yes
118956,1898,Richmond,Georgia,13,245,13245,328.5, ,43,1898,41247,Uchee Creek,0,GA,{2CFCB682-562E-44DB-B5E8-819DBD0DFD8C},030601060105,0.35949968,Yes
312855,1899,Barnwell,South Carolina,45,011,45011,557.5, ,49,1899,34914,Little Beaverdam Creek-Savannah River,0,"GA,SC",{8EF0B585-5606-4855-B84E-C13190F72101},030601060806,0.25012084,Yes
315545,1900,Bamberg,South Carolina,45,009,45009,395.3, ,41,1900,25095,Snake Branch-South Fork Edisto River,0,SC,{B5FF53D4-0A5A-4070-BCC9-1B6B69BD67A7},030502040311,0.34057818,Yes
117026,1901,Emanuel,Georgia,13,107,13107,690.4, ,98,1901,24295,Poley Creek-Ohoopee River,0,GA,{888EFAA1-3017-44ED-A2D8-21D0F5937F74},030701070108,0.21919572,Yes
312874,1902,Jasper,South Carolina,45,053,45053,666.8, ,60,1902,42348,Hog Branch-Savannah River,0,"GA,SC",{EE949713-5B8F-426B-9987-732DC2F494DC},030601090305,0.09123324,Yes
119748,1903,Bulloch,Georgia,13,031,13031,688.9, ,110,1903,33361,Long Branch-Ogeechee River,0,GA,{5F3C0356-2EA5-46DA-AC45-A68F6A7CB3E0},030602020302,0.28168868,Yes
119083,1904,Effingham,Georgia,13,103,13103,482.8, ,48,1904,30597,Upper Runs Branch,0,GA,{7325BA30-894C-47AC-B895-183EA6CF2FF0},030601090202,0.24985556,Yes
117161,1905,Candler,Georgia,13,043,13043,248.8, ,55,1905,41816,Jacks Creek,0,GA,{E4B66FF6-8052-4D8C-A517-C834CFCDC992},030701070304,0.29959383,Yes
117029,1906,Treutlen,Georgia,13,283,13283,202.1, ,29,1906,36951,Mulepen Creek-Ohoopee River,0,GA,{10F20158-ECF1-4957-9E0B-0E232E251423},030701070302,0.33688167,Yes
116944,1907,Evans,Georgia,13,109,13109,186.9, ,43,1907,26952,Upper Beards Creek,0,GA,{64D5AFE0-9480-4162-9C8E-3E1575B1D648},030701060305,0.26866523,Yes
180020,2196,Jackson,Michigan,26,075,26075,723.6, ,5,2196,16119,Middle North Branch Kalamazoo River,0,MI,{CEDEE13B-EAB5-47F8-BFF4-5E2E88B2021B},040500030104,0.28349354,Yes
180040,2208,Calhoun,Michigan,26,025,26025,718.4, ,1,2208,11094,Swains Lake Drain-South Branch Kalamazoo River,0,MI,{37BF18BD-6A76-4EE9-A2BC-F0066C5209EB},040500030206,0.16170591,Yes
284422,2257,Lawrence,Ohio,39,087,39087,457.3, ,8,2257,31604,Black Fork,0,OH,{07A1A104-2848-44C9-AD74-C57B76C62F3F},050901010803,0.32221208,Yes
280790,2393,Belmont,Ohio,39,013,39013,541.4, ,24,2393,24390,Upper McMahon Creek,0,OH,{AA0C5C7A-B0D1-42F5-B5F8-F2BD614A8F86},050301060704,0.29925081,Yes
283064,2396,Hocking,Ohio,39,073,39073,423.6, ,11,2396,11260,Pretty Run,0,OH,{3B24A7DA-CA45-46AA-9515-2E04142CBDFF},050600020905,0.18162922,Yes
280926,2397,Washington,Ohio,39,167,39167,640.2, ,12,2397,22754,Headwaters Little Hocking River,0,OH,{D72D601B-5B04-4A9A-9ED5-2A00876B207D},050302020105,0.24902341,Yes
280930,2400,Athens,Ohio,39,009,39009,508.5, ,11,2400,25252,West Branch Little Hocking River,0,OH,{29425C97-A7FD-4C4B-BB47-6A4BD626308A},050302020105,0.24689579,Yes
283032,2402,Vinton,Ohio,39,163,39163,415, ,26,2402,40152,Middle Fork Salt Creek,0,OH,{05F4379D-B2B5-4EA2-9195-75721D4D13C6},050600020805,0.35592709,Yes
284382,2403,Jackson,Ohio,39,079,39079,421.5, ,7,2403,13970,Indian Creek,0,OH,{45E42F7E-A27F-45FB-B12F-4E8478ACC3B7},050901010602,0.19532985,Yes
279935,2409,Adams,Ohio,39,001,39001,585.8, ,16,2409,29754,Quicks Run-Ohio River,0,"KY,OH",{5AC9F138-0C47-480F-A1CF-39BDCE49C459},050902010601,0.17273334,Yes
284474,2410,Scioto,Ohio,39,145,39145,616.1, ,8,2410,20674,Hales Creek,0,OH,{D91607E4-F06D-43B8-B15E-6CEF587C0B3E},050901030202,0.22855727,Yes
282135,2420,Guernsey,Ohio,39,059,39059,528.3, ,18,2420,15512,Depue Run-Seneca Fork,0,OH,{78D45FC7-D20B-43D3-A55C-431536E86EA9},050400050105,0.21968126,Yes
282124,2422,Noble,Ohio,39,121,39121,404.6, ,13,2422,18682,Headwaters Seneca Fork,0,OH,{5AB612AD-CC46-413E-82C7-C38ED498675C},050400050103,0.21449869,Yes
379761,2431,Jackson,West Virginia,54,035,54035,471.6, ,6,2431,17343,Grasslick Creek,0,WV,{A38A274D-7011-47F8-9984-6A75E2B8A5E6},050302020604,0.20012529,Yes
284382,2433,Gallia,Ohio,39,053,39053,471.1, ,9,2433,13970,Indian Creek,0,OH,{45E42F7E-A27F-45FB-B12F-4E8478ACC3B7},050901010602,0.19532985,Yes
306186,2451,Bedford,Pennsylvania,42,009,42009,1017, ,10,2451,17913,Crooked Run-Sideling Hill Creek,0,"MD,PA",{57032DD8-8E32-4F35-9F46-209D018FA57A},020700030405,0.24170461,Yes
306186,2481,Fulton,Pennsylvania,42,057,42057,438.2, ,13,2481,17913,Crooked Run-Sideling Hill Creek,0,"MD,PA",{57032DD8-8E32-4F35-9F46-209D018FA57A},020700030405,0.24170461,Yes
306381,2523,Wayne,Pennsylvania,42,127,42127,750.7, ,4,2523,26751,Hankins Creek-Delaware River,0,"NY,PA",{02D6B732-1F39-4E9C-964D-EB60D498391E},020401010506,0.23216806,Yes
244648,2652,Sullivan,New Hampshire,33,019,33019,552.1, ,46,2652,20342,Long Pond Brook-Sugar River,0,NH,{33733333-1F1A-43B1-9C7A-BEFD0AC15B00},010801060406,0.2700914,Yes
244450,2676,Grafton,New Hampshire,33,009,33009,1750.5, ,9,2676,23864,Mascoma Lake-Mascoma River,0,NH,{D36C9A8C-F0B8-4EF0-AFF5-85672B121E15},010801060106,0.26909061,Yes
266484,2715,Moore,North Carolina,37,125,37125,705.6, ,13,2715,11214,Middle Drowning Creek,0,NC,{F939AC1F-6921-43DC-951C-200D79987D83},030402030206,0.23366915,Yes
268813,2716,Mecklenburg,North Carolina,37,119,37119,546.2, ,4,2716,18643,McDowell Creek,0,NC,{9061A480-135A-44F6-9046-42FED16CA5E4},030501011402,0.19973113,Yes
271900,2717,Montgomery,North Carolina,37,123,37123,501.6, ,35,2717,15414,Barnes Creek,0,NC,{396B68F7-F124-48E7-B0A1-B1897D56F4D5},030401030505,0.2039593,Yes
267503,2718,Jones,North Carolina,37,103,37103,473.1, ,14,2718,31867,Mosley Creek,0,NC,{8C6E5A3F-D2E0-411A-B6EC-31BFF930EBFA},030202020307,0.26599537,Yes
268693,2719,Onslow,North Carolina,37,133,37133,761.9, ,15,2719,21338,Outlet Tuckahoe Swamp,0,NC,{AA8D32F4-B6E1-4167-9F35-B91E7F0BA41A},030202040104,0.19419943,Yes
314144,2720,Clarendon,South Carolina,45,027,45027,695.6, ,17,2720,165142,Lake Marion-Santee River,0,SC,{E4F4E340-4EF9-4B70-8305-B511880D1131},030501120101,0.65640042,Yes
314151,2721,Williamsburg,South Carolina,45,089,45089,937.4, ,46,2721,17767,Dead River-Santee River,0,SC,{5DAFA924-523B-4AD1-BC51-35A92286326A},030501120104,0.18625564,Yes
314064,2722,Calhoun,South Carolina,45,017,45017,392.9, ,29,2722,23398,Sandy Run-Congaree River,0,SC,{2CD588A5-5904-495D-8989-DEB7BFE6B8F7},030501100310,0.24289376,Yes
314144,2723,Orangeburg,South Carolina,45,075,45075,1127.8, ,38,2723,165142,Lake Marion-Santee River,0,SC,{E4F4E340-4EF9-4B70-8305-B511880D1131},030501120101,0.65640042,Yes
314295,2724,Georgetown,South Carolina,45,043,45043,847.2, ,71,2724,28410,Echaw Creek,0,SC,{AF32CF93-0551-4AEF-904C-FC48F571FD14},030501120206,0.26178759,Yes
313354,2725,Berkeley,South Carolina,45,015,45015,1228.3, ,120,2725,25685,Awendaw Creek,0,SC,{0F9B2623-6248-4BC6-8E5A-55DD38C26C2E},030502090202,0.22747966,Yes
314492,2726,Dorchester,South Carolina,45,035,45035,576.2, ,28,2726,32790,Cypress Swamp,0,SC,{317572AE-D28C-478D-BA5C-381AF6606E6E},030502010505,0.29804641,Yes
315775,2727,Colleton,South Carolina,45,029,45029,1075.1, ,76,2727,25535,Bush Branch-Edisto River,0,SC,{6D97D405-FB23-4FE2-A084-FC22F1EA5864},030502060108,0.26557539,Yes
313348,2728,Charleston,South Carolina,45,019,45019,986.2, ,58,2728,31766,Cape Romain,0,SC,{6F7139D6-8BD0-4F87-B84C-B54D87739AA1},030502090102,0.23907456,Yes
313316,2729,Beaufort,South Carolina,45,013,45013,615.2, ,24,2729,32025,Pocotaligo River-Broad River,0,SC,{B16E1F0C-3182-4406-8E93-C3A3B04ACD11},030502080605,0.42856401,Yes
267503,2730,Lenoir,North Carolina,37,107,37107,402.8, ,7,2730,31867,Mosley Creek,0,NC,{8C6E5A3F-D2E0-411A-B6EC-31BFF930EBFA},030202020307,0.26599537,Yes
266508,2731,Robeson,North Carolina,37,155,37155,951, ,32,2731,22031,Back Swamp,0,NC,{536E723E-7AB1-416D-906A-0E19B7DC8221},030402030403,0.24505689,Yes
267110,2732,Bladen,North Carolina,37,017,37017,887.2, ,68,2732,7997,Bryan Millpond-Black Swamp,0,NC,{0BD2CE13-F24D-4952-ADFE-6BCA94CBB4A2},030402030705,0.17755408,Yes
314596,2733,Chesterfield,South Carolina,45,025,45025,806, ,7,2733,27940,Middle Thompson Creek,0,SC,{77F274D8-3222-4333-9ABD-EB14199F62FC},030402010411,0.37150022,Yes
314637,2734,Marlboro,South Carolina,45,069,45069,485.4, ,22,2734,37483,Beaverdam Creek-Great Pee Dee River,0,SC,{1AF86377-B702-4F2C-844F-9510977F9199},030402010802,0.4270143,Yes
267551,2735,Pender,North Carolina,37,141,37141,870.5, ,23,2735,20187,Mitchell Landing-Cape Fear River,0,NC,{A919C978-C886-4D7D-B75F-183E38FF3AB8},030300050407,0.4479875,Yes
312939,2736,Dillon,South Carolina,45,033,45033,406.3, ,15,2736,8669,Ashpole Swamp,0,"NC,SC",{59DC3E58-B651-468A-A7E4-AA92F80B3A39},030402031404,0.14688691,Yes
314914,2737,Kershaw,South Carolina,45,055,45055,740.2, ,12,2737,12458,Lynches River,0,SC,{697D157A-BE3A-4C06-9877-21CDFC22D859},030402020306,0.2160735,Yes
312946,2738,Horry,South Carolina,45,051,45051,1145, ,71,2738,11076,Hook Branch,0,"NC,SC",{B8CFFA51-DCB8-4305-9EB1-C360A460D9A3},030402031404,0.17422005,Yes
314637,2739,Darlington,South Carolina,45,031,45031,566.8, ,15,2739,37483,Beaverdam Creek-Great Pee Dee River,0,SC,{1AF86377-B702-4F2C-844F-9510977F9199},030402010802,0.4270143,Yes
314958,2740,Lee,South Carolina,45,061,45061,411.4, ,9,2740,10843,Turkey Creek-Lynches River,0,SC,{52257A7E-21AB-4984-8B73-0B94141642FB},030402020503,0.17316782,Yes
314798,2741,Florence,South Carolina,45,041,45041,803.4, ,25,2741,17267,Rogers Lake-Great Pee Dee River,0,SC,{88EC5CF2-90C6-4B05-AE27-43DB89374146},030402011002,0.19522824,Yes
312939,2742,Marion,South Carolina,45,067,45067,494.1, ,56,2742,8669,Ashpole Swamp,0,"NC,SC",{59DC3E58-B651-468A-A7E4-AA92F80B3A39},030402031404,0.14688691,Yes
314146,2743,Sumter,South Carolina,45,085,45085,681.6, ,23,2743,165142,Lake Marion-Santee River,0,SC,{E4F4E340-4EF9-4B70-8305-B511880D1131},030501120101,0.80905515,Yes
265774,2744,Union,North Carolina,37,179,37179,639.4, ,22,2744,26878,Lower Richardson Creek,0,NC,{0DCEAEBE-7B49-4994-8AF6-DCE21AA43614},030401050707,0.2693619,Yes
265774,2745,Anson,North Carolina,37,007,37007,537.4, ,76,2745,26878,Lower Richardson Creek,0,NC,{0DCEAEBE-7B49-4994-8AF6-DCE21AA43614},030401050707,0.2693619,Yes
266485,2746,Hoke,North Carolina,37,093,37093,392.3, ,15,2746,11214,Middle Drowning Creek,0,NC,{F939AC1F-6921-43DC-951C-200D79987D83},030402030206,0.17579366,Yes
265822,2747,Richmond,North Carolina,37,153,37153,479.6, ,28,2747,24944,Rocky Fork Creek,0,NC,{5C2B00DA-2FC6-4D1B-9098-4467DEE56B91},030402010102,0.24484512,Yes
316044,2748,Lancaster,South Carolina,45,057,45057,555.6, ,1,2748,36198,Fishing Creek Reservoir-Catawba River,0,SC,{C2BD0A49-BBE4-4331-A491-52BD087F3BE8},030501040106,0.47236925,Yes
266483,2749,Scotland,North Carolina,37,165,37165,320.7, ,4,2749,12465,Big Muddy Lake-Big Muddy Creek,0,NC,{D1EA13DA-67F8-4F92-AEAF-9E93C6BB55B6},030402030204,0.16087679,Yes
267828,2750,Sampson,North Carolina,37,163,37163,947.4, ,35,2750,26480,Jones Swamp-South River,0,NC,{F951FE9A-A2A7-4B28-A0FC-07F187934805},030300060203,0.32836255,Yes
267021,2751,Cumberland,North Carolina,37,051,37051,658.8, ,18,2751,12657,Hector Creek-Little River,0,NC,{85DEA786-6CDA-415B-8751-7A2F8AF5DAF1},030300040405,0.16883569,Yes
268077,2752,Duplin,North Carolina,37,061,37061,818.8, ,39,2752,14548,Lower Stewarts Creek,0,NC,{A04055CC-0F71-4CFE-B2A2-93D7E261A75F},030300060509,0.21403062,Yes
267378,2753,Columbus,North Carolina,37,047,37047,953.6, ,39,2753,24452,Flowers Swamp-Lumber River,0,NC,{291FD2B2-DED6-41D5-98C0-D524DEA8CB12},030402031404,0.33328893,Yes
267555,2755,Brunswick,North Carolina,37,019,37019,864.2, ,65,2755,26939,Hood Creek,0,NC,{FDFF1DCB-D237-4B0A-9944-96832325A584},030300050407,0.22524377,Yes
269766,2756,Pamlico,North Carolina,37,137,37137,347, ,7,2756,26415,Upper Bay River,0,NC,{03D2E5CE-559D-4838-91A8-78A475C1806D},030202040802,0.22245369,Yes
267503,2757,Craven,North Carolina,37,049,37049,727.2, ,43,2757,31867,Mosley Creek,0,NC,{8C6E5A3F-D2E0-411A-B6EC-31BFF930EBFA},030202020307,0.26599537,Yes
269747,2758,Carteret,North Carolina,37,031,37031,505.5, ,26,2758,35299,Adams Creek,0,NC,{ED4DDBE5-2761-4CEA-ABCA-8821E1AB8AC2},030202040605,0.26666036,Yes
265621,2771,Northampton,North Carolina,37,131,37131,550.2, ,9,2771,19692,Upper Potecasi Creek,0,NC,{E5F93B06-BA89-4C48-A63C-4B169C9FA1A5},030102040807,0.21759702,Yes
267510,2772,Pitt,North Carolina,37,147,37147,654.7, ,44,2772,14188,Mosley Creek-Neuse River,0,NC,{E7B23A13-0876-4EAA-8537-730C0AE7431E},030202020603,0.24322212,Yes
267466,2773,Dare,North Carolina,37,055,37055,378, ,2,2773,23109,Grapevine Bay-Alligator River,0,NC,{C862A8C1-4C86-4F73-8206-882A7CA17B7B},030102050809,0.29387539,Yes
266661,2774,Wayne,North Carolina,37,191,37191,556.5, ,19,2774,23191,Lower Mill Creek,0,NC,{ACF29FAB-271E-4B38-98B4-DEC073798135},030202011705,0.22152849,Yes
267023,2775,Harnett,North Carolina,37,085,37085,601.7, ,7,2775,12657,Hector Creek-Little River,0,NC,{85DEA786-6CDA-415B-8751-7A2F8AF5DAF1},030300040405,0.17780501,Yes
272080,2776,Cabarrus,North Carolina,37,025,37025,364.2, ,6,2776,23836,Lower Dutch Buffalo Creek,0,NC,{95A99B59-6669-472C-B82A-2AB941D2B543},030401050305,0.28981117,Yes
265806,2777,Stanly,North Carolina,37,167,37167,404.5, ,15,2777,18535,Gilberts Creek-Rocky River,0,NC,{102F5596-BE87-4078-9DD7-7DABCB74E725},030401050707,0.23102594,Yes
268633,2783,Halifax,North Carolina,37,083,37083,731.8, ,12,2783,15058,Lower Little Fishing Creek,0,NC,{6C9D3F84-2DED-4113-AAA2-0B1A9971C059},030201020503,0.20374786,Yes
271403,2784,Yadkin,North Carolina,37,197,37197,337.6, ,3,2784,17536,Upper North Little Hunting Creek,0,NC,{34B19818-A036-49D3-8BB5-7AED058EDF07},030401020203,0.26527367,Yes
266326,2787,Guilford,North Carolina,37,081,37081,655.9, ,1,2787,20794,Stinking Quarter Creek,0,NC,{B772BCCE-894D-40C4-9E60-B1CC8099B0AB},030300020310,0.33051518,Yes
266326,2788,Alamance,North Carolina,37,001,37001,435.8, ,1,2788,20794,Stinking Quarter Creek,0,NC,{B772BCCE-894D-40C4-9E60-B1CC8099B0AB},030300020310,0.33051518,Yes
266197,2792,Johnston,North Carolina,37,101,37101,795.3, ,29,2792,22758,Buffalo Creek-Neuse River,0,NC,{396EC8BB-87AA-4679-BE3B-A04108394622},030202011702,0.33120394,Yes
271344,2794,Davie,North Carolina,37,059,37059,266.7, ,6,2794,29297,Lower Dutchmans Creek,0,NC,{6DF79870-E65A-4B92-A012-2A7198486EBC},030401011504,0.24873977,Yes
271355,2795,Davidson,North Carolina,37,057,37057,567.2, ,10,2795,32998,Dykers Creek-Yadkin River,0,NC,{7CAE07EA-201D-474F-BD8F-8B1F078359E9},030401011504,0.29637006,Yes
266773,2796,Randolph,North Carolina,37,151,37151,789.8, ,26,2796,36006,Polecat Creek,0,NC,{261842D4-1D74-4173-86C8-7835044E05E6},030300030110,0.31696566,Yes
271466,2797,Rowan,North Carolina,37,159,37159,524.1, ,4,2797,17173,Lower Second Creek,0,NC,{BBD2B5C3-822A-47FB-90CF-9DB3FE560704},030401020603,0.20876745,Yes
269333,2803,Caswell,North Carolina,37,033,37033,428.6, ,42,2803,25982,Lower Wolf Island Creek,0,NC,{E3FE7C63-E872-437E-9055-A29B85950989},030101030906,0.27565307,Yes
269331,2804,Rockingham,North Carolina,37,157,37157,573.1, ,11,2804,18156,Upper Wolf Island Creek,0,NC,{52BB6EED-CF71-40E9-8AEB-3DAD766A0F58},030101030905,0.22208917,Yes
269601,2810,Person,North Carolina,37,145,37145,404.1, ,23,2810,15959,Lower South Hyco Creek,0,NC,{4C778EB2-1FDC-4CA0-BB61-B69DBC1AA4DA},030101040507,0.20778668,Yes
268205,2812,Nash,North Carolina,37,127,37127,542, ,24,2812,25939,Pig Basket Creek,0,NC,{8A1D5759-52CB-492F-850D-12F444150534},030201010504,0.23914971,Yes
268576,2813,Edgecombe,North Carolina,37,065,37065,506.4, ,31,2813,37086,Moccasin Creek-Swift Creek,0,NC,{A8E34A63-9AEE-4C6B-A141-748C22A90804},030201010904,0.43148624,Yes
267923,2815,Wilson,North Carolina,37,195,37195,375.6, ,4,2815,25534,Great Swamp,0,NC,{A2A09773-0491-4CF6-A81D-21AF4AC60EF9},030202030203,0.2604648,Yes
268267,2816,Greene,North Carolina,37,079,37079,265.7, ,3,2816,34360,Middle Swamp,0,NC,{A7379F8C-8907-4A56-A941-819F3E893C67},030202030604,0.2869483,Yes
366977,2817,Culpeper,Virginia,51,047,51047,382.3, ,11,2817,30916,Hiders Branch-Mountain Run,0,VA,{AACF2366-5196-4C31-9510-DC5F1E74718F},020801030503,0.2802148,Yes
380096,2825,Summers,West Virginia,54,089,54089,367.7, ,4,2825,26157,Lower Indian Creek,0,WV,{CE8032C6-D998-48C6-B004-832EC994B7FF},050500021003,0.27669485,Yes
380077,2834,Monroe,West Virginia,54,063,54063,473.7, ,24,2834,22010,Burnside Branch,0,WV,{485C1280-DCDF-4A14-A514-25BD24A412BD},050500020703,0.22777472,Yes
367180,2851,Orange,Virginia,51,137,51137,343.5, ,8,2851,17869,Rapidan-Rapidan River,0,VA,{2FB9CB56-799B-46D3-9E6C-FA5E4E5606C8},020801031003,0.18898553,Yes
266589,2902,Currituck,North Carolina,37,053,37053,257.8, ,19,2902,12699,Culpeper Island-Dismal Swamp,0,"NC,VA",{9CE4C24B-3FE8-447D-A9FA-F7BD1A1E0FEC},030102051103,0.17236511,Yes
267200,2903,Perquimans,North Carolina,37,143,37143,249.7, ,1,2903,29982,Rabbit Corner-Middle Little River,0,NC,{416442AD-0400-4144-98C9-1F8F47560836},030102050503,0.28390366,Yes
265653,2904,Chowan,North Carolina,37,041,37041,174, ,4,2904,13554,Edenton Bay,0,NC,{8D4E885E-72D4-4905-9885-32898B051AB0},030102050105,0.1651248,Yes
269668,2905,Bertie,North Carolina,37,015,37015,708, ,40,2905,20198,Sandy Run-Roanoke River,0,NC,{FD44C61E-7DC0-40B9-B1AB-E9EA05C5E2A9},030101070302,0.27389719,Yes
269735,2906,Beaufort,North Carolina,37,013,37013,853.6, ,21,2906,21302,Upper Tranters Creek,0,NC,{336924AD-8648-4671-A64B-A3EE73675DBF},030201030505,0.24135879,Yes
269403,2907,Martin,North Carolina,37,117,37117,461.9, ,29,2907,8376,Upper Conetoe Creek,0,NC,{2713B4CD-C290-4CB3-B205-F130724BCAF6},030201030303,0.1344634,Yes
265656,2908,Washington,North Carolina,37,187,37187,377.5, ,23,2908,24765,Headwaters Kendrick Creek,0,NC,{448CF904-FF7F-4B6C-88AC-1B11F4CB2A9F},030102050104,0.21451426,Yes
265967,2909,Tyrrell,North Carolina,37,177,37177,398.9, ,32,2909,18456,Phelps Lake,0,NC,{91355F3C-45CF-4CE3-BCFD-9A4A03BE60FB},030102050204,0.18007941,Yes
265621,2913,Hertford,North Carolina,37,091,37091,357.3, ,26,2913,19692,Upper Potecasi Creek,0,NC,{E5F93B06-BA89-4C48-A63C-4B169C9FA1A5},030102040807,0.21759702,Yes
265645,2914,Gates,North Carolina,37,073,37073,344, ,4,2914,20769,Town of Murfreesboro-Meherrin River,0,NC,{66264279-E4C5-4085-B66A-4D61839B7615},030102030202,0.30508817,Yes
366378,2916,Virginia Beach,Virginia,51,810,51810,257.9, ,1,2916,39450,Back Bay,0,"NC,VA",{117691DE-65FF-4BA0-BB3C-A80A365D6D99},030102051304,0.11784336,Yes
366363,2917,Chesapeake,Virginia,51,550,51550,350.1, ,2,2917,29185,US Naval Reservation-Northwest River,0,"NC,VA",{A8C6A7DA-F80B-46D6-8A53-74F06E073099},030102051104,0.23682684,Yes
266589,2919,Camden,North Carolina,37,029,37029,241.6, ,26,2919,12699,Culpeper Island-Dismal Swamp,0,"NC,VA",{9CE4C24B-3FE8-447D-A9FA-F7BD1A1E0FEC},030102051103,0.17236511,Yes
267200,2920,Pasquotank,North Carolina,37,139,37139,229, ,8,2920,29982,Rabbit Corner-Middle Little River,0,NC,{416442AD-0400-4144-98C9-1F8F47560836},030102050503,0.28390366,Yes
2138,2921,Choctaw,Alabama,01,023,01023,920.8, ,108,2921,38272,Upper Kinterbush Creek,0,"AL,MS",{8DE03E14-79F7-4618-93FB-E1195920D42D},031602010203,0.30532334,Yes
112924,2922,Lake,Florida,12,069,12069,1156.3, ,125,2922,18726,Konomac Lake,0,FL,{8090E69F-ED06-42B6-B9E5-95BA532B029B},030801011601,0.20733956,Yes
169393,2923,Tensas,Louisiana,22,107,22107,641.2, ,76,2923,37202,Lake St John-Black Bayou Lake,0,LA,{F844CFF1-E22A-41DB-A173-86F72C8227A3},080403060103,0.25111866,Yes
197901,2924,Jasper,Mississippi,28,061,28061,677.4, ,37,2924,26131,Scotchenflipper Creek-Souenlovie Creek,0,MS,{ADB1B533-CC07-415F-8F29-F23029EB10BA},031700020102,0.25525862,Yes
195875,2925,Clarke,Mississippi,28,023,28023,693.4, ,112,2925,38094,Williams Creek-Bogue Chitto,0,"AL,MS",{76EAA2F0-37B6-4CA5-9678-B7FB3F2CE3F9},031602010505,0.15809114,Yes
198100,2926,Smith,Mississippi,28,129,28129,637.3, ,33,2926,23011,Crout Creek-Leaf River,0,MS,{C20FAF99-9EFA-4A44-8605-4B043E5EB647},031700040103,0.24558267,Yes
196077,2927,Claiborne,Mississippi,28,021,28021,501.4, ,78,2927,114612,080601000200,0,"LA,MS",{3BC27637-3D8E-41E9-88A5-1EA326B5128A},080601000302,0.44860551,Yes
3831,2928,Clarke,Alabama,01,025,01025,1252.5, ,146,2928,19515,Little Creek-Dry Creek,0,AL,{F91C7F93-C933-48EC-8B8E-8A4B7FE8DB0B},031502030603,0.20582942,Yes
330402,2929,Newton,Texas,48,351,48351,939.5, ,128,2929,16270,Davis Creek,0,TX,{0F7A4F79-762B-4B7C-B25A-30F4E5F84BCC},120100050704,0.17270846,Yes
330468,2930,Jasper,Texas,48,241,48241,969.6, ,134,2930,29833,Mill Creek-Angelina River,0,TX,{178E0369-AC71-4EE2-A6DB-EBC71C0AFE13},120200050904,0.27559556,Yes
168179,2931,Tangipahoa,Louisiana,22,105,22105,823.1, ,25,2931,23400,Selsers Creek,0,LA,{2F1F3AD8-E99D-4651-BB98-1E5F0A22A2F3},080702040502,0.21268293,Yes
169223,2932,St. Tammany,Louisiana,22,103,22103,1110, ,73,2932,31393,Pearl River Canal-Pearl River,0,"LA,MS",{65EE19E8-D3CD-4F48-97D4-89A2D525C982},031800040704,0.25252125,Yes
167745,2933,Livingston,Louisiana,22,063,22063,702.9, ,36,2933,23451,Wall Bayou-Tickfaw River,0,LA,{8C8B9179-A6EA-4893-99F3-E03DEF3574B5},080702030403,0.2849543,Yes
196061,2934,Hancock,Mississippi,28,045,28045,484.5, ,81,2934,11888,Second Alligator Branch-Pearl River,0,"LA,MS",{3E49B5EA-DE2E-4916-804E-EF74884BF394},031800041004,0.05941657,Yes
168512,2935,Iberville,Louisiana,22,047,22047,652.9, ,77,2935,26808,Bayou Fordoche-Bayou Grosse Tete,0,LA,{DBD5A477-F3FB-4FA9-96DB-D62E5D40206A},080703000302,0.22990865,Yes
330293,2936,Hardin,Texas,48,199,48199,897.4, ,124,2936,18456,Bunns Canal-Neches River,0,TX,{5EDF73F4-E68C-401A-815F-3A642CCE54CF},120200030406,0.2041093,Yes
169462,2937,St. Martin,Louisiana,22,099,22099,816.4, ,104,2937,30294,Alabama Bayou,0,LA,{BF498FB2-A217-460E-8F24-F2BC2292DD80},080801010401,0.2695471,Yes
167810,2938,Calcasieu,Louisiana,22,019,22019,1094.3, ,101,2938,35955,West Bayou Lacassine,0,LA,{C61CD45A-1635-456A-9DF3-FEDEC491499E},080802020205,0.31612153,Yes
167801,2939,Jefferson Davis,Louisiana,22,053,22053,658.6, ,50,2939,35957,East Bayou Lacassine,0,LA,{914DCCF2-C186-43E0-891F-D13F70C62E0B},080802020204,0.3049107,Yes
167822,2940,Acadia,Louisiana,22,001,22001,657.6, ,58,2940,41595,Keystone Ditch-Mermentau River,0,LA,{20A9FD01-2958-4EC6-8537-0D3D700F06C8},080802020302,0.37924919,Yes
167817,2941,Cameron,Louisiana,22,023,22023,1651.8, ,87,2941,43760,Thornwell Drainage Canal-Bayou Lacassine,0,LA,{7F32ECDC-6B72-453C-B01A-D4CA6BD45E7F},080802020801,0.34286286,Yes
169780,2942,St. Mary,Louisiana,22,101,22101,689.4, ,58,2942,30848,Little Bayou Sorrel,0,LA,{E2B82D04-7423-4087-AE63-E06256D72ACC},080801010309,0.37263702,Yes
331016,2943,Chambers,Texas,48,071,48071,629.4, ,42,2943,196106,Spindletop Ditch,0,TX,{EEE81DDA-7197-4CF3-B7C0-14A6852E77E9},120402020400,0.60294746,Yes
169031,2944,Iberia,Louisiana,22,045,22045,626.3, ,52,2944,30917,Logging Canal-Chopin Chute,0,LA,{EAD1A8D9-9709-4410-A9EA-85250922E121},080701000105,0.32099032,Yes
330293,2945,Orange,Texas,48,361,48361,379.5, ,40,2945,18456,Bunns Canal-Neches River,0,TX,{5EDF73F4-E68C-401A-815F-3A642CCE54CF},120200030406,0.2041093,Yes
330293,2946,Jefferson,Texas,48,245,48245,990.3, ,42,2946,18456,Bunns Canal-Neches River,0,TX,{5EDF73F4-E68C-401A-815F-3A642CCE54CF},120200030406,0.2041093,Yes
171148,2947,Lafayette,Louisiana,22,055,22055,270.3, ,21,2947,19691,Bayou Carencro,0,LA,{1219CC54-6B73-4C1B-8E0D-236C4511993B},080801030103,0.20455928,Yes
167822,2948,Vermilion,Louisiana,22,113,22113,1300.8, ,60,2948,41595,Keystone Ditch-Mermentau River,0,LA,{20A9FD01-2958-4EC6-8537-0D3D700F06C8},080802020302,0.37924919,Yes
167887,2949,Winn,Louisiana,22,127,22127,956.9, ,147,2949,30711,Upper Iatt Creek,0,LA,{1D42F907-1B7F-406E-975B-E82870F6EFF9},111402070803,0.25246699,Yes
167871,2950,Natchitoches,Louisiana,22,069,22069,1299.3, ,189,2950,39880,Cane River Red Bayou Diversion Canal,0,LA,{FE2321F3-B716-4096-A319-371E03D85798},111402071002,0.27817365,Yes
330440,2951,Nacogdoches,Texas,48,347,48347,981.3, ,135,2951,19513,Little Bayou Loco-Bayou Loco,0,TX,{E4076AFD-97EC-4495-890B-D10188206AB5},120200040703,0.18693783,Yes
168084,2952,Concordia,Louisiana,22,029,22029,748.7, ,95,2952,15735,Tiger Bayou,0,LA,{ABAA4DCF-C353-47EC-966E-5C763CFB6610},080402070303,0.17285438,Yes
196081,2953,Adams,Mississippi,28,001,28001,486.3, ,70,2953,72651,Rodney Lake-Mississippi River,0,"LA,MS",{73A26859-1440-4E3F-ABBF-1116D9BDFC12},080601000502,0.31455385,Yes
330448,2954,San Augustine,Texas,48,405,48405,592.2, ,84,2954,11954,Copelle Creek-Angelina River,0,TX,{DE49A922-10C8-461F-BAC0-650DF2D77581},120200050802,0.20852822,Yes
330928,2955,Sabine,Texas,48,403,48403,576.6, ,88,2955,38669,Sixmile Creek,0,TX,{B91109C3-5932-4D81-851B-6416676538F3},120100041105,0.28671229,Yes
330729,2956,Angelina,Texas,48,005,48005,864.5, ,113,2956,30237,Parker Creek-Angelina River,0,TX,{BF47198A-77F0-4104-A75E-3CCCAD3EA2F8},120200050904,0.324322,Yes
167871,2957,Rapides,Louisiana,22,079,22079,1362, ,191,2957,39880,Cane River Red Bayou Diversion Canal,0,LA,{FE2321F3-B716-4096-A319-371E03D85798},111402071002,0.27817365,Yes
196089,2958,Wilkinson,Mississippi,28,157,28157,687.7, ,115,2958,68075,080601000600,0,"LA,MS",{3505DDAC-6226-4563-976A-B88A638190AF},080701000101,0.37185327,Yes
168715,2959,Vernon,Louisiana,22,115,22115,1341.5, ,180,2959,12223,Namby Creek,0,LA,{1C712871-A797-4247-AE18-527B8BCC1C75},120100050105,0.15864464,Yes
168156,2960,Avoyelles,Louisiana,22,009,22009,865.7, ,97,2960,20537,Upper Wiggins Bayou,0,LA,{48E0A519-1372-401B-93BA-E7F62E8D2D49},080403010203,0.21808266,Yes
169419,2961,St. Landry,Louisiana,22,097,22097,938.8, ,94,2961,12797,McCrea Lake-Atchafalaya River,0,LA,{157FFCE0-F859-479C-82CF-0580060E4128},080801010205,0.31084733,Yes
168515,2962,West Baton Rouge,Louisiana,22,121,22121,203.6, ,18,2962,47846,Bayou Grosse Tete-Bayou Cholpe,0,LA,{601B8CA0-A46B-4F1F-B9C5-09DBD95B62C1},080703000204,0.34524129,Yes
330365,2963,Tyler,Texas,48,457,48457,935.7, ,116,2963,27913,Drakes Branch,0,TX,{92DB18C7-F2A2-4D74-9EE9-B8971CBF2548},120200060306,0.33782833,Yes
168759,2964,Beauregard,Louisiana,22,011,22011,1166, ,174,2964,38845,Cypress Creek-Anacoco Creek,0,LA,{F01A2A7D-5CE3-46AC-A881-6AFA8986136F},120100050310,0.31305122,Yes
330566,2965,Shelby,Texas,48,419,48419,834.5, ,105,2965,20242,Waffelow Creek-Naconiche Creek,0,TX,{A5ED1B36-0B26-4354-905B-657BB6E9CD64},120200050307,0.22148196,Yes
168643,2966,Sabine,Louisiana,22,085,22085,1011.5, ,136,2966,27669,Cow Bayou,0,LA,{83A1BAB6-0D9B-4026-9CA0-8126408CC59D},120100040309,0.22138483,Yes
168083,2967,Catahoula,Louisiana,22,025,22025,739.4, ,141,2967,15735,Tiger Bayou,0,LA,{ABAA4DCF-C353-47EC-966E-5C763CFB6610},080402070303,0.18919459,Yes
168099,2968,La Salle,Louisiana,22,059,22059,662.4, ,107,2968,10073,Bayou Dan,0,LA,{B09EAC79-A006-46A0-95BC-BA51227438D6},080402070403,0.14341117,Yes
167891,2969,Grant,Louisiana,22,043,22043,664.6, ,100,2969,14580,Saddle Bayou,0,LA,{2DEC3719-D973-442A-9321-BDC846915644},111402070803,0.20052841,Yes
168505,2970,Pointe Coupee,Louisiana,22,077,22077,590.7, ,45,2970,43114,Portage Canal No 1-Portage Canal No 2,0,LA,{EA611EE6-FAEF-4603-A7B7-2AEF9B4269BE},080703000103,0.33003048,Yes
168779,2971,West Feliciana,Louisiana,22,125,22125,426, ,51,2971,29418,Outflow Channel-Red River,0,LA,{65D92749-E3BF-4B6F-97BE-91FDDF17BA21},080801010103,0.24623308,Yes
170301,2972,Evangeline,Louisiana,22,039,22039,679.6, ,88,2972,25076,Langs Branch-Bayou Cocodrie,0,LA,{1EE90668-44B8-4555-9182-CEE97A6086DA},080801020307,0.2358334,Yes
169514,2973,Allen,Louisiana,22,003,22003,765.7, ,110,2973,34798,Cherrywinche Creek,0,LA,{D03C6219-5E78-4A89-A7AE-7743B925AE6F},080802030304,0.26071299,Yes
198156,2974,Covington,Mississippi,28,031,28031,414.9, ,40,2974,39090,Sullivans Hollow Creek-Oakohay Creek,0,MS,{1C4E4F4D-D81A-4672-966C-59F110407792},031700040503,0.35727458,Yes
221,2975,Washington,Alabama,01,129,01129,1088.5, ,122,2975,26545,Pine Barren Creek,0,AL,{501B37FB-899D-4FD7-A34F-57BF8598DADA},031700080105,0.2747686,Yes
196040,2976,Marion,Mississippi,28,091,28091,548.6, ,47,2976,33678,Mill Creek-Pearl River,0,"LA,MS",{926BC944-6396-42F9-9F86-E0AEA537328A},031800040602,0.36209684,Yes
196041,2977,Lamar,Mississippi,28,073,28073,500.4, ,56,2977,33678,Mill Creek-Pearl River,0,"LA,MS",{926BC944-6396-42F9-9F86-E0AEA537328A},031800040602,0.25469381,Yes
198217,2978,Forrest,Mississippi,28,035,28035,470.2, ,63,2978,27019,Tick Creek-Bouie Creek,0,MS,{6C3C812A-BDC1-45F5-B9BF-CD58B1262068},031700040802,0.32920565,Yes
198360,2979,Perry,Mississippi,28,111,28111,650.2, ,73,2979,17404,Burdeman Branch-Tallahala Creek,0,MS,{6E7B2D0E-0C2E-4510-ACAB-F6892B9A7B23},031700050603,0.20904392,Yes
195931,2980,Greene,Mississippi,28,041,28041,718.7, ,92,2980,14331,Byrd Creek-Turkey Creek,0,"AL,MS",{FCE25340-F3E1-49A2-8145-8662FCFFACE6},031700030205,0.20680329,Yes
196119,2981,Amite,Mississippi,28,005,28005,731.6, ,96,2981,35190,Cars Creek-East Fork Amite River,0,"LA,MS",{0355D6A6-FAFB-4941-B594-000D1DC9BDC2},080702020401,0.22418693,Yes
196075,2982,Pike,Mississippi,28,113,28113,410.8, ,24,2982,32768,"Clifton, LA-Bogue Chitto",0,"LA,MS",{CF57C0CB-EB24-4A69-A509-6904F82F4F37},031800050601,0.22899457,Yes
196075,2983,Walthall,Mississippi,28,147,28147,404.4, ,19,2983,32768,"Clifton, LA-Bogue Chitto",0,"LA,MS",{CF57C0CB-EB24-4A69-A509-6904F82F4F37},031800050601,0.22899457,Yes
129,2984,Mobile,Alabama,01,097,01097,1252.7, ,81,2984,12394,Lower Chasaw Creek,0,AL,{8D473D69-EA86-4346-9FB3-B65763C5AD0D},031602040403,0.25237984,Yes
196038,2985,Pearl River,Mississippi,28,109,28109,818.9, ,105,2985,33678,Mill Creek-Pearl River,0,"LA,MS",{926BC944-6396-42F9-9F86-E0AEA537328A},031800040602,0.24392115,Yes
195966,2986,Jackson,Mississippi,28,059,28059,738, ,82,2986,20686,Juniper Bay-Escatawpa River,0,"AL,MS",{709F7E50-8819-4C40-8DDE-27E854E9E296},031700080405,0.2060925,Yes
171554,2987,East Baton Rouge,Louisiana,22,033,22033,470.5, ,22,2987,26114,Sandy Creek-Thompson Creek,0,LA,{5750F889-E1C8-437B-BF4E-8BE1BB23D45F},080701000103,0.2254669,Yes
198705,2988,Harrison,Mississippi,28,047,28047,584.2, ,54,2988,18949,Bayou Costapia,0,MS,{332F140E-774D-41FE-AFA5-796B9EA036A1},031700090403,0.19225891,Yes
169197,2989,Washington,Louisiana,22,117,22117,676, ,63,2989,30127,East Fork Pushepatapa Creek,0,"LA,MS",{DC0559C9-4049-4294-8DAC-90F8B17BD95B},031800040503,0.09613549,Yes
169669,2990,St. Helena,Louisiana,22,091,22091,409.5, ,32,2990,35190,Cars Creek-East Fork Amite River,0,"LA,MS",{0355D6A6-FAFB-4941-B594-000D1DC9BDC2},080702020401,0.13331745,Yes
169658,2991,East Feliciana,Louisiana,22,037,22037,455.7, ,60,2991,26395,Hurricane Creek-Thompson Creek,0,"LA,MS",{E51F4423-5466-4CA2-B75D-677B35B9E096},080702010302,0.16022751,Yes
198220,2992,Simpson,Mississippi,28,127,28127,590.5, ,51,2992,26804,Dry Creek-Okatoma Creek,0,MS,{668F2973-5E72-4C06-86E9-8823D6C9C738},031700040702,0.24619005,Yes
196579,2993,Copiah,Mississippi,28,029,28029,779.4, ,75,2993,12546,Bowerton-Jackson Creek,0,MS,{5FF1DCC9-FDD9-4E21-A652-B4CA7D3CEF8F},080602030103,0.17147242,Yes
196083,2994,Jefferson,Mississippi,28,063,28063,527.2, ,93,2994,72651,Rodney Lake-Mississippi River,0,"LA,MS",{73A26859-1440-4E3F-ABBF-1116D9BDFC12},080601000502,0.40916474,Yes
198201,2995,Jefferson Davis,Mississippi,28,065,28065,409.1, ,20,2995,38785,West Bouie Creek-Bouie Creek,0,MS,{1F94A7FF-FD65-4C60-8573-6F6DBE592630},031700040606,0.34785319,Yes
199427,2996,Lawrence,Mississippi,28,077,28077,435.7, ,31,2996,11679,Bird Branch-Bahala Creek,0,MS,{EBB79B14-BF06-4FFF-BF82-9F71C9B307A8},031800030205,0.17224417,Yes
196592,2997,Lincoln,Mississippi,28,085,28085,588.1, ,37,2997,20081,Wesson Lake-Dye Branch,0,MS,{C8192291-26A3-4306-96A8-9B7E6263AC4A},080602030204,0.18833675,Yes
196743,2998,Franklin,Mississippi,28,037,28037,566.7, ,100,2998,29355,Whitens Creek-South Fork Coles Creek,0,MS,{EF9C92C6-F13A-4879-B4C3-13186B986406},080602040203,0.24632896,Yes
195882,2999,Wayne,Mississippi,28,153,28153,813.5, ,106,2999,35004,Puss Cuss Creek,0,"AL,MS",{03E51286-E1E9-4CBC-B7DE-FE47EE607C06},031602010806,0.07855379,Yes
198184,3000,Jones,Mississippi,28,067,28067,699.7, ,33,3000,22750,Masons Creek-Leaf River,0,MS,{D7C433AB-8E1B-4940-B2F1-9C7658AFACAD},031700040903,0.23953601,Yes
195952,3001,George,Mississippi,28,039,28039,483.6, ,72,3001,18118,Scarborough Creek-Brushy Creek,0,"AL,MS",{190BD64C-679B-4071-8A6D-93962860CC4C},031700080303,0.21318524,Yes
198588,3002,Stone,Mississippi,28,131,28131,448.1, ,56,3002,25472,Browns Creek-Beaverdam Creek,0,MS,{FAF8E98C-E6DF-4F3A-A2FA-34D2FD005CDE},031700070206,0.21746347,Yes
167829,3003,St. Bernard,Louisiana,22,087,22087,481.6, ,56,3003,30025,Bay Boudreau,0,LA,{00614C6F-EB2C-4130-B9FF-2FE0D60CADFA},080902030606,0.17376928,Yes
168610,3004,Lafourche,Louisiana,22,057,22057,1190.9, ,18,3004,43581,Petit Lac Des Allemands-Bayou Des Allemands,0,LA,{33BF66BD-E890-46E6-93E9-BED4FD9D09C4},080903010312,0.35322752,Yes
167848,3005,Plaquemines,Louisiana,22,075,22075,1039.8, ,142,3005,39336,Bayou Terre Aux Boeufs,0,LA,{695567AD-7F18-4897-B516-8286B6F310FC},080902030800,0.58641331,Yes
169871,3006,Terrebonne,Louisiana,22,109,22109,1481.1, ,73,3006,33509,Bayou Black-Intracoastal Waterway,0,LA,{967EC242-4869-4F43-9654-D42A4440C3E7},080903020305,0.37959334,Yes
168631,3007,Jefferson,Louisiana,22,051,22051,488.1, ,40,3007,39610,Westwego-Main Canal,0,LA,{13869046-E7FB-41F3-843C-826970BE9DB2},080903010310,0.52991194,Yes
167770,3008,Ascension,Louisiana,22,005,22005,302.9, ,11,3008,22943,Bayou Pierre-Little Amite River,0,LA,{77E4B775-6F56-44BB-9169-A86F630491A6},080702040204,0.27544193,Yes
168641,3011,Orleans,Louisiana,22,071,22071,349.7, ,31,3011,23830,Gretna-Intracoastal Waterway,0,LA,{083A1930-DFFD-430F-A1AC-1569FD8A5D64},080903010310,0.21549235,Yes
168612,3012,St. Charles,Louisiana,22,089,22089,409.9, ,24,3012,11257,Des Allemands-Crawford Canal,0,LA,{AAB1EE3E-E80D-4E62-B0EB-0DF9242B2F5C},080903010303,0.14257639,Yes
169032,3013,Assumption,Louisiana,22,007,22007,364.6, ,32,3013,30917,Logging Canal-Chopin Chute,0,LA,{EAD1A8D9-9709-4410-A9EA-85250922E121},080701000105,0.2278222,Yes
120171,3014,Bryan,Georgia,13,029,13029,448.2, ,61,3014,23632,Luke Swamp,0,GA,{D9180A14-970E-4DDC-AFA6-8F3D3D41F351},030602020503,0.20373471,Yes
120215,3015,Chatham,Georgia,13,051,13051,482.2, ,41,3015,25565,Morgans Bridge-Ogeechee River,0,GA,{149DD481-9715-476A-ACD3-BC379CA7451F},030602020606,0.307948,Yes
69,3016,Baldwin,Alabama,01,003,01003,1654.5, ,189,3016,8968,Fletcher Creek,0,AL,{A0F63025-2413-41DB-8CA5-3B2A7630CEDF},031401060103,0.19545271,Yes
110903,3017,Walton,Florida,12,131,12131,1069.6, ,154,3017,24506,Fleming Creek-Pond Creek,0,"AL,FL",{CCDA5C2B-A905-4B0B-BA09-067DD0E7EC9A},031401030605,0.33592551,Yes
111074,3018,Nassau,Florida,12,089,12089,667.1, ,82,3018,32830,Baldwin Bay-Deep Creek,0,FL,{C8AA0196-98D5-4632-B1DB-0AC12F7C0099},030702040503,0.25079896,Yes
112752,3019,Leon,Florida,12,073,12073,701.1, ,107,3019,19284,Dry Creek,0,"FL,GA",{E8E317B7-FEB5-45BB-970B-738432CD3C5A},031200010203,0.21520764,Yes
112684,3020,Jefferson,Florida,12,065,12065,612.4, ,91,3020,29209,Linton Lake,0,"FL,GA",{8D7AD405-79B7-4D2B-8ED9-334F6957CF60},031101030202,0.2471354,Yes
112687,3021,Madison,Florida,12,079,12079,715.8, ,85,3021,24573,Denmark Lake,0,"FL,GA",{2FD6DD53-07CB-4ABE-8954-239B80F2DD84},031101030204,0.18223667,Yes
111267,3022,Calhoun,Florida,12,013,12013,574.5, ,78,3022,21297,Compass Lake,0,FL,{80F7BB9E-B0F5-41AF-B554-850EB4B0DE0D},031401010102,0.27726664,Yes
111236,3023,Liberty,Florida,12,077,12077,843.1, ,143,3023,19288,Thousand Yard Bay,0,FL,{A13D2708-06F7-4912-A60F-0BC8F140F252},031300130402,0.26973966,Yes
111026,3024,Columbia,Florida,12,023,12023,800.8, ,98,3024,39086,Ocean Pond,0,FL,{0AD9D08C-873A-446C-8399-97B8EBB082AF},030702040102,0.30255315,Yes
111026,3025,Baker,Florida,12,003,12003,588.8, ,88,3025,39086,Ocean Pond,0,FL,{0AD9D08C-873A-446C-8399-97B8EBB082AF},030702040102,0.30255315,Yes
111074,3026,Duval,Florida,12,031,12031,847.9, ,48,3026,32830,Baldwin Bay-Deep Creek,0,FL,{C8AA0196-98D5-4632-B1DB-0AC12F7C0099},030702040503,0.25079896,Yes
111267,3027,Bay,Florida,12,005,12005,778.2, ,101,3027,21297,Compass Lake,0,FL,{80F7BB9E-B0F5-41AF-B554-850EB4B0DE0D},031401010102,0.27726664,Yes
115298,3028,Wakulla,Florida,12,129,12129,617.4, ,102,3028,16293,Hamlin Branch,0,FL,{AFC0C71D-CFBB-48EC-AF6C-981D52934EA8},031200011001,0.18760228,Yes
112806,3029,Volusia,Florida,12,127,12127,1208.7, ,123,3029,32351,Clark Lake,0,FL,{776A033B-F496-4E5B-BB08-378C52A0F412},030801010902,0.27417019,Yes
111265,3030,Gulf,Florida,12,045,12045,569.4, ,70,3030,106247,Apalachicola Bay,0,FL,{7F30DDC1-D52D-4D3F-800A-33D5AF025528},OCEAN,0.7159825,Yes
111234,3031,Franklin,Florida,12,037,12037,554.4, ,71,3031,19288,Thousand Yard Bay,0,FL,{A13D2708-06F7-4912-A60F-0BC8F140F252},031300130402,0.17597751,Yes
363,3032,Barbour,Alabama,01,005,01005,904.5, ,119,3032,19917,Headwaters East Fork Choctawatchee River,0,AL,{928D700A-E635-42C1-B196-FFC15F0F3BCA},031402010103,0.22286999,Yes
1,3033,Covington,Alabama,01,039,01039,1043.9, ,143,3033,12663,Pond Creek,0,AL,{B1EF0C55-72ED-4FF6-A3BA-97A87C6A6C47},031401030102,0.1546438,Yes
116171,3034,Early,Georgia,13,099,13099,516.6, ,118,3034,34216,Irwin Mill Creek-Chattahoochee River,0,"AL,FL,GA",{92800DE6-75F4-454B-A99A-D4EB110A7C6C},031300040803,0.27026764,Yes
116721,3035,Baker,Georgia,13,007,13007,349.1, ,52,3035,23747,Miller Springs-Flint River,0,GA,{4D983198-F731-43DF-8010-935E578E2E7D},031300080107,0.2216398,Yes
398,3036,Houston,Alabama,01,069,01069,581.6, ,91,3036,10820,Dunham Creek,0,AL,{408E5BBE-5288-422D-A0E5-2D6AFBEAE143},031402010207,0.16701312,Yes
110938,3037,Escambia,Florida,12,033,12033,668.1, ,62,3037,14036,Hurricane Creek-Perdido River,0,"AL,FL",{1410A508-79C9-4027-892F-CE705F9B4B06},031401060104,0.08982039,Yes
53,3038,Escambia,Alabama,01,053,01053,953, ,150,3038,15976,Panther Creek,0,AL,{4FF3179E-9187-4E2E-B538-DCDC20FBA83E},031401040103,0.1966275,Yes
110894,3039,Okaloosa,Florida,12,091,12091,939.5, ,142,3039,23822,Big Creek-Yellow River,0,"AL,FL",{1384FF1A-DBD3-451E-A93C-95B21C893A08},031401030403,0.23913265,Yes
110912,3040,Santa Rosa,Florida,12,113,12113,1025.4, ,116,3040,17484,Rock Creek,0,"AL,FL",{675450AC-1029-4D97-B5A9-1158732BC221},031401040201,0.21439548,Yes
7,3041,Crenshaw,Alabama,01,041,01041,610.9, ,68,3041,37030,Lightwood Knot Creek,0,AL,{F0D9874D-52BA-4FDC-A5E6-E259B627764D},031401030103,0.30310665,Yes
1428,3042,Butler,Alabama,01,013,01013,777.9, ,65,3042,20215,Honey Creek-Piney Woods Creek,0,AL,{439A6CC6-FD9A-40C3-8BEB-452E1121625A},031403020504,0.21125431,Yes
1472,3043,Monroe,Alabama,01,099,01099,1034.1, ,121,3043,30830,West Sepulga River,0,AL,{9B6513F8-D2E1-4CAC-9B44-44D481BE2B56},031403030304,0.28379854,Yes
1368,3044,Conecuh,Alabama,01,035,01035,852.9, ,135,3044,42635,Teel Creek,0,AL,{FF5047BF-C913-43B2-8D8B-5832191CBFD9},031403040101,0.33190274,Yes
910,3045,Pike,Alabama,01,109,01109,672.1, ,74,3045,16059,Double Creek,0,AL,{6E7B7685-FD16-4521-860C-D5106CC003A2},031402020207,0.18196657,Yes
116241,3046,Quitman,Georgia,13,239,13239,160.5, ,30,3046,30928,Cool Branch-Chattahoochee River,0,"AL,GA",{5586363E-4D1E-4DFB-A55E-F674DF639E49},031300031302,0.18098346,Yes
117039,3047,Terrell,Georgia,13,273,13273,337.8, ,75,3047,12438,Upper Cooleewahee Creek,0,GA,{034EFD5F-29DE-4504-BF9E-68984D2AA737},031300080303,0.15969429,Yes
117469,3048,Randolph,Georgia,13,243,13243,431, ,79,3048,14078,West Fork Ichawaynochaway Creek,0,GA,{477F3E17-1535-4BD7-A2D4-6BA41662A055},031300090102,0.19094134,Yes
369,3049,Henry,Alabama,01,067,01067,568.3, ,77,3049,20988,Hamm Creek-Beaver Creek,0,AL,{8581DD0C-0126-477D-8EE3-F7D3E1979757},031402010104,0.21080071,Yes
116252,3050,Clay,Georgia,13,061,13061,216.6, ,41,3050,28722,Drag Nasty Creek-Chattahoochee River,0,"AL,GA",{7C8968AA-BD1D-416E-BA6C-1245DC73CF18},031300031600,0.14927386,Yes
117501,3051,Calhoun,Georgia,13,037,13037,283.8, ,47,3051,18670,Falling Creek,0,GA,{21831178-C503-4AAE-813A-70C327369E85},031300090304,0.2641312,Yes
2,3052,Coffee,Alabama,01,031,01031,680.5, ,129,3052,12663,Pond Creek,0,AL,{B1EF0C55-72ED-4FF6-A3BA-97A87C6A6C47},031401030102,0.16366628,Yes
379,3053,Dale,Alabama,01,045,01045,562.7, ,80,3053,22479,Jack Creek,0,AL,{A4521D0D-5D75-482F-B18F-8A0FB7CA9848},031402010203,0.2267944,Yes
117101,3054,Miller,Georgia,13,201,13201,283.6, ,73,3054,40519,Davis Pond-Flint River,0,GA,{A62C0587-7ACB-4028-A0A2-813560033532},031300080702,0.40742744,Yes
453,3055,Geneva,Alabama,01,061,01061,578.9, ,108,3055,25501,Newton Creek,0,AL,{4C972938-C98E-4266-9013-367447E6D01C},031402010503,0.26821773,Yes
117081,3056,Decatur,Georgia,13,087,13087,623.2, ,89,3056,62836,Bay Pole Branch-Big Slough,0,GA,{B1831527-DA7D-423B-8EBE-119FA8E80D06},031300080601,0.37223075,Yes
116169,3057,Seminole,Georgia,13,253,13253,256.5, ,47,3057,34216,Irwin Mill Creek-Chattahoochee River,0,"AL,FL,GA",{92800DE6-75F4-454B-A99A-D4EB110A7C6C},031300040803,0.21611461,Yes
110882,3058,Jackson,Florida,12,063,12063,954.6, ,128,3058,23775,Spring Creek-Marshall Creek,0,"AL,FL",{10B8480D-6C43-4945-ACEF-21831DC5FE34},031300120106,0.21947793,Yes
110981,3059,Holmes,Florida,12,059,12059,488.7, ,72,3059,14454,Limestone Creek,0,"AL,FL",{9EDF5D9E-9B3B-4149-B330-C468D1D86DAF},031402020904,0.1802034,Yes
111267,3060,Washington,Florida,12,133,12133,616.4, ,95,3060,21297,Compass Lake,0,FL,{80F7BB9E-B0F5-41AF-B554-850EB4B0DE0D},031401010102,0.27726664,Yes
112756,3061,Gadsden,Florida,12,039,12039,528.6, ,95,3061,10956,Bryants Mill Creek,0,"FL,GA",{0CB385F1-8854-4818-8CF8-DB2E8096DF11},031200030103,0.02128243,Yes
116785,3062,Telfair,Georgia,13,271,13271,444.1, ,46,3062,49128,Mizell Creek-Ocmulgee River,0,GA,{B0F422F7-5BDE-4608-B60E-C5D3274B8749},030701040802,0.40299637,Yes
116749,3063,Wilcox,Georgia,13,315,13315,383.3, ,43,3063,51423,Bluff Creek,0,GA,{14B05693-476B-470F-8F17-CA0D589CE357},030701040503,0.3455886,Yes
116814,3064,Jeff Davis,Georgia,13,161,13161,335.5, ,47,3064,58846,Gregeory Creek-Ocmulgee River,0,GA,{6505F355-D2F5-4F5B-B23D-28B9D65EDB67},030701040805,0.3764604,Yes
118011,3065,Berrien,Georgia,13,019,13019,457.8, ,62,3065,29200,Mill Creek-Alapaha River,0,GA,{1C603E63-8AB7-47AE-ABFC-755CB776C093},031102020403,0.33860474,Yes
117260,3066,Ware,Georgia,13,299,13299,906.7, ,70,3066,49105,Red Bluff Creek,0,GA,{154EDE85-FC93-4B89-B711-02E59B81C11C},030702010304,0.40392064,Yes
116986,3067,Glynn,Georgia,13,127,13127,449.4, ,36,3067,42761,Alex Creek-Altamaha River,0,GA,{AAAD92F8-23CB-4733-9C06-A2C9C0DDA3E8},030701060502,0.28593655,Yes
116709,3068,Mitchell,Georgia,13,205,13205,513.9, ,78,3068,12559,Upper Dry Creek,0,GA,{E0D6C86A-7FA2-41A9-B0A2-CE3F4BA2B573},031300080105,0.17414468,Yes
116969,3069,Brantley,Georgia,13,025,13025,447.8, ,37,3069,106285,Penholoway Creek,0,GA,{C673261C-C7F6-4FC7-B51D-CE5ACBDB6384},030701060405,0.57416285,Yes
118135,3070,Cook,Georgia,13,075,13075,233.2, ,39,3070,17737,Middle New River,0,GA,{B1E454E1-96BC-43A0-83D5-E681BB9E56F1},031102030204,0.18448558,Yes
116730,3071,Colquitt,Georgia,13,071,13071,556.6, ,98,3071,13596,Upper Racoon Creek,0,GA,{A9B2067F-92E5-4B0A-9D32-6C0754729DF4},031300080203,0.16935259,Yes
117257,3072,Clinch,Georgia,13,065,13065,824.5, ,65,3072,49105,Red Bluff Creek,0,GA,{154EDE85-FC93-4B89-B711-02E59B81C11C},030702010304,0.41515663,Yes
112703,3073,Hamilton,Florida,12,047,12047,519.3, ,77,3073,39840,Lower Toms Creek,0,"FL,GA",{8AE1ECB1-FCF0-4659-A554-E5DC5A76B475},031102010505,0.11937235,Yes
117707,3074,Lanier,Georgia,13,173,13173,199.9, ,40,3074,57775,Arabia Swamp,0,GA,{697EDB06-D1B1-4111-B72C-05903327B9C2},031102010302,0.359563,Yes
117081,3075,Grady,Georgia,13,131,13131,460.3, ,79,3075,62836,Bay Pole Branch-Big Slough,0,GA,{B1831527-DA7D-423B-8EBE-119FA8E80D06},031300080601,0.37223075,Yes
117663,3076,Thomas,Georgia,13,275,13275,552.1, ,83,3076,18293,Upper Aucilla River,0,GA,{AE8C2249-13F9-46DA-96A9-91AE08E6E3DD},031101030102,0.28005821,Yes
117675,3077,Brooks,Georgia,13,027,13027,497.8, ,63,3077,21920,Cat Creek-Aucilla River,0,GA,{3E7F2A2C-8B17-4927-8A4E-1541EF2F27DB},031101030203,0.2206063,Yes
117895,3078,Lowndes,Georgia,13,185,13185,510.6, ,62,3078,40530,Alapahoochee River,0,"FL,GA",{FC417983-2064-403F-ADD4-68DEFE706A2A},031102021208,0.28325422,Yes
117711,3079,Echols,Georgia,13,101,13101,420.8, ,50,3079,60162,Sweetwater Creek-Suwannoochee Creek,0,GA,{E5064C7D-16AD-4CC6-A75A-A82FC41CDC12},031102010303,0.36096298,Yes
116709,3080,Worth,Georgia,13,321,13321,574.5, ,115,3080,12559,Upper Dry Creek,0,GA,{E0D6C86A-7FA2-41A9-B0A2-CE3F4BA2B573},031300080105,0.17414468,Yes
117747,3081,Turner,Georgia,13,287,13287,289.8, ,50,3081,21631,Young Creek-Alapaha River,0,GA,{6B44CE84-9BE6-411E-8317-6475A3FB2162},031102020106,0.20631537,Yes
116777,3082,Ben Hill,Georgia,13,017,13017,254, ,42,3082,25114,South Prong House Creek,0,GA,{31477E48-9132-4ABF-9109-BF5178DDE160},030701040602,0.25440761,Yes
116813,3083,Coffee,Georgia,13,069,13069,602.9, ,84,3083,58846,Gregeory Creek-Ocmulgee River,0,GA,{6505F355-D2F5-4F5B-B23D-28B9D65EDB67},030701040805,0.34060993,Yes
116777,3084,Irwin,Georgia,13,155,13155,362.8, ,62,3084,25114,South Prong House Creek,0,GA,{31477E48-9132-4ABF-9109-BF5178DDE160},030701040602,0.25440761,Yes
116709,3085,Dougherty,Georgia,13,095,13095,334.7, ,60,3085,12559,Upper Dry Creek,0,GA,{E0D6C86A-7FA2-41A9-B0A2-CE3F4BA2B573},031300080105,0.17414468,Yes
117995,3086,Tift,Georgia,13,277,13277,268.8, ,53,3086,23891,Upper Hat Creek,0,GA,{A74ED4DD-0B56-488D-AD6E-93FAEFA1918E},031102020304,0.21694536,Yes
117226,3087,Atkinson,Georgia,13,003,13003,343.5, ,45,3087,22497,Little Creek-Satilla River,0,GA,{F6A4848C-4E69-4C93-AD65-2C38A88C5980},030702010201,0.22001864,Yes
117735,3088,Crisp,Georgia,13,081,13081,281.1, ,56,3088,26521,Headwaters Alapaha River,0,GA,{15E29606-91E0-4180-A530-91307A390214},031102020102,0.22970506,Yes
117039,3089,Lee,Georgia,13,177,13177,361.8, ,74,3089,12438,Upper Cooleewahee Creek,0,GA,{034EFD5F-29DE-4504-BF9E-68984D2AA737},031300080303,0.15969429,Yes
120351,3090,Liberty,Georgia,13,179,13179,538.7, ,55,3090,21310,Long Branch-Canoochee Creek,0,GA,{D65BE60E-17FC-4C0F-B44D-1A61AC295AE3},030602030502,0.41915709,Yes
116942,3091,Long,Georgia,13,183,13183,403.9, ,40,3091,26952,Upper Beards Creek,0,GA,{64D5AFE0-9480-4162-9C8E-3E1575B1D648},030701060305,0.22391608,Yes
116901,3092,Appling,Georgia,13,001,13001,512.4, ,66,3092,26474,Bullards Creek,0,GA,{0923F883-297C-4976-AA49-E4526F925D1D},030701060106,0.23582866,Yes
116934,3093,Wayne,Georgia,13,305,13305,648.2, ,56,3093,15169,Fivemile Creek,0,GA,{7CA1EEDA-8E57-4E83-A753-41428B124ADB},030701060308,0.22777056,Yes
117301,3094,Bacon,Georgia,13,005,13005,285.9, ,41,3094,31925,Upper Hog Creek,0,GA,{07D502A3-3345-479A-8A08-3CBF36FAB2D7},030702010603,0.33200555,Yes
116986,3095,McIntosh,Georgia,13,191,13191,456.2, ,35,3095,42761,Alex Creek-Altamaha River,0,GA,{AAAD92F8-23CB-4733-9C06-A2C9C0DDA3E8},030701060502,0.28593655,Yes
117324,3096,Pierce,Georgia,13,229,13229,343.7, ,37,3096,55803,Kettle Creek-Satilla River,0,GA,{B1F2C750-EA12-4D88-B9AB-C4212CE2160B},030702010705,0.38476194,Yes
117381,3097,Camden,Georgia,13,039,13039,661.7, ,56,3097,74207,Barbers Creek-Satilla River,0,GA,{F6B5A3C7-D103-4E33-A8A7-7AC4FAC17769},030702011105,0.46236789,Yes
117385,3098,Charlton,Georgia,13,049,13049,782.5, ,56,3098,50835,Upper Buffalo Creek,0,GA,{FCDB30DE-6778-4E9C-9BF3-237811ADEF4D},030702011104,0.37339733,Yes
113412,3099,Alachua,Florida,12,001,12001,969, ,108,3099,84741,Johnson Lake,0,FL,{01D92268-C3C0-4085-92D3-6A3F228EB241},CLOSED BASIN,0.50111708,Yes
113135,3100,Putnam,Florida,12,107,12107,827.1, ,99,3100,19360,Lake Delancy,0,FL,{7F070594-4201-48BF-BF56-AD17960FC382},CLOSED BASIN,0.20381607,Yes
114312,3101,Dixie,Florida,12,029,12029,712.3, ,74,3101,28865,Lower Eightmile Creek-Steinhatchee River,0,FL,{46F6C13C-B6A2-4E68-80F4-7C0410532BB9},031101020805,0.29331656,Yes
113506,3102,Flagler,Florida,12,035,12035,507.9, ,55,3102,40382,Lake Diston,0,FL,{8F2642A5-4A14-4441-96CB-AA8CA2677F64},030801030205,0.37202495,Yes
113382,3103,Levy,Florida,12,075,12075,1132.4, ,123,3103,157490,Lake Stafford,0,FL,{40D9B216-A770-4171-A8E1-1BEE98073C7C},CLOSED BASIN,0.75678098,Yes
113070,3104,Marion,Florida,12,083,12083,1663, ,145,3104,18563,Lake Dorr,0,FL,{9BDD9731-A6F3-499D-9B3D-7823CF9742E5},030801011502,0.19493699,Yes
113608,3105,Citrus,Florida,12,017,12017,619, ,69,3105,29935,Little Rocky Creek-Cedar Creek Frontal,0,FL,{0699B1AB-8D64-4F9C-946B-C7D4958B23E6},OCEAN,0.18602972,Yes
112733,3106,Suwannee,Florida,12,121,12121,692.1, ,97,3106,22150,Sasser Landing Cemetary-Alapaha River,0,"FL,GA",{95B8812A-46CE-497A-A8B9-143F40C53BDD},031102020905,0.289665,Yes
114212,3107,Taylor,Florida,12,123,12123,1049.7, ,116,3107,31922,Sampala Lake,0,FL,{CDE1F0C3-C794-437F-8616-7A776CE81550},031101020102,0.28137528,Yes
114231,3108,Lafayette,Florida,12,067,12067,547.9, ,69,3108,19799,San Pedro Bay,0,FL,{5C34E342-DBB6-452E-9324-9888DA8D4ED5},031101020202,0.18930354,Yes
114008,3109,Gilchrist,Florida,12,041,12041,355.5, ,49,3109,65461,Newberry Drain,0,FL,{E71B120A-B793-4867-BB7E-26723B25EB9B},CLOSED BASIN,0.48002572,Yes
113540,3110,St. Johns,Florida,12,109,12109,660.6, ,78,3110,43365,Salt Creek,0,FL,{58870A1B-16BF-4EDD-B0DE-5920081BC874},030801030304,0.62068467,Yes
113867,3111,Clay,Florida,12,019,12019,643.7, ,79,3111,28692,Levys Prairie,0,FL,{A0840374-8FD5-46C3-9C2E-24BB9025FE60},030801030502,0.24766119,Yes
111054,3112,Union,Florida,12,125,12125,249.7, ,40,3112,30030,Palestine Lake,0,FL,{6A20F199-87A6-4DB3-B224-C04B668844A3},030702040402,0.28575626,Yes
113868,3113,Bradford,Florida,12,007,12007,300, ,49,3113,30111,Lake Geneva,0,FL,{360364AA-DF1E-4719-96CD-ABFEE95195F9},030801030503,0.30943581,Yes
113320,3114,Sumter,Florida,12,119,12119,580.3, ,66,3114,43538,Lake Harris,0,FL,{3AB47037-1CC4-46F1-BC29-56914B37F692},030801020402,0.39188536,Yes
111307,3115,Okeechobee,Florida,12,093,12093,891.7, ,77,3115,29457,North Fork of Pine Island Slough,0,FL,{96ECD108-E3BF-4F6F-B764-84F20A455C66},030901011503,0.22903122,Yes
111144,3116,Sarasota,Florida,12,115,12115,579.2, ,61,3116,26351,Lower Shell Creek,0,FL,{BEBE78EE-ECDC-47FA-9B0E-5E7F0D5B56E2},031001011108,0.3405457,Yes
112822,3117,Seminole,Florida,12,117,12117,344.7, ,30,3117,36102,Puzzle Lake,0,FL,{378F4CC1-5518-4418-84D6-0CDA0098AF3B},030801011101,0.30179728,Yes
112985,3118,Pasco,Florida,12,101,12101,765.2, ,89,3118,22769,Branch Borough Channel,0,FL,{DB24B957-9A94-40DF-809F-ECE7FDEA2890},031002050204,0.21429552,Yes
111082,3119,Polk,Florida,12,105,12105,2010, ,244,3119,31831,Cypress Lake,0,FL,{19C59637-8FF9-4BFD-AF55-38EFF87ED2BE},030901011302,0.27038275,Yes
111082,3120,Osceola,Florida,12,097,12097,1506.2, ,172,3120,31831,Cypress Lake,0,FL,{19C59637-8FF9-4BFD-AF55-38EFF87ED2BE},030901011302,0.27038275,Yes
113226,3121,Pinellas,Florida,12,103,12103,291, ,4,3121,25641,Brooker Creek,0,FL,{DBC3A8C3-DA79-48EF-B2BA-3A0A01A6B0BF},031002060102,0.22997464,Yes
111605,3122,Hillsborough,Florida,12,057,12057,1072.8, ,135,3122,21843,North Fork of the Manatee River,0,FL,{EEA3C20B-028D-4322-97DD-2BAF3C6CBC9C},031002020103,0.31003738,Yes
111130,3123,Highlands,Florida,12,055,12055,1106.4, ,141,3123,34251,030901011303,0,FL,{60E4F05B-311D-4196-BF1B-205B75840C96}, ,0.36196101,Yes
111144,3124,DeSoto,Florida,12,027,12027,639.4, ,89,3124,26351,Lower Shell Creek,0,FL,{BEBE78EE-ECDC-47FA-9B0E-5E7F0D5B56E2},031001011108,0.3405457,Yes
112465,3125,Orange,Florida,12,095,12095,1004.4, ,77,3125,28037,Taylor Creek-St. Johns River,0,FL,{205755F3-35CC-4FE4-A76E-DC00118271F6},030801010707,0.39532735,Yes
113628,3126,Hernando,Florida,12,053,12053,488.2, ,63,3126,18019,Sand Point Pond,0,FL,{5A65080A-6743-421C-93C0-D38FFF3AB2DC},CLOSED BASIN,0.29776283,Yes
111157,3127,Hardee,Florida,12,049,12049,638.3, ,101,3127,18315,Wingate Creek,0,FL,{53AE854B-708D-469A-942C-1E2FD8A795D4},031001020104,0.1696389,Yes
111154,3128,Manatee,Florida,12,081,12081,761.9, ,105,3128,18315,Wingate Creek,0,FL,{53AE854B-708D-469A-942C-1E2FD8A795D4},031001020104,0.22536407,Yes
111542,3129,Glades,Florida,12,043,12043,986.3, ,97,3129,16576,Grogan Lake,0,FL,{41B0F44A-16EF-42B7-B41F-44050576BCDC},030902010200,0.18024652,Yes
111138,3130,Charlotte,Florida,12,015,12015,716.2, ,81,3130,23472,Myrtle Slough-Cecil M. Webb State Wildlife Management Area,0,FL,{070D6634-8D50-49A5-BE27-B138FD4461AC},031001011106,0.2196361,Yes
112503,3131,Hendry,Florida,12,051,12051,1189.6, ,82,3131,445393,Lake Okeechobee,0,FL,{9ABAFF7B-AAFA-4EE2-885A-CE451F3BEB19},CLOSED BASIN,0.91632988,Yes
111391,3132,Lee,Florida,12,071,12071,810.1, ,62,3132,40982,Yucca Pen Creek Frontal,0,FL,{07E3F9AE-449D-4DC4-86E3-1732C459F263},031001030202,0.29313024,Yes
112547,3133,Collier,Florida,12,021,12021,2029, ,126,3133,71713,Goddens Strand Slough,0,FL,{8AD0739F-81C4-4163-B2A3-798EA4A2BD65},030902021100,0.43175401,Yes
112027,3134,Brevard,Florida,12,009,12009,1055.3, ,104,3134,14999,Sixmile Creek,0,FL,{859E0814-12F7-4822-9996-B6634F87F0AC},030801010402,0.2044353,Yes
111984,3135,Indian River,Florida,12,061,12061,513.4, ,70,3135,24064,Upper Fort Drum Creek,0,FL,{C502F469-70B4-4600-AA47-1458806E4DA7},030801010104,0.23655898,Yes
111554,3136,St. Lucie,Florida,12,111,12111,575.5, ,28,3136,53506,Nubbin Slough,0,FL,{43133DC6-658E-4ECD-BD12-032AF39207C8},030901020303,0.38864851,Yes
111554,3137,Martin,Florida,12,085,12085,657, ,43,3137,53506,Nubbin Slough,0,FL,{43133DC6-658E-4ECD-BD12-032AF39207C8},030901020303,0.38864851,Yes
112499,3138,Palm Beach,Florida,12,099,12099,2219.5, ,65,3138,108468,Corbett Wildlife Management Area,0,FL,{D2B6BA2C-2D0D-4ED6-A3C1-FFBF214C007F},030902060801,0.52432494,Yes
112519,3139,Broward,Florida,12,011,12011,1221.1, ,23,3139,30218,Rotenberger,0,FL,{C2169DAC-F298-4948-BDDC-12B5A09738EF},030902020402,0.21862802,Yes
112555,3140,Miami-Dade,Florida,12,086,12086,1985.2, ,38,3140,491553,Conservation Area 3A,0,FL,{1EF28A82-D050-4754-8028-694647FD8390},030902021300,0.97224243,Yes
,,,,,,,,,,,,,,,,,,
,,,,,,,,,,,,,,,,,,
,,,,,,,,,,,,,,,,,,
,,,,,,,,,,,,,,,,,,
,,,,,,,,,,,,,,,,,,
,,,,,,,,,,,,,,,,,,
,,,,,,,,,,,,,,,,,,
,,,,,,,,,,,,,,,,,,
,,,,,,,,,,,,,,,,,,
,,,,,,,,,,,,,,,,,,
,,,,,,,,,,,,,,,,,,
,,,,,,,,,,,,,,,,,,
,,,,,,,,,,,,,,,,,,
,,,,,,,,,,,,,,,,,,
,,,,,,,,,,,,,,,,,,
,,,,,,,,,,,,,,,,,,
,,,,,,,,,,,,,,,,,,
,,,,,,,,,,,,,,,,,,
,,,,,,,,,,,,,,,,,,
,,,,,,,,,,,,,,,,,,
,,,,,,,,,,,,,,,,,,
,,,,,,,,,,,,,,,,,,
,,,,,,,,,,,,,,,,,,
,,,,,,,,,,,,,,,,,,
,,,,,,,,,,,,,,,,,,
,,,,,,,,,,,,,,,,,,
,,,,,,,,,,,,,,,,,,
,,,,,,,,,,,,,,,,,,
,,,,,,,,,,,,,,,,,,
,,,,,,,,,,,,,,,,,,
,,,,,,,,,,,,,,,,,,
,,,,,,,,,,,,,,,,,,
,,,,,,,,,,,,,,,,,,
,,,,,,,,,,,,,,,,,,
,,,,,,,,,,,,,,,,,,
,,,,,,,,,,,,,,,,,,
,,,,,,,,,,,,,,,,,,
,,,,,,,,,,,,,,,,,,
,,,,,,,,,,,,,,,,,,
,,,,,,,,,,,,,,,,,,
,,,,,,,,,,,,,,,,,,
,,,,,,,,,,,,,,,,,,
,,,,,,,,,,,,,,,,,,
,,,,,,,,,,,,,,,,,,
,,,,,,,,,,,,,,,,,,
,,,,,,,,,,,,,,,,,,
,,,,,,,,,,,,,,,,,,
,,,,,,,,,,,,,,,,,,
,,,,,,,,,,,,,,,,,,
,,,,,,,,,,,,,,,,,,
,,,,,,,,,,,,,,,,,,
,,,,,,,,,,,,,,,,,,
,,,,,,,,,,,,,,,,,,
,,,,,,,,,,,,,,,,,,
,,,,,,,,,,,,,,,,,,
,,,,,,,,,,,,,,,,,,
,,,,,,,,,,,,,,,,,,
,,,,,,,,,,,,,,,,,,
,,,,,,,,,,,,,,,,,,
,,,,,,,,,,,,,,,,,,
,,,,,,,,,,,,,,,,,,
,,,,,,,,,,,,,,,,,,
,,,,,,,,,,,,,,,,,,
,,,,,,,,,,,,,,,,,,
,,,,,,,,,,,,,,,,,,
,,,,,,,,,,,,,,,,,,
,,,,,,,,,,,,,,,,,,
,,,,,,,,,,,,,,,,,,
,,,,,,,,,,,,,,,,,,
,,,,,,,,,,,,,,,,,,
,,,,,,,,,,,,,,,,,,
,,,,,,,,,,,,,,,,,,
,,,,,,,,,,,,,,,,,,
,,,,,,,,,,,,,,,,,,
,,,,,,,,,,,,,,,,,,
,,,,,,,,,,,,,,,,,,
,,,,,,,,,,,,,,,,,,
,,,,,,,,,,,,,,,,,,
,,,,,,,,,,,,,,,,,,
,,,,,,,,,,,,,,,,,,
,,,,,,,,,,,,,,,,,,
,,,,,,,,,,,,,,,,,,
,,,,,,,,,,,,,,,,,,
,,,,,,,,,,,,,,,,,,
,,,,,,,,,,,,,,,,,,
,,,,,,,,,,,,,,,,,,
,,,,,,,,,,,,,,,,,,
,,,,,,,,,,,,,,,,,,
,,,,,,,,,,,,,,,,,,
,,,,,,,,,,,,,,,,,,
,,,,,,,,,,,,,,,,,,
,,,,,,,,,,,,,,,,,,
,,,,,,,,,,,,,,,,,,
,,,,,,,,,,,,,,,,,,
,,,,,,,,,,,,,,,,,,
,,,,,,,,,,,,,,,,,,
,,,,,,,,,,,,,,,,,,
,,,,,,,,,,,,,,,,,,
,,,,,,,,,,,,,,,,,,
,,,,,,,,,,,,,,,,,,
,,,,,,,,,,,,,,,,,,
,,,,,,,,,,,,,,,,,,
,,,,,,,,,,,,,,,,,,
,,,,,,,,,,,,,,,,,,
,,,,,,,,,,,,,,,,,,
,,,,,,,,,,,,,,,,,,
,,,,,,,,,,,,,,,,,,
,,,,,,,,,,,,,,,,,,
,,,,,,,,,,,,,,,,,,
,,,,,,,,,,,,,,,,,,
,,,,,,,,,,,,,,,,,,
,,,,,,,,,,,,,,,,,,
,,,,,,,,,,,,,,,,,,
,,,,,,,,,,,,,,,,,,
,,,,,,,,,,,,,,,,,,
,,,,,,,,,,,,,,,,,,
,,,,,,,,,,,,,,,,,,
,,,,,,,,,,,,,,,,,,
,,,,,,,,,,,,,,,,,,
,,,,,,,,,,,,,,,,,,
,,,,,,,,,,,,,,,,,,
,,,,,,,,,,,,,,,,,,
,,,,,,,,,,,,,,,,,,
,,,,,,,,,,,,,,,,,,
,,,,,,,,,,,,,,,,,,
,,,,,,,,,,,,,,,,,,
,,,,,,,,,,,,,,,,,,
,,,,,,,,,,,,,,,,,,
,,,,,,,,,,,,,,,,,,
,,,,,,,,,,,,,,,,,,
,,,,,,,,,,,,,,,,,,
,,,,,,,,,,,,,,,,,,
,,,,,,,,,,,,,,,,,,
,,,,,,,,,,,,,,,,,,
,,,,,,,,,,,,,,,,,,
,,,,,,,,,,,,,,,,,,
,,,,,,,,,,,,,,,,,,
,,,,,,,,,,,,,,,,,,
,,,,,,,,,,,,,,,,,,
,,,,,,,,,,,,,,,,,,
,,,,,,,,,,,,,,,,,,
,,,,,,,,,,,,,,,,,,
,,,,,,,,,,,,,,,,,,
,,,,,,,,,,,,,,,,,,
,,,,,,,,,,,,,,,,,,
,,,,,,,,,,,,,,,,,,
,,,,,,,,,,,,,,,,,,
,,,,,,,,,,,,,,,,,,
,,,,,,,,,,,,,,,,,,
,,,,,,,,,,,,,,,,,,
,,,,,,,,,,,,,,,,,,
,,,,,,,,,,,,,,,,,,
,,,,,,,,,,,,,,,,,,
,,,,,,,,,,,,,,,,,,
,,,,,,,,,,,,,,,,,,
,,,,,,,,,,,,,,,,,,
,,,,,,,,,,,,,,,,,,
,,,,,,,,,,,,,,,,,,
,,,,,,,,,,,,,,,,,,
,,,,,,,,,,,,,,,,,,
,,,,,,,,,,,,,,,,,,
,,,,,,,,,,,,,,,,,,
,,,,,,,,,,,,,,,,,,
,,,,,,,,,,,,,,,,,,
,,,,,,,,,,,,,,,,,,
,,,,,,,,,,,,,,,,,,
,,,,,,,,,,,,,,,,,,
,,,,,,,,,,,,,,,,,,
,,,,,,,,,,,,,,,,,,
,,,,,,,,,,,,,,,,,,
,,,,,,,,,,,,,,,,,,
,,,,,,,,,,,,,,,,,,
,,,,,,,,,,,,,,,,,,
,,,,,,,,,,,,,,,,,,
,,,,,,,,,,,,,,,,,,
,,,,,,,,,,,,,,,,,,
,,,,,,,,,,,,,,,,,,
,,,,,,,,,,,,,,,,,,
,,,,,,,,,,,,,,,,,,
,,,,,,,,,,,,,,,,,,
,,,,,,,,,,,,,,,,,,
,,,,,,,,,,,,,,,,,,
,,,,,,,,,,,,,,,,,,
,,,,,,,,,,,,,,,,,,
,,,,,,,,,,,,,,,,,,
,,,,,,,,,,,,,,,,,,
,,,,,,,,,,,,,,,,,,
,,,,,,,,,,,,,,,,,,
,,,,,,,,,,,,,,,,,,
,,,,,,,,,,,,,,,,,,
,,,,,,,,,,,,,,,,,,
,,,,,,,,,,,,,,,,,,
,,,,,,,,,,,,,,,,,,
,,,,,,,,,,,,,,,,,,
,,,,,,,,,,,,,,,,,,
,,,,,,,,,,,,,,,,,,
,,,,,,,,,,,,,,,,,,
,,,,,,,,,,,,,,,,,,
,,,,,,,,,,,,,,,,,,
,,,,,,,,,,,,,,,,,,
,,,,,,,,,,,,,,,,,,
,,,,,,,,,,,,,,,,,,
,,,,,,,,,,,,,,,,,,
,,,,,,,,,,,,,,,,,,
,,,,,,,,,,,,,,,,,,
,,,,,,,,,,,,,,,,,,
,,,,,,,,,,,,,,,,,,
,,,,,,,,,,,,,,,,,,
,,,,,,,,,,,,,,,,,,
,,,,,,,,,,,,,,,,,,
,,,,,,,,,,,,,,,,,,
,,,,,,,,,,,,,,,,,,
,,,,,,,,,,,,,,,,,,
,,,,,,,,,,,,,,,,,,
,,,,,,,,,,,,,,,,,,
,,,,,,,,,,,,,,,,,,
,,,,,,,,,,,,,,,,,,
,,,,,,,,,,,,,,,,,,
,,,,,,,,,,,,,,,,,,
,,,,,,,,,,,,,,,,,,
,,,,,,,,,,,,,,,,,,
,,,,,,,,,,,,,,,,,,
,,,,,,,,,,,,,,,,,,
,,,,,,,,,,,,,,,,,,
,,,,,,,,,,,,,,,,,,
,,,,,,,,,,,,,,,,,,
,,,,,,,,,,,,,,,,,,
,,,,,,,,,,,,,,,,,,
,,,,,,,,,,,,,,,,,,
,,,,,,,,,,,,,,,,,,
,,,,,,,,,,,,,,,,,,
,,,,,,,,,,,,,,,,,,
,,,,,,,,,,,,,,,,,,
,,,,,,,,,,,,,,,,,,
,,,,,,,,,,,,,,,,,,
,,,,,,,,,,,,,,,,,,
,,,,,,,,,,,,,,,,,,
,,,,,,,,,,,,,,,,,,
,,,,,,,,,,,,,,,,,,
,,,,,,,,,,,,,,,,,,
,,,,,,,,,,,,,,,,,,
,,,,,,,,,,,,,,,,,,
,,,,,,,,,,,,,,,,,,
,,,,,,,,,,,,,,,,,,
,,,,,,,,,,,,,,,,,,
,,,,,,,,,,,,,,,,,,
,,,,,,,,,,,,,,,,,,
,,,,,,,,,,,,,,,,,,
,,,,,,,,,,,,,,,,,,
,,,,,,,,,,,,,,,,,,
,,,,,,,,,,,,,,,,,,
,,,,,,,,,,,,,,,,,,
,,,,,,,,,,,,,,,,,,
,,,,,,,,,,,,,,,,,,
,,,,,,,,,,,,,,,,,,
,,,,,,,,,,,,,,,,,,
,,,,,,,,,,,,,,,,,,
,,,,,,,,,,,,,,,,,,
,,,,,,,,,,,,,,,,,,
,,,,,,,,,,,,,,,,,,
,,,,,,,,,,,,,,,,,,
,,,,,,,,,,,,,,,,,,
,,,,,,,,,,,,,,,,,,
,,,,,,,,,,,,,,,,,,
,,,,,,,,,,,,,,,,,,
,,,,,,,,,,,,,,,,,,
,,,,,,,,,,,,,,,,,,
,,,,,,,,,,,,,,,,,,
,,,,,,,,,,,,,,,,,,
,,,,,,,,,,,,,,,,,,
,,,,,,,,,,,,,,,,,,
,,,,,,,,,,,,,,,,,,
,,,,,,,,,,,,,,,,,,
,,,,,,,,,,,,,,,,,,
,,,,,,,,,,,,,,,,,,
,,,,,,,,,,,,,,,,,,
,,,,,,,,,,,,,,,,,,
,,,,,,,,,,,,,,,,,,
,,,,,,,,,,,,,,,,,,
,,,,,,,,,,,,,,,,,,
,,,,,,,,,,,,,,,,,,
,,,,,,,,,,,,,,,,,,
,,,,,,,,,,,,,,,,,,
,,,,,,,,,,,,,,,,,,
,,,,,,,,,,,,,,,,,,
,,,,,,,,,,,,,,,,,,
,,,,,,,,,,,,,,,,,,
,,,,,,,,,,,,,,,,,,
,,,,,,,,,,,,,,,,,,
,,,,,,,,,,,,,,,,,,
,,,,,,,,,,,,,,,,,,
,,,,,,,,,,,,,,,,,,
,,,,,,,,,,,,,,,,,,
,,,,,,,,,,,,,,,,,,
,,,,,,,,,,,,,,,,,,
,,,,,,,,,,,,,,,,,,
,,,,,,,,,,,,,,,,,,
,,,,,,,,,,,,,,,,,,
,,,,,,,,,,,,,,,,,,
,,,,,,,,,,,,,,,,,,
,,,,,,,,,,,,,,,,,,
,,,,,,,,,,,,,,,,,,
,,,,,,,,,,,,,,,,,,
,,,,,,,,,,,,,,,,,,
,,,,,,,,,,,,,,,,,,
,,,,,,,,,,,,,,,,,,
,,,,,,,,,,,,,,,,,,
,,,,,,,,,,,,,,,,,,
,,,,,,,,,,,,,,,,,,
,,,,,,,,,,,,,,,,,,
,,,,,,,,,,,,,,,,,,
,,,,,,,,,,,,,,,,,,
,,,,,,,,,,,,,,,,,,
,,,,,,,,,,,,,,,,,,
,,,,,,,,,,,,,,,,,,
,,,,,,,,,,,,,,,,,,
,,,,,,,,,,,,,,,,,,
,,,,,,,,,,,,,,,,,,
,,,,,,,,,,,,,,,,,,
,,,,,,,,,,,,,,,,,,
,,,,,,,,,,,,,,,,,,
,,,,,,,,,,,,,,,,,,
,,,,,,,,,,,,,,,,,,
,,,,,,,,,,,,,,,,,,
,,,,,,,,,,,,,,,,,,
,,,,,,,,,,,,,,,,,,
,,,,,,,,,,,,,,,,,,
,,,,,,,,,,,,,,,,,,
,,,,,,,,,,,,,,,,,,
,,,,,,,,,,,,,,,,,,
,,,,,,,,,,,,,,,,,,
,,,,,,,,,,,,,,,,,,
,,,,,,,,,,,,,,,,,,
,,,,,,,,,,,,,,,,,,
,,,,,,,,,,,,,,,,,,
,,,,,,,,,,,,,,,,,,
,,,,,,,,,,,,,,,,,,
,,,,,,,,,,,,,,,,,,
,,,,,,,,,,,,,,,,,,
,,,,,,,,,,,,,,,,,,
,,,,,,,,,,,,,,,,,,
,,,,,,,,,,,,,,,,,,
,,,,,,,,,,,,,,,,,,
,,,,,,,,,,,,,,,,,,
,,,,,,,,,,,,,,,,,,
,,,,,,,,,,,,,,,,,,
,,,,,,,,,,,,,,,,,,
,,,,,,,,,,,,,,,,,,
,,,,,,,,,,,,,,,,,,
,,,,,,,,,,,,,,,,,,
,,,,,,,,,,,,,,,,,,
,,,,,,,,,,,,,,,,,,
,,,,,,,,,,,,,,,,,,
,,,,,,,,,,,,,,,,,,
,,,,,,,,,,,,,,,,,,
,,,,,,,,,,,,,,,,,,
,,,,,,,,,,,,,,,,,,
,,,,,,,,,,,,,,,,,,
,,,,,,,,,,,,,,,,,,
,,,,,,,,,,,,,,,,,,
,,,,,,,,,,,,,,,,,,
,,,,,,,,,,,,,,,,,,
,,,,,,,,,,,,,,,,,,
,,,,,,,,,,,,,,,,,,
,,,,,,,,,,,,,,,,,,
,,,,,,,,,,,,,,,,,,
,,,,,,,,,,,,,,,,,,
,,,,,,,,,,,,,,,,,,
,,,,,,,,,,,,,,,,,,
,,,,,,,,,,,,,,,,,,
,,,,,,,,,,,,,,,,,,
,,,,,,,,,,,,,,,,,,
,,,,,,,,,,,,,,,,,,
,,,,,,,,,,,,,,,,,,
,,,,,,,,,,,,,,,,,,
,,,,,,,,,,,,,,,,,,
,,,,,,,,,,,,,,,,,,
,,,,,,,,,,,,,,,,,,
,,,,,,,,,,,,,,,,,,
,,,,,,,,,,,,,,,,,,
,,,,,,,,,,,,,,,,,,
,,,,,,,,,,,,,,,,,,
,,,,,,,,,,,,,,,,,,
,,,,,,,,,,,,,,,,,,
,,,,,,,,,,,,,,,,,,
,,,,,,,,,,,,,,,,,,
,,,,,,,,,,,,,,,,,,
,,,,,,,,,,,,,,,,,,
,,,,,,,,,,,,,,,,,,
,,,,,,,,,,,,,,,,,,
,,,,,,,,,,,,,,,,,,
,,,,,,,,,,,,,,,,,,
,,,,,,,,,,,,,,,,,,
,,,,,,,,,,,,,,,,,,
,,,,,,,,,,,,,,,,,,
,,,,,,,,,,,,,,,,,,
,,,,,,,,,,,,,,,,,,
,,,,,,,,,,,,,,,,,,
,,,,,,,,,,,,,,,,,,
,,,,,,,,,,,,,,,,,,
,,,,,,,,,,,,,,,,,,
,,,,,,,,,,,,,,,,,,
,,,,,,,,,,,,,,,,,,
,,,,,,,,,,,,,,,,,,
,,,,,,,,,,,,,,,,,,
,,,,,,,,,,,,,,,,,,
,,,,,,,,,,,,,,,,,,
,,,,,,,,,,,,,,,,,,
,,,,,,,,,,,,,,,,,,
,,,,,,,,,,,,,,,,,,
,,,,,,,,,,,,,,,,,,
,,,,,,,,,,,,,,,,,,
,,,,,,,,,,,,,,,,,,
,,,,,,,,,,,,,,,,,,
,,,,,,,,,,,,,,,,,,
,,,,,,,,,,,,,,,,,,
,,,,,,,,,,,,,,,,,,
,,,,,,,,,,,,,,,,,,
,,,,,,,,,,,,,,,,,,
,,,,,,,,,,,,,,,,,,
,,,,,,,,,,,,,,,,,,
,,,,,,,,,,,,,,,,,,
,,,,,,,,,,,,,,,,,,
,,,,,,,,,,,,,,,,,,
,,,,,,,,,,,,,,,,,,
,,,,,,,,,,,,,,,,,,
,,,,,,,,,,,,,,,,,,
,,,,,,,,,,,,,,,,,,
,,,,,,,,,,,,,,,,,,
,,,,,,,,,,,,,,,,,,
,,,,,,,,,,,,,,,,,,
,,,,,,,,,,,,,,,,,,
,,,,,,,,,,,,,,,,,,
,,,,,,,,,,,,,,,,,,
,,,,,,,,,,,,,,,,,,
,,,,,,,,,,,,,,,,,,
,,,,,,,,,,,,,,,,,,
,,,,,,,,,,,,,,,,,,
,,,,,,,,,,,,,,,,,,
,,,,,,,,,,,,,,,,,,
,,,,,,,,,,,,,,,,,,
,,,,,,,,,,,,,,,,,,
,,,,,,,,,,,,,,,,,,
,,,,,,,,,,,,,,,,,,
,,,,,,,,,,,,,,,,,,
,,,,,,,,,,,,,,,,,,
,,,,,,,,,,,,,,,,,,
,,,,,,,,,,,,,,,,,,
,,,,,,,,,,,,,,,,,,
,,,,,,,,,,,,,,,,,,
,,,,,,,,,,,,,,,,,,
,,,,,,,,,,,,,,,,,,
,,,,,,,,,,,,,,,,,,
,,,,,,,,,,,,,,,,,,
,,,,,,,,,,,,,,,,,,
,,,,,,,,,,,,,,,,,,
,,,,,,,,,,,,,,,,,,
,,,,,,,,,,,,,,,,,,
,,,,,,,,,,,,,,,,,,
,,,,,,,,,,,,,,,,,,
,,,,,,,,,,,,,,,,,,
,,,,,,,,,,,,,,,,,,
,,,,,,,,,,,,,,,,,,
,,,,,,,,,,,,,,,,,,
,,,,,,,,,,,,,,,,,,
,,,,,,,,,,,,,,,,,,
,,,,,,,,,,,,,,,,,,
,,,,,,,,,,,,,,,,,,
,,,,,,,,,,,,,,,,,,
,,,,,,,,,,,,,,,,,,
,,,,,,,,,,,,,,,,,,
,,,,,,,,,,,,,,,,,,
,,,,,,,,,,,,,,,,,,
,,,,,,,,,,,,,,,,,,
,,,,,,,,,,,,,,,,,,
,,,,,,,,,,,,,,,,,,
,,,,,,,,,,,,,,,,,,
,,,,,,,,,,,,,,,,,,
,,,,,,,,,,,,,,,,,,
,,,,,,,,,,,,,,,,,,
,,,,,,,,,,,,,,,,,,
,,,,,,,,,,,,,,,,,,
,,,,,,,,,,,,,,,,,,
,,,,,,,,,,,,,,,,,,
,,,,,,,,,,,,,,,,,,
,,,,,,,,,,,,,,,,,,
,,,,,,,,,,,,,,,,,,
,,,,,,,,,,,,,,,,,,
,,,,,,,,,,,,,,,,,,
,,,,,,,,,,,,,,,,,,
,,,,,,,,,,,,,,,,,,
,,,,,,,,,,,,,,,,,,
,,,,,,,,,,,,,,,,,,
,,,,,,,,,,,,,,,,,,
,,,,,,,,,,,,,,,,,,
,,,,,,,,,,,,,,,,,,
,,,,,,,,,,,,,,,,,,
,,,,,,,,,,,,,,,,,,
,,,,,,,,,,,,,,,,,,
,,,,,,,,,,,,,,,,,,
,,,,,,,,,,,,,,,,,,
,,,,,,,,,,,,,,,,,,
,,,,,,,,,,,,,,,,,,
,,,,,,,,,,,,,,,,,,
,,,,,,,,,,,,,,,,,,
,,,,,,,,,,,,,,,,,,
,,,,,,,,,,,,,,,,,,
,,,,,,,,,,,,,,,,,,
,,,,,,,,,,,,,,,,,,
,,,,,,,,,,,,,,,,,,
,,,,,,,,,,,,,,,,,,
,,,,,,,,,,,,,,,,,,
,,,,,,,,,,,,,,,,,,
,,,,,,,,,,,,,,,,,,
,,,,,,,,,,,,,,,,,,
,,,,,,,,,,,,,,,,,,
,,,,,,,,,,,,,,,,,,
,,,,,,,,,,,,,,,,,,
,,,,,,,,,,,,,,,,,,
,,,,,,,,,,,,,,,,,,
,,,,,,,,,,,,,,,,,,
,,,,,,,,,,,,,,,,,,
,,,,,,,,,,,,,,,,,,
,,,,,,,,,,,,,,,,,,
,,,,,,,,,,,,,,,,,,
,,,,,,,,,,,,,,,,,,
,,,,,,,,,,,,,,,,,,
,,,,,,,,,,,,,,,,,,
,,,,,,,,,,,,,,,,,,
,,,,,,,,,,,,,,,,,,
,,,,,,,,,,,,,,,,,,
,,,,,,,,,,,,,,,,,,
,,,,,,,,,,,,,,,,,,
,,,,,,,,,,,,,,,,,,
,,,,,,,,,,,,,,,,,,
,,,,,,,,,,,,,,,,,,
,,,,,,,,,,,,,,,,,,
,,,,,,,,,,,,,,,,,,
,,,,,,,,,,,,,,,,,,
,,,,,,,,,,,,,,,,,,
,,,,,,,,,,,,,,,,,,
,,,,,,,,,,,,,,,,,,
,,,,,,,,,,,,,,,,,,
,,,,,,,,,,,,,,,,,,
,,,,,,,,,,,,,,,,,,
,,,,,,,,,,,,,,,,,,
,,,,,,,,,,,,,,,,,,
,,,,,,,,,,,,,,,,,,
,,,,,,,,,,,,,,,,,,
,,,,,,,,,,,,,,,,,,
,,,,,,,,,,,,,,,,,,
,,,,,,,,,,,,,,,,,,
,,,,,,,,,,,,,,,,,,
,,,,,,,,,,,,,,,,,,
,,,,,,,,,,,,,,,,,,
,,,,,,,,,,,,,,,,,,
,,,,,,,,,,,,,,,,,,
,,,,,,,,,,,,,,,,,,
,,,,,,,,,,,,,,,,,,
,,,,,,,,,,,,,,,,,,
,,,,,,,,,,,,,,,,,,
,,,,,,,,,,,,,,,,,,
,,,,,,,,,,,,,,,,,,
,,,,,,,,,,,,,,,,,,
,,,,,,,,,,,,,,,,,,
,,,,,,,,,,,,,,,,,,
,,,,,,,,,,,,,,,,,,
,,,,,,,,,,,,,,,,,,
,,,,,,,,,,,,,,,,,,
,,,,,,,,,,,,,,,,,,
,,,,,,,,,,,,,,,,,,
,,,,,,,,,,,,,,,,,,
,,,,,,,,,,,,,,,,,,
,,,,,,,,,,,,,,,,,,
,,,,,,,,,,,,,,,,,,
,,,,,,,,,,,,,,,,,,
,,,,,,,,,,,,,,,,,,
,,,,,,,,,,,,,,,,,,
,,,,,,,,,,,,,,,,,,
,,,,,,,,,,,,,,,,,,
,,,,,,,,,,,,,,,,,,
,,,,,,,,,,,,,,,,,,
,,,,,,,,,,,,,,,,,,
,,,,,,,,,,,,,,,,,,
,,,,,,,,,,,,,,,,,,
,,,,,,,,,,,,,,,,,,
,,,,,,,,,,,,,,,,,,
,,,,,,,,,,,,,,,,,,
,,,,,,,,,,,,,,,,,,
,,,,,,,,,,,,,,,,,,
,,,,,,,,,,,,,,,,,,
,,,,,,,,,,,,,,,,,,
,,,,,,,,,,,,,,,,,,
,,,,,,,,,,,,,,,,,,
,,,,,,,,,,,,,,,,,,
,,,,,,,,,,,,,,,,,,
,,,,,,,,,,,,,,,,,,
,,,,,,,,,,,,,,,,,,
,,,,,,,,,,,,,,,,,,
,,,,,,,,,,,,,,,,,,
,,,,,,,,,,,,,,,,,,
,,,,,,,,,,,,,,,,,,
,,,,,,,,,,,,,,,,,,
,,,,,,,,,,,,,,,,,,
,,,,,,,,,,,,,,,,,,
,,,,,,,,,,,,,,,,,,
,,,,,,,,,,,,,,,,,,
,,,,,,,,,,,,,,,,,,
,,,,,,,,,,,,,,,,,,
,,,,,,,,,,,,,,,,,,
,,,,,,,,,,,,,,,,,,
,,,,,,,,,,,,,,,,,,
,,,,,,,,,,,,,,,,,,
,,,,,,,,,,,,,,,,,,
,,,,,,,,,,,,,,,,,,
,,,,,,,,,,,,,,,,,,
,,,,,,,,,,,,,,,,,,
,,,,,,,,,,,,,,,,,,
,,,,,,,,,,,,,,,,,,
,,,,,,,,,,,,,,,,,,
,,,,,,,,,,,,,,,,,,
,,,,,,,,,,,,,,,,,,
,,,,,,,,,,,,,,,,,,
,,,,,,,,,,,,,,,,,,
,,,,,,,,,,,,,,,,,,
,,,,,,,,,,,,,,,,,,
,,,,,,,,,,,,,,,,,,
,,,,,,,,,,,,,,,,,,
,,,,,,,,,,,,,,,,,,
,,,,,,,,,,,,,,,,,,
,,,,,,,,,,,,,,,,,,
,,,,,,,,,,,,,,,,,,
,,,,,,,,,,,,,,,,,,
,,,,,,,,,,,,,,,,,,
,,,,,,,,,,,,,,,,,,
,,,,,,,,,,,,,,,,,,
,,,,,,,,,,,,,,,,,,
,,,,,,,,,,,,,,,,,,
,,,,,,,,,,,,,,,,,,
,,,,,,,,,,,,,,,,,,
,,,,,,,,,,,,,,,,,,
,,,,,,,,,,,,,,,,,,
,,,,,,,,,,,,,,,,,,
,,,,,,,,,,,,,,,,,,
,,,,,,,,,,,,,,,,,,
,,,,,,,,,,,,,,,,,,
,,,,,,,,,,,,,,,,,,
,,,,,,,,,,,,,,,,,,
,,,,,,,,,,,,,,,,,,
,,,,,,,,,,,,,,,,,,
,,,,,,,,,,,,,,,,,,
,,,,,,,,,,,,,,,,,,
,,,,,,,,,,,,,,,,,,
,,,,,,,,,,,,,,,,,,
,,,,,,,,,,,,,,,,,,
,,,,,,,,,,,,,,,,,,
,,,,,,,,,,,,,,,,,,
,,,,,,,,,,,,,,,,,,
,,,,,,,,,,,,,,,,,,
,,,,,,,,,,,,,,,,,,
,,,,,,,,,,,,,,,,,,
,,,,,,,,,,,,,,,,,,
,,,,,,,,,,,,,,,,,,
,,,,,,,,,,,,,,,,,,
,,,,,,,,,,,,,,,,,,
,,,,,,,,,,,,,,,,,,
,,,,,,,,,,,,,,,,,,
,,,,,,,,,,,,,,,,,,
,,,,,,,,,,,,,,,,,,
,,,,,,,,,,,,,,,,,,
,,,,,,,,,,,,,,,,,,
,,,,,,,,,,,,,,,,,,
,,,,,,,,,,,,,,,,,,
,,,,,,,,,,,,,,,,,,
,,,,,,,,,,,,,,,,,,
,,,,,,,,,,,,,,,,,,
,,,,,,,,,,,,,,,,,,
,,,,,,,,,,,,,,,,,,
,,,,,,,,,,,,,,,,,,
,,,,,,,,,,,,,,,,,,
,,,,,,,,,,,,,,,,,,
,,,,,,,,,,,,,,,,,,
,,,,,,,,,,,,,,,,,,
,,,,,,,,,,,,,,,,,,
,,,,,,,,,,,,,,,,,,
,,,,,,,,,,,,,,,,,,
,,,,,,,,,,,,,,,,,,
,,,,,,,,,,,,,,,,,,
,,,,,,,,,,,,,,,,,,
,,,,,,,,,,,,,,,,,,
,,,,,,,,,,,,,,,,,,
,,,,,,,,,,,,,,,,,,
,,,,,,,,,,,,,,,,,,
,,,,,,,,,,,,,,,,,,
,,,,,,,,,,,,,,,,,,
,,,,,,,,,,,,,,,,,,
,,,,,,,,,,,,,,,,,,
,,,,,,,,,,,,,,,,,,
,,,,,,,,,,,,,,,,,,
,,,,,,,,,,,,,,,,,,
,,,,,,,,,,,,,,,,,,
,,,,,,,,,,,,,,,,,,
,,,,,,,,,,,,,,,,,,
,,,,,,,,,,,,,,,,,,
,,,,,,,,,,,,,,,,,,
,,,,,,,,,,,,,,,,,,
,,,,,,,,,,,,,,,,,,
,,,,,,,,,,,,,,,,,,
,,,,,,,,,,,,,,,,,,
,,,,,,,,,,,,,,,,,,
,,,,,,,,,,,,,,,,,,
,,,,,,,,,,,,,,,,,,
,,,,,,,,,,,,,,,,,,
,,,,,,,,,,,,,,,,,,
,,,,,,,,,,,,,,,,,,
,,,,,,,,,,,,,,,,,,
,,,,,,,,,,,,,,,,,,
,,,,,,,,,,,,,,,,,,
,,,,,,,,,,,,,,,,,,
,,,,,,,,,,,,,,,,,,
,,,,,,,,,,,,,,,,,,
,,,,,,,,,,,,,,,,,,
,,,,,,,,,,,,,,,,,,
,,,,,,,,,,,,,,,,,,
,,,,,,,,,,,,,,,,,,
,,,,,,,,,,,,,,,,,,
,,,,,,,,,,,,,,,,,,
,,,,,,,,,,,,,,,,,,
,,,,,,,,,,,,,,,,,,
,,,,,,,,,,,,,,,,,,
,,,,,,,,,,,,,,,,,,
,,,,,,,,,,,,,,,,,,
,,,,,,,,,,,,,,,,,,
,,,,,,,,,,,,,,,,,,
,,,,,,,,,,,,,,,,,,
,,,,,,,,,,,,,,,,,,
,,,,,,,,,,,,,,,,,,
,,,,,,,,,,,,,,,,,,
,,,,,,,,,,,,,,,,,,
,,,,,,,,,,,,,,,,,,
,,,,,,,,,,,,,,,,,,
,,,,,,,,,,,,,,,,,,
,,,,,,,,,,,,,,,,,,
,,,,,,,,,,,,,,,,,,
,,,,,,,,,,,,,,,,,,
,,,,,,,,,,,,,,,,,,
,,,,,,,,,,,,,,,,,,
,,,,,,,,,,,,,,,,,,
,,,,,,,,,,,,,,,,,,
,,,,,,,,,,,,,,,,,,
,,,,,,,,,,,,,,,,,,
,,,,,,,,,,,,,,,,,,
,,,,,,,,,,,,,,,,,,
,,,,,,,,,,,,,,,,,,
,,,,,,,,,,,,,,,,,,
,,,,,,,,,,,,,,,,,,
,,,,,,,,,,,,,,,,,,
,,,,,,,,,,,,,,,,,,
,,,,,,,,,,,,,,,,,,
,,,,,,,,,,,,,,,,,,
,,,,,,,,,,,,,,,,,,
,,,,,,,,,,,,,,,,,,
,,,,,,,,,,,,,,,,,,
,,,,,,,,,,,,,,,,,,
,,,,,,,,,,,,,,,,,,
,,,,,,,,,,,,,,,,,,
,,,,,,,,,,,,,,,,,,
,,,,,,,,,,,,,,,,,,
,,,,,,,,,,,,,,,,,,
,,,,,,,,,,,,,,,,,,
,,,,,,,,,,,,,,,,,,
,,,,,,,,,,,,,,,,,,
,,,,,,,,,,,,,,,,,,
,,,,,,,,,,,,,,,,,,
,,,,,,,,,,,,,,,,,,
,,,,,,,,,,,,,,,,,,
,,,,,,,,,,,,,,,,,,
,,,,,,,,,,,,,,,,,,
,,,,,,,,,,,,,,,,,,
,,,,,,,,,,,,,,,,,,
,,,,,,,,,,,,,,,,,,
,,,,,,,,,,,,,,,,,,
,,,,,,,,,,,,,,,,,,
,,,,,,,,,,,,,,,,,,
,,,,,,,,,,,,,,,,,,
,,,,,,,,,,,,,,,,,,
,,,,,,,,,,,,,,,,,,
,,,,,,,,,,,,,,,,,,
,,,,,,,,,,,,,,,,,,
,,,,,,,,,,,,,,,,,,
,,,,,,,,,,,,,,,,,,
,,,,,,,,,,,,,,,,,,
,,,,,,,,,,,,,,,,,,
,,,,,,,,,,,,,,,,,,
,,,,,,,,,,,,,,,,,,
,,,,,,,,,,,,,,,,,,
,,,,,,,,,,,,,,,,,,
,,,,,,,,,,,,,,,,,,
,,,,,,,,,,,,,,,,,,
,,,,,,,,,,,,,,,,,,
,,,,,,,,,,,,,,,,,,
,,,,,,,,,,,,,,,,,,
,,,,,,,,,,,,,,,,,,
,,,,,,,,,,,,,,,,,,
,,,,,,,,,,,,,,,,,,
,,,,,,,,,,,,,,,,,,
,,,,,,,,,,,,,,,,,,
,,,,,,,,,,,,,,,,,,
,,,,,,,,,,,,,,,,,,
,,,,,,,,,,,,,,,,,,
,,,,,,,,,,,,,,,,,,
,,,,,,,,,,,,,,,,,,
,,,,,,,,,,,,,,,,,,
,,,,,,,,,,,,,,,,,,
,,,,,,,,,,,,,,,,,,
,,,,,,,,,,,,,,,,,,
,,,,,,,,,,,,,,,,,,
,,,,,,,,,,,,,,,,,,
,,,,,,,,,,,,,,,,,,
,,,,,,,,,,,,,,,,,,
,,,,,,,,,,,,,,,,,,
,,,,,,,,,,,,,,,,,,
,,,,,,,,,,,,,,,,,,
,,,,,,,,,,,,,,,,,,
,,,,,,,,,,,,,,,,,,
,,,,,,,,,,,,,,,,,,
,,,,,,,,,,,,,,,,,,
,,,,,,,,,,,,,,,,,,
,,,,,,,,,,,,,,,,,,
,,,,,,,,,,,,,,,,,,
,,,,,,,,,,,,,,,,,,
,,,,,,,,,,,,,,,,,,
,,,,,,,,,,,,,,,,,,
,,,,,,,,,,,,,,,,,,
,,,,,,,,,,,,,,,,,,
,,,,,,,,,,,,,,,,,,
,,,,,,,,,,,,,,,,,,
,,,,,,,,,,,,,,,,,,
,,,,,,,,,,,,,,,,,,
,,,,,,,,,,,,,,,,,,
,,,,,,,,,,,,,,,,,,
,,,,,,,,,,,,,,,,,,
,,,,,,,,,,,,,,,,,,
,,,,,,,,,,,,,,,,,,
,,,,,,,,,,,,,,,,,,
,,,,,,,,,,,,,,,,,,
,,,,,,,,,,,,,,,,,,
,,,,,,,,,,,,,,,,,,
,,,,,,,,,,,,,,,,,,
,,,,,,,,,,,,,,,,,,
,,,,,,,,,,,,,,,,,,
,,,,,,,,,,,,,,,,,,
,,,,,,,,,,,,,,,,,,
,,,,,,,,,,,,,,,,,,
,,,,,,,,,,,,,,,,,,
,,,,,,,,,,,,,,,,,,
,,,,,,,,,,,,,,,,,,
,,,,,,,,,,,,,,,,,,
,,,,,,,,,,,,,,,,,,
,,,,,,,,,,,,,,,,,,
,,,,,,,,,,,,,,,,,,
,,,,,,,,,,,,,,,,,,
,,,,,,,,,,,,,,,,,,
,,,,,,,,,,,,,,,,,,
,,,,,,,,,,,,,,,,,,
,,,,,,,,,,,,,,,,,,
,,,,,,,,,,,,,,,,,,
,,,,,,,,,,,,,,,,,,
,,,,,,,,,,,,,,,,,,
,,,,,,,,,,,,,,,,,,
,,,,,,,,,,,,,,,,,,
,,,,,,,,,,,,,,,,,,
,,,,,,,,,,,,,,,,,,
,,,,,,,,,,,,,,,,,,
,,,,,,,,,,,,,,,,,,
,,,,,,,,,,,,,,,,,,
,,,,,,,,,,,,,,,,,,
,,,,,,,,,,,,,,,,,,
,,,,,,,,,,,,,,,,,,
,,,,,,,,,,,,,,,,,,
,,,,,,,,,,,,,,,,,,
,,,,,,,,,,,,,,,,,,
,,,,,,,,,,,,,,,,,,
,,,,,,,,,,,,,,,,,,
,,,,,,,,,,,,,,,,,,
,,,,,,,,,,,,,,,,,,
,,,,,,,,,,,,,,,,,,
,,,,,,,,,,,,,,,,,,
,,,,,,,,,,,,,,,,,,
,,,,,,,,,,,,,,,,,,
,,,,,,,,,,,,,,,,,,
,,,,,,,,,,,,,,,,,,
,,,,,,,,,,,,,,,,,,
,,,,,,,,,,,,,,,,,,
,,,,,,,,,,,,,,,,,,
,,,,,,,,,,,,,,,,,,
,,,,,,,,,,,,,,,,,,
,,,,,,,,,,,,,,,,,,
,,,,,,,,,,,,,,,,,,
,,,,,,,,,,,,,,,,,,
,,,,,,,,,,,,,,,,,,
,,,,,,,,,,,,,,,,,,
,,,,,,,,,,,,,,,,,,
,,,,,,,,,,,,,,,,,,
,,,,,,,,,,,,,,,,,,
,,,,,,,,,,,,,,,,,,
,,,,,,,,,,,,,,,,,,
,,,,,,,,,,,,,,,,,,
,,,,,,,,,,,,,,,,,,
,,,,,,,,,,,,,,,,,,
,,,,,,,,,,,,,,,,,,
,,,,,,,,,,,,,,,,,,
,,,,,,,,,,,,,,,,,,
,,,,,,,,,,,,,,,,,,
,,,,,,,,,,,,,,,,,,
,,,,,,,,,,,,,,,,,,
,,,,,,,,,,,,,,,,,,
,,,,,,,,,,,,,,,,,,
,,,,,,,,,,,,,,,,,,
,,,,,,,,,,,,,,,,,,
,,,,,,,,,,,,,,,,,,
,,,,,,,,,,,,,,,,,,
,,,,,,,,,,,,,,,,,,
,,,,,,,,,,,,,,,,,,
,,,,,,,,,,,,,,,,,,
,,,,,,,,,,,,,,,,,,
,,,,,,,,,,,,,,,,,,
,,,,,,,,,,,,,,,,,,
,,,,,,,,,,,,,,,,,,
,,,,,,,,,,,,,,,,,,
,,,,,,,,,,,,,,,,,,
,,,,,,,,,,,,,,,,,,
,,,,,,,,,,,,,,,,,,
,,,,,,,,,,,,,,,,,,
,,,,,,,,,,,,,,,,,,
,,,,,,,,,,,,,,,,,,
,,,,,,,,,,,,,,,,,,
,,,,,,,,,,,,,,,,,,
,,,,,,,,,,,,,,,,,,
,,,,,,,,,,,,,,,,,,
,,,,,,,,,,,,,,,,,,
,,,,,,,,,,,,,,,,,,
,,,,,,,,,,,,,,,,,,
,,,,,,,,,,,,,,,,,,
,,,,,,,,,,,,,,,,,,
,,,,,,,,,,,,,,,,,,
,,,,,,,,,,,,,,,,,,
,,,,,,,,,,,,,,,,,,
,,,,,,,,,,,,,,,,,,
,,,,,,,,,,,,,,,,,,
,,,,,,,,,,,,,,,,,,
,,,,,,,,,,,,,,,,,,
,,,,,,,,,,,,,,,,,,
,,,,,,,,,,,,,,,,,,
,,,,,,,,,,,,,,,,,,
,,,,,,,,,,,,,,,,,,
,,,,,,,,,,,,,,,,,,
,,,,,,,,,,,,,,,,,,
,,,,,,,,,,,,,,,,,,
,,,,,,,,,,,,,,,,,,
,,,,,,,,,,,,,,,,,,
,,,,,,,,,,,,,,,,,,
,,,,,,,,,,,,,,,,,,
,,,,,,,,,,,,,,,,,,
,,,,,,,,,,,,,,,,,,
,,,,,,,,,,,,,,,,,,
,,,,,,,,,,,,,,,,,,
,,,,,,,,,,,,,,,,,,
,,,,,,,,,,,,,,,,,,
,,,,,,,,,,,,,,,,,,
,,,,,,,,,,,,,,,,,,
,,,,,,,,,,,,,,,,,,
,,,,,,,,,,,,,,,,,,
,,,,,,,,,,,,,,,,,,
,,,,,,,,,,,,,,,,,,
,,,,,,,,,,,,,,,,,,
,,,,,,,,,,,,,,,,,,
,,,,,,,,,,,,,,,,,,
,,,,,,,,,,,,,,,,,,
,,,,,,,,,,,,,,,,,,
,,,,,,,,,,,,,,,,,,
,,,,,,,,,,,,,,,,,,
,,,,,,,,,,,,,,,,,,
,,,,,,,,,,,,,,,,,,
,,,,,,,,,,,,,,,,,,
,,,,,,,,,,,,,,,,,,
,,,,,,,,,,,,,,,,,,
,,,,,,,,,,,,,,,,,,
,,,,,,,,,,,,,,,,,,
,,,,,,,,,,,,,,,,,,
,,,,,,,,,,,,,,,,,,
,,,,,,,,,,,,,,,,,,
,,,,,,,,,,,,,,,,,,
,,,,,,,,,,,,,,,,,,
,,,,,,,,,,,,,,,,,,
,,,,,,,,,,,,,,,,,,
,,,,,,,,,,,,,,,,,,
,,,,,,,,,,,,,,,,,,
,,,,,,,,,,,,,,,,,,
,,,,,,,,,,,,,,,,,,
,,,,,,,,,,,,,,,,,,
,,,,,,,,,,,,,,,,,,
,,,,,,,,,,,,,,,,,,
,,,,,,,,,,,,,,,,,,
,,,,,,,,,,,,,,,,,,
,,,,,,,,,,,,,,,,,,
,,,,,,,,,,,,,,,,,,
,,,,,,,,,,,,,,,,,,
,,,,,,,,,,,,,,,,,,
,,,,,,,,,,,,,,,,,,
,,,,,,,,,,,,,,,,,,
,,,,,,,,,,,,,,,,,,
,,,,,,,,,,,,,,,,,,
,,,,,,,,,,,,,,,,,,
,,,,,,,,,,,,,,,,,,
,,,,,,,,,,,,,,,,,,
,,,,,,,,,,,,,,,,,,
,,,,,,,,,,,,,,,,,,
,,,,,,,,,,,,,,,,,,
,,,,,,,,,,,,,,,,,,
,,,,,,,,,,,,,,,,,,
,,,,,,,,,,,,,,,,,,
,,,,,,,,,,,,,,,,,,
,,,,,,,,,,,,,,,,,,
,,,,,,,,,,,,,,,,,,
,,,,,,,,,,,,,,,,,,
,,,,,,,,,,,,,,,,,,
,,,,,,,,,,,,,,,,,,
,,,,,,,,,,,,,,,,,,
,,,,,,,,,,,,,,,,,,
,,,,,,,,,,,,,,,,,,
,,,,,,,,,,,,,,,,,,
,,,,,,,,,,,,,,,,,,
,,,,,,,,,,,,,,,,,,
,,,,,,,,,,,,,,,,,,
,,,,,,,,,,,,,,,,,,
,,,,,,,,,,,,,,,,,,
,,,,,,,,,,,,,,,,,,
,,,,,,,,,,,,,,,,,,
,,,,,,,,,,,,,,,,,,
,,,,,,,,,,,,,,,,,,
,,,,,,,,,,,,,,,,,,
,,,,,,,,,,,,,,,,,,
,,,,,,,,,,,,,,,,,,
,,,,,,,,,,,,,,,,,,
,,,,,,,,,,,,,,,,,,
,,,,,,,,,,,,,,,,,,
,,,,,,,,,,,,,,,,,,
,,,,,,,,,,,,,,,,,,
,,,,,,,,,,,,,,,,,,
,,,,,,,,,,,,,,,,,,
,,,,,,,,,,,,,,,,,,
,,,,,,,,,,,,,,,,,,
,,,,,,,,,,,,,,,,,,
,,,,,,,,,,,,,,,,,,
,,,,,,,,,,,,,,,,,,
,,,,,,,,,,,,,,,,,,
,,,,,,,,,,,,,,,,,,
,,,,,,,,,,,,,,,,,,
,,,,,,,,,,,,,,,,,,
,,,,,,,,,,,,,,,,,,
,,,,,,,,,,,,,,,,,,
,,,,,,,,,,,,,,,,,,
,,,,,,,,,,,,,,,,,,
,,,,,,,,,,,,,,,,,,
,,,,,,,,,,,,,,,,,,
,,,,,,,,,,,,,,,,,,
,,,,,,,,,,,,,,,,,,
,,,,,,,,,,,,,,,,,,
,,,,,,,,,,,,,,,,,,
,,,,,,,,,,,,,,,,,,
,,,,,,,,,,,,,,,,,,
,,,,,,,,,,,,,,,,,,
,,,,,,,,,,,,,,,,,,
,,,,,,,,,,,,,,,,,,
,,,,,,,,,,,,,,,,,,
,,,,,,,,,,,,,,,,,,
,,,,,,,,,,,,,,,,,,
,,,,,,,,,,,,,,,,,,
,,,,,,,,,,,,,,,,,,
,,,,,,,,,,,,,,,,,,
,,,,,,,,,,,,,,,,,,
,,,,,,,,,,,,,,,,,,
,,,,,,,,,,,,,,,,,,
,,,,,,,,,,,,,,,,,,
,,,,,,,,,,,,,,,,,,
,,,,,,,,,,,,,,,,,,
,,,,,,,,,,,,,,,,,,
,,,,,,,,,,,,,,,,,,
,,,,,,,,,,,,,,,,,,
,,,,,,,,,,,,,,,,,,
,,,,,,,,,,,,,,,,,,
,,,,,,,,,,,,,,,,,,
,,,,,,,,,,,,,,,,,,
,,,,,,,,,,,,,,,,,,
,,,,,,,,,,,,,,,,,,
,,,,,,,,,,,,,,,,,,
,,,,,,,,,,,,,,,,,,
,,,,,,,,,,,,,,,,,,
,,,,,,,,,,,,,,,,,,
,,,,,,,,,,,,,,,,,,
,,,,,,,,,,,,,,,,,,
,,,,,,,,,,,,,,,,,,
,,,,,,,,,,,,,,,,,,
,,,,,,,,,,,,,,,,,,
,,,,,,,,,,,,,,,,,,
,,,,,,,,,,,,,,,,,,
,,,,,,,,,,,,,,,,,,
,,,,,,,,,,,,,,,,,,
,,,,,,,,,,,,,,,,,,
,,,,,,,,,,,,,,,,,,
,,,,,,,,,,,,,,,,,,
,,,,,,,,,,,,,,,,,,
,,,,,,,,,,,,,,,,,,
,,,,,,,,,,,,,,,,,,
,,,,,,,,,,,,,,,,,,
,,,,,,,,,,,,,,,,,,
,,,,,,,,,,,,,,,,,,
,,,,,,,,,,,,,,,,,,
,,,,,,,,,,,,,,,,,,
,,,,,,,,,,,,,,,,,,
,,,,,,,,,,,,,,,,,,
,,,,,,,,,,,,,,,,,,
,,,,,,,,,,,,,,,,,,
,,,,,,,,,,,,,,,,,,
,,,,,,,,,,,,,,,,,,
,,,,,,,,,,,,,,,,,,
,,,,,,,,,,,,,,,,,,
,,,,,,,,,,,,,,,,,,
,,,,,,,,,,,,,,,,,,
,,,,,,,,,,,,,,,,,,
,,,,,,,,,,,,,,,,,,
,,,,,,,,,,,,,,,,,,
,,,,,,,,,,,,,,,,,,
,,,,,,,,,,,,,,,,,,
,,,,,,,,,,,,,,,,,,
,,,,,,,,,,,,,,,,,,
,,,,,,,,,,,,,,,,,,
,,,,,,,,,,,,,,,,,,
,,,,,,,,,,,,,,,,,,
,,,,,,,,,,,,,,,,,,
,,,,,,,,,,,,,,,,,,
,,,,,,,,,,,,,,,,,,
,,,,,,,,,,,,,,,,,,
,,,,,,,,,,,,,,,,,,
,,,,,,,,,,,,,,,,,,
,,,,,,,,,,,,,,,,,,
,,,,,,,,,,,,,,,,,,
,,,,,,,,,,,,,,,,,,
,,,,,,,,,,,,,,,,,,
,,,,,,,,,,,,,,,,,,
,,,,,,,,,,,,,,,,,,
,,,,,,,,,,,,,,,,,,
,,,,,,,,,,,,,,,,,,
,,,,,,,,,,,,,,,,,,
,,,,,,,,,,,,,,,,,,
,,,,,,,,,,,,,,,,,,
,,,,,,,,,,,,,,,,,,
,,,,,,,,,,,,,,,,,,
,,,,,,,,,,,,,,,,,,
,,,,,,,,,,,,,,,,,,
,,,,,,,,,,,,,,,,,,
,,,,,,,,,,,,,,,,,,
,,,,,,,,,,,,,,,,,,
,,,,,,,,,,,,,,,,,,
,,,,,,,,,,,,,,,,,,
,,,,,,,,,,,,,,,,,,
,,,,,,,,,,,,,,,,,,
,,,,,,,,,,,,,,,,,,
,,,,,,,,,,,,,,,,,,
,,,,,,,,,,,,,,,,,,
,,,,,,,,,,,,,,,,,,
,,,,,,,,,,,,,,,,,,
,,,,,,,,,,,,,,,,,,
,,,,,,,,,,,,,,,,,,
,,,,,,,,,,,,,,,,,,
,,,,,,,,,,,,,,,,,,
,,,,,,,,,,,,,,,,,,
,,,,,,,,,,,,,,,,,,
,,,,,,,,,,,,,,,,,,
,,,,,,,,,,,,,,,,,,
,,,,,,,,,,,,,,,,,,
,,,,,,,,,,,,,,,,,,
,,,,,,,,,,,,,,,,,,
,,,,,,,,,,,,,,,,,,
,,,,,,,,,,,,,,,,,,
,,,,,,,,,,,,,,,,,,
,,,,,,,,,,,,,,,,,,
,,,,,,,,,,,,,,,,,,
,,,,,,,,,,,,,,,,,,
,,,,,,,,,,,,,,,,,,
,,,,,,,,,,,,,,,,,,
,,,,,,,,,,,,,,,,,,
,,,,,,,,,,,,,,,,,,
,,,,,,,,,,,,,,,,,,
,,,,,,,,,,,,,,,,,,
,,,,,,,,,,,,,,,,,,
,,,,,,,,,,,,,,,,,,
,,,,,,,,,,,,,,,,,,
,,,,,,,,,,,,,,,,,,
,,,,,,,,,,,,,,,,,,
,,,,,,,,,,,,,,,,,,
,,,,,,,,,,,,,,,,,,
,,,,,,,,,,,,,,,,,,
,,,,,,,,,,,,,,,,,,
,,,,,,,,,,,,,,,,,,
,,,,,,,,,,,,,,,,,,
,,,,,,,,,,,,,,,,,,
,,,,,,,,,,,,,,,,,,
,,,,,,,,,,,,,,,,,,
,,,,,,,,,,,,,,,,,,
,,,,,,,,,,,,,,,,,,
,,,,,,,,,,,,,,,,,,
,,,,,,,,,,,,,,,,,,
,,,,,,,,,,,,,,,,,,
,,,,,,,,,,,,,,,,,,
,,,,,,,,,,,,,,,,,,
,,,,,,,,,,,,,,,,,,
,,,,,,,,,,,,,,,,,,
,,,,,,,,,,,,,,,,,,
,,,,,,,,,,,,,,,,,,
,,,,,,,,,,,,,,,,,,
,,,,,,,,,,,,,,,,,,
,,,,,,,,,,,,,,,,,,
,,,,,,,,,,,,,,,,,,
,,,,,,,,,,,,,,,,,,
,,,,,,,,,,,,,,,,,,
,,,,,,,,,,,,,,,,,,
,,,,,,,,,,,,,,,,,,
,,,,,,,,,,,,,,,,,,
,,,,,,,,,,,,,,,,,,
,,,,,,,,,,,,,,,,,,
,,,,,,,,,,,,,,,,,,
,,,,,,,,,,,,,,,,,,
,,,,,,,,,,,,,,,,,,
,,,,,,,,,,,,,,,,,,
,,,,,,,,,,,,,,,,,,
,,,,,,,,,,,,,,,,,,
,,,,,,,,,,,,,,,,,,
,,,,,,,,,,,,,,,,,,
,,,,,,,,,,,,,,,,,,
,,,,,,,,,,,,,,,,,,
,,,,,,,,,,,,,,,,,,
,,,,,,,,,,,,,,,,,,
,,,,,,,,,,,,,,,,,,
,,,,,,,,,,,,,,,,,,
,,,,,,,,,,,,,,,,,,
,,,,,,,,,,,,,,,,,,
,,,,,,,,,,,,,,,,,,
,,,,,,,,,,,,,,,,,,
,,,,,,,,,,,,,,,,,,
,,,,,,,,,,,,,,,,,,
,,,,,,,,,,,,,,,,,,
,,,,,,,,,,,,,,,,,,
,,,,,,,,,,,,,,,,,,
,,,,,,,,,,,,,,,,,,
,,,,,,,,,,,,,,,,,,
,,,,,,,,,,,,,,,,,,
,,,,,,,,,,,,,,,,,,
,,,,,,,,,,,,,,,,,,
,,,,,,,,,,,,,,,,,,
,,,,,,,,,,,,,,,,,,
,,,,,,,,,,,,,,,,,,
,,,,,,,,,,,,,,,,,,
,,,,,,,,,,,,,,,,,,
,,,,,,,,,,,,,,,,,,
,,,,,,,,,,,,,,,,,,
,,,,,,,,,,,,,,,,,,
,,,,,,,,,,,,,,,,,,
,,,,,,,,,,,,,,,,,,
,,,,,,,,,,,,,,,,,,
,,,,,,,,,,,,,,,,,,
,,,,,,,,,,,,,,,,,,
,,,,,,,,,,,,,,,,,,
,,,,,,,,,,,,,,,,,,
,,,,,,,,,,,,,,,,,,
,,,,,,,,,,,,,,,,,,
,,,,,,,,,,,,,,,,,,
,,,,,,,,,,,,,,,,,,
,,,,,,,,,,,,,,,,,,
,,,,,,,,,,,,,,,,,,
,,,,,,,,,,,,,,,,,,
,,,,,,,,,,,,,,,,,,
,,,,,,,,,,,,,,,,,,
,,,,,,,,,,,,,,,,,,
,,,,,,,,,,,,,,,,,,
,,,,,,,,,,,,,,,,,,
,,,,,,,,,,,,,,,,,,
,,,,,,,,,,,,,,,,,,
,,,,,,,,,,,,,,,,,,
,,,,,,,,,,,,,,,,,,
,,,,,,,,,,,,,,,,,,
,,,,,,,,,,,,,,,,,,
,,,,,,,,,,,,,,,,,,
,,,,,,,,,,,,,,,,,,
,,,,,,,,,,,,,,,,,,
,,,,,,,,,,,,,,,,,,
,,,,,,,,,,,,,,,,,,
,,,,,,,,,,,,,,,,,,
,,,,,,,,,,,,,,,,,,
,,,,,,,,,,,,,,,,,,
,,,,,,,,,,,,,,,,,,
,,,,,,,,,,,,,,,,,,
,,,,,,,,,,,,,,,,,,
,,,,,,,,,,,,,,,,,,
,,,,,,,,,,,,,,,,,,
,,,,,,,,,,,,,,,,,,
,,,,,,,,,,,,,,,,,,
,,,,,,,,,,,,,,,,,,
,,,,,,,,,,,,,,,,,,
,,,,,,,,,,,,,,,,,,
,,,,,,,,,,,,,,,,,,
,,,,,,,,,,,,,,,,,,
,,,,,,,,,,,,,,,,,,
,,,,,,,,,,,,,,,,,,
,,,,,,,,,,,,,,,,,,
,,,,,,,,,,,,,,,,,,
,,,,,,,,,,,,,,,,,,
,,,,,,,,,,,,,,,,,,
,,,,,,,,,,,,,,,,,,
,,,,,,,,,,,,,,,,,,
,,,,,,,,,,,,,,,,,,
,,,,,,,,,,,,,,,,,,
,,,,,,,,,,,,,,,,,,
,,,,,,,,,,,,,,,,,,
,,,,,,,,,,,,,,,,,,
,,,,,,,,,,,,,,,,,,
,,,,,,,,,,,,,,,,,,
,,,,,,,,,,,,,,,,,,
,,,,,,,,,,,,,,,,,,
,,,,,,,,,,,,,,,,,,
,,,,,,,,,,,,,,,,,,
,,,,,,,,,,,,,,,,,,
,,,,,,,,,,,,,,,,,,
,,,,,,,,,,,,,,,,,,
,,,,,,,,,,,,,,,,,,
,,,,,,,,,,,,,,,,,,
,,,,,,,,,,,,,,,,,,
,,,,,,,,,,,,,,,,,,
,,,,,,,,,,,,,,,,,,
,,,,,,,,,,,,,,,,,,
,,,,,,,,,,,,,,,,,,
,,,,,,,,,,,,,,,,,,
,,,,,,,,,,,,,,,,,,
,,,,,,,,,,,,,,,,,,
,,,,,,,,,,,,,,,,,,
,,,,,,,,,,,,,,,,,,
,,,,,,,,,,,,,,,,,,
,,,,,,,,,,,,,,,,,,
,,,,,,,,,,,,,,,,,,
,,,,,,,,,,,,,,,,,,
,,,,,,,,,,,,,,,,,,
,,,,,,,,,,,,,,,,,,
,,,,,,,,,,,,,,,,,,
,,,,,,,,,,,,,,,,,,
,,,,,,,,,,,,,,,,,,
,,,,,,,,,,,,,,,,,,
,,,,,,,,,,,,,,,,,,
,,,,,,,,,,,,,,,,,,
,,,,,,,,,,,,,,,,,,
,,,,,,,,,,,,,,,,,,
,,,,,,,,,,,,,,,,,,
,,,,,,,,,,,,,,,,,,
,,,,,,,,,,,,,,,,,,
,,,,,,,,,,,,,,,,,,
,,,,,,,,,,,,,,,,,,
,,,,,,,,,,,,,,,,,,
,,,,,,,,,,,,,,,,,,
,,,,,,,,,,,,,,,,,,
,,,,,,,,,,,,,,,,,,
,,,,,,,,,,,,,,,,,,
,,,,,,,,,,,,,,,,,,
,,,,,,,,,,,,,,,,,,
,,,,,,,,,,,,,,,,,,
,,,,,,,,,,,,,,,,,,
,,,,,,,,,,,,,,,,,,
,,,,,,,,,,,,,,,,,,
,,,,,,,,,,,,,,,,,,
,,,,,,,,,,,,,,,,,,
,,,,,,,,,,,,,,,,,,
,,,,,,,,,,,,,,,,,,
,,,,,,,,,,,,,,,,,,
,,,,,,,,,,,,,,,,,,
,,,,,,,,,,,,,,,,,,
,,,,,,,,,,,,,,,,,,
,,,,,,,,,,,,,,,,,,
,,,,,,,,,,,,,,,,,,
,,,,,,,,,,,,,,,,,,
,,,,,,,,,,,,,,,,,,
,,,,,,,,,,,,,,,,,,
,,,,,,,,,,,,,,,,,,
,,,,,,,,,,,,,,,,,,
,,,,,,,,,,,,,,,,,,
,,,,,,,,,,,,,,,,,,
,,,,,,,,,,,,,,,,,,
,,,,,,,,,,,,,,,,,,
,,,,,,,,,,,,,,,,,,
,,,,,,,,,,,,,,,,,,
,,,,,,,,,,,,,,,,,,
,,,,,,,,,,,,,,,,,,
,,,,,,,,,,,,,,,,,,
,,,,,,,,,,,,,,,,,,
,,,,,,,,,,,,,,,,,,
,,,,,,,,,,,,,,,,,,
,,,,,,,,,,,,,,,,,,
,,,,,,,,,,,,,,,,,,
,,,,,,,,,,,,,,,,,,
,,,,,,,,,,,,,,,,,,
,,,,,,,,,,,,,,,,,,
,,,,,,,,,,,,,,,,,,
,,,,,,,,,,,,,,,,,,
,,,,,,,,,,,,,,,,,,
,,,,,,,,,,,,,,,,,,
,,,,,,,,,,,,,,,,,,
,,,,,,,,,,,,,,,,,,
,,,,,,,,,,,,,,,,,,
,,,,,,,,,,,,,,,,,,
,,,,,,,,,,,,,,,,,,
,,,,,,,,,,,,,,,,,,
,,,,,,,,,,,,,,,,,,
,,,,,,,,,,,,,,,,,,
,,,,,,,,,,,,,,,,,,
,,,,,,,,,,,,,,,,,,
,,,,,,,,,,,,,,,,,,
,,,,,,,,,,,,,,,,,,
,,,,,,,,,,,,,,,,,,
,,,,,,,,,,,,,,,,,,
,,,,,,,,,,,,,,,,,,
,,,,,,,,,,,,,,,,,,
,,,,,,,,,,,,,,,,,,
,,,,,,,,,,,,,,,,,,
,,,,,,,,,,,,,,,,,,
,,,,,,,,,,,,,,,,,,
,,,,,,,,,,,,,,,,,,
,,,,,,,,,,,,,,,,,,
,,,,,,,,,,,,,,,,,,
,,,,,,,,,,,,,,,,,,
,,,,,,,,,,,,,,,,,,
,,,,,,,,,,,,,,,,,,
,,,,,,,,,,,,,,,,,,
,,,,,,,,,,,,,,,,,,
,,,,,,,,,,,,,,,,,,
,,,,,,,,,,,,,,,,,,
,,,,,,,,,,,,,,,,,,
,,,,,,,,,,,,,,,,,,
,,,,,,,,,,,,,,,,,,
,,,,,,,,,,,,,,,,,,
,,,,,,,,,,,,,,,,,,
,,,,,,,,,,,,,,,,,,
,,,,,,,,,,,,,,,,,,
,,,,,,,,,,,,,,,,,,
,,,,,,,,,,,,,,,,,,
,,,,,,,,,,,,,,,,,,
,,,,,,,,,,,,,,,,,,
,,,,,,,,,,,,,,,,,,
,,,,,,,,,,,,,,,,,,
,,,,,,,,,,,,,,,,,,
,,,,,,,,,,,,,,,,,,
,,,,,,,,,,,,,,,,,,
,,,,,,,,,,,,,,,,,,
,,,,,,,,,,,,,,,,,,
,,,,,,,,,,,,,,,,,,
,,,,,,,,,,,,,,,,,,
,,,,,,,,,,,,,,,,,,
,,,,,,,,,,,,,,,,,,
,,,,,,,,,,,,,,,,,,
,,,,,,,,,,,,,,,,,,
,,,,,,,,,,,,,,,,,,
,,,,,,,,,,,,,,,,,,
,,,,,,,,,,,,,,,,,,
,,,,,,,,,,,,,,,,,,
,,,,,,,,,,,,,,,,,,
,,,,,,,,,,,,,,,,,,
,,,,,,,,,,,,,,,,,,
,,,,,,,,,,,,,,,,,,
,,,,,,,,,,,,,,,,,,
,,,,,,,,,,,,,,,,,,
,,,,,,,,,,,,,,,,,,
,,,,,,,,,,,,,,,,,,
,,,,,,,,,,,,,,,,,,
,,,,,,,,,,,,,,,,,,
,,,,,,,,,,,,,,,,,,
,,,,,,,,,,,,,,,,,,
,,,,,,,,,,,,,,,,,,
,,,,,,,,,,,,,,,,,,
,,,,,,,,,,,,,,,,,,
,,,,,,,,,,,,,,,,,,
,,,,,,,,,,,,,,,,,,
,,,,,,,,,,,,,,,,,,
,,,,,,,,,,,,,,,,,,
,,,,,,,,,,,,,,,,,,
,,,,,,,,,,,,,,,,,,
,,,,,,,,,,,,,,,,,,
,,,,,,,,,,,,,,,,,,
,,,,,,,,,,,,,,,,,,
,,,,,,,,,,,,,,,,,,
,,,,,,,,,,,,,,,,,,
,,,,,,,,,,,,,,,,,,
,,,,,,,,,,,,,,,,,,
,,,,,,,,,,,,,,,,,,
,,,,,,,,,,,,,,,,,,
,,,,,,,,,,,,,,,,,,
,,,,,,,,,,,,,,,,,,
,,,,,,,,,,,,,,,,,,
,,,,,,,,,,,,,,,,,,
,,,,,,,,,,,,,,,,,,
,,,,,,,,,,,,,,,,,,
,,,,,,,,,,,,,,,,,,
,,,,,,,,,,,,,,,,,,
,,,,,,,,,,,,,,,,,,
,,,,,,,,,,,,,,,,,,
,,,,,,,,,,,,,,,,,,
,,,,,,,,,,,,,,,,,,
,,,,,,,,,,,,,,,,,,
,,,,,,,,,,,,,,,,,,
,,,,,,,,,,,,,,,,,,
,,,,,,,,,,,,,,,,,,
,,,,,,,,,,,,,,,,,,
,,,,,,,,,,,,,,,,,,
,,,,,,,,,,,,,,,,,,
,,,,,,,,,,,,,,,,,,
,,,,,,,,,,,,,,,,,,
,,,,,,,,,,,,,,,,,,
,,,,,,,,,,,,,,,,,,
,,,,,,,,,,,,,,,,,,
,,,,,,,,,,,,,,,,,,
,,,,,,,,,,,,,,,,,,
,,,,,,,,,,,,,,,,,,
,,,,,,,,,,,,,,,,,,
,,,,,,,,,,,,,,,,,,
,,,,,,,,,,,,,,,,,,
,,,,,,,,,,,,,,,,,,
,,,,,,,,,,,,,,,,,,
,,,,,,,,,,,,,,,,,,
,,,,,,,,,,,,,,,,,,
,,,,,,,,,,,,,,,,,,
,,,,,,,,,,,,,,,,,,
,,,,,,,,,,,,,,,,,,
,,,,,,,,,,,,,,,,,,
,,,,,,,,,,,,,,,,,,
,,,,,,,,,,,,,,,,,,
,,,,,,,,,,,,,,,,,,
,,,,,,,,,,,,,,,,,,
,,,,,,,,,,,,,,,,,,
,,,,,,,,,,,,,,,,,,
,,,,,,,,,,,,,,,,,,
,,,,,,,,,,,,,,,,,,
,,,,,,,,,,,,,,,,,,
,,,,,,,,,,,,,,,,,,
,,,,,,,,,,,,,,,,,,
,,,,,,,,,,,,,,,,,,
,,,,,,,,,,,,,,,,,,
,,,,,,,,,,,,,,,,,,
,,,,,,,,,,,,,,,,,,
,,,,,,,,,,,,,,,,,,
,,,,,,,,,,,,,,,,,,
,,,,,,,,,,,,,,,,,,
,,,,,,,,,,,,,,,,,,
,,,,,,,,,,,,,,,,,,
,,,,,,,,,,,,,,,,,,
,,,,,,,,,,,,,,,,,,
,,,,,,,,,,,,,,,,,,
,,,,,,,,,,,,,,,,,,
,,,,,,,,,,,,,,,,,,
,,,,,,,,,,,,,,,,,,
,,,,,,,,,,,,,,,,,,
,,,,,,,,,,,,,,,,,,
,,,,,,,,,,,,,,,,,,
,,,,,,,,,,,,,,,,,,
,,,,,,,,,,,,,,,,,,
,,,,,,,,,,,,,,,,,,
,,,,,,,,,,,,,,,,,,
,,,,,,,,,,,,,,,,,,
,,,,,,,,,,,,,,,,,,
,,,,,,,,,,,,,,,,,,
,,,,,,,,,,,,,,,,,,
,,,,,,,,,,,,,,,,,,
,,,,,,,,,,,,,,,,,,
,,,,,,,,,,,,,,,,,,
,,,,,,,,,,,,,,,,,,
,,,,,,,,,,,,,,,,,,
,,,,,,,,,,,,,,,,,,
,,,,,,,,,,,,,,,,,,
,,,,,,,,,,,,,,,,,,
,,,,,,,,,,,,,,,,,,
,,,,,,,,,,,,,,,,,,
,,,,,,,,,,,,,,,,,,
,,,,,,,,,,,,,,,,,,
,,,,,,,,,,,,,,,,,,
,,,,,,,,,,,,,,,,,,
,,,,,,,,,,,,,,,,,,
,,,,,,,,,,,,,,,,,,
,,,,,,,,,,,,,,,,,,
,,,,,,,,,,,,,,,,,,
,,,,,,,,,,,,,,,,,,
,,,,,,,,,,,,,,,,,,
,,,,,,,,,,,,,,,,,,
,,,,,,,,,,,,,,,,,,
,,,,,,,,,,,,,,,,,,
,,,,,,,,,,,,,,,,,,
,,,,,,,,,,,,,,,,,,
,,,,,,,,,,,,,,,,,,
,,,,,,,,,,,,,,,,,,
,,,,,,,,,,,,,,,,,,
,,,,,,,,,,,,,,,,,,
,,,,,,,,,,,,,,,,,,
,,,,,,,,,,,,,,,,,,
,,,,,,,,,,,,,,,,,,
,,,,,,,,,,,,,,,,,,
,,,,,,,,,,,,,,,,,,
,,,,,,,,,,,,,,,,,,
,,,,,,,,,,,,,,,,,,
,,,,,,,,,,,,,,,,,,
,,,,,,,,,,,,,,,,,,
,,,,,,,,,,,,,,,,,,
,,,,,,,,,,,,,,,,,,
,,,,,,,,,,,,,,,,,,
,,,,,,,,,,,,,,,,,,
,,,,,,,,,,,,,,,,,,
,,,,,,,,,,,,,,,,,,
,,,,,,,,,,,,,,,,,,
,,,,,,,,,,,,,,,,,,
,,,,,,,,,,,,,,,,,,
,,,,,,,,,,,,,,,,,,
,,,,,,,,,,,,,,,,,,
,,,,,,,,,,,,,,,,,,
,,,,,,,,,,,,,,,,,,
,,,,,,,,,,,,,,,,,,
,,,,,,,,,,,,,,,,,,
,,,,,,,,,,,,,,,,,,
,,,,,,,,,,,,,,,,,,
,,,,,,,,,,,,,,,,,,
,,,,,,,,,,,,,,,,,,
,,,,,,,,,,,,,,,,,,
,,,,,,,,,,,,,,,,,,
,,,,,,,,,,,,,,,,,,
,,,,,,,,,,,,,,,,,,
,,,,,,,,,,,,,,,,,,
,,,,,,,,,,,,,,,,,,
,,,,,,,,,,,,,,,,,,
,,,,,,,,,,,,,,,,,,
,,,,,,,,,,,,,,,,,,
,,,,,,,,,,,,,,,,,,
,,,,,,,,,,,,,,,,,,
,,,,,,,,,,,,,,,,,,
,,,,,,,,,,,,,,,,,,
,,,,,,,,,,,,,,,,,,
,,,,,,,,,,,,,,,,,,
,,,,,,,,,,,,,,,,,,
,,,,,,,,,,,,,,,,,,
,,,,,,,,,,,,,,,,,,
,,,,,,,,,,,,,,,,,,
,,,,,,,,,,,,,,,,,,
,,,,,,,,,,,,,,,,,,
,,,,,,,,,,,,,,,,,,
,,,,,,,,,,,,,,,,,,
,,,,,,,,,,,,,,,,,,
,,,,,,,,,,,,,,,,,,
,,,,,,,,,,,,,,,,,,
,,,,,,,,,,,,,,,,,,
,,,,,,,,,,,,,,,,,,
,,,,,,,,,,,,,,,,,,
,,,,,,,,,,,,,,,,,,
,,,,,,,,,,,,,,,,,,
,,,,,,,,,,,,,,,,,,
,,,,,,,,,,,,,,,,,,
,,,,,,,,,,,,,,,,,,
,,,,,,,,,,,,,,,,,,
,,,,,,,,,,,,,,,,,,
,,,,,,,,,,,,,,,,,,
,,,,,,,,,,,,,,,,,,
,,,,,,,,,,,,,,,,,,
,,,,,,,,,,,,,,,,,,
,,,,,,,,,,,,,,,,,,
,,,,,,,,,,,,,,,,,,
,,,,,,,,,,,,,,,,,,
,,,,,,,,,,,,,,,,,,
,,,,,,,,,,,,,,,,,,
,,,,,,,,,,,,,,,,,,
,,,,,,,,,,,,,,,,,,
,,,,,,,,,,,,,,,,,,
,,,,,,,,,,,,,,,,,,
,,,,,,,,,,,,,,,,,,
,,,,,,,,,,,,,,,,,,
,,,,,,,,,,,,,,,,,,
,,,,,,,,,,,,,,,,,,
,,,,,,,,,,,,,,,,,,
,,,,,,,,,,,,,,,,,,
,,,,,,,,,,,,,,,,,,
,,,,,,,,,,,,,,,,,,
,,,,,,,,,,,,,,,,,,
,,,,,,,,,,,,,,,,,,
,,,,,,,,,,,,,,,,,,
,,,,,,,,,,,,,,,,,,
,,,,,,,,,,,,,,,,,,
,,,,,,,,,,,,,,,,,,
,,,,,,,,,,,,,,,,,,
,,,,,,,,,,,,,,,,,,
,,,,,,,,,,,,,,,,,,
,,,,,,,,,,,,,,,,,,
,,,,,,,,,,,,,,,,,,
,,,,,,,,,,,,,,,,,,
,,,,,,,,,,,,,,,,,,
,,,,,,,,,,,,,,,,,,
,,,,,,,,,,,,,,,,,,
,,,,,,,,,,,,,,,,,,
,,,,,,,,,,,,,,,,,,
,,,,,,,,,,,,,,,,,,
,,,,,,,,,,,,,,,,,,
,,,,,,,,,,,,,,,,,,
,,,,,,,,,,,,,,,,,,
,,,,,,,,,,,,,,,,,,
,,,,,,,,,,,,,,,,,,
,,,,,,,,,,,,,,,,,,
,,,,,,,,,,,,,,,,,,
,,,,,,,,,,,,,,,,,,
,,,,,,,,,,,,,,,,,,
,,,,,,,,,,,,,,,,,,
,,,,,,,,,,,,,,,,,,
,,,,,,,,,,,,,,,,,,
,,,,,,,,,,,,,,,,,,
,,,,,,,,,,,,,,,,,,
,,,,,,,,,,,,,,,,,,
,,,,,,,,,,,,,,,,,,
,,,,,,,,,,,,,,,,,,
,,,,,,,,,,,,,,,,,,
,,,,,,,,,,,,,,,,,,
,,,,,,,,,,,,,,,,,,
,,,,,,,,,,,,,,,,,,
,,,,,,,,,,,,,,,,,,
,,,,,,,,,,,,,,,,,,
,,,,,,,,,,,,,,,,,,
,,,,,,,,,,,,,,,,,,
,,,,,,,,,,,,,,,,,,
,,,,,,,,,,,,,,,,,,
,,,,,,,,,,,,,,,,,,
,,,,,,,,,,,,,,,,,,
,,,,,,,,,,,,,,,,,,
,,,,,,,,,,,,,,,,,,
,,,,,,,,,,,,,,,,,,
,,,,,,,,,,,,,,,,,,
,,,,,,,,,,,,,,,,,,
,,,,,,,,,,,,,,,,,,
,,,,,,,,,,,,,,,,,,
,,,,,,,,,,,,,,,,,,
,,,,,,,,,,,,,,,,,,
,,,,,,,,,,,,,,,,,,
,,,,,,,,,,,,,,,,,,
,,,,,,,,,,,,,,,,,,
,,,,,,,,,,,,,,,,,,
,,,,,,,,,,,,,,,,,,
,,,,,,,,,,,,,,,,,,
,,,,,,,,,,,,,,,,,,
,,,,,,,,,,,,,,,,,,
,,,,,,,,,,,,,,,,,,
,,,,,,,,,,,,,,,,,,
,,,,,,,,,,,,,,,,,,
,,,,,,,,,,,,,,,,,,
,,,,,,,,,,,,,,,,,,
,,,,,,,,,,,,,,,,,,
,,,,,,,,,,,,,,,,,,
,,,,,,,,,,,,,,,,,,
,,,,,,,,,,,,,,,,,,
,,,,,,,,,,,,,,,,,,
,,,,,,,,,,,,,,,,,,
,,,,,,,,,,,,,,,,,,
,,,,,,,,,,,,,,,,,,
,,,,,,,,,,,,,,,,,,
,,,,,,,,,,,,,,,,,,
,,,,,,,,,,,,,,,,,,
,,,,,,,,,,,,,,,,,,
,,,,,,,,,,,,,,,,,,
,,,,,,,,,,,,,,,,,,
,,,,,,,,,,,,,,,,,,
,,,,,,,,,,,,,,,,,,
,,,,,,,,,,,,,,,,,,
,,,,,,,,,,,,,,,,,,
,,,,,,,,,,,,,,,,,,
,,,,,,,,,,,,,,,,,,
,,,,,,,,,,,,,,,,,,
,,,,,,,,,,,,,,,,,,
,,,,,,,,,,,,,,,,,,
,,,,,,,,,,,,,,,,,,
,,,,,,,,,,,,,,,,,,
,,,,,,,,,,,,,,,,,,
,,,,,,,,,,,,,,,,,,
,,,,,,,,,,,,,,,,,,
,,,,,,,,,,,,,,,,,,
,,,,,,,,,,,,,,,,,,
,,,,,,,,,,,,,,,,,,
,,,,,,,,,,,,,,,,,,
,,,,,,,,,,,,,,,,,,
,,,,,,,,,,,,,,,,,,
,,,,,,,,,,,,,,,,,,
,,,,,,,,,,,,,,,,,,
,,,,,,,,,,,,,,,,,,
,,,,,,,,,,,,,,,,,,
,,,,,,,,,,,,,,,,,,
,,,,,,,,,,,,,,,,,,
,,,,,,,,,,,,,,,,,,
,,,,,,,,,,,,,,,,,,
,,,,,,,,,,,,,,,,,,
,,,,,,,,,,,,,,,,,,
,,,,,,,,,,,,,,,,,,
,,,,,,,,,,,,,,,,,,
,,,,,,,,,,,,,,,,,,
,,,,,,,,,,,,,,,,,,
,,,,,,,,,,,,,,,,,,
,,,,,,,,,,,,,,,,,,
,,,,,,,,,,,,,,,,,,
,,,,,,,,,,,,,,,,,,
,,,,,,,,,,,,,,,,,,
,,,,,,,,,,,,,,,,,,
,,,,,,,,,,,,,,,,,,
,,,,,,,,,,,,,,,,,,
,,,,,,,,,,,,,,,,,,
,,,,,,,,,,,,,,,,,,
,,,,,,,,,,,,,,,,,,
,,,,,,,,,,,,,,,,,,
,,,,,,,,,,,,,,,,,,
,,,,,,,,,,,,,,,,,,
,,,,,,,,,,,,,,,,,,
,,,,,,,,,,,,,,,,,,
,,,,,,,,,,,,,,,,,,
,,,,,,,,,,,,,,,,,,
,,,,,,,,,,,,,,,,,,
,,,,,,,,,,,,,,,,,,
,,,,,,,,,,,,,,,,,,
,,,,,,,,,,,,,,,,,,
,,,,,,,,,,,,,,,,,,
,,,,,,,,,,,,,,,,,,
,,,,,,,,,,,,,,,,,,
,,,,,,,,,,,,,,,,,,
,,,,,,,,,,,,,,,,,,
,,,,,,,,,,,,,,,,,,
,,,,,,,,,,,,,,,,,,
,,,,,,,,,,,,,,,,,,
,,,,,,,,,,,,,,,,,,
,,,,,,,,,,,,,,,,,,
,,,,,,,,,,,,,,,,,,
,,,,,,,,,,,,,,,,,,
,,,,,,,,,,,,,,,,,,
,,,,,,,,,,,,,,,,,,
,,,,,,,,,,,,,,,,,,
,,,,,,,,,,,,,,,,,,
,,,,,,,,,,,,,,,,,,
,,,,,,,,,,,,,,,,,,
,,,,,,,,,,,,,,,,,,
,,,,,,,,,,,,,,,,,,
,,,,,,,,,,,,,,,,,,
,,,,,,,,,,,,,,,,,,
,,,,,,,,,,,,,,,,,,
,,,,,,,,,,,,,,,,,,
,,,,,,,,,,,,,,,,,,
,,,,,,,,,,,,,,,,,,
,,,,,,,,,,,,,,,,,,
,,,,,,,,,,,,,,,,,,
,,,,,,,,,,,,,,,,,,
,,,,,,,,,,,,,,,,,,
,,,,,,,,,,,,,,,,,,
,,,,,,,,,,,,,,,,,,
,,,,,,,,,,,,,,,,,,
,,,,,,,,,,,,,,,,,,
,,,,,,,,,,,,,,,,,,
,,,,,,,,,,,,,,,,,,
,,,,,,,,,,,,,,,,,,
,,,,,,,,,,,,,,,,,,
,,,,,,,,,,,,,,,,,,
,,,,,,,,,,,,,,,,,,
,,,,,,,,,,,,,,,,,,
,,,,,,,,,,,,,,,,,,
,,,,,,,,,,,,,,,,,,
,,,,,,,,,,,,,,,,,,
,,,,,,,,,,,,,,,,,,
,,,,,,,,,,,,,,,,,,
,,,,,,,,,,,,,,,,,,
,,,,,,,,,,,,,,,,,,
,,,,,,,,,,,,,,,,,,
,,,,,,,,,,,,,,,,,,
,,,,,,,,,,,,,,,,,,
,,,,,,,,,,,,,,,,,,
,,,,,,,,,,,,,,,,,,
,,,,,,,,,,,,,,,,,,
,,,,,,,,,,,,,,,,,,
,,,,,,,,,,,,,,,,,,
,,,,,,,,,,,,,,,,,,
,,,,,,,,,,,,,,,,,,
,,,,,,,,,,,,,,,,,,
,,,,,,,,,,,,,,,,,,
,,,,,,,,,,,,,,,,,,
,,,,,,,,,,,,,,,,,,
,,,,,,,,,,,,,,,,,,
,,,,,,,,,,,,,,,,,,
,,,,,,,,,,,,,,,,,,
,,,,,,,,,,,,,,,,,,
,,,,,,,,,,,,,,,,,,
,,,,,,,,,,,,,,,,,,
,,,,,,,,,,,,,,,,,,
,,,,,,,,,,,,,,,,,,
,,,,,,,,,,,,,,,,,,
,,,,,,,,,,,,,,,,,,
,,,,,,,,,,,,,,,,,,
,,,,,,,,,,,,,,,,,,
,,,,,,,,,,,,,,,,,,
,,,,,,,,,,,,,,,,,,
,,,,,,,,,,,,,,,,,,
,,,,,,,,,,,,,,,,,,
,,,,,,,,,,,,,,,,,,
,,,,,,,,,,,,,,,,,,
,,,,,,,,,,,,,,,,,,
,,,,,,,,,,,,,,,,,,
,,,,,,,,,,,,,,,,,,
,,,,,,,,,,,,,,,,,,
,,,,,,,,,,,,,,,,,,
,,,,,,,,,,,,,,,,,,
,,,,,,,,,,,,,,,,,,
,,,,,,,,,,,,,,,,,,
,,,,,,,,,,,,,,,,,,
,,,,,,,,,,,,,,,,,,
,,,,,,,,,,,,,,,,,,
,,,,,,,,,,,,,,,,,,
,,,,,,,,,,,,,,,,,,
,,,,,,,,,,,,,,,,,,
,,,,,,,,,,,,,,,,,,
,,,,,,,,,,,,,,,,,,
,,,,,,,,,,,,,,,,,,
,,,,,,,,,,,,,,,,,,
