FID,Join_Count,TARGET_FID,ObjectID,NAME,STATE_NAME,STATE_FIPS,CNTY_FIPS,FIPS,SQMI,join_cou_1,target_f_1,areaacres,huc12,name_1,objectid_1,states,tnmid,tohuc,shape_leng,status1,globalid
0,1,112563,1,Monroe,Florida,12,087,12087,997.2,11,1,566006,030902021300,Everglades National Park,0,FL,{EEC3BB54-24C1-4008-B8F1-AFBC5763C52C},030902021400,1.04043733,Yes,{48302195-9E24-4216-B7F4-584B10EDB92C}
1,1,85111,16,Del Norte,California,06,015,06015,1014.4,148,11,17514,180101010201,Siskiyou Fork Smith River,0,CA,{53421617-5CBB-4220-9C48-511386EFE391},180101010204,0.20124257,Yes,{F6BCEE10-B25E-47D4-8C16-7DBD46527A2C}
2,1,85183,17,Humboldt,California,06,023,06023,3586.5,402,12,38593,180101020101,Noisy Creek-Redwood Creek,0,CA,{25E197D9-E0F0-486E-AC79-33C7EA19190E},180101020102,0.33911784,Yes,{4AECD5A3-731C-4881-8C48-2FA0F4CECADE}
3,1,80102,18,Trinity,California,06,105,06105,3207.6,413,13,29474,180201540101,Stacey Creek-Clear Creek,0,CA,{308A673C-9A03-4072-887A-12E893C80960},180201540102,0.24167868,Yes,{B467A37E-1E76-46FC-A2D2-F35905B0694A}
4,1,80290,19,Mendocino,California,06,045,06045,3513.3,483,14,22076,180201560402,McClure Creek-Thomes Creek,0,CA,{4FEDAB15-149B-4A18-8799-E576DF2440F8},180201560404,0.22758252,Yes,{22BE2BA8-8435-4401-8574-B56496FF4094}
5,1,82020,20,Lake,California,06,033,06033,1329.9,197,15,13649,180201620301,Saint Helena Creek,0,CA,{F56F1E8E-CDDF-41FA-802E-B3B6EBC7A003},180201620303,0.17404127,Yes,{420775AD-7E38-461E-B66C-27151C2C394F}
6,1,82020,21,Sonoma,California,06,097,06097,1590.5,199,16,13649,180201620301,Saint Helena Creek,0,CA,{F56F1E8E-CDDF-41FA-802E-B3B6EBC7A003},180201620303,0.17404127,Yes,{420775AD-7E38-461E-B66C-27151C2C394F}
7,1,86657,22,Marin,California,06,041,06041,525,89,17,19864,180500020602,San Antonio Creek,0,CA,{54135AAA-EC16-4C29-BCA7-DF12CF4A5D8F},180500020801,0.2668217,Yes,{52C8EA67-F3CA-4258-8DC8-A2EDC69792F5}
8,1,299049,80,Wasco,Oregon,41,065,41065,2395.3,15,48,36574,170702040404,Rhodes Canyon-John Day River,0,OR,{FECA08D2-75E8-4959-ABC7-3371DF6A2CBE},170702040409,0.29502499,Yes,{C8325EA8-C719-4422-B83C-EF757E66D58E}
9,1,272298,189,Rolette,North Dakota,38,079,38079,939.3,3,157,24436,090203150303,Lake Upsilon-Long River,0,"CN,ND",{E0A5CD07-4651-4DC0-B36A-754FAB520C05},CANADA,0.29984022,Yes,{4BCE4597-7330-4A69-8C73-55A40BBAF2BC}
10,1,179437,297,Dickinson,Michigan,26,043,26043,777.1,3,265,16764,040301090104,North Branch Ford River,0,MI,{BD29ECF0-64B4-425F-9059-F239FFD779E3},040301090105,0.22903908,Yes,{A65E9AFD-972E-4A83-B83E-AB86D7F324DF}
11,1,179437,305,Marquette,Michigan,26,103,26103,1870.1,27,273,16764,040301090104,North Branch Ford River,0,MI,{BD29ECF0-64B4-425F-9059-F239FFD779E3},040301090105,0.22903908,Yes,{A65E9AFD-972E-4A83-B83E-AB86D7F324DF}
12,1,66120,320,Cochise,Arizona,04,003,04003,6219.2,7,288,175404,150502010604,Martin Wash-Alkali Flats,0,AZ,{1ED2F114-3FF8-4C57-AD6B-AB7174702F83},150502010706,0.70331367,Yes,{CDC4ADA1-5202-4730-9CC8-118C341D7ED0}
13,1,330340,322,Crockett,Texas,48,105,48105,2807.4,293,290,35759,130700080508,Outlet Live Oak Creek,0,TX,{C2587E93-EC62-4141-9C22-A746183F595F},130700080702,0.28806079,Yes,{81307210-7304-46EF-8A86-F77118AEEF15}
14,1,331221,323,Matagorda,Texas,48,321,48321,1144.9,46,291,39774,120904020203,Hardeman Slough-Caney Creek,0,TX,{CA671D01-2079-4241-A7F4-DD5D3C902056},120904020204,0.32363231,Yes,{C9FE1128-7DEB-45FA-90E0-3526E7EAD24C}
15,1,330304,324,Victoria,Texas,48,469,48469,888.9,118,292,26424,121002040305,Court Branch-Coleto Creek,0,TX,{66D61D50-263B-43BB-8986-08BA920E56AA},121002040401,0.21921607,Yes,{3ADDB78C-394D-4F54-83D7-F715ADCC488A}
16,1,330624,325,Maverick,Texas,48,323,48323,1291.7,158,293,35093,130800011906,Quemado Creek-Rio Grande,0,"MX,TX",{B216F4C6-DD74-4590-8D74-DDF121228CF9},130800011907,0.30801525,Yes,{8642AA77-6E08-400A-8DB6-BBF350AD9405}
17,1,331026,326,Hudspeth,Texas,48,229,48229,4571.9,44,294,47285,130402010604,Squaw Creek-Rio Grande,0,"MX,TX",{5DC63FC9-1524-4EB4-9722-CBB9558CE8EF},130402010605,0.11221736,Yes,{165C88D5-2738-41A5-8E2A-C224BE2BBB84}
18,1,330359,328,Pecos,Texas,48,371,48371,4764.7,499,296,31626,130402110102,De Spain Ranch-WB Flats,0,TX,{4EF3714A-775F-41A4-AB36-099CC3490AEF},130402110103,0.26935258,Yes,{F3958088-FBAF-4F1E-9501-23A2F2A2795A}
19,1,330284,329,Brewster,Texas,48,043,48043,6192.8,637,297,28455,130402090601,Cow Creek,0,TX,{B33686B5-C8BE-495E-B864-FFE89BFCAEFE},130402090602,0.24809556,Yes,{D033E304-3AAB-4DFF-92E3-5B3CD418C952}
20,1,330295,330,Terrell,Texas,48,443,48443,2357.7,286,298,26722,130402100301,Buck Creek,0,TX,{589DBC8D-BA04-491C-827F-6699B89538EF},130402100304,0.22460813,Yes,{97B10A61-BBF6-463A-AA07-AA5E8DDDA28B}
21,1,330413,331,Presidio,Texas,48,377,48377,3856.2,388,299,27314,130402020311,Mimbrosa Creek-Alamito Creek,0,TX,{C9D27723-5942-4FE5-AB1B-B3D429D4C6F6},130402020501,0.28450157,Yes,{D0602C8E-D87C-4B2A-AAAB-2578DDE7063A}
22,1,330430,332,Culberson,Texas,48,109,48109,3812.7,313,300,33180,130700040201,Dutch Draw-Cottonwood Creek,0,TX,{24A7E217-2B85-4530-8A6A-5578873FD0C4},130700040203,0.32013809,Yes,{509F4FCF-5A76-4FE0-B170-619B06EEF82A}
23,1,330430,333,Reeves,Texas,48,389,48389,2642,263,301,33180,130700040201,Dutch Draw-Cottonwood Creek,0,TX,{24A7E217-2B85-4530-8A6A-5578873FD0C4},130700040203,0.32013809,Yes,{509F4FCF-5A76-4FE0-B170-619B06EEF82A}
24,1,330570,334,Loving,Texas,48,301,48301,676.9,73,302,25156,130700070702,Lineberry Windmill,0,TX,{0D935DC9-F08C-44FF-A551-CC371B698EB0},130700070703,0.2313476,Yes,{0708B0DB-0E66-44E0-994D-399CECC45760}
25,1,330476,335,Crane,Texas,48,103,48103,785.6,77,303,15142,130700071601,130700072002-Crossett Oil Field,0,TX,{08846122-F92A-4D6C-B766-806DB67D4D23},130700071602,0.25175486,Yes,{7F4D4FDA-F382-488E-97F5-4532F53F175C}
26,1,330313,336,Upton,Texas,48,461,48461,1241.8,114,304,29161,130700071402,McElroy Ranch,0,TX,{E7016DDE-9792-42D1-B0DA-5E10828187C6},130700071406,0.25256583,Yes,{F3761968-C954-43CE-A76C-35D9B23532F0}
27,1,330417,337,Jeff Davis,Texas,48,243,48243,2264.6,231,305,37453,130700050205,South Carrizo Draw-Barilla Draw,0,TX,{2BEC4F72-7586-423C-A5D2-25E3A36F0A4A},130700050301,0.30688476,Yes,{3E22BCC2-EAFD-451B-9FF0-0D10F4A9DBDB}
28,1,331037,338,Midland,Texas,48,329,48329,902,107,306,39840,120800050405,Walcott Windmill-Monahans Draw,0,TX,{7AB67CAC-B73C-4D07-A549-4B0C144DE6F7},120800050406,0.3289149,Yes,{1F79D917-F3E4-494C-8981-693F66448FB2}
29,1,330571,339,Winkler,Texas,48,495,48495,841.2,60,307,39381,130700070703,Yantis Ranch,0,TX,{DE51FBF1-F43C-49F5-9588-F8D63569ABB8},130700070704,0.29949665,Yes,{4F0111B9-1A20-46A7-B1D6-C99CB1E4B741}
30,1,330305,340,Ector,Texas,48,135,48135,901.7,94,308,27369,120800050204,North Cowden Oil Field-Embar Lake,0,TX,{83389B78-F8F5-4DF9-A4F7-AEB0650133B1},CLOSED BASIN,0.26254022,Yes,{1ABCBD3B-9F0F-4891-BDE0-D009EF07B3DB}
31,1,330708,341,Ward,Texas,48,475,48475,835.7,67,309,48584,130700010803,Soda Lake,0,TX,{F1180150-FC60-4BB9-AA5C-A3827F7B2EA1},130700010904,0.3216764,Yes,{C7053D9B-E016-4E18-AFDB-3AD9A6AF9E87}
32,1,330336,342,Hill,Texas,48,217,48217,986.3,134,310,36639,120602020408,Whitney Creek-Lake Whitney,0,TX,{489EEC46-9CE1-4282-A3E0-DE6F85ABBA57},120602020601,0.29563488,Yes,{547C019B-F8CA-4568-91E6-53714ACD6CBC}
33,1,330628,343,Comanche,Texas,48,093,48093,947.7,117,311,33112,120702010306,Martins Creek-Copperas Creek,0,TX,{A1634D07-F9A2-4E29-8CCE-A287E3104C17},120702010307,0.26536202,Yes,{B08BDA5A-F049-473A-9D62-D43F1EECF579}
34,1,330302,344,Bosque,Texas,48,035,48035,1002.6,122,312,13209,120602040302,Lower East Bosque River,0,TX,{728680DE-445F-4EA6-9340-5C2E87179EE5},120602040304,0.20903016,Yes,{E650B14E-F419-48DC-8AA2-AEB7613084C5}
35,1,330403,345,Lampasas,Texas,48,281,48281,713.5,83,313,13284,120702030309,City of Kempner-Lampasas River,0,TX,{57642F6D-4419-4D4B-A2D2-016F74E62A48},120702030504,0.16268276,Yes,{8904B983-B497-4349-B05D-F073FE3485EC}
36,1,330459,346,Grimes,Texas,48,185,48185,801,97,314,29645,120701030801,Rocky Creek,0,TX,{9132F721-081E-4535-9754-F5E84B4C897D},120701030803,0.27646054,Yes,{46903BB3-FAC4-4FCF-B882-2520CCED9C93}
37,1,330593,347,Travis,Texas,48,453,48453,1023.7,125,315,36119,120902050203,Post Oak Creek-Lake Travis,0,TX,{297DB46E-6F0A-428C-BDE0-CB25E5A09F93},120902050204,0.27347584,Yes,{1BFC78CC-6530-485A-9E10-80EE35116BE6}
38,1,331079,348,Montgomery,Texas,48,339,48339,1076.7,135,316,31537,120401010205,Little Lake Creek-Conroe Lake,0,TX,{9F80D8F9-ACF1-459D-8BE3-EB6A7483008A},120401010206,0.31437236,Yes,{DFAE0BDE-D989-402C-AFD8-81C4506B7FAB}
39,1,330339,349,Lee,Texas,48,287,48287,633.5,86,317,20809,120701020101,Houghton Branch-Middle Yegua Creek,0,TX,{BEC5D6CF-EB65-4844-B566-783E35AEF24D},120701020102,0.20312798,Yes,{27985C34-80C6-4FED-9ABE-B1C90FDBC8CD}
40,1,330450,350,Liberty,Texas,48,291,48291,1176.4,146,318,14039,120402030101,North Dayton Oil Field-Cedar Bayou,0,TX,{7202BB9B-221F-4C7E-BF3A-E46A01E292D9},120402030102,0.15542121,Yes,{35A597F9-CE2C-4A40-8A50-FFAA09670BBC}
41,1,330716,351,Galveston,Texas,48,167,48167,403.3,15,319,156240,120402020400,Cane Bayou,0,TX,{9BA4FEA8-7CF9-498B-B37A-610633BC643A},OCEAN,0.16300621,Yes,{2A0FEAD2-02BD-43EF-809A-A9E16012A59A}
42,1,330446,352,Atascosa,Texas,48,013,48013,1235.6,161,320,13073,121101100101,North Prong Atascosa River-Atascosa River,0,TX,{5EC2FF5A-E5C7-49DC-B0E0-7AABBCCC044A},121101100102,0.14963496,Yes,{67497569-8C12-4E0C-A0A7-90359033C766}
43,1,330360,353,Zavala,Texas,48,507,48507,1301.7,149,321,32248,121101061004,Leona Tank-Leona River,0,TX,{42FE1D32-175A-45A7-99BB-C67ECBB499FE},121101061101,0.33289427,Yes,{7C98A3F5-9DAA-483C-9FEE-13DC18857AC6}
44,1,330461,354,Frio,Texas,48,163,48163,1134.3,153,322,29788,121101061102,Yoledigo Creek,0,TX,{3DEE4D29-17D0-4F0F-934C-592F6236802B},121101061103,0.24469636,Yes,{85A4C5B8-CF05-40AC-A1F8-051B89B4EC8F}
45,1,330335,355,Gillespie,Texas,48,171,48171,1061.8,124,323,26921,120902010305,Legion Creek-Sandy Creek,0,TX,{A256D255-C386-4877-B430-DD47F000C8D7},120902010307,0.26605965,Yes,{61480142-D977-4AE9-B4D3-CE67ED5EE8F8}
46,1,330368,356,Blanco,Texas,48,031,48031,713.4,93,324,20538,120902060309,Lower Cypress Creek,0,TX,{522AFEDB-7BD9-401D-8632-9CF50AA080E9},120902060310,0.24324478,Yes,{81DB687D-969F-4630-833D-CB3F4D35A6A2}
47,1,330367,357,Edwards,Texas,48,137,48137,2119.9,227,325,18204,130403030101,Wheat Cave-Dry Devils River,0,TX,{32285B90-4C81-4281-93AD-63509C4D8635},130403030103,0.2081312,Yes,{ADE48313-AB79-4EAB-9C02-05653B509463}
48,1,330279,358,Val Verde,Texas,48,465,48465,3232.4,370,326,23501,130403011102,Cooper Draw,0,TX,{946A425A-7C6A-4D15-8A3E-18016A78D787},130403011103,0.24671622,Yes,{4FE8BED3-6FB5-4F9E-A5FC-77C72FD0EFC4}
49,1,330673,359,Comal,Texas,48,091,48091,574.7,77,327,31431,121003040103,Pleasant Valley Creek-Cibolo Creek,0,TX,{19D77E93-106A-4264-A9DE-91E41735E670},121003040104,0.25973334,Yes,{DC526299-671A-4721-A999-B86E389DC872}
50,1,330475,360,Bexar,Texas,48,029,48029,1256.1,151,328,28348,121003040202,Dietz Creek-Cibolo Creek,0,TX,{58916851-A0C2-4E2A-8B64-BE449064A16B},121003040206,0.29691558,Yes,{13CFB423-2043-4764-A83C-55ABB5CB189F}
51,1,330435,361,Medina,Texas,48,325,48325,1334.5,152,329,24594,121101070203,East Branch Live Oak Creek,0,TX,{7D9350B2-2119-432E-AD3C-585D74F8DE9C},121101070204,0.22262372,Yes,{C209C7C4-A8BA-45E8-AB6D-EBD113BC6BE2}
52,1,330394,362,Uvalde,Texas,48,463,48463,1558.6,191,330,32424,121101060902,Headwaters Cooks Slough,0,TX,{8B70E95A-7A79-4502-820F-20661BD28B39},121101060903,0.28540366,Yes,{0B443C37-4A17-4DE9-86DF-D888B6582048}
53,1,330272,363,Kinney,Texas,48,271,48271,1365.3,160,331,16387,130800011301,Headwaters Las Moras Creek,0,TX,{886E2AA9-61C2-44A2-A577-245BE5197305},130800011304,0.19579723,Yes,{86FE072C-335C-47A6-A37F-404BEF4E3029}
54,1,330322,364,Kerr,Texas,48,265,48265,1107.7,130,332,30340,121101060106,Upper East Frio River,0,TX,{D83D5B4A-52B7-4D0B-930A-8B4921C6004D},121101060107,0.23000312,Yes,{A7953ED3-95D4-4BFB-82AA-2F21794EAE30}
55,1,330330,365,Kendall,Texas,48,259,48259,663.1,76,333,31499,121002010403,Curry Creek,0,TX,{AB7FCD81-B037-4E56-82B0-4D3C8E941862},121002010404,0.25331295,Yes,{C481230B-81D6-4227-AF7C-43BAA90DF133}
56,1,330275,366,Real,Texas,48,385,48385,700,94,334,15644,121101010104,Ranger Hollow,0,TX,{7E9D0DF6-42C2-4E0D-8001-52D52E6B0133},121101010105,0.18573988,Yes,{254091FA-3A35-4BEE-A16B-B75A32F663D9}
57,1,331080,367,Bandera,Texas,48,019,48019,797.5,108,335,25112,121003020203,Indian Creek-Medina River,0,TX,{A780E1CB-E20D-44E4-A0CC-2E9D1D4D2E9C},121003020205,0.24593833,Yes,{C2D1DDD9-A03E-4E59-9F9B-425E594AEF7F}
58,1,330719,368,Runnels,Texas,48,399,48399,1057.1,122,336,40095,120901080102,Red Bank Creek-Jim Ned Creek,0,TX,{DEC92F98-0EC6-4EEA-B908-E7281D8F8BF6},120901080103,0.31018274,Yes,{E282294A-D3D3-4911-A3A0-AEFA69E02C7D}
59,1,330327,369,Tom Green,Texas,48,451,48451,1540.5,189,337,34663,120901040501,Shin Oak Creek-North Concho River,0,TX,{BD066D1F-EFB5-40D1-BD3C-3A64D0E2F6DB},120901040502,0.32238793,Yes,{7A18DEA5-9908-41CD-A78C-FDA501A5A6DD}
60,1,330663,370,Reagan,Texas,48,383,48383,1176,125,338,29511,120901030704,South Mustang Draw,0,TX,{39B12D03-F80D-43EC-81BD-E47AD2DC0E16},120901030706,0.22631242,Yes,{AF666A3E-FAEF-4E09-87A0-A1EE46DF2D3E}
61,1,330472,371,Concho,Texas,48,095,48095,993.6,111,339,36256,120901100103,Harden Branch-Brady Creek,0,TX,{C8BBF12A-855D-46EE-B996-71A8A5763AD9},120901100104,0.26374106,Yes,{F677AB28-0970-468E-963D-3E15DB19B9F7}
62,1,330420,372,Irion,Texas,48,235,48235,1051.6,121,340,17135,120901031103,Arden Cemetery-Middle Concho River,0,TX,{E4103C1F-D398-4D80-97CB-001EFA7E5112},120901031105,0.1707931,Yes,{084C8E14-7CDF-416D-A184-0A32687CD5BA}
63,1,330294,373,McCulloch,Texas,48,307,48307,1073.4,125,341,25371,120901060405,Headwaters Deep Creek,0,TX,{8949EE12-BCE5-4824-81B1-EC31B1848407},120901060406,0.23446193,Yes,{990BF55A-86DA-49D3-8957-6E565D625DE7}
64,1,330294,374,San Saba,Texas,48,411,48411,1138.8,128,342,25371,120901060405,Headwaters Deep Creek,0,TX,{8949EE12-BCE5-4824-81B1-EC31B1848407},120901060406,0.23446193,Yes,{990BF55A-86DA-49D3-8957-6E565D625DE7}
65,1,330442,375,Kimble,Texas,48,267,48267,1250.9,158,343,28395,120902040203,Sycamore Creek-Llano River,0,TX,{A560314D-5AAB-4072-A673-224777826E31},120902040204,0.34992496,Yes,{32C4D3B6-4F1D-4B31-A81A-0FE72F3D0124}
66,1,330462,376,Sutton,Texas,48,435,48435,1454.4,159,344,15615,120902020202,West Maynard Creek,0,TX,{5C17E986-13C2-4160-95F0-8311FBDCCDF6},120902020203,0.19947951,Yes,{B38D097D-EC3A-4436-A59C-C18232CB899A}
67,1,330299,377,Schleicher,Texas,48,413,48413,1310.7,145,345,15022,120901090203,Middle Valley-Middle Valley Prong,0,TX,{2E724B3C-72BF-41A9-9B44-94485A209EC0},120901090205,0.16533282,Yes,{218D95EF-5A8A-4482-A75C-247716D45860}
68,1,330433,378,Sterling,Texas,48,431,48431,923.5,107,346,24655,120901040207,Lower Lacy Creek,0,TX,{70EB2120-44E4-4475-AC76-D67241528E40},120901040301,0.20232585,Yes,{3BD89521-C70F-4808-A3D0-A2160AF785E2}
69,1,330665,379,Glasscock,Texas,48,173,48173,900.9,97,347,36098,120901040104,Dobson Creek-North Concho River,0,TX,{CFA0D839-156A-45E5-BCB6-5FB92AF8B895},120901040105,0.29269108,Yes,{7C812305-5502-488D-9631-3973E75EABDF}
70,1,330327,380,Coke,Texas,48,081,48081,928,116,348,34663,120901040501,Shin Oak Creek-North Concho River,0,TX,{BD066D1F-EFB5-40D1-BD3C-3A64D0E2F6DB},120901040502,0.32238793,Yes,{7A18DEA5-9908-41CD-A78C-FDA501A5A6DD}
71,1,330505,381,Coleman,Texas,48,083,48083,1281.6,147,349,11856,120901080202,Middle Hords Creek,0,TX,{4A2F743F-19CE-4475-9B53-F7E629DAB79F},120901080204,0.15898034,Yes,{3F63301B-E150-44AA-A780-439C035974B6}
72,1,330997,382,Brown,Texas,48,049,48049,956.9,112,350,16374,120901070204,Dinner Branch-Turkey Creek,0,TX,{607D68B1-9A7A-44AE-8701-2985CE8999EB},120901070205,0.17221205,Yes,{0334000E-9D45-419E-97AF-38B40777E5C6}
73,1,331156,383,Mills,Texas,48,333,48333,749.9,93,351,15242,120901070604,Lower Browns Creek,0,TX,{7A9738D7-AB2F-4D3D-94E7-28A63EA03283},120901070605,0.18619205,Yes,{DBFE35B2-EADC-4B12-A296-C293146ADCD1}
74,1,330408,384,Menard,Texas,48,327,48327,902.2,111,352,13199,120901090503,Chapman Draw,0,TX,{3548BDC3-F2B2-445A-A08E-E31747C1C481},120901090506,0.1539145,Yes,{C91CD9DE-43A7-43A1-A55D-8CAFAF00A2E2}
75,1,330543,385,Mason,Texas,48,319,48319,932.5,108,353,26132,120902040407,Upper James River,0,TX,{F1EA8834-15AC-45FF-B01F-4FD589B55D91},120902040408,0.24875037,Yes,{4AB9C107-FAA2-4DA9-B8ED-85F496F9E934}
76,1,330296,386,Llano,Texas,48,299,48299,965.6,121,354,32963,120902040802,Wrights Creek-Llano Creek,0,TX,{373190DC-43CD-4547-9BBF-EA9521115638},120902040803,0.34776303,Yes,{ED9413B5-FA44-48EC-94CD-1B18439FA072}
77,1,330455,387,Cherokee,Texas,48,073,48073,1062,122,355,34622,120200010407,Boggy Creek-Neches River,0,TX,{6038C887-C11E-4B54-865C-5DBBACB8CDA9},120200010409,0.26067285,Yes,{665AB79C-0205-4383-AF30-4DC76728FFDE}
78,1,330292,388,Hamilton,Texas,48,193,48193,836.4,95,356,35086,120602040206,Fall Creek-North Bosque River,0,TX,{A4AAE7FB-C9FF-4D66-89F1-2EE33AB502DE},120602040303,0.2661043,Yes,{E1D372E2-1C84-40F6-9BCD-F3A8A4EF4F24}
79,1,330525,389,Limestone,Texas,48,293,48293,933.2,114,357,49521,120701030301,Holman Creek,0,TX,{7BFAEA99-FDCB-4AFE-96A2-049D1B27B733},120701030305,0.33685851,Yes,{27B28322-D92E-44C8-851F-05A9398B0136}
80,1,330617,390,Coryell,Texas,48,099,48099,1056.7,132,358,17731,120702010805,Lower Plum Creek,0,TX,{FFF6F830-435A-42A8-9259-6CD825409706},120702010902,0.25412982,Yes,{F583382D-2668-432F-861B-9372549406CA}
81,1,330352,391,Leon,Texas,48,289,48289,1080.4,126,359,40418,120302010406,Caney Creek-Trinity River,0,TX,{91C201E4-EF9C-4424-80AB-082C660586E3},120302010701,0.40536817,Yes,{F2CAE66A-F507-4729-8EB1-40FEE20B63F0}
82,1,330578,392,Houston,Texas,48,225,48225,1236.8,134,360,33533,120302010705,Upper Hurricane Bayou,0,TX,{206FEF87-9E67-4FA6-8EDE-19D6B6F95585},120302010706,0.27359439,Yes,{028D501E-E715-4AE9-8A8C-1F4E80445ED6}
83,1,330649,393,Falls,Texas,48,145,48145,773.8,92,361,12757,120701010103,Able Lake-Sandy Creek,0,TX,{7DF95DFB-5887-49D8-A156-E9CB5228CF62},120701010104,0.15827009,Yes,{78891FD3-DAF7-4036-B64F-9436819ACEAD}
84,1,331245,394,Trinity,Texas,48,455,48455,714,98,362,15671,120200020305,Lancaster Creek-Alabama Creek,0,TX,{8AD7BC73-C285-433B-BE2C-C5B70A13CF9D},120200020306,0.1727907,Yes,{B3BD135A-353E-43E4-A3B0-9A1B25B46B4F}
85,1,330516,395,Robertson,Texas,48,395,48395,865.6,104,363,12926,120701030503,Clear Creek-Navasota River,0,TX,{509A23F3-FC97-4ACC-A91F-C23BA986AAE2},120701030505,0.16316618,Yes,{57FBD7BC-79E6-4ECB-B1D2-33BABF4E1F49}
86,1,330291,396,Bell,Texas,48,027,48027,1088.3,138,364,17157,120702040101,Boggy Creek-Little River,0,TX,{6B61CB9B-38FB-4493-8428-202D7A085467},120702040103,0.21709593,Yes,{12B2BAA2-D968-4CE5-9AB8-BD2470EB9E45}
87,1,330429,397,Polk,Texas,48,373,48373,1109.8,128,365,27213,120302021102,Clear Creek-Lake Livingston,0,TX,{68B1612B-DBE8-43DD-B801-EE719A789939},120302021104,0.22610383,Yes,{0FBAADDF-B660-42FA-BCBF-DD3EFEE02881}
88,1,330370,398,Burnet,Texas,48,053,48053,1021.4,130,366,39289,120702030307,Mesquite Creek,0,TX,{1BE03AF2-B860-4518-949C-B8F5A0C49EEC},120702030309,0.28694572,Yes,{9E8C57E2-C8D1-4FB4-8D1A-A014E23BA097}
89,1,330989,399,Brazos,Texas,48,041,48041,590.7,69,367,34283,120701010702,Thompsons Creek,0,TX,{782B59C9-AF8F-4CCA-A451-4D73F396476E},120701010703,0.29059738,Yes,{12A2D4CE-D4D9-434E-A3E1-B16914E9DD59}
90,1,330362,400,San Jacinto,Texas,48,407,48407,627.9,70,368,21805,120302021106,Huffman Creek-Trinity River,0,TX,{0831A97B-D42C-489E-B428-83B5542B0829},120302021207,0.21747884,Yes,{DD5F4DEB-E595-4D9B-AEC2-285FC8CAD3B4}
91,1,330484,401,Burleson,Texas,48,051,48051,677.8,87,369,30565,120701020405,Brushy Creek-Davidson Creek,0,TX,{A0554D31-71D0-4B48-A1C3-4E47460DA765},120701020406,0.2894094,Yes,{2A5DD9B3-4513-4C6D-A276-D63C96A00B75}
92,1,330488,402,Milam,Texas,48,331,48331,1021.8,128,370,12426,120702040107,Sypert Branch,0,TX,{B72A55D8-9C37-40BE-BB75-76B61F9BB6F8},120702040110,0.16123938,Yes,{25196437-69BB-47E8-B80C-A9A68CF2FCA6}
93,1,330339,403,Williamson,Texas,48,491,48491,1133.9,122,371,20809,120701020101,Houghton Branch-Middle Yegua Creek,0,TX,{BEC5D6CF-EB65-4844-B566-783E35AEF24D},120701020102,0.20312798,Yes,{27985C34-80C6-4FED-9ABE-B1C90FDBC8CD}
94,1,330283,404,McLennan,Texas,48,309,48309,1060.2,130,372,25015,120602030302,Harris Creek-South Bosque River,0,TX,{02D993EE-F6E5-472C-BFA7-5C57417F3B66},120602030303,0.25000659,Yes,{4E041B53-47DC-4FEE-B21B-F09F129E43E0}
95,1,330352,405,Anderson,Texas,48,001,48001,1077.9,132,373,40418,120302010406,Caney Creek-Trinity River,0,TX,{91C201E4-EF9C-4424-80AB-082C660586E3},120302010701,0.40536817,Yes,{F2CAE66A-F507-4729-8EB1-40FEE20B63F0}
96,1,330352,406,Freestone,Texas,48,161,48161,892.1,101,374,40418,120302010406,Caney Creek-Trinity River,0,TX,{91C201E4-EF9C-4424-80AB-082C660586E3},120302010701,0.40536817,Yes,{F2CAE66A-F507-4729-8EB1-40FEE20B63F0}
97,1,330506,407,Madison,Texas,48,313,48313,472.4,64,375,18728,120302020409,Rocky Creek-Bedias Creek,0,TX,{718636B7-0ACA-471D-9E06-F6698F453C06},120302020506,0.22314797,Yes,{3068A5ED-D5B9-443B-A88B-CE8721DF1D03}
98,1,330489,408,Walker,Texas,48,471,48471,801.4,92,376,15116,120401030301,Boswell Creek,0,TX,{E00E6B02-DF5D-40D4-9909-B6BF45133FA1},120401030302,0.17999982,Yes,{168DBC11-259E-41C4-B706-2C2AB941D88D}
99,1,330314,409,Washington,Texas,48,477,48477,621.5,92,377,25558,120701040201,Indian Creek-East Mill Creek,0,TX,{7CCA9701-481A-442B-815A-F76A1139AC4A},120701040202,0.22742657,Yes,{A4EF45D5-326F-4ECA-BB4D-A55F7639F782}
100,1,330290,410,Harris,Texas,48,201,48201,1773.5,180,378,24205,120401040702,Carpenters Bayou,0,TX,{0F5F0217-6FEC-4549-9A66-79BF0E6B1184},120401040705,0.26140875,Yes,{E417A115-6C03-49EF-85EB-ECC8428DD3D5}
101,1,330381,411,Colorado,Texas,48,089,48089,973.2,122,379,36683,120904010104,Coushatta Creek-San Bernard River,0,TX,{807CD7DD-F527-4849-B28F-C44532E4A45C},120904010106,0.26555396,Yes,{6BED9F7F-3D5E-43DB-9D31-153CC4CB549D}
102,1,330475,412,Guadalupe,Texas,48,187,48187,714.6,83,380,28348,121003040202,Dietz Creek-Cibolo Creek,0,TX,{58916851-A0C2-4E2A-8B64-BE449064A16B},121003040206,0.29691558,Yes,{13CFB423-2043-4764-A83C-55ABB5CB189F}
103,1,330372,413,Fort Bend,Texas,48,157,48157,884.8,94,381,27518,120904010303,Mound Creek,0,TX,{796AA1DD-1283-4571-B833-D1ED64B0218E},120904010304,0.26033523,Yes,{3F70672C-F539-4226-9368-A65B07EFFF05}
104,1,330701,414,Gonzales,Texas,48,177,48177,1069.8,132,382,31303,121002030502,Seals Creek-San Marcos River,0,TX,{AD47DABE-30A8-41F2-96EC-096742A58852},121002030503,0.29486526,Yes,{8F4083C4-067D-4DF7-8A76-8393C9449CC3}
105,1,330379,415,Wharton,Texas,48,481,48481,1094.4,107,383,35455,120904010205,Boone Branch-San Bernard River,0,TX,{377AEF76-7529-4D7D-BF79-97F155508661},120904010207,0.26928308,Yes,{C59A58C6-112B-4CEA-9E01-BC6D265A93AD}
106,1,330337,416,Wilson,Texas,48,493,48493,808.5,101,384,36569,121002020507,Brushy Creek-Elm Creek,0,TX,{2BCA03D5-2766-4C9A-AC9F-BBB6588A4A0C},121002020508,0.30814534,Yes,{0254182A-6144-469D-BEDC-D43A2CBA25A5}
107,1,331150,417,Jackson,Texas,48,239,48239,852.5,77,385,32813,121004020205,Arenosa Creek-Garcitas Creek,0,TX,{EBC80E16-553C-4987-B6B0-B6A177B07659},121004020206,0.25922081,Yes,{AC2CEAAF-67F9-4B28-894A-9704EECD034B}
108,1,330337,418,Karnes,Texas,48,255,48255,753.7,94,386,36569,121002020507,Brushy Creek-Elm Creek,0,TX,{2BCA03D5-2766-4C9A-AC9F-BBB6588A4A0C},121002020508,0.30814534,Yes,{0254182A-6144-469D-BEDC-D43A2CBA25A5}
109,1,331335,419,Lavaca,Texas,48,285,48285,970.6,125,387,38819,121001020309,Sutherland Creek-Brushy Creek,0,TX,{0515028D-D96E-4777-B558-3731EDB5DF59},121001020310,0.43725164,Yes,{624F15C6-856D-4CA4-B574-AAF9091BE0F9}
110,1,330481,420,DeWitt,Texas,48,123,48123,910.6,115,388,23609,121002040103,Reeds Branch-Guadalupe River,0,TX,{B5D8DD95-391E-48CE-90B1-E8FFE47A031E},121002040105,0.23209932,Yes,{35ED866F-CFA1-4D00-AEB6-ABC84295716B}
111,1,330806,421,Bastrop,Texas,48,021,48021,895.9,114,389,20601,120903010305,Bee Creek-Walnut Creek,0,TX,{C977627E-B2FF-4E04-8EF9-460745CFBABC},120903010306,0.19664201,Yes,{D8E3FD94-0DC0-42C2-AC71-00503F2A9383}
112,1,330399,422,Hays,Texas,48,209,48209,678.9,86,390,23749,120902060306,Flat Creek,0,TX,{315D37CE-7213-4E42-88D3-A63E57C4A4E1},120902060307,0.21335226,Yes,{89579DCD-AD58-40AC-AF7F-2F79FB31B313}
113,1,330318,423,Fayette,Texas,48,149,48149,959.5,102,391,21848,120903010505,Middle Rabbs Creek,0,TX,{1A55D7BE-6B6A-43EE-B57D-176B43D4B51D},120903010506,0.21295436,Yes,{1CED7235-321D-4387-B659-C9012AF30DA8}
114,1,330701,424,Caldwell,Texas,48,055,48055,546.9,69,392,31303,121002030502,Seals Creek-San Marcos River,0,TX,{AD47DABE-30A8-41F2-96EC-096742A58852},121002030503,0.29486526,Yes,{8F4083C4-067D-4DF7-8A76-8393C9449CC3}
115,1,330383,425,Waller,Texas,48,473,48473,518.8,79,393,28820,120401020101,Mound Creek-Cypress Creek,0,TX,{19EFE66D-4522-4EFC-A022-85D46BD433DE},120401020103,0.26400313,Yes,{CEDF55C1-2B60-4D3B-8376-E0303609E725}
116,1,330424,426,Austin,Texas,48,015,48015,656.6,86,394,18228,120701040304,Bullinger Creek-Brazos River,0,TX,{3DA65174-2149-49C8-911C-8ADCCABFE072},120701040307,0.2172058,Yes,{C7DD4C7B-7553-4F5B-AD7E-03980638CF35}
117,1,330372,427,Brazoria,Texas,48,039,48039,1442.5,76,395,27518,120904010303,Mound Creek,0,TX,{796AA1DD-1283-4571-B833-D1ED64B0218E},120904010304,0.26033523,Yes,{3F70672C-F539-4226-9368-A65B07EFFF05}
118,1,330575,428,Goliad,Texas,48,175,48175,859.1,112,396,34393,121004060305,Cottonwood Hollow-Upper Melon Creek,0,TX,{E97B6236-DCD0-4680-9355-0E16342F59A3},121004060306,0.40776853,Yes,{29B3DD5E-F9E2-484E-9867-577F7C110D0C}
119,1,331318,429,Jim Hogg,Texas,48,247,48247,1136.2,69,397,23316,121102060203,Agua Negra Windmill,0,TX,{EB136345-B1EB-4954-B9D3-617EEAD145F4},121102060206,0.20314068,Yes,{25116C42-9AE1-4DCF-A62E-CB71E7A4C15B}
120,1,330573,430,Zapata,Texas,48,505,48505,1058.1,133,398,30431,130800030708,Escobas Creek-Salamoneno Creek,0,TX,{BB187A08-AAEF-4B88-BA8E-48B990F736F2},130800030709,0.2699851,Yes,{D6089C23-C93D-456D-AB04-4A8D870B36FD}
121,1,331083,431,Brooks,Texas,48,047,48047,943.6,44,399,15784,121102050403,Palobla Creek-Paisano Creek,0,TX,{016828AA-2F09-4C51-9215-7BABB44F0BFD},121102050407,0.21008214,Yes,{77A6A6F5-3943-4D98-B8A3-3A4DDC5BFBA4}
122,1,330845,432,Kenedy,Texas,48,261,48261,1416.9,27,400,17787,121102050807,Black Bluff,0,TX,{59D68987-BB03-4858-A15D-419E9E60DCBF},121102050808,0.26249259,Yes,{5F3E5061-E12C-4DBC-A452-46E92778BBB0}
123,1,330467,433,Starr,Texas,48,427,48427,1229.3,114,401,47210,130900011301,Upper Las Escobas Creek,0,TX,{0CF8C26E-74B1-4EF1-8DCC-EE2D47D78EB9},130900011303,0.30232402,Yes,{3F6D7CD8-1479-4FCD-B2CB-F7A74E6263AF}
124,1,330421,434,Hidalgo,Texas,48,215,48215,1582.6,47,402,114603,121102080100,Llano Grande Lake-Arroyo Colorado,0,TX,{E32002F8-2F36-4057-875C-9DC504E1486D},121102080600,0.62982303,Yes,{6DC69A8A-C4CD-4D0C-8457-CA56459E6F06}
125,1,331124,435,La Salle,Texas,48,283,48283,1494.2,173,403,20532,121101080303,121101080303,0,TX,{B4190A75-F972-4146-B3B1-A27BCDC700EC},121101080304,0.19149479,Yes,{0D13D142-B4B2-4FF2-A485-B34CAFB13E3E}
126,1,330345,436,McMullen,Texas,48,311,48311,1142.7,139,404,9021,121101090502,Far Live Oak Creek-San Miguel Creek,0,TX,{B3C7CF8B-D40B-4340-9DE2-404C7EB2979B},121101090503,0.19506991,Yes,{E096B80B-05E8-42F7-BE74-5F20BE0B2EB8}
127,1,330315,437,Dimmit,Texas,48,127,48127,1334.5,144,405,40505,121101030504,Llano Tank-Bonito Creek,0,TX,{427FA613-5B7A-4C1C-8ECF-03798A98F078},121101030505,0.36403757,Yes,{33D13603-6451-422F-8859-D44F81186F7F}
128,1,330315,438,Webb,Texas,48,479,48479,3375.5,386,406,40505,121101030504,Llano Tank-Bonito Creek,0,TX,{427FA613-5B7A-4C1C-8ECF-03798A98F078},121101030505,0.36403757,Yes,{33D13603-6451-422F-8859-D44F81186F7F}
129,1,330344,439,Duval,Texas,48,131,48131,1795.6,221,407,21508,121102040304,Lower Rosita Creek,0,TX,{7176C5A5-8EF5-4315-AF47-59DB5003A984},121102040310,0.26591,Yes,{82DFA81A-FB63-4F05-849C-615329DD59BE}
130,1,330416,440,Live Oak,Texas,48,297,48297,1078.9,147,408,20227,121101110204,Timon Creek-Nueces River,0,TX,{85B1C306-D4ED-4849-96F4-C7ABB79A8802},121101110301,0.26122131,Yes,{745C2B84-6C27-4FC5-89D9-0E9E1D522B0D}
131,1,330490,441,Bee,Texas,48,025,48025,880.4,128,409,33889,121004060104,San Domingo Creek,0,TX,{28AA6C8A-83D1-4408-98E8-E97AA845E37D},121004060105,0.26393012,Yes,{86848992-4397-47BE-B7CC-DB177B24AFE9}
132,1,330575,442,Refugio,Texas,48,391,48391,778.5,93,410,34393,121004060305,Cottonwood Hollow-Upper Melon Creek,0,TX,{E97B6236-DCD0-4680-9355-0E16342F59A3},121004060306,0.40776853,Yes,{29B3DD5E-F9E2-484E-9867-577F7C110D0C}
133,1,331289,443,Calhoun,Texas,48,057,48057,530.9,27,411,220064,121004010200,East Carancahua Creek,0,TX,{8BCFF187-BA14-4C14-A3D8-7B128012218A},121004010500,1.31964939,Yes,{B7C281D1-E588-416D-8855-158AAB33ED63}
134,1,330502,444,San Patricio,Texas,48,409,48409,704.3,86,412,25058,121004070301,Headwaters Chiltipin Creek,0,TX,{B13B8282-C532-44DF-9D3B-B9CA386535A5},121004070303,0.27015815,Yes,{FF9B5104-BC89-4838-B24D-FB43089942F5}
135,1,331480,445,Aransas,Texas,48,007,48007,242.6,35,413,18599,121004050305,Upper Cavasso Creek,0,TX,{DDD31547-3972-49B0-B509-7FB2162EE3F0},121004050306,0.17323398,Yes,{7429A4C8-230A-4AFA-B7AF-C925C0924612}
136,1,330849,446,Jim Wells,Texas,48,249,48249,868.3,111,414,36320,121102040405,Lattas Creek-San Fernando Creek,0,TX,{40F70AD3-0230-43F8-90B1-C725D541604F},121102040406,0.34590552,Yes,{4D79A253-FE43-42F1-9D2E-E4D38D32E17C}
137,1,330510,447,Nueces,Texas,48,355,48355,841.3,99,415,29493,121102050801,Upper Chiltipin Creek,0,TX,{60E57EC0-2A16-46FB-AB47-B3DAF7C170A2},121102050802,0.252812,Yes,{BE9DFCC0-912F-4886-891C-6394D0EA5472}
138,1,330510,448,Kleberg,Texas,48,273,48273,886.5,106,416,29493,121102050801,Upper Chiltipin Creek,0,TX,{60E57EC0-2A16-46FB-AB47-B3DAF7C170A2},121102050802,0.252812,Yes,{BE9DFCC0-912F-4886-891C-6394D0EA5472}
139,1,333891,449,Willacy,Texas,48,489,48489,600.2,11,417,289851,121102080300,Upper Pilot Channel-Laguna Madre,0,TX,{10CD80D8-8B02-4066-8B65-274F1027B99F},121102081000,1.88790868,Yes,{36585C6A-6EB5-41B1-AA53-E528CD9F4BCD}
140,1,333297,450,Cameron,Texas,48,061,48061,943.5,25,418,289851,121102080300,Upper Pilot Channel-Laguna Madre,0,TX,{10CD80D8-8B02-4066-8B65-274F1027B99F},121102081000,1.28348764,Yes,{25D7BBD7-D1CE-4369-9FCB-E01E55E8D1D9}
141,1,81812,455,Siskiyou,California,06,093,06093,6347.5,751,423,21281,180200021304,Hole In Rock,0,CA,{802AFC74-8997-491B-89EC-3AF4B509268E},180200021307,0.22029016,Yes,{8FFD99E6-3DFE-4110-95D2-4B7EB495CF34}
142,1,246584,457,Hidalgo,New Mexico,35,023,35023,3445.9,25,425,14489,150400030501,Whitmire Creek,0,"AZ,NM",{618C0753-BB4E-41FA-90B5-927D92081F1D},150400030504,0.22118986,Yes,{710FCEC8-CED5-4243-8A22-BAAFC01D144C}
143,1,82000,459,Napa,California,06,055,06055,788.1,107,427,16541,180201620101,Upper Eticuera Creek,0,CA,{2F3683D2-DC00-473B-BD41-7CC6427D4D92},180201620102,0.22350111,Yes,{FD22516D-6CA2-4E29-A339-FCDF24D93933}
144,1,66152,460,Navajo,Arizona,04,017,04017,9959.5,49,428,14996,150200020608,West Hay Hollow Draw,0,AZ,{F79D03DB-AE6B-436C-B1CD-DC3888FAE3E2},150200020609,0.19182759,Yes,{62F6037A-CFC0-4C50-8323-A88BE6333127}
145,1,63080,462,Mohave,Arizona,04,015,04015,13470.8,25,430,10430,150100020705,Agway Wash,0,AZ,{DAC3A029-7C8F-4147-B381-631C302E0612},150100020706,0.14064851,Yes,{00720B62-27CD-420B-8A9B-7596773A0112}
146,1,80710,465,Kern,California,06,029,06029,8161,928,433,11495,180902062103,180902062103,0,CA,{9562E028-9856-44DA-9441-8741A095DB63},180902062109,0.19365408,Yes,{7CFF8B35-5DCE-46B1-9D54-256C5C94EB0B}
147,1,80630,466,San Bernardino,California,06,071,06071,20106,322,434,23260,180702030101,Baldwin Lake,0,CA,{CAFFED0C-25A1-4C68-AEF2-BC60B0AEE38C},180702030102,0.21681406,Yes,{A05CA33B-5F1D-486B-AE9C-07E9D005469B}
148,1,85393,467,San Luis Obispo,California,06,079,06079,3319.5,446,435,14060,180300031404,Bitterwater Creek,0,CA,{41609719-83DE-41B8-852B-D537FB4F5868},180300031406,0.16604435,Yes,{6B638537-93FC-413A-B01F-CD0783C49AF6}
149,1,80562,468,Riverside,California,06,065,06065,7302.9,234,436,16299,180702020102,Strawberry Creek-San Jacinto River,0,CA,{7D413DA6-306A-41ED-922B-24AA8593A52F},180702020104,0.17059865,Yes,{83EC17EC-EC6B-4129-B75F-95ECC4AE550D}
150,1,84507,469,Ventura,California,06,111,06111,1857.3,227,437,38660,180300030701,Castac Lake,0,CA,{51984065-F4D5-4AE4-A51F-40072A803C16},180300030702,0.33053288,Yes,{39C368D4-C653-4CE0-AF5D-8E3C62FDF1CD}
151,1,92681,470,Santa Barbara,California,06,083,06083,2748.8,337,438,25066,180600070104,Rancho Nuevo Creek,0,CA,{216AA822-5355-4B99-9494-5EE352EF31BA},180600070105,0.26135012,Yes,{F6512521-A0F5-4542-9694-829B1ED77C0F}
152,1,80628,471,Orange,California,06,059,06059,799.2,21,439,24803,180702020308,Lake Elsinore,0,CA,{68CB88A4-3A0C-4208-8510-BCDA3135750F},180702030601,0.23950813,Yes,{2E5EDC6B-C894-4DC9-A413-A43B554A6A79}
153,1,82411,472,San Diego,California,06,073,06073,4238.6,268,440,22893,180703020101,Chihuahua Creek,0,CA,{97E00377-D93D-4979-AD13-2D6355817758},180703020105,0.3213433,Yes,{8161F666-CF8D-454B-9072-4AA7FF5014FD}
154,1,80501,473,Los Angeles,California,06,037,06037,4086.8,311,441,22197,180701060501,Upper San Jose Creek,0,CA,{16CB04C9-9672-415C-B8EC-EA108D936EEA},180701060502,0.35749382,Yes,{BA6BAD1B-6669-49BE-9147-CFDCFA1DF05D}
155,1,81996,474,Sacramento,California,06,067,06067,995.3,120,442,55674,180201610402,Natomas Main Drainage Canal-Sacramento River,0,CA,{84D4466A-223B-46DC-BB61-45F1760165C8},180201630701,0.3647434,Yes,{6531095A-C879-4768-9751-412420704049}
156,1,81221,475,Mono,California,06,051,06051,3131.8,28,443,37314,180400060101,Upper Mono Creek,0,CA,{03A7009A-3E15-4D80-BAD7-B1953E147CF2},180400060102,0.26298377,Yes,{934A6C40-8626-4E5C-B222-13B91E876C0E}
157,1,82068,477,Madera,California,06,039,06039,2153.7,225,445,37030,180400060302,Lower Fish Creek,0,CA,{2DB6A67A-729A-41F1-8C94-9273C18AB61D},180400060404,0.2909682,Yes,{6A6443D3-34ED-49CB-B946-404E73689F88}
158,1,80294,478,Merced,California,06,047,06047,1963.7,156,446,9576,180400011801,180400011801-Bear Creek,0,CA,{3AD07BDF-7239-4F1D-B388-6CEC8C212457},180400011803,0.21859518,Yes,{38BD7474-C2B3-45D5-8927-47AC9BA0BD3F}
159,1,80334,479,Fresno,California,06,019,06019,6017.2,644,447,74617,180400012001,Upper Poso Slough,0,CA,{A738BD13-47CE-4C2A-A336-A9C2818A19E2},180400012005,0.6834044,Yes,{9E431400-8B02-4A35-9B87-264A557968D8}
160,1,81221,480,Inyo,California,06,027,06027,10227.2,122,448,37314,180400060101,Upper Mono Creek,0,CA,{03A7009A-3E15-4D80-BAD7-B1953E147CF2},180400060102,0.26298377,Yes,{934A6C40-8626-4E5C-B222-13B91E876C0E}
161,1,83307,481,Tulare,California,06,107,06107,4838.8,597,449,16288,180300010101,Kern-Kaweah River,0,CA,{127D39EF-60C2-4332-8AC5-B18653569D31},180300010105,0.18726816,Yes,{4FA14B29-9DC4-4D42-A7F9-BE3F6B544479}
162,1,85661,482,San Benito,California,06,069,06069,1390.8,197,450,13444,180400140101,Pimental Creek,0,CA,{C6066264-9F8B-438C-AD12-572C8240EE15},180400140102,0.21232309,Yes,{D6D0C83B-BF13-43BB-B685-1CF72FA46563}
163,1,88547,483,Monterey,California,06,053,06053,3314.6,427,451,34842,180600020501,Clear Creek-San Benito River,0,CA,{2E65BBCA-A93A-410F-A366-589A8B368FA7},180600020502,0.31836818,Yes,{E2C769F9-1D45-44F8-B0A7-2BFA920E7C48}
164,1,86441,484,Kings,California,06,031,06031,1391.6,152,452,60364,180300050702,Alpaugh Irrigation District Canal,0,CA,{C6B87107-BCF6-47E4-AE4B-6F70E23D545D},180300050804,0.39158101,Yes,{067C99AD-471B-4C09-85A6-7BBFA673B0C8}
165,1,84751,485,Amador,California,06,005,06005,604.6,95,453,15040,180400120105,Cole Creek,0,CA,{0856D2A6-A13C-43A0-96AC-052697102937},180400120106,0.21784741,Yes,{D84E6674-666A-4B9E-A24F-6DE0FE535C6D}
166,1,82263,486,Tuolumne,California,06,109,06109,2275.2,266,454,19604,180400080101,Lyell Fork Merced River,0,CA,{CCDF1320-7E7F-4B07-BCB7-189C98AFEECE},180400080104,0.19453863,Yes,{0FE57BB8-FED9-478F-B17B-D7815D8C42B2}
167,1,80416,487,San Joaquin,California,06,077,06077,1431.5,173,455,23341,180400020301,Upper Del Puerto Creek,0,CA,{C11AF91D-AFBB-494B-B5B4-25F974FA4C0B},180400020302,0.24595381,Yes,{BFC226D5-AF0B-478F-AAEB-4AA2B2304885}
168,1,81158,488,Contra Costa,California,06,013,06013,750,101,456,10382,180400030603,Brushy Creek,0,CA,{5038E95C-3A59-4E84-BE8E-05B27873264E},180400030605,0.15284495,Yes,{08CD961E-5E2F-4949-9056-38D3F51FDD23}
169,1,80322,489,Stanislaus,California,06,099,06099,1513.8,173,457,19497,180400011903,Quinto Creek,0,CA,{BCF1BB78-EB09-4564-9372-C6EEE99BE3DB},180400011905,0.3547595,Yes,{02FE91FF-A013-47BA-A355-79776E4388DF}
170,1,80454,490,Alameda,California,06,001,06001,744,107,458,20910,180400030101,Upper Corral Hollow Creek,0,CA,{C5629B1F-3667-4472-AF8E-1355169C139A},180400030102,0.2187066,Yes,{119497C9-E21B-46E4-834C-2125D0A5FD49}
171,1,80297,491,Mariposa,California,06,043,06043,1458.2,204,459,9576,180400011801,180400011801-Bear Creek,0,CA,{3AD07BDF-7239-4F1D-B388-6CEC8C212457},180400011803,0.16520088,Yes,{2AD5608B-DEF2-483C-8360-41F1B46176F6}
172,1,80322,492,Santa Clara,California,06,085,06085,1298,181,460,19497,180400011903,Quinto Creek,0,CA,{BCF1BB78-EB09-4564-9372-C6EEE99BE3DB},180400011905,0.3547595,Yes,{02FE91FF-A013-47BA-A355-79776E4388DF}
173,1,87443,493,Santa Cruz,California,06,087,06087,447.4,63,461,31156,180500030303,Los Gatos Creek,0,CA,{DA8B3506-A900-4E52-94D4-C3A74BDE7C21},180500030304,0.27726815,Yes,{37B4B5E0-3E28-45FD-8B39-9F01D4A2516B}
174,1,86711,494,San Francisco,California,06,075,06075,47.2,10,462,6258,180500020905,Lobos Creek-Frontal San Francisco Bay Estuaries,0,CA,{AA8E9287-BA8E-4B64-AE6A-886BB48D2FF4},180500021001,0.1340015,Yes,{6730C0DC-948C-4FDC-9B3B-8A657B902625}
175,1,87469,495,San Mateo,California,06,081,06081,454.9,60,463,13438,180500030403,Stevens Creek,0,CA,{FF9A0851-D079-4642-880C-F8F9DAE0FC2B},180500041001,0.22468746,Yes,{E84FAFA4-ED07-4D8D-838F-7409E9F24886}
176,1,82064,496,Solano,California,06,095,06095,848.9,98,464,10611,180201620501,Pleasants Creek,0,CA,{AD72D250-4EB2-46A8-BEA8-D44ACEB88563},180201620503,0.14728073,Yes,{D8F8F689-EE4C-4CA9-B184-F7F5CBA6D075}
177,1,81114,497,Calaveras,California,06,009,06009,1042.6,173,465,12835,180400030401,Upper Bear Creek,0,CA,{D0D3C05B-F052-4088-B436-C397FD7685E2},180400030405,0.18372821,Yes,{B1B6E3CC-A403-491D-9ECA-48F4BCD68FEB}
178,0,235087,498,Lincoln,Nevada,32,017,32017,10637.4,30,466,38561,150100100403,Sams Camp Wash,0,NV,{EFE0F272-E3D3-42AB-89FD-25A473145335},150100100404,0.41822814,Yes,{64020F84-28B6-4729-98C1-38CAECD55FF4}
179,1,363683,500,Wayne,Utah,49,055,49055,2466.5,37,468,35581,140700020806,Red Canyon-Muddy Creek,0,UT,{6CC73702-859C-4E60-93F2-4D31F411AF22},140700040302,0.32602983,Yes,{0BF0B8CB-FA9C-4792-B85B-A2C788E3A95D}
180,1,355715,502,San Juan,Utah,49,037,49037,7933.2,51,470,24036,140802030202,Upper Coal Bead Canyon,0,"CO,UT",{EEACFD81-0D44-47BC-B0DC-ABA0AB2A9872},140802030204,0.20066083,Yes,{8BC44E78-B26C-4AD0-B36B-231DC828EFDE}
181,1,355518,505,Washington,Utah,49,053,49053,2429.6,5,473,11800,150100100303,Atkinville Wash,0,"AZ,UT",{8D51D98E-FC2D-4630-BE96-00373DA52C1B},150100100307,0.21612293,Yes,{91F42366-8C24-47D8-B0C7-F9F4F8F286DC}
182,1,63752,507,Yavapai,Arizona,04,025,04025,8127.1,40,475,19425,150602030301,Copper Canyon-Verde River,0,AZ,{255D2583-FE3B-498F-9A04-8C708E43F8A8},150602030303,0.26591347,Yes,{1D208817-6D4D-417C-9565-085FE6CBFC9C}
183,1,81996,524,Yolo,California,06,113,06113,1023.3,110,492,55674,180201610402,Natomas Main Drainage Canal-Sacramento River,0,CA,{84D4466A-223B-46DC-BB61-45F1760165C8},180201630701,0.3647434,Yes,{6531095A-C879-4768-9751-412420704049}
184,1,83735,525,Alpine,California,06,003,06003,743.2,6,493,27918,180400100301,Upper North Fork Stanislaus River,0,CA,{00BB5552-21CB-4C5A-ACAC-CAAEF5BE4929},180400100303,0.25928428,Yes,{601CC52F-11AC-4AC1-81E6-F48F3A20A723}
185,1,80038,527,Shasta,California,06,089,06089,3847.4,524,495,12470,180201520803,Upper Cottonwood Creek,0,CA,{D77D6CFB-1AF0-4D74-9FA9-994144B1EDAD},180201520805,0.18411845,Yes,{5317EF31-577F-49F1-91AB-2B98E260E8CE}
186,1,83869,528,Lassen,California,06,035,06035,4720.4,104,496,28939,180800010303,Bare Creek,0,CA,{8B5EF69F-5FA8-4C42-A76F-ED47457359D4},180800010304,0.2800982,Yes,{C969A73D-5B6A-476A-813A-42504A50A54C}
187,1,80038,532,Tehama,California,06,103,06103,2962.1,393,500,12470,180201520803,Upper Cottonwood Creek,0,CA,{D77D6CFB-1AF0-4D74-9FA9-994144B1EDAD},180201520805,0.18411845,Yes,{5317EF31-577F-49F1-91AB-2B98E260E8CE}
188,1,80976,533,Plumas,California,06,063,06063,2613.8,149,501,19508,180201570202,Lost Creek-Deer Creek,0,CA,{3FF16EC6-5B32-4729-9AD7-2B0A8A70377B},180201570203,0.31225401,Yes,{1DC999F4-67C2-4AEE-AFE4-3D87D79DDBA4}
189,1,81030,534,Glenn,California,06,021,06021,1327,175,502,34050,180201570404,Harbean Slough-Pine Creek,0,CA,{A7FCBECC-2416-4D87-A696-8B3DE7231D89},180201570704,0.29950372,Yes,{627D82AF-6A0A-460D-8C77-A1AB0BE6B4F8}
190,1,81030,536,Butte,California,06,007,06007,1677.7,217,504,34050,180201570404,Harbean Slough-Pine Creek,0,CA,{A7FCBECC-2416-4D87-A696-8B3DE7231D89},180201570704,0.29950372,Yes,{627D82AF-6A0A-460D-8C77-A1AB0BE6B4F8}
191,1,93418,537,Sierra,California,06,091,06091,962,41,505,18239,180201250101,Lavezzola Creek,0,CA,{ABC65201-F6A1-4425-A82E-03FADC422DF0},180201250103,0.23077417,Yes,{3F387443-FF28-4163-AA65-C92C3DE7B6D4}
192,1,81904,538,Yuba,California,06,115,06115,643.2,89,506,31018,180201590103,Tennessee Creek-South Honcut Creek,0,CA,{D2F8534D-CAD3-479D-91C5-E381C1EBBEA3},180201590106,0.27276233,Yes,{00F947DD-7D33-4160-8E32-BCBB2AD1425D}
193,1,93478,540,Nevada,California,06,057,06057,974.8,85,508,24689,180201250503,East Fork Creek-Middle Yuba River,0,CA,{F3E52191-E75F-43CD-BADA-457776C83D41},180201250505,0.23897923,Yes,{3A16E517-3681-4432-BB25-112795C7A7B9}
194,1,81877,541,Colusa,California,06,011,06011,1156.2,131,509,16878,180201580303,Angel Slough,0,CA,{BDFF7D89-5A76-4E3D-879C-1D22DE7AB93F},180201580404,0.32132757,Yes,{76BB0A4C-E1F0-4224-B7D0-E2A8C71BC4CF}
195,1,81956,542,Placer,California,06,061,06061,1500.5,147,510,14483,180201610101,Orchard Creek,0,CA,{20DA3B9A-9E6F-4AB0-8BAA-B1F3196587F7},180201610102,0.18469679,Yes,{DAD97235-1525-429D-B912-C2BB43909640}
196,1,84783,544,El Dorado,California,06,017,06017,1790,178,512,33678,180400120401,Bear River,0,CA,{1CFBF800-BD39-44FD-9A68-C378F7133111},180400120404,0.28234965,Yes,{3BAB027F-47BE-4776-8966-E0D8287969B1}
197,1,81892,545,Sutter,California,06,101,06101,608.4,37,513,177929,180201580404,Drumheller Slough-Butte Creek,0,CA,{1E28B3A6-D539-45BC-95BB-F54FAE7A4EC9},180201041203,0.68791621,Yes,{77854F30-B4E7-4170-9825-F750DAF987D8}
198,1,79998,547,Modoc,California,06,049,06049,4203.4,201,515,21167,180200020401,Big Juniper Creek-Little Juniper Creek,0,CA,{B8D76CA0-2D03-4740-BA03-66236E35CD13},180200020402,0.2600635,Yes,{ECCB6BA3-0F3C-4617-B56A-70BBB16B43FB}
199,0,293865,556,Lake,Oregon,41,037,41037,8358.5,7,524,22977,180200010302,Kelley Creek-Frontal Goose Lake,0,"CA,OR",{89638856-E4C5-43A3-9A1F-B462A9B082D0},180200010500,0.215801,Yes,{E706A863-302B-48B7-BFC6-BB6DD347239A}
200,1,298331,557,Wheeler,Oregon,41,069,41069,1715.5,19,525,28649,170702011204,Willow Creek,0,OR,{3DF377C2-BC22-4B05-A972-836E1C4BDE64},170702011205,0.29802009,Yes,{11E4B3C7-9FCE-40FC-AB10-CE085E1D3389}
201,1,299049,558,Jefferson,Oregon,41,031,41031,1791.2,5,526,36574,170702040404,Rhodes Canyon-John Day River,0,OR,{FECA08D2-75E8-4959-ABC7-3371DF6A2CBE},170702040409,0.29502499,Yes,{C8325EA8-C719-4422-B83C-EF757E66D58E}
202,1,355816,592,Box Elder,Utah,49,003,49003,6729,201,560,23766,160203090203,Burnt Basin,0,"ID,UT",{BEBFC2DA-D2A5-4B19-B500-F9A7049C6F6B},160203090205,0.22494275,Yes,{11F9EF14-24FB-4EA9-91B5-A19663E9A441}
203,0,254511,909,San Miguel,New Mexico,35,047,35047,4735.6,46,877,16111,110800050203,Outlet Garita Creek,0,NM,{1885BC92-7312-4AC3-B7A8-F046F5F5C854},110800050408,0.19983891,Yes,{57F63565-0CDC-49FB-BE12-911DD915CBFE}
204,0,247067,910,Quay,New Mexico,35,037,35037,2881.8,136,878,32015,111201010304,Hammond Ranch-Frio Draw,0,NM,{5C3B01EB-D22F-4BFD-AA76-F70509269B77},111201010305,0.25656904,Yes,{B79F115E-0A63-4DCC-9F29-7A037F08FE57}
205,1,250685,916,Lincoln,New Mexico,35,027,35027,4831.3,62,884,14416,130500030501,Tortolita Arroyo,0,NM,{905BDF2D-757E-4C0E-95B1-778D4AF9221E},130500030502,0.17816695,Yes,{715567B3-072F-47E6-BB23-F3DFEEE71572}
206,0,247562,917,Chaves,New Mexico,35,005,35005,6075,98,885,27108,130600100403,Chimney Canyon-Cuervo Creek,0,NM,{E887C544-144D-4D73-8442-D1FD9A18F92A},130600100405,0.24197837,Yes,{D1662B3A-9E60-4067-8012-257F95D1E536}
207,1,330596,918,Lubbock,Texas,48,303,48303,900.7,69,886,30493,120500030104,Buffalo Springs Lake,0,TX,{5DBDE6A3-CC94-480D-A145-57D270637C26},120500030307,0.2899856,Yes,{57AFBED4-D104-4319-BD1D-600CE130FCF2}
208,1,330740,919,Hockley,Texas,48,219,48219,908.6,109,887,41689,120500011006,Goat Draw-Illusion Lake,0,TX,{F538F58F-2B7F-4985-9A68-5D4C8DC86974},CLOSED BASIN,0.27553587,Yes,{B9973589-E911-4DC6-8A6C-A273D2A3B245}
209,1,330602,920,Cochran,Texas,48,079,48079,775.3,94,888,11593,120800010210,120800010210-Sulphur Draw,0,TX,{4E775FCD-5F4B-4C96-BF6A-34E5FED35BF3},120800010211,0.19391395,Yes,{021427B5-C8DE-4413-B6DD-45745EBCF2BB}
210,1,247401,921,Otero,New Mexico,35,035,35035,6627.3,193,889,21202,130600090101,North Fork-Pine Tree Canyon,0,NM,{E1CD8513-222A-4B66-A6B5-EA3D439E316F},130600090103,0.20411007,Yes,{9C694528-710C-45BC-829B-456C090D81A1}
211,0,247067,928,Curry,New Mexico,35,009,35009,1407.8,68,896,32015,111201010304,Hammond Ranch-Frio Draw,0,NM,{5C3B01EB-D22F-4BFD-AA76-F70509269B77},111201010305,0.25656904,Yes,{B79F115E-0A63-4DCC-9F29-7A037F08FE57}
212,1,255672,929,De Baca,New Mexico,35,011,35011,2333.8,49,897,29439,130600030805,Lower Yeso Creek,0,NM,{66044011-36CB-454C-B027-7C3C0C38ADEE},130600030909,0.28041682,Yes,{95C95117-0CA8-4504-B1AD-11B242748440}
213,1,330469,930,Parmer,Texas,48,369,48369,885.2,95,898,35547,111201010204,111201010204-Tierra Blanca Creek,0,"NM,TX",{8540AC6A-949F-4653-BC52-2FA79A66ED95},111201010504,0.25732188,Yes,{BA1CFA43-8721-466E-B8A8-55A2DBD24A2D}
214,1,330554,931,Castro,Texas,48,069,48069,899.3,66,899,38084,120500050301,Bethel Church,0,TX,{9408E9DD-5B74-4457-8A7C-F91443412E98},120500050302,0.26078355,Yes,{3C5EDE64-5EBB-4154-9196-DBC06AFC24B9}
215,0,247696,932,Roosevelt,New Mexico,35,041,35041,2454.7,58,900,23192,120500010605,120500010605,0,NM,{E42E1BDE-E255-40B0-8D43-DFE72D020222},120500010607,0.31451455,Yes,{65A6FBA4-4DB2-41F9-BC7B-91F20966FF32}
216,1,331254,933,Hale,Texas,48,189,48189,1004.8,23,901,32178,120500020505,120500020505-Blackwater Draw,0,TX,{BC5E5C26-061A-4966-9537-4BC2403B712B},120500020507,0.31258229,Yes,{F8E39D3A-0CBF-45E0-B8F8-F4B1DDE714D8}
217,1,330307,934,Randall,Texas,48,381,48381,922.4,103,902,30075,111201030111,South Cita Creek-Cita Creek,0,TX,{68AE63BC-433C-4763-BFBA-7975B518C7DE},111201030112,0.3061504,Yes,{675CAE69-2DE4-40AC-B1CB-47BCA440E827}
218,1,330287,935,Deaf Smith,Texas,48,117,48117,1498.3,126,903,33109,111201020203,111201020203,0,TX,{577BFA06-0CEC-4BA3-A8DC-DE9496151444},111201020204,0.27997887,Yes,{5A9562F1-2C6C-49CE-AC39-615915BB40A8}
219,1,330444,936,Lamb,Texas,48,279,48279,1017.7,72,904,39903,120500010805,Silver Lake,0,TX,{9C18D281-948A-4301-902F-504181FCCFFC},120500010906,0.30389339,Yes,{F2AC88F9-952A-4F2B-BFFC-4C540E2D208E}
220,1,330444,937,Bailey,Texas,48,017,48017,827.4,86,905,39903,120500010805,Silver Lake,0,TX,{9C18D281-948A-4301-902F-504181FCCFFC},120500010906,0.30389339,Yes,{F2AC88F9-952A-4F2B-BFFC-4C540E2D208E}
221,0,247053,938,Lea,New Mexico,35,025,35025,4394,146,906,35442,130700070509,Brunson Ranch,0,"NM,TX",{0B650056-2C9A-4952-93D3-E642F7F853AA},130700070510,0.10925478,Yes,{61D61BCF-96D9-4966-9C97-F1E611391109}
222,1,330378,939,Lynn,Texas,48,305,48305,893.5,93,907,29522,120500040303,Guthrie Lake,0,TX,{4C25EC7E-AD25-4E0B-877C-6183FF327009},CLOSED BASIN,0.36415832,Yes,{7C7872B4-BBB5-4AF3-8BE1-422618845D38}
223,1,330840,940,Terry,Texas,48,445,48445,890.9,97,908,34056,120800010502,Union School-Lost Draw,0,TX,{D7AC72F6-757B-4BB4-BE19-ACEA413F9A0C},120800010503,0.29863548,Yes,{0D5A8ADF-1C68-49A0-A740-A297C15B84CD}
224,1,330529,941,Yoakum,Texas,48,501,48501,799.8,93,909,16748,120800010403,120800010403-Lost Draw,0,TX,{DF17DB07-187C-4547-B2C5-5CA9C5AC77F6},120800010404,0.21099112,Yes,{368989F7-BB7E-4233-9BFF-8C5AABC67087}
225,0,247889,942,Eddy,New Mexico,35,015,35015,4197.5,111,910,30414,130600110308,Lone Tree Draw,0,NM,{6A72CB25-4254-4B4D-8512-ED82B237608C},130600111008,0.28224612,Yes,{DAB9E251-4494-47C2-9940-D2ECC49C7554}
226,1,330392,943,Dawson,Texas,48,115,48115,902.1,107,911,20895,120500040306,120500040306,0,TX,{276677D0-52DB-4EDE-8A78-FAD7A7E1DE32},CLOSED BASIN,0.22430532,Yes,{FC0483F5-1FD7-4845-B308-244CC91A0947}
227,0,330861,944,Gaines,Texas,48,165,48165,1502.8,147,912,14481,120800030209,120800030209,0,"NM,TX",{86D3E6F8-93DE-4971-B719-128346101049},120800030501,0.08350914,Yes,{94A6A0BD-3B0D-4FA2-92A0-560D30B1AB85}
228,1,330273,945,Martin,Texas,48,317,48317,915.6,108,913,21461,120800040907,North Curtis Ranch,0,TX,{4E928A36-90F8-4367-A66F-6F3D26FC136C},120800041003,0.22807018,Yes,{534AF0A3-1822-487D-8043-BEE509FF0B28}
229,1,330273,946,Andrews,Texas,48,003,48003,1501,148,914,21461,120800040907,North Curtis Ranch,0,TX,{4E928A36-90F8-4367-A66F-6F3D26FC136C},120800041003,0.22807018,Yes,{534AF0A3-1822-487D-8043-BEE509FF0B28}
230,1,330325,955,Potter,Texas,48,375,48375,922,118,923,33076,110901050308,Upper West Amarillo Creek,0,TX,{AF1645A3-6A95-4212-90A7-406FB32062BE},110901050309,0.27841093,Yes,{D796B5C5-3057-4E06-BC4E-EB3C6D9D7581}
231,1,330332,956,Oldham,Texas,48,359,48359,1501.4,168,924,27314,110901010501,East Fork Mujares Creek,0,TX,{86C784F2-3176-4F9A-814F-D7AA2EBA9E99},110901010502,0.22513674,Yes,{D5D00CF4-B39D-415B-B3B4-78FC2F0BCD4E}
232,0,246888,985,Union,New Mexico,35,059,35059,3830.8,118,953,18082,110400010907,Blacksmith Canyon,0,"CO,NM,OK",{FBCC6779-A0D7-48DD-B04C-7E4597C85264},110400010908,0.21714401,Yes,{2D6FDA42-EFA3-4EC1-9AB6-A27592EF82F7}
233,1,255425,990,Harding,New Mexico,35,021,35021,2125.9,18,958,24252,110800070301,Headwaters Del Muerto Creek,0,NM,{167148EC-9A8A-4E80-901C-D80A7CB17A31},110800070303,0.21219427,Yes,{CC765A86-AF6B-47E7-B135-577E779A34B4}
234,1,330537,991,Hartley,Texas,48,205,48205,1463.2,92,959,37310,110901010205,Hay Creek-Minneosa Creek,0,TX,{4CBBA5C0-E1FC-4967-AF2C-0D426AA11286},110901010605,0.31332928,Yes,{AA3D45EE-3F30-4B3E-B56E-A5CE280725BE}
235,1,330385,992,Moore,Texas,48,341,48341,909.6,58,960,11188,110901050604,Little Blue Creek,0,TX,{9AA2ACE2-8B27-4762-9B1F-2FBDF5C7009B},110901050607,0.15573881,Yes,{5B4EBD96-88C7-4BAE-BA61-0A47638E5428}
236,1,330541,997,Carson,Texas,48,065,48065,924.1,101,965,38741,111203010201,City of Groom-McClellan Creek,0,TX,{D069FF24-FA9D-4A79-9191-B1142D842E0D},111203010202,0.3327947,Yes,{8A726B1C-EEBC-408B-80FD-0B80C5F5854E}
237,1,330387,998,Gray,Texas,48,179,48179,929.3,111,966,18026,111203010303,Thut Creek,0,TX,{E38D16AA-D187-4D75-B3E5-F979668C9703},111203010304,0.22177144,Yes,{91D3A7AE-8A52-4853-85C4-6D0EE162BDC6}
238,1,330736,999,Wheeler,Texas,48,483,48483,915.3,103,967,28752,111203020105,Bronco Creek,0,TX,{78D8FBB2-663A-4371-8FCB-5A2327DCBF48},111203020107,0.24091579,Yes,{E5C10DB2-8F09-4AD2-9A74-3D095A3D764A}
239,1,289108,1000,McIntosh,Oklahoma,40,091,40091,712.5,112,968,32965,110902040704,Black Haw Mountain,0,OK,{DE6B77FF-852A-4FCA-9DAF-BFCF9D39AFB6},110902040705,0.31614626,Yes,{9A30E715-99DE-4658-814D-EB346D53A276}
240,1,286891,1001,Alfalfa,Oklahoma,40,003,40003,881.4,7,969,20442,110500020103,110500020103 Unnamed Tributary,0,OK,{0D3B6430-01F7-458F-B23B-529AECE9B196},110500020106,0.2925561,Yes,{752D1B54-2FC3-41F7-B476-88F87022DB92}
241,1,287053,1003,Ellis,Oklahoma,40,045,40045,1231.7,39,971,17309,110902010103,110902010103-Cimarron River,0,OK,{468DBA45-A69C-4E5E-8BD5-33187E42505A},110902010110,0.24133962,Yes,{B6FF8014-905A-4358-B104-D253DA142C84}
242,1,286622,1004,Major,Oklahoma,40,093,40093,957.9,110,972,39720,110500010505,Cuddy Creek-West Creek,0,OK,{B31C393F-7C04-4D91-B569-748A97C13726},110500010508,0.30132665,Yes,{C752035A-3FAB-4347-A034-A5CC8E4424F0}
243,1,330651,1005,Lipscomb,Texas,48,295,48295,932.2,87,973,19068,111002030103,Skunk Creek,0,TX,{347FC70B-1C5C-434A-B8CB-2D0A2DD27512},111002030107,0.26609857,Yes,{EB99AE4C-0AC6-4BA6-B3A6-261C9A4F6215}
244,1,330795,1007,Ochiltree,Texas,48,357,48357,918.1,46,975,37308,110901060503,Dugout Creek-Canadian River,0,TX,{30D6ACE3-07A8-40B0-B2C6-D78ADF0EAA16},110901060504,0.25516506,Yes,{213E7039-37CA-40EB-8B55-8AAF039B71FA}
245,1,330507,1008,Roberts,Texas,48,393,48393,924.2,109,976,26408,110901060406,Lower Tallahone Creek,0,TX,{EE77B449-D31A-414E-B9EE-74BEC8F61194},110901060408,0.29221295,Yes,{C743EF5E-500E-4C14-AA15-203F371A4915}
246,1,330819,1009,Hemphill,Texas,48,211,48211,912.1,99,977,18014,111303010103,Major Creek,0,TX,{A025929C-1699-4361-986A-61E3F4E86BA3},111303010104,0.19794036,Yes,{B0CB4D26-123D-4FFF-9188-2B34E571CCEB}
247,1,330501,1010,Hutchinson,Texas,48,233,48233,894.9,93,978,28201,110901060207,110901060207-Moore Creek,0,TX,{67763021-9A52-41FF-ADDF-65C68B3046B4},110901060208,0.25668552,Yes,{3269948A-1DFB-4845-B3C9-41DCDC5D96DE}
248,1,286138,1011,Woods,Oklahoma,40,151,40151,1290.1,41,979,15333,110500010302,Anderson Creek,0,"KS,OK",{859A82BA-5CF4-42BD-A524-5F31EDE51FCC},110500010303,0.18090879,Yes,{7BDF2950-DD7C-4AB6-BFC4-83E54E6CF0BD}
249,1,286137,1012,Harper,Oklahoma,40,059,40059,1041,11,980,14401,110400080611,110400080611-Cimarron River,0,"KS,OK",{A3DB1715-496D-4204-85A3-48A327A2D0E7},110500010305,0.12758101,Yes,{E5F7ADC3-9F75-4DD3-8F37-B8320BCB1402}
250,1,286432,1013,Woodward,Oklahoma,40,153,40153,1246,57,981,29978,110500010205,Elm Creek-Buffalo Creek,0,OK,{6AE11CCE-3E12-4C09-9A4E-2FF5A2103E6C},110500010306,0.30934523,Yes,{C8B86D4B-8C31-4CC0-A66F-7283E26AC7FE}
251,1,286881,1014,Blaine,Oklahoma,40,011,40011,938.9,129,982,36034,110500020101,Sand Creek,0,OK,{A5035796-71B7-4BC0-9654-D8A004775BD7},110500020106,0.33755761,Yes,{1F99725F-E779-4967-B65D-84F3BB50A130}
252,1,289477,1015,Dewey,Oklahoma,40,043,40043,1008.3,124,983,30428,110902010305,Turkey Creek,0,OK,{AC7FA72D-5AF4-4FAA-A254-D7508831697C},110902010309,0.29246666,Yes,{78B772AA-DC1D-4E05-8029-643571B82BC8}
253,1,287053,1016,Roger Mills,Oklahoma,40,129,40129,1146.6,75,984,17309,110902010103,110902010103-Cimarron River,0,OK,{468DBA45-A69C-4E5E-8BD5-33187E42505A},110902010110,0.24133962,Yes,{B6FF8014-905A-4358-B104-D253DA142C84}
254,1,289872,1017,Custer,Oklahoma,40,039,40039,1002,127,985,42504,110902010506,Rough Creek-Canadian River,0,OK,{D2BDD4D9-4B01-4FA2-8A57-CCB452F5DA97},110902010507,0.34752853,Yes,{CB4EECCF-4B87-4468-83BA-61BD7529144E}
255,1,154506,1044,Linn,Kansas,20,107,20107,606.3,9,1012,33897,102901030101,Middle Fork Little Osage River-Little Osage River,0,KS,{483CAC23-3E69-4E0E-9426-7783A6570F4F},102901030102,0.28787372,Yes,{9911F107-F00C-4FCB-B969-EE040019ABF4}
256,1,154943,1048,Bourbon,Kansas,20,011,20011,638.8,13,1016,22533,102901030103,Limestone Creek,0,KS,{47DAAD5F-BA9A-4BD7-9183-22805EC23F6C},102901030104,0.21340252,Yes,{262419BC-3C4E-41F0-92E6-9445B2B4AC53}
257,1,155090,1052,Cherokee,Kansas,20,021,20021,591,15,1020,17337,110702050605,Town Creek-Neosho River,0,"KS,OK",{F8B6D7A6-2F1E-4267-A2E8-84EB8175EBCD},110702060102,0.18306472,Yes,{67AC415A-00EE-41B5-946A-1DE2D0ADFC00}
258,1,157909,1054,Cowley,Kansas,20,035,20035,1132.6,5,1022,34098,110701060106,Headwaters Rock Creek,0,"KS,OK",{EACB3FDE-D5A8-4C2E-9D8E-D99DA40D71E9},110701060107,0.29321432,Yes,{FD538D74-FBA8-496B-A974-C7E50C12C813}
259,1,154506,1060,Anderson,Kansas,20,003,20003,584.3,4,1028,33897,102901030101,Middle Fork Little Osage River-Little Osage River,0,KS,{483CAC23-3E69-4E0E-9426-7783A6570F4F},102901030102,0.28787372,Yes,{9911F107-F00C-4FCB-B969-EE040019ABF4}
260,1,154506,1062,Allen,Kansas,20,001,20001,505.2,4,1030,33897,102901030101,Middle Fork Little Osage River-Little Osage River,0,KS,{483CAC23-3E69-4E0E-9426-7783A6570F4F},102901030102,0.28787372,Yes,{9911F107-F00C-4FCB-B969-EE040019ABF4}
261,1,156678,1066,Montgomery,Kansas,20,125,20125,651.4,5,1034,16175,110701030207,Claymore Creek-Verdigris River,0,"KS,OK",{6DE7E64F-4AE0-4F3F-AD2C-3AAA3F9D3B3F},110701030303,0.27535413,Yes,{70EF5C1C-B13E-4091-8B26-6BFF83D73F09}
262,1,154569,1067,Labette,Kansas,20,099,20099,653.3,17,1035,22926,110702050505,Turkey Creek-Labette Creek,0,"KS,OK",{E9D8B976-BCE4-4951-A3D0-02B0CAA03DF2},110702050605,0.32217515,Yes,{BF7E4668-69BD-43DA-97F2-A45422188894}
263,1,156507,1068,Chautauqua,Kansas,20,019,20019,644.8,20,1036,40088,110701060209,Hickory Creek-Caney River,0,"KS,OK",{E76D67E7-A657-4D90-B1D5-C2991B1C2F16},110701060503,0.26891955,Yes,{DAB9B3C1-B9D7-4762-A7A4-7DD648EDDAF5}
264,1,286065,1069,Ottawa,Oklahoma,40,115,40115,484.7,62,1037,21822,110702071001,Fivemile Creek,0,"KS,MO,OK",{7950F915-81F8-4EC5-89C6-D5B685CD86D5},110702071002,0.20827036,Yes,{F86DE5AA-41A3-4710-85AC-4D688E87C05D}
265,1,286151,1070,Osage,Oklahoma,40,113,40113,2303.8,293,1038,27937,110600010301,Upper Little Beaver Creek,0,"KS,OK",{DC2C3C1C-7B94-4DB4-B69E-07F50789ED5C},110600010302,0.25052257,Yes,{A7232703-B093-453A-BE8B-C133DFB549ED}
266,1,285831,1071,Delaware,Oklahoma,40,041,40041,792.3,85,1039,22099,110702060301,Upper Honey Creek,0,"AR,MO,OK",{62E5B95D-46B1-4614-ACFB-13BC3727DACD},110702060302,0.26295848,Yes,{D1E5B0BC-0AE5-40A2-B3AC-89B47EEAB5C4}
267,1,286508,1072,Rogers,Oklahoma,40,131,40131,711.8,34,1040,39025,110701070403,Mingo Creek,0,OK,{CD9D7CD9-C0B0-4E94-9533-A68718B9BF19},110701070405,0.33441488,Yes,{12D16F01-0F66-4EA3-B7F5-3C60BD9B0B85}
268,1,287406,1073,Pawnee,Oklahoma,40,117,40117,594.9,87,1041,17094,110600060204,Coon Creek-Red Rock Creek,0,OK,{9D7F27EB-AD6E-475D-AFD2-5BB1001869A5},110600060604,0.18381606,Yes,{9BD7A828-C3ED-4448-B2EE-A42458DF309B}
269,1,286681,1074,Mayes,Oklahoma,40,097,40097,683.5,49,1042,24058,110702060406,Pensacola Dam-Lake O' The Cherokees,0,OK,{7FDC3C38-8B0F-4B22-8C8B-94C675D6DA67},110702090503,0.21608533,Yes,{37A07970-7AA9-4B78-BCA5-8AD176ABCAFB}
270,1,286489,1075,Tulsa,Oklahoma,40,143,40143,587,52,1043,24455,110701070306,Skalall Creek-Bird Creek,0,OK,{DA2B9A95-300A-43AC-BA53-BF68214F95F2},110701070307,0.24299237,Yes,{4CB650AB-1B03-4AC0-918B-BB60D9BED389}
271,1,287513,1076,Payne,Oklahoma,40,119,40119,697.1,64,1044,28637,110600060501,Long Branch,0,OK,{C5EDD7E5-1D08-49B4-BD12-57605D24AE35},110600060502,0.30600782,Yes,{8915356A-DB0C-43FC-BE5E-FC10855834CC}
272,1,287088,1077,Kingfisher,Oklahoma,40,073,40073,905.9,54,1045,17364,110500020206,Middle Salt Creek,0,OK,{AB1F7090-8ADF-4AFE-853A-6952BC4B78F9},110500020207,0.17299972,Yes,{09D7660E-CD45-46E6-9E81-9AB75AD789E6}
273,1,287650,1078,Logan,Oklahoma,40,083,40083,748.8,101,1046,31272,110500020809,Lower Cottonwood Creek,0,OK,{8FEEFE55-559D-4A7A-9D0F-2FA7375A0148},110500020810,0.30743655,Yes,{5119163B-4DF0-4755-BC53-5817ABF5FA21}
274,1,288062,1079,Lincoln,Oklahoma,40,081,40081,965.6,90,1047,32030,110500030207,Walnut Creek-Cimarron River,0,OK,{C82082AB-C369-4A33-86C1-8E93ACD14738},110500030208,0.27964694,Yes,{2123B26E-04D4-45F4-8DD7-4998895D5612}
275,1,287433,1080,Canadian,Oklahoma,40,017,40017,905.4,47,1048,18777,110500020705,110500020705 Unnamed Tributary,0,OK,{A3C8B242-CB79-47D6-9BE4-C23BDB1CA1B1},110500020710,0.21937425,Yes,{666E22BB-76F5-4F34-AEAF-EF22D803BAEF}
276,1,288864,1081,Oklahoma,Oklahoma,40,109,40109,718.4,32,1049,29525,111003020201,Horseshoe Lake-North Canadian River,0,OK,{917DF3BC-0230-480C-A70A-49BB083B3200},111003020204,0.26075325,Yes,{5B9241CF-22E8-474D-8764-089148F3871C}
277,1,286150,1082,Kay,Oklahoma,40,071,40071,945.1,48,1050,27937,110600010301,Upper Little Beaver Creek,0,"KS,OK",{DC2C3C1C-7B94-4DB4-B69E-07F50789ED5C},110600010302,0.22380082,Yes,{2999ABF7-2AC2-4370-A3BE-B2047F3BDAA3}
278,1,287290,1084,Noble,Oklahoma,40,103,40103,742.4,44,1052,25075,110600040904,Cowskin Creek-Salt Fork Arkansas River,0,OK,{366A40BE-DBE9-477F-814A-319096F8810C},110600040905,0.26562269,Yes,{F655C6FD-7501-4BC5-AA8C-A73E4324A22A}
279,1,287160,1085,Garfield,Oklahoma,40,047,40047,1059.9,41,1053,25235,110500020308,110500020309-Cimarron River,0,OK,{6F109563-D11D-41E2-80BC-194B8A924CE7},110500020502,0.28824902,Yes,{223C7F83-4103-4B93-93F7-4280FBEE4DE9}
280,1,286259,1086,Craig,Oklahoma,40,035,40035,762.7,60,1054,13687,110701030401,Brush Creek,0,"KS,OK",{535CD5BE-C919-4BCD-9D6C-B917EC6C720B},110701030404,0.21120866,Yes,{48967AE0-F4CD-4738-BAAF-16B3B6A551C8}
281,1,286246,1087,Nowata,Oklahoma,40,105,40105,580.9,45,1055,22056,110701030206,Lower Onion Creek,0,"KS,OK",{42888BE5-18AC-4280-86B8-36D1D2DA6C3F},110701030207,0.15403761,Yes,{5B5DB642-D77E-4AB3-89E6-9CE827BF6748}
282,1,286286,1088,Washington,Oklahoma,40,147,40147,424.2,61,1056,35756,110701060406,Upper Copan Lake-Little Caney River,0,"KS,OK",{1B7C8AF5-741A-471B-A034-0662AD9ED879},110701060408,0.19218289,Yes,{5CC34D90-08E5-4D7A-BDBE-6F20128368C7}
283,1,286982,1089,Cherokee,Oklahoma,40,021,40021,776.4,81,1057,33605,110702090602,Upper Spring Creek,0,OK,{2BC58FA5-96FD-433C-B13B-9BDC86111537},110702090603,0.30931648,Yes,{99041FA0-B3EF-497D-9944-37D088875755}
284,1,288134,1090,Creek,Oklahoma,40,037,40037,969.8,139,1058,35373,110500030302,Lower Turkey Creek,0,OK,{C33B8010-FEB4-4F30-B503-3708C7CFCCD4},110500030503,0.29545834,Yes,{2E97B84E-F532-4032-85D8-76C6793FA8D5}
285,1,287014,1091,Wagoner,Oklahoma,40,145,40145,590.7,55,1059,23263,110702090801,Flat Rock Creek,0,OK,{D4A79890-30B4-4989-9231-039496F12801},110702090803,0.20916478,Yes,{54012E8F-C1FD-4C55-9C65-F18EB00DE906}
286,1,287049,1092,Muskogee,Oklahoma,40,101,40101,839,117,1060,16872,110702090810,Flower Creek-Neosho River,0,OK,{7C8E827C-F5E0-4121-B3B6-34D6BA2AE843},111101020307,0.16579007,Yes,{79E94DA6-FCDB-473C-9D7F-68C5541F6B10}
287,1,288530,1093,Okmulgee,Oklahoma,40,111,40111,702.3,117,1061,17669,111101010201,Middle Duck Creek,0,OK,{93565726-4271-4DAF-A492-50035D94C03E},111101010203,0.20429153,Yes,{A04BA7EC-356A-417C-B187-2DEADDC537F1}
288,1,289575,1094,Okfuskee,Oklahoma,40,107,40107,628.8,98,1062,23090,111003020501,Upper Little  Wewoka Creek,0,OK,{B8E7CE08-4DFA-4656-825A-423D3F0A6F84},111003020502,0.25403093,Yes,{CF4E566A-57F1-4A20-B1D5-99425148D4D8}
289,1,290264,1095,Caddo,Oklahoma,40,015,40015,1290.3,164,1063,21389,110902010609,Town of Hydro-Deer Creek,0,OK,{7C1FBF1C-281D-4F73-A62E-BDEF27A96335},110902010610,0.22377011,Yes,{EB5E6057-ABD1-4114-BD3B-FCB2862DF9BC}
290,1,288552,1096,Beckham,Oklahoma,40,009,40009,904.1,45,1064,26068,111203020303,Little Turkey Creek,0,OK,{2AC426B8-B672-4AC9-87FC-A1D69DF29640},111203020307,0.37014773,Yes,{AD00FC19-F328-48F8-958D-533FCC768B62}
291,1,288930,1097,Washita,Oklahoma,40,149,40149,1009.1,40,1065,23017,111203020409,111203020409-North Fork Red River,0,OK,{78EAC05F-85E3-4A0E-A880-EE246439A183},111203020410,0.30844855,Yes,{DAE4A1DD-862F-4D6B-A193-59F5C6107BF1}
292,1,288864,1098,Pottawatomie,Oklahoma,40,125,40125,793.3,118,1066,29525,111003020201,Horseshoe Lake-North Canadian River,0,OK,{917DF3BC-0230-480C-A70A-49BB083B3200},111003020204,0.26075325,Yes,{5B9241CF-22E8-474D-8764-089148F3871C}
293,1,289100,1099,Haskell,Oklahoma,40,061,40061,625.3,99,1067,22518,110902040702,Upper Longtown Creek,0,OK,{9E388E1C-A518-469D-BF94-C875479EC3FE},110902040703,0.29024807,Yes,{EB716CBB-BC55-4519-916E-318528D8F666}
294,1,289185,1100,Seminole,Oklahoma,40,133,40133,640.7,86,1068,26465,111003020303,Painter Creek-North Canadian River,0,OK,{667FAA77-86ED-477B-8405-68A92E99606D},111003020305,0.2365935,Yes,{B02E91B0-3B33-412F-B00A-7865D5407C8E}
295,1,285945,1101,McCurtain,Oklahoma,40,089,40089,1901.3,243,1069,23352,111401060506,McKinney Creek,0,"AR,OK",{A7A82874-BD29-4CB1-8292-20DB53751B78},111401060507,0.230877,Yes,{4B5F9AEC-227F-4456-9B7C-B1FE8D4F80A5}
296,1,330289,1102,Clay,Texas,48,077,48077,1116.2,123,1070,18608,111302090401,Friendship Cemetery-Buffalo Creek,0,TX,{3782B14D-FF30-40A8-A52E-FA3BB7C1DA7D},111302090402,0.20099529,Yes,{4C254FB0-AF03-4FA7-A232-FC83E2040684}
297,1,330404,1103,Montague,Texas,48,337,48337,938.4,122,1071,25663,111302010204,Middle Beklnap Creek,0,TX,{6C601980-68E4-4FB8-BBE2-3C8102003357},111302010206,0.29240051,Yes,{162B3319-F8F0-42F0-A305-77C1E32D7466}
298,1,330797,1104,Red River,Texas,48,387,48387,1057.6,123,1072,10713,111403020205,Claphand Creek,0,TX,{B6C26DF4-21A9-4D87-9633-250A0BC09992},111403020206,0.19318888,Yes,{15A1995A-C737-474C-8FCD-0CD60366115D}
299,1,330515,1105,Grayson,Texas,48,181,48181,978.6,125,1073,32684,111302100503,Treasure Island-Red River,0,"OK,TX",{89B4F149-CE46-4051-8277-FE69D2C9F1F2},111302100505,0.14670841,Yes,{0D52EDF3-846C-45C1-9A15-B504F14C2484}
300,1,330300,1106,Cooke,Texas,48,097,48097,898.7,127,1074,14379,120301030402,Lower Spring Creek,0,TX,{19255E1D-12A0-4A31-BE9A-0DBAF80BC324},120301030405,0.19574362,Yes,{82E3C30B-B2D2-47B5-AA68-10B998048AB8}
301,1,330807,1107,Lamar,Texas,48,277,48277,932.5,105,1075,35509,111401010701,Headwaters Pine Creek,0,TX,{1FE6B4B7-0CC0-4F29-9656-1A52C6C8F114},111401010702,0.28519924,Yes,{3556A070-73CF-45D6-978B-05A425F51519}
302,1,330534,1108,Fannin,Texas,48,147,48147,899.2,101,1076,25377,111401010403,Valley Lake,0,"OK,TX",{527FFDFA-41DE-4360-B188-4DB78191C75D},111401010404,0.25653994,Yes,{C031F5B9-A404-4110-875B-A27A19249C01}
303,1,330800,1109,King,Texas,48,269,48269,913.3,100,1077,34215,111302040108,Buffalo Creek-North Wichita River,0,TX,{5D4CAC8B-64B3-4FDB-84CE-12578212AA6B},111302040203,0.35865946,Yes,{A2FF82AF-FFDE-4ADC-AE9C-B609A69CCB29}
304,1,330480,1110,Dickens,Texas,48,125,48125,905.2,106,1078,20769,111301040206,Roaring Spring-Tongue River,0,TX,{DFC88CF7-F69C-4A70-9E48-13BE9F77F1A1},111301040210,0.23840886,Yes,{6580C09A-167C-4DC8-B5E0-72E9CB83DE8A}
305,1,330374,1111,Crosby,Texas,48,107,48107,901.7,97,1079,39863,120500060503,Blue Hole Creek-Sand Creek,0,TX,{414260B2-5248-43AC-BBC1-CB1321EB6405},120500060505,0.34559163,Yes,{775F74EF-DCFB-4F3F-9AB2-C61BCA32F710}
306,1,330363,1112,Archer,Texas,48,009,48009,925.8,108,1080,27162,111302090501,Upper Lake Creek,0,TX,{4A100BEF-1B49-428F-9E45-9D5576B2F001},111302090502,0.26987939,Yes,{781EF72A-1AC8-4963-8BBC-06640B127265}
307,1,330281,1113,Knox,Texas,48,275,48275,855.4,99,1081,33043,120601010506,Mexican Creek-Millers Creek,0,TX,{16E83FF2-F283-454E-AD0D-1CE7E91DB4F8},120601010507,0.24989484,Yes,{21FC3704-FB52-46ED-BAF4-D7E63D0B7D13}
308,1,330281,1114,Baylor,Texas,48,023,48023,901,108,1082,33043,120601010506,Mexican Creek-Millers Creek,0,TX,{16E83FF2-F283-454E-AD0D-1CE7E91DB4F8},120601010507,0.24989484,Yes,{21FC3704-FB52-46ED-BAF4-D7E63D0B7D13}
309,1,330953,1115,Erath,Texas,48,143,48143,1089.8,130,1083,26138,120702010206,Upper Armstrong Creek,0,TX,{BEA3132E-9D5F-45F2-8CD3-D93BE5075EA0},120702010207,0.30063862,Yes,{B2D61D9C-AA9B-4FF9-974D-8E7CCE3CBC97}
310,1,330358,1116,Navarro,Texas,48,349,48349,1086.3,150,1084,12306,120301080404,Crab Creek,0,TX,{97757E19-CFD0-4C00-9D67-9C54C2AC501E},120301080405,0.14618653,Yes,{EF311631-A144-4250-AEE3-18FF448C135F}
311,1,330338,1117,Palo Pinto,Texas,48,363,48363,985.8,124,1085,11296,120602010808,Lower Barton Creek,0,TX,{A86D3C09-84BC-45C8-B80C-EC3ABF5725CF},120602010809,0.18637554,Yes,{B33C538E-AFBF-44A8-8DB2-B78C4FB52BDD}
312,1,330642,1118,Shackelford,Texas,48,417,48417,915.5,109,1086,22721,120601040107,Murphy Creek-Foyle Creek,0,TX,{2A38A565-AA51-4D7A-83FE-4C85CEFC81CC},120601040202,0.23222218,Yes,{85EE8FA9-3EDE-43FB-AF1D-69A758916C18}
313,1,330886,1119,Jones,Texas,48,253,48253,937.1,107,1087,26902,120601020803,Middle Deadman Creek,0,TX,{CEDF3700-E6D6-4E33-8326-69B66DFB1AE3},120601020806,0.23778699,Yes,{7976FFE8-D5AB-431E-BCF6-CA80471CE591}
314,1,330452,1120,Fisher,Texas,48,151,48151,901.7,98,1088,20952,120601020106,Outlet Cottonwood Creek,0,TX,{7FBF1A32-40D5-4856-B853-BBDA192C7556},120601020402,0.24227006,Yes,{1EE65AE5-ADA7-4766-829D-8FD5FF036F92}
315,1,330449,1121,Scurry,Texas,48,415,48415,907.5,97,1089,34340,120800020705,Canyon Creek,0,TX,{54BC3BF9-3EFB-47E6-BCF1-64BC427EE094},120800020706,0.26748008,Yes,{E272A958-07F0-47B0-BBF4-6B37B9B4C161}
316,1,330342,1122,Borden,Texas,48,033,48033,906,97,1090,34196,120800020501,Salt Draw-Bull Creek,0,TX,{B82FC7E0-2D79-44E9-B8E4-57EA881A2BAC},120800020502,0.25918185,Yes,{ED567A09-0BD7-4B0C-9882-D4440EBA981B}
317,1,330321,1123,Stephens,Texas,48,429,48429,921.5,120,1091,39686,120601050502,Upper Gunsolus Creek,0,TX,{16554D13-6689-495F-924A-E0D17B4C6D3B},120601050503,0.32905963,Yes,{0D1C2AF5-35D3-4E58-B626-9049828E3577}
318,1,330276,1124,Taylor,Texas,48,441,48441,919.3,102,1092,36580,120601020502,Upper Mulberry Creek,0,TX,{05004BA6-6720-4077-B81A-E359B9CB3FD4},120601020504,0.30699359,Yes,{44171FFA-2DC6-400A-982A-867FD4284925}
319,1,330288,1125,Howard,Texas,48,227,48227,904.2,101,1093,16352,120800070105,Powell Creek,0,TX,{AF66B130-48F0-4223-B324-0F224624BC75},120800070106,0.19208133,Yes,{3A8A2A59-85D7-44D7-9F78-6A606E8A3516}
320,1,330668,1126,Mitchell,Texas,48,335,48335,915.9,110,1094,13860,120800020706,Cedar Canyon-Colorado River,0,TX,{3CE3EC45-1AAA-45DC-8BCE-E28047F063FC},120800021001,0.20940958,Yes,{C6630E03-5009-4212-8F8F-48F4A8D6E8F7}
321,1,330286,1127,Nolan,Texas,48,353,48353,913.9,106,1095,25597,120800080103,Middle Big Silver Creek,0,TX,{FA7CCB76-1998-4522-B77D-A8F87718BE19},120800080104,0.27769717,Yes,{55DAE88B-3E1E-4D3E-8112-F8AD60C6DADC}
322,1,330371,1128,Kent,Texas,48,263,48263,902.9,128,1096,21429,120500070409,West Prong Duck Creek,0,TX,{7A312A13-E9FC-477B-84C3-2F689EC83B9B},120500070410,0.20725183,Yes,{F2615C06-B364-4C4D-8D0D-9DCB8BD854FE}
323,1,330548,1129,Stonewall,Texas,48,433,48433,920.2,103,1097,24955,120500040807,Moore Creek-Double Mountain Fork Brazos River,0,TX,{C14FCD22-52F3-4EDC-873A-3D028EE5AE38},120500040901,0.27313062,Yes,{F1E53E77-399B-4E93-82A3-BD71E9DC93D6}
324,1,330859,1130,Garza,Texas,48,169,48169,896.2,101,1098,25751,120500070107,Hensley Draw-Salt Fork Brazos River,0,TX,{BE521F32-453A-4434-9829-E7349F183000},120500070108,0.23883232,Yes,{C49DEB9B-83A5-4B7C-A972-6552CFC13507}
325,1,330298,1131,Haskell,Texas,48,207,48207,910.3,97,1099,11047,120601030204,Little Timber Creek,0,TX,{A115037B-F95B-4F7F-A524-72C728C954BA},120601030205,0.13672882,Yes,{AA8E4597-3448-474B-8A04-D2AE95D7A5EB}
326,1,330277,1132,Throckmorton,Texas,48,447,48447,915.5,104,1100,29899,120601010704,Bush Knob Creek,0,TX,{71A06B6C-ED5C-4C1D-8161-1AF3460E6E68},120601010706,0.26991062,Yes,{3B9235BE-EA73-47D6-BF96-5E2FF9BE7550}
327,1,330544,1133,Young,Texas,48,503,48503,930.8,115,1101,39843,120301010103,Dead Horse Creek-Brushy Creek,0,TX,{608B58ED-F087-4D90-8053-9C3347D49CD1},120301010107,0.37678315,Yes,{EFAD7A9C-B695-4D14-8125-3C21BA30D4EC}
328,1,330321,1134,Eastland,Texas,48,133,48133,931.9,111,1102,39686,120601050502,Upper Gunsolus Creek,0,TX,{16554D13-6689-495F-924A-E0D17B4C6D3B},120601050503,0.32905963,Yes,{0D1C2AF5-35D3-4E58-B626-9049828E3577}
329,1,330464,1135,Callahan,Texas,48,059,48059,901.3,107,1103,34978,120901070103,Upper South Prong Pecan Bayou,0,TX,{EBAFD440-78A1-413E-A920-4669297DD1E9},120901070104,0.25326944,Yes,{21FF8407-A306-430E-9CEF-2AFA40B562E8}
330,1,288590,1136,Comanche,Oklahoma,40,031,40031,1083.8,173,1104,11998,111302030507,111302030607-West Cache Creek,0,OK,{B9A3A63A-5C84-4FF5-8BE3-DAE53DF08C86},111302030607,0.17614033,Yes,{62BAD103-EAB3-40E4-ACF1-82D07C2D912A}
331,1,289676,1137,Jackson,Oklahoma,40,065,40065,803.9,71,1105,24522,111203030403,Quarts Mountain,0,OK,{7DA7F998-E4BC-44BC-AC4A-5F511DAD44C4},111203030404,0.27981629,Yes,{AD5720EC-83E2-4F93-B01E-EFC2577CD8E6}
332,1,330831,1138,Swisher,Texas,48,437,48437,900.7,86,1106,27317,111201040503,111201040503-Tule Creek,0,TX,{511F631B-76A7-4218-8D6E-AAC603E1A0C9},111201040504,0.22667585,Yes,{FF6398CD-4046-48DD-A76B-4066D2C8AD0A}
333,1,330500,1139,Briscoe,Texas,48,045,48045,901.6,109,1107,26559,111301030105,Middle Los Lingos Creek,0,TX,{719591A2-20D0-426C-A1B2-CAE0E208CA09},111301030106,0.25253214,Yes,{ACFCDCCB-B668-47CA-AA25-044C34974225}
334,1,330361,1140,Childress,Texas,48,075,48075,713.6,78,1108,26743,111201050502,Whites Creek-Prarie Dog Town Fork Red River,0,TX,{ADDA5A65-8699-4BA4-A2EC-0A149A6F3961},111201050503,0.25408767,Yes,{62B7EE65-4349-49C9-B740-4D852875AE4B}
335,1,330397,1141,Hall,Texas,48,191,48191,904.1,98,1109,29581,111201050205,Lower Indian Creek,0,TX,{0B3ADB92-242F-44B9-903B-B737813720ED},111201050206,0.24403131,Yes,{21871F94-8948-4483-8F71-B6E8C63BF503}
336,1,288610,1142,Tillman,Oklahoma,40,141,40141,879.4,73,1110,18131,111302030605,Upper Spring Creek,0,OK,{A03BE4B5-69F7-4441-861F-004702E89C8A},111302030607,0.18837723,Yes,{E6B0563C-3156-429D-814B-88CECEC38EDB}
337,1,330348,1143,Hardeman,Texas,48,197,48197,697,74,1111,41607,111301050111,Cottonwood Creek-Pease River,0,TX,{4A329D1D-AA3D-4897-8DA8-09C5BD0AE31D},111301050201,0.31697489,Yes,{66F7C3B0-C29F-4A14-9B29-F1FC0A1C2050}
338,1,330480,1144,Motley,Texas,48,345,48345,989.8,122,1112,20769,111301040206,Roaring Spring-Tongue River,0,TX,{DFC88CF7-F69C-4A70-9E48-13BE9F77F1A1},111301040210,0.23840886,Yes,{6580C09A-167C-4DC8-B5E0-72E9CB83DE8A}
339,1,330386,1145,Cottle,Texas,48,101,48101,901.6,108,1113,38929,111302040104,Willow Creek-North Wichita River,0,TX,{9A6D2762-18D1-4824-99BD-6C0052CA03DE},111302040108,0.30122654,Yes,{EFC47DC9-D7FC-4E01-9D5F-068D695DF98E}
340,1,330549,1146,Floyd,Texas,48,153,48153,992.5,102,1114,19945,111301040102,Cedar Hill,0,TX,{0613E0CB-557F-4409-8F6D-3C69B04733B5},CLOSED BASIN,0.21659093,Yes,{C136FC6F-86CF-4B45-A081-2185661F47E8}
341,1,330307,1147,Armstrong,Texas,48,011,48011,913.8,96,1115,30075,111201030111,South Cita Creek-Cita Creek,0,TX,{68AE63BC-433C-4763-BFBA-7975B518C7DE},111201030112,0.3061504,Yes,{675CAE69-2DE4-40AC-B1CB-47BCA440E827}
342,1,330511,1148,Collingsworth,Texas,48,087,48087,919.4,108,1116,28781,111202020104,McCormick Creek-Salt Fork Red River,0,TX,{56FA2D8C-84BB-4771-BC5C-B4E0088962E7},111202020108,0.24163615,Yes,{EFAC7EA7-12A2-4403-8063-5FBF4016F65C}
343,1,330808,1149,Donley,Texas,48,129,48129,933,118,1117,38267,111201030604,Betty Creek-Mulberry Creek,0,TX,{EAFDEEDE-71DE-4318-A170-E3C71E2EAF81},111201030606,0.36755501,Yes,{6306E6D6-9C5B-4EAA-BFEA-31DF9130CC6A}
344,1,288923,1150,Kiowa,Oklahoma,40,075,40075,1030.6,63,1118,10973,111203020408,111203020408 Unnamed Tributary,0,OK,{47D97407-76F3-4D77-ADFF-E8704EFE4110},111203020410,0.18797541,Yes,{0DEF8505-B292-4CAE-B83B-56E1BDA10F71}
345,1,288915,1151,Greer,Oklahoma,40,055,40055,643.7,46,1119,24685,111203020406,Boggy Creek-North Fork Red River,0,OK,{57F75D12-5632-4A10-883E-315164322163},111203020409,0.24685277,Yes,{0AB1E993-9114-4A3F-8C41-D419F44D8966}
346,1,290416,1152,Harmon,Oklahoma,40,057,40057,538.6,54,1120,21139,111203040204,Hackberry Creek-Elm Fork Red River,0,OK,{FFA5E98B-8CDE-429E-AA27-8BB5973BCF99},111203040206,0.25669492,Yes,{E50CE67D-1F63-4AF5-A11E-E9E23B799CD4}
347,1,288614,1153,Cotton,Oklahoma,40,033,40033,641.9,106,1121,20576,111302030606,Lower Pecan Creek,0,OK,{CA643DF9-2E05-45C7-A032-B9581D0315A7},111302030608,0.23360754,Yes,{0986F9E8-50F1-40C9-9499-05382DEBF727}
348,1,330437,1154,Wilbarger,Texas,48,487,48487,978.1,114,1122,37742,111301020203,China Creek,0,TX,{D84A1F08-DB08-4356-9FE7-132BBBECB012},111301020205,0.35820566,Yes,{C0440524-8510-40F8-B6D3-7BC6638F3F66}
349,1,330471,1155,Foard,Texas,48,155,48155,707.7,87,1123,26917,111302040207,Blue Hole Creek,0,TX,{A71407BE-9709-4069-BA9E-0D65DEE6139E},111302040208,0.28892595,Yes,{DFE632E2-4114-4C0A-80DF-E94A2320DCD2}
350,1,330437,1156,Wichita,Texas,48,485,48485,633,74,1124,37742,111301020203,China Creek,0,TX,{D84A1F08-DB08-4356-9FE7-132BBBECB012},111301020205,0.35820566,Yes,{C0440524-8510-40F8-B6D3-7BC6638F3F66}
351,0,288867,1157,Cleveland,Oklahoma,40,027,40027,558.7,55,1125,29779,111003020202,North Deer Creek,0,OK,{0AB83590-2C50-4C56-80E3-CD34A76E184E},111003020204,0.27117268,Yes,{E9623BB3-702A-4C86-8614-9F56FA2A64A6}
352,1,291574,1158,Coal,Oklahoma,40,029,40029,521.3,85,1126,21607,111401030103,Big Sandy Creek,0,OK,{7E561A72-441E-405C-ADB5-96A1648CE390},111401030105,0.26048099,Yes,{9259B8AC-8F79-4C5F-8031-18E325756C45}
353,1,288682,1159,Pushmataha,Oklahoma,40,127,40127,1422.8,197,1127,12874,111401050108,Tombstone Creek-Kiamichi River,0,OK,{3AB9B845-A791-4BCF-8DFC-4D3A676C91C1},111401050303,0.15621489,Yes,{9C75FA79-F615-4C38-A731-0F0A6AD2862C}
354,1,288690,1160,Atoka,Oklahoma,40,005,40005,990,142,1128,16330,111401050202,Mud Creek,0,OK,{80280625-AB52-4895-846F-F5D261E2F8CE},111401050203,0.1758119,Yes,{2A66D6A7-D5CF-4E19-9347-98400538ED1C}
355,1,288955,1161,Stephens,Oklahoma,40,137,40137,891.1,124,1129,21945,111302080101,Headwaters Little Beaver Creek,0,OK,{62352FD8-2726-4C38-A220-8AE9956DBE08},111302080103,0.2359693,Yes,{9020F4E5-9B62-47B7-8AF1-050C24E56C54}
356,1,289752,1162,Murray,Oklahoma,40,099,40099,424.9,59,1130,25525,111303030506,Eightmile Creek-Wildhorse Creek,0,OK,{3BC51B60-4F15-45CB-926B-6F01E00F5B3B},111303030507,0.2366892,Yes,{5E608F91-2E92-48AD-BA64-2ADA5C2E512D}
357,1,290504,1163,Johnston,Oklahoma,40,069,40069,658.3,82,1131,31498,111303040101,Oil Creek,0,OK,{7BBD9D6B-EB64-4FE8-AEBD-F0BA18546EB9},111303040104,0.32135028,Yes,{343249CC-3C53-4F0A-9689-719059D95E3A}
358,1,289708,1164,Carter,Oklahoma,40,019,40019,833.7,106,1132,23553,111302100101,Headwaters Hickory Creek,0,OK,{85FA6FAD-26E3-4B8C-8301-65AC45A9D0A8},111302100102,0.21309549,Yes,{58ED94BD-88DC-4C08-834B-7B94FF83F3E3}
359,1,289340,1165,Jefferson,Oklahoma,40,067,40067,773.8,103,1133,15953,111302080305,Lower Dry Creek,0,OK,{42E8A640-494E-44B0-A013-7FF7C40D8C2E},111302080307,0.17982285,Yes,{21F434B6-F9D0-406F-845B-8DAEFED7E3B6}
360,1,288380,1166,Marshall,Oklahoma,40,095,40095,427,51,1134,26947,111302100304,Delaware Bend-Red River,0,"OK,TX",{8DC3A17F-90F0-4973-B398-65EAD826FD77},111302100305,0.21876472,Yes,{8563369C-D9F2-40FD-BDFB-B9A609804C2C}
361,1,288361,1167,Love,Oklahoma,40,085,40085,531.9,78,1135,35240,111302010708,Fish Creek-Red River,0,"OK,TX",{88245418-F5AB-4481-8C4F-29C98412BEAE},111302100202,0.14623845,Yes,{B2A36100-18B0-438B-8752-E2AEF2572F66}
362,1,288634,1168,Grady,Oklahoma,40,051,40051,1105.2,91,1136,21028,111303030104,Lower Roaring Creek,0,OK,{5CB6BB44-64B8-46BC-8DF8-386FACC90C18},111303030107,0.21889959,Yes,{8DF3B77B-69AA-414F-AA58-046764415D4E}
363,1,288647,1169,McClain,Oklahoma,40,087,40087,579.7,44,1137,23010,111303030107,Colbert Creek-Washita River,0,OK,{F306CDB7-F585-4689-A9F9-114832CDD684},111303030109,0.21957411,Yes,{A1C72C00-7B91-4B71-8D3B-CB0AC960E478}
364,1,289767,1170,Pontotoc,Oklahoma,40,123,40123,725.5,98,1138,38550,111303030602,Rock Creek,0,OK,{B16D5835-18F0-4269-B2C5-822AC7E1EB74},111303030603,0.31979715,Yes,{0472C078-5AD0-451C-8E71-3AAB728BA954}
365,1,288647,1171,Garvin,Oklahoma,40,049,40049,813.7,107,1139,23010,111303030107,Colbert Creek-Washita River,0,OK,{F306CDB7-F585-4689-A9F9-114832CDD684},111303030109,0.21957411,Yes,{A1C72C00-7B91-4B71-8D3B-CB0AC960E478}
366,1,288422,1172,Pittsburg,Oklahoma,40,121,40121,1377.9,175,1140,11887,110902040309,Adamson-Gains Creek,0,OK,{B5F5579A-E08D-4EE2-B4DA-71CE0DF797D6},110902040602,0.16042839,Yes,{730C34D0-2E82-43F7-8BCE-838B84E96BF4}
367,1,288787,1173,Hughes,Oklahoma,40,063,40063,814.6,115,1141,36501,110902040502,Upper Coal Creek,0,OK,{EC8C946C-2791-429C-9094-664466BC0C68},110902040506,0.35548826,Yes,{018B98BD-AF8C-4ED3-A816-F9CBC11F1159}
368,1,288418,1174,Latimer,Oklahoma,40,077,40077,729.1,132,1142,15834,110902040308,Boiling Springs-Gains Creek,0,OK,{0CB16431-0A54-4CA4-8C7D-A9CCD8D96F7B},110902040309,0.2199596,Yes,{F1024074-A5DE-4E35-B702-9E5FBD63E819}
369,1,288390,1175,Bryan,Oklahoma,40,013,40013,943.4,121,1143,30664,111302100505,Denison Dam-Red River,0,"OK,TX",{2AE317E5-29AF-4866-B98C-0A0B12C46FC4},111401010201,0.21893109,Yes,{4BC61B76-4B1F-4081-B8C6-086A7510A97B}
370,1,288742,1176,Choctaw,Oklahoma,40,023,40023,800.7,112,1144,30103,111401010805,Palmer Lake-Red River,0,"OK,TX",{D6FF6C97-0D6A-4459-B647-F72E82737C44},111401010806,0.2824052,Yes,{EA32CC0C-61D1-44B7-87E3-CD768DBCF8A0}
371,1,330693,1177,Jack,Texas,48,237,48237,920.1,120,1145,14805,120301010302,Hall Creek-West Fork Trinity River,0,TX,{6327526D-E102-4EDF-9D77-A382F0DB724C},120301010304,0.25329457,Yes,{C190705B-08A5-4066-976D-DCA898C91B6F}
372,1,330366,1178,Collin,Texas,48,085,48085,886.2,120,1146,18376,120301060207,Lower Wilson Creek,0,TX,{543482E6-8DB2-43BF-9E7C-11E8C7269C3B},120301060208,0.23918772,Yes,{92DC2484-79E3-4394-BBEF-88F9FCD198CB}
373,1,330434,1179,Wood,Texas,48,499,48499,695.8,96,1147,38200,120100020204,Gunstream Lake-Big Sandy Creek,0,TX,{22404D84-D176-4BD4-B88D-E3367416A25B},120100020205,0.2628629,Yes,{B35B24E3-F433-44CB-B6F4-21DD7AFB3EB1}
374,1,330390,1180,Parker,Texas,48,367,48367,909.5,117,1148,13132,120301020204,Squaw Creek-Clear Fork Trinity River,0,TX,{A0CF0D03-D5B9-45E4-91A8-AD4E9B86141E},120301020208,0.18486722,Yes,{AF65488A-5D9D-4411-970F-03F5F0FD99A3}
375,1,330347,1181,Tarrant,Texas,48,439,48439,897.6,130,1149,38016,120301010605,Blue Creek-Eagle Mountain Lake,0,TX,{CFB95241-1D0F-4B7E-86CE-95A54ADAE8ED},120301010606,0.27372311,Yes,{521C7F81-9147-4FCD-9815-E579ABF78FD4}
376,1,330485,1182,Dallas,Texas,48,113,48113,907.7,123,1150,21201,120301031003,Indian Creek-Elm Fork Trinity River,0,TX,{B1BD2708-A087-4317-972E-39E0AFA07807},120301031004,0.20762903,Yes,{019736A5-0C0E-4260-82CC-F97738D8E16D}
377,1,330804,1183,Rains,Texas,48,379,48379,259,42,1151,25221,120100030102,Arr Branch-Lake Fork Creek,0,TX,{348A291D-FBF5-414E-863B-35285CD26190},120100030103,0.26629506,Yes,{928B50BA-1E6C-4467-BCCA-9D0B222093CB}
378,1,331571,1184,Gregg,Texas,48,183,48183,276.3,43,1152,24066,120100020505,Grace Creek,0,TX,{7E29D06B-0915-41BE-A022-BE88A3FA6CC7},120100020506,0.2185835,Yes,{9823C811-7197-4B69-BB5C-E60FF2926B17}
379,1,331552,1185,Johnson,Texas,48,251,48251,733.8,80,1153,28785,120602011302,Wilson Creek-Brazos River,0,TX,{17FE40A1-4689-4E61-9356-A876914B2629},120602011303,0.25062943,Yes,{E9E07A9B-A0B4-4E3B-8EB1-5D25B9147A22}
380,1,331552,1186,Hood,Texas,48,221,48221,437,52,1154,28785,120602011302,Wilson Creek-Brazos River,0,TX,{17FE40A1-4689-4E61-9356-A876914B2629},120602011303,0.25062943,Yes,{E9E07A9B-A0B4-4E3B-8EB1-5D25B9147A22}
381,1,330349,1187,Ellis,Texas,48,139,48139,951.9,131,1155,14285,120301090304,Middle Waxahachie Creek,0,TX,{8983D7FF-8D1F-4A20-ACC5-C950AFAB056C},120301090306,0.1758217,Yes,{42A451F8-37A9-4136-BF9E-9EFB3D1B0D75}
382,1,331168,1188,Somervell,Texas,48,425,48425,192,28,1156,36557,120602020111,Bowden Branch-Paluxy River,0,TX,{0636DE73-B826-49BD-9B0C-4A9A42C2F528},120602020302,0.27190202,Yes,{6BDFB8BB-6512-46E2-9617-09A79426660C}
383,1,330347,1189,Wise,Texas,48,497,48497,922.7,113,1157,38016,120301010605,Blue Creek-Eagle Mountain Lake,0,TX,{CFB95241-1D0F-4B7E-86CE-95A54ADAE8ED},120301010606,0.27372311,Yes,{521C7F81-9147-4FCD-9815-E579ABF78FD4}
384,1,330411,1190,Denton,Texas,48,121,48121,958.2,126,1158,37047,120301040206,Oliver Creek,0,TX,{4995E80F-1595-444F-873C-ADA4ED5D81A0},120301040303,0.36301014,Yes,{64D034B8-4CAF-42B6-BC59-B4C5964EFB62}
385,1,330939,1191,Delta,Texas,48,119,48119,277.9,48,1159,32198,111403010306,Maxwell Creek-North Sulphur River,0,TX,{1F5746EE-D600-4536-8315-65F2D31A473F},111403010308,0.26821886,Yes,{AD7D215C-E395-4C88-941D-7DA2122C5039}
386,1,330768,1192,Hunt,Texas,48,231,48231,881.8,104,1160,28296,111403010201,Middle Sulphur River,0,TX,{CC35AE5D-81CB-42F3-AA61-5BAC1FA2F6A4},111403010203,0.26483843,Yes,{B63D0792-ABFB-4C17-82D1-391EB78CD811}
387,1,330561,1193,Titus,Texas,48,449,48449,425.7,53,1161,42223,111403030206,Lacy Creek-White Oak Creek,0,TX,{E45AD1BE-4724-47E0-8106-44F6A53E9198},111403030207,0.48800689,Yes,{636DAF6C-CF16-4C0E-BE08-D488F5402CDF}
388,1,330789,1194,Franklin,Texas,48,159,48159,294.8,44,1162,21738,111403030204,Lewis Creek-White Oak Creek,0,TX,{86781173-AE47-47AD-856C-78BBAB50ADA8},111403030206,0.22299698,Yes,{F85A3A36-3CE0-42F0-B159-E217C0D2E49F}
389,1,330306,1195,Hopkins,Texas,48,223,48223,793.1,99,1163,20918,111403030109,Stouts Creek,0,TX,{7C9067D8-761D-4ADD-A295-6599D17DB94E},111403030111,0.23191595,Yes,{BA7CD2D2-B83B-4D5A-94C4-E88C2FA30BAC}
390,1,331220,1196,Camp,Texas,48,063,48063,203.2,31,1164,11152,111403050203,Jakes Creek-Big Cypress Creek,0,TX,{902C1806-E453-4330-90BE-763E4764F166},111403050204,0.1662514,Yes,{EF91FE60-1297-46AA-A9A8-0EC9A60E2B96}
391,1,331419,1197,Rockwall,Texas,48,397,48397,148.8,23,1165,15497,120301060409,Rowlett Creek-East Fork Trinity River,0,TX,{D746AF7D-D942-40C8-8C65-559D78C6C17A},120301060503,0.1565021,Yes,{F66F9DF3-A125-4E1D-8A4E-9D4F49A175C1}
392,1,330760,1198,Upshur,Texas,48,459,48459,592.8,82,1166,21974,111403050402,Meddlin Creek,0,TX,{40EF2B10-C2BF-445E-8609-AB4711CCAB45},111403050404,0.248039,Yes,{72956883-9ABD-42E7-821A-47D3C6043449}
393,1,330323,1199,Kaufman,Texas,48,257,48257,806.4,122,1167,15754,120301070202,Rocky Cedar Creek,0,TX,{DDD7EF74-A4B0-419C-B3B3-9F8783E6132F},120301070203,0.20857433,Yes,{2A026718-5DF7-48BF-9268-E6851284F31D}
394,1,330426,1200,Van Zandt,Texas,48,467,48467,859.4,97,1168,26331,120200010202,Pottawatomie Creek-Kickapoo Creek,0,TX,{87C624FF-4103-4C9D-ADBB-89D4DA7ABABD},120200010204,0.21323932,Yes,{40355690-B861-4F58-89EA-2F07E90DB262}
395,1,330309,1201,Smith,Texas,48,423,48423,949.9,106,1169,24450,120200010102,Horsley Creek,0,TX,{8EC2CB72-4A76-4A99-9308-3AD88BC670DF},120200010103,0.22349858,Yes,{927F1B66-C798-4F8D-AB48-6994EBF8585B}
396,1,330326,1202,Henderson,Texas,48,213,48213,949.1,118,1170,16662,120301050406,Headwaters Bois d'Arc Creek,0,TX,{91C7D89E-D8F3-4324-A9DE-9208C7CDD278},120301050407,0.17556917,Yes,{BA8F411E-082F-48FB-B122-30585A6B2641}
397,1,265979,1205,Hyde,North Carolina,37,095,37095,692,26,1173,36279,030102050204,Old Canal-Scuppernong River,0,NC,{D2E81033-1968-4472-A24D-61E7D23E5B63},030102050205,0.27342005,Yes,{1FD6D7FA-A922-46F5-8582-0150D16B4FF0}
398,1,116930,1206,Tattnall,Georgia,13,267,13267,488.2,58,1174,49995,030701060204,Slaughter Creek-Altamaha River,0,GA,{F189E46B-8455-42EF-B961-389D872BFE0F},030701060308,0.44169113,Yes,{0364C01E-D657-42F5-B85C-16735AE69C26}
399,1,74243,1207,White,Arkansas,05,145,05145,1042.2,72,1175,26889,080203010502,Outlet Raft Creek,0,AR,{92040FE2-B48A-417A-B738-1E2285F9063F},080203010503,0.33593069,Yes,{3716B6F0-E790-4F23-AA67-63832D3DE580}
400,0,326018,1208,Shelby,Tennessee,47,157,47157,783.7,19,1176,22679,080101000704,Cow Island Bend-Mississippi River,0,"AR,MS,TN",{0755F02B-3E9D-4870-87CF-714C84A07944},080201000102,0.23662652,Yes,{00A56672-2978-4D06-BA6B-2BF937457B91}
401,1,74115,1209,Conway,Arkansas,05,029,05029,566.7,71,1177,24188,111102030201,Mountain View-East Fork Point Remove Creek,0,AR,{ADCB7E02-398A-4C8A-B979-365D6739C8F8},111102030202,0.24413935,Yes,{8612F189-D515-4443-94C9-92305459CE7F}
402,1,73995,1210,Sebastian,Arkansas,05,131,05131,545.9,85,1178,26791,111102010101,Upper Vache Grasse Creek,0,AR,{AAA869AC-F2D6-4C33-89C2-0CD66908F841},111102010102,0.24935976,Yes,{B7E10D0B-CBED-4444-8F43-BF316D241618}
403,1,74138,1211,Cross,Arkansas,05,037,05037,622.3,27,1179,35408,080202050403,Lick Creek-L'Anguille River,0,AR,{6E6C23C3-81BA-4F85-9525-1FFE028413C5},080202050409,0.32511855,Yes,{4307E746-EB7A-4458-8FEF-0E96D0D5D3E8}
404,1,74257,1212,Woodruff,Arkansas,05,147,05147,594.1,53,1180,17039,080203020707,Gum Flat Bayou,0,AR,{79A813B1-7325-47A4-A24F-309F9A482AA6},080203020708,0.33560505,Yes,{CB1C9A1B-3682-4B79-8E49-55883EBACCA7}
405,1,285877,1213,Le Flore,Oklahoma,40,079,40079,1608,242,1181,27537,111101040609,Cherokee Chute-Arkansas River,0,"AR,OK",{B6698E18-D190-4D9D-8993-857592DEE629},111101040612,0.27526494,Yes,{BCFB8709-C2DA-4EEF-9987-04F613889C28}
406,1,1097,1214,Franklin,Alabama,01,059,01059,646.5,16,1182,31143,060300050301,Rock Creek-Mud Creek,0,AL,{C956CB7C-DAE7-4319-A36E-CE8D005B99B8},060300050302,0.28963539,Yes,{A49C705C-1B47-4DF0-9F1A-2C5242E67D95}
407,1,74010,1215,Arkansas,Arkansas,05,001,05001,1033.8,113,1183,32294,080204010404,Saw Mill Bend Cutoff-Lower Arkansas Outlet,0,AR,{FAD199CC-58EA-48CB-A794-D76BDC0EF67B},080204010405,0.26182317,Yes,{8C67A987-7285-430B-91BA-58037B61C763}
408,1,74007,1216,Desha,Arkansas,05,041,05041,819.5,78,1184,45840,080500020201,Canal No. 43,0,AR,{E2A227CE-4BCC-4531-BCC6-278BF1CA6E61},080500020203,0.46649911,Yes,{AC484842-FAF1-47DA-B2DF-A3DE326B72AC}
409,1,200290,1217,Bolivar,Mississippi,28,011,28011,905.8,75,1185,133125,080201000200,80201000200,0,"AR,MS",{DAC5F2CB-DF81-4AE4-8A15-BBDFC1625737},080201000302,0.58738359,Yes,{28AE27FE-BF22-4A5D-987C-412C2D5D34C1}
410,1,2049,1218,Lamar,Alabama,01,075,01075,605.5,51,1186,32795,031601030306,Lost Creek-Buttahatchee River,0,"AL,MS",{2A608A9B-77D4-40A4-84BF-5B7EE7F17B0A},031601030601,0.22741505,Yes,{169944BF-0D6D-4446-8B31-65C9A97AFFBE}
411,1,74020,1219,Hempstead,Arkansas,05,057,05057,741.4,99,1187,31301,080401030602,Pate Creek-Terre Rouge Creek,0,AR,{EB0A4480-9147-421F-A5CD-C8E07279422B},080401030605,0.38349321,Yes,{3C48C661-2EC5-4640-96AD-26602C8B8795}
412,1,200548,1220,Sunflower,Mississippi,28,133,28133,707.2,36,1188,15621.99435,080302070801,Little Jack Bayou,0,MS,{20C4055F-69FF-4CA9-A53C-460B1303ECB1},080302070803,0.24216789,Yes,{910B78B4-347E-42CD-B014-7C4BF3CEF9B3}
413,1,73992,1221,Nevada,Arkansas,05,099,05099,620.8,86,1189,12405,080401030905,Lower White Oak Creek,0,AR,{9F4F91FD-47A8-4E39-89D1-9A15CC984AA6},080401030907,0.21724231,Yes,{BF4D29EB-165C-458A-B7D8-376C00E3AAE5}
414,1,74203,1222,Little River,Arkansas,05,081,05081,564.9,72,1190,40038,111401091103,Millwood Lake,0,AR,{CCAA468C-A5C5-48C9-9C17-B6C7D6199838},111401091202,0.30346602,Yes,{50D70CDF-9E52-4FA0-9C04-97A520A96DB1}
415,1,73992,1223,Ouachita,Arkansas,05,103,05103,739.6,102,1191,12405,080401030905,Lower White Oak Creek,0,AR,{9F4F91FD-47A8-4E39-89D1-9A15CC984AA6},080401030907,0.21724231,Yes,{BF4D29EB-165C-458A-B7D8-376C00E3AAE5}
416,1,200538,1224,Leflore,Mississippi,28,083,28083,606.3,58,1192,31145.64281,080302070802,Lake Henry,0,MS,{D39ACF87-BAA3-48F2-9D1D-EDF8B85AE7EF},080302070803,0.32374766,Yes,{09917984-BDA3-40CA-98E1-C642CC09F908}
417,1,197276,1225,Clay,Mississippi,28,025,28025,416,56,1193,20347,031601011301,Fuller Creek-Town Creek,0,MS,{6F74FB13-9ED3-4F9D-A1EA-A1621D5BFC50},031601011302,0.21285739,Yes,{987946CA-9E3A-4E39-9631-924630D3687A}
418,1,74080,1226,Calhoun,Arkansas,05,013,05013,632.5,88,1194,35483,080402010701,Little Two Bayou-Two Bayou,0,AR,{D5A59AF6-DBD9-4E05-9802-D77F36C7EBF6},080402010702,0.26347984,Yes,{BB228534-0383-474C-B553-19F954AFE273}
419,1,170193,1227,Franklin,Louisiana,22,041,22041,635.4,83,1195,21233,080500011004,Cow Bayou-Big Creek,0,LA,{7CD63C2B-9F56-46FA-94CD-128752131BC4},080500011006,0.24564957,Yes,{ED75E98A-E658-4A85-818D-9C99B6F2B8C0}
420,1,330491,1228,Rusk,Texas,48,401,48401,938.6,112,1196,35002,120200040301,McNeil Creek-Bowles Creek,0,TX,{E7B8CE2A-E18D-4BB9-AB92-2F970B034919},120200040302,0.2686497,Yes,{554E70B6-0D34-46BC-978C-589283D687D3}
421,1,168427,1229,De Soto,Louisiana,22,031,22031,894.6,125,1197,25858,120100040302,Bushneck Bayou,0,LA,{7809FAF4-5548-46B9-B754-C8ECCC21FE20},120100040303,0.26701206,Yes,{546F4EB7-5BA1-4759-9D38-4F714805C190}
422,1,168051,1230,Red River,Louisiana,22,081,22081,402.1,63,1198,14910,111402090302,Mill Creek,0,LA,{AD2EFB15-8325-4821-B313-2050D2CD3C2F},111402090304,0.17487421,Yes,{F783288B-F0A5-4305-B87C-EA20E5F125AF}
423,1,74001,1231,Drew,Arkansas,05,043,05043,835.7,94,1199,29351,080402040403,Brown Creek,0,AR,{425E1DB5-73ED-4A15-AD30-A04688EF7B34},080402040406,0.23513976,Yes,{A933B9E3-45B2-454F-8CA5-74633441F38F}
424,1,167529,1232,Caddo,Louisiana,22,017,22017,936.4,124,1200,15137,111402010504,Stillhouse Bayou-Red River,0,"AR,LA",{E79BC399-1AC6-4F8B-8075-31FEDFC8C13C},111402020101,0.23315158,Yes,{06BCA9EE-D31A-488C-8CC3-5D1141FBA0E2}
425,1,167522,1233,Bossier,Louisiana,22,015,22015,867.2,106,1201,22922,111402010501,Upper Posten Bayou,0,"AR,LA",{DEC7CC12-E3E9-4F87-9AC9-68C90ED7EBCA},111402010503,0.10337134,Yes,{FC9C78E4-BB76-4BCE-A7ED-2E0BDA30D0F5}
426,1,167533,1234,Webster,Louisiana,22,119,22119,615.1,83,1202,24587,111402030204,Little Crooked Creek-Crooked Creek,0,"AR,LA",{5829C5BC-0BA6-4CE9-9D01-5C62506A2094},111402030208,0.15940411,Yes,{9A4368C1-B54B-4EF5-8C10-8833E02824AF}
427,1,167481,1235,Claiborne,Louisiana,22,027,22027,767.5,88,1203,28685,080402060106,Beene Creek-Little Cornie Bayou,0,"AR,LA",{60E91819-BD28-4948-8DFE-8914CA8660E5},080402060107,0.23851681,Yes,{BDFC60EC-A0DA-4296-B006-2290BB649445}
428,1,167449,1236,Union,Louisiana,22,111,22111,905.3,110,1204,30747,080402020301,Frank Lapere Creek,0,"AR,LA",{04F340F7-B3AA-4A06-9B74-BDBD6DB3139C},080402020304,0.23817466,Yes,{C215C48E-1E8B-4673-9D32-79859CEEC5E2}
429,1,167451,1237,Morehouse,Louisiana,22,067,22067,805.2,102,1205,26620,080402020401,Snake Creek,0,"AR,LA",{A4CA0422-5B81-45EE-813F-601D7C897224},080402020404,0.14703581,Yes,{F8A26DB6-F23D-490E-9ED1-938C022C6F09}
430,1,167503,1238,West Carroll,Louisiana,22,123,22123,360.3,20,1206,29887,080500010502,Caney Bayou,0,"AR,LA",{0D13BA7C-BE42-42B4-8F05-2FD772070FF0},080500010503,0.17060468,Yes,{201B885A-7BEA-4E5E-AB7D-B3A0444FC5C2}
431,1,167649,1239,Bienville,Louisiana,22,013,22013,821.8,126,1207,39230,080402060701,Sugar Creek,0,LA,{A4756BBA-80FE-4FD8-A859-036F8FCE280F},080402060705,0.3164792,Yes,{93651835-7632-4E9B-BE74-24A09F87FA5C}
432,1,330278,1240,Panola,Texas,48,365,48365,821.3,109,1208,29708,120100021007,Henderson Creek-Brushy Creek,0,TX,{6565685A-217B-4B08-BD51-257A1DB9463C},120100021008,0.34280392,Yes,{43CFC695-5A72-4699-BABE-3F6B3C2E8820}
433,1,168075,1241,Caldwell,Louisiana,22,021,22021,540.7,79,1209,25325,080402070205,Cypress Creek,0,LA,{0D9A2E9A-DB3C-45C3-85ED-0A2B19E03BA1},080402070206,0.24112189,Yes,{17D718C3-9BE9-442B-B024-9720A5601EFA}
434,1,330285,1242,Marion,Texas,48,315,48315,420.4,73,1210,14216,111403050405,Johnson Creek-Big Cypress Creek,0,TX,{C0F01E13-1583-447C-A9D4-2519BBDA7A89},111403050406,0.19855782,Yes,{CE91A8CC-B8EE-4A63-979E-1FE252D818A3}
435,1,330354,1243,Harrison,Texas,48,203,48203,915.1,120,1211,17369,120100020701,Upper Potters Creek,0,TX,{F5CE9E3B-E354-4701-9AF9-CAA755B6F4C3},120100020702,0.19310063,Yes,{93C4C305-3EFA-4D1B-AA1B-0601B2E1EB99}
436,1,330520,1244,Bowie,Texas,48,037,48037,922.8,120,1212,21212,111403020701,Akin Creek,0,TX,{0795E324-4027-4057-B1B3-89D11E093062},111403020703,0.22194116,Yes,{E50683EE-6BE4-4FE6-936E-C99FA0942461}
437,1,74002,1245,Miller,Arkansas,05,091,05091,637.5,81,1213,18741,111403040101,West Fork Kelly Bayou,0,"AR,LA",{5A06B6B9-D13C-4653-BB0F-3775907222E6},111403040103,0.20353327,Yes,{F58E7D46-5AA8-4F1A-86A6-3F839D89AD2C}
438,1,74032,1246,Lafayette,Arkansas,05,073,05073,545.1,78,1214,23879,111402050203,Heirs Branch-Bodcau Creek,0,AR,{B05E99ED-0BB1-417F-BFAA-A31F44E584A6},111402050205,0.24336687,Yes,{BE54FB52-A7F2-4BF2-977D-8D451867D8C5}
439,1,74000,1247,Columbia,Arkansas,05,027,05027,766.9,96,1215,16300,080402060104,Hurricane Creek-Cornie Bayou,0,AR,{8B7ADD48-D936-4863-8621-C17DFD61578B},080402060105,0.19025326,Yes,{40925906-4473-4309-BCC4-183BF47F1D06}
440,1,330747,1248,Morris,Texas,48,343,48343,258.6,34,1216,35486,111403030208,Village Creek-White Oak Creek,0,TX,{67BAD504-8DA7-4E9B-AE51-751D106ED28F},111403020404,0.30134612,Yes,{1444CE35-1C54-4981-B3BC-B34E0CC1DDB9}
441,1,331084,1249,Cass,Texas,48,067,48067,960.3,113,1217,9554,111403060302,Colley Creek,0,TX,{1B4C677A-D652-49EF-AB2E-28C6AFBC4AF3},111403060303,0.14474334,Yes,{B3DB0D0A-7B8E-4F6B-9155-ED1121165737}
442,1,74067,1250,Bradley,Arkansas,05,011,05011,654.4,90,1218,19815,080402040604,Spring Hill Creek-L'Aigle Creek,0,AR,{916CFC68-72DB-4532-B334-E9375E23D5C1},080402040607,0.24721626,Yes,{13683EEA-093B-4A1F-8D80-EA5AE5FAF9B3}
443,1,73989,1251,Ashley,Arkansas,05,003,05003,939.1,116,1219,22492,080500010703,Camp Bayou Canal-Boeuf River,0,"AR,LA",{BA0F929A-9CF3-46A9-9ABA-42E6FD837B7F},080500010706,0.25406523,Yes,{345E17B5-50D1-4B6B-B3F2-D963471126C9}
444,1,73993,1252,Union,Arkansas,05,139,05139,1055.3,142,1220,14047,080402020402,Sleep Bank Creek,0,"AR,LA",{71FE26C2-F406-4F97-8918-2D9C2FBBC081},080402020404,0.18562263,Yes,{9A67AB3F-1816-4842-A899-2634704932E8}
445,1,167641,1253,Lincoln,Louisiana,22,061,22061,472.3,64,1221,23338,080402060605,Cane Creek-Middle Fork Bayou D'arbonne,0,LA,{9792FD1C-1CCE-4A5E-970D-2C14AF43B210},080402060606,0.22327049,Yes,{ED8F0994-15B7-4CEC-A791-60C4B492D813}
446,1,167581,1254,Ouachita,Louisiana,22,073,22073,632.7,86,1222,27168,080402020705,Jones Bayou-Ouachita River,0,LA,{6737227B-8154-4704-8940-A26E4071B500},080402070202,0.52854921,Yes,{E76ED584-1116-488A-9829-164BE54EE029}
447,1,169736,1255,Richland,Louisiana,22,083,22083,564.5,80,1223,19346,080500010602,Lower Bayou Bonne Idee,0,LA,{CA9B112D-ADDB-4F68-B0CA-A661B84BA6CE},080500010707,0.25955396,Yes,{D0F5BACA-D563-489B-A477-75D84013DE3D}
448,1,167681,1256,Jackson,Louisiana,22,049,22049,580.3,79,1224,33325,080402060801,South Choudrant Creek,0,LA,{E173FAED-E794-4EF6-9847-887D96BB9F0B},080402060802,0.31409612,Yes,{D118B13B-C0B7-4AF7-90CA-BA16DE743362}
449,1,74027,1257,Logan,Arkansas,05,083,05083,731.5,102,1225,26269,111102040202,Scotts Creek-Petit Jean River,0,AR,{A2BBD9B2-5F54-41E3-8B4A-409E58100C7E},111102040205,0.26902076,Yes,{ED978CD2-B110-4640-ADEA-72D17FC45925}
450,1,74180,1258,Perry,Arkansas,05,105,05105,560.6,87,1226,35151,111102070106,Reece Creek-Maumelle River,0,AR,{D5545597-A3AF-4BF6-94B3-43DF5C7B8D50},111102070107,0.28857832,Yes,{64977F6E-C564-43D5-86B6-51AF661454D4}
451,1,73991,1259,Saline,Arkansas,05,125,05125,730.5,93,1227,25940,111102070303,Clear Creek-Rennington Bayou,0,AR,{84C35911-3824-4428-A328-CB74441EEA7D},111102070405,0.2584537,Yes,{2231165C-08B3-4E09-AE64-D0BBB7320CB4}
452,1,73985,1260,Garland,Arkansas,05,051,05051,734.6,86,1228,27968,080401010503,Upper North Fork Ouachita River,0,AR,{8F914E6D-A165-4437-BDDE-C50B72362DB3},080401010504,0.28301582,Yes,{6664F52C-6906-44F4-B3AE-F4E89A736910}
453,1,74034,1261,Montgomery,Arkansas,05,097,05097,800.3,104,1229,19959,080401010501,Upper Irons Fork,0,AR,{EBD0A9EE-350E-4D2B-9F50-69C0DC376FB8},080401010502,0.20099529,Yes,{B3D0DED8-0DF1-40E4-96E5-D63E5E44382C}
454,1,74008,1262,Polk,Arkansas,05,113,05113,862.4,109,1230,34712,111401090402,Headwaters Cossatot River,0,AR,{4DD91A77-0E2D-4B60-8BD6-8428CEBD8E4C},111401090403,0.32003227,Yes,{E015229A-3AEE-49C0-B479-60684EA7DE84}
455,1,73982,1263,Hot Spring,Arkansas,05,059,05059,622.2,93,1231,23455,080401020504,Middle L'Eau Frais Creek,0,AR,{91B6C159-D854-41D3-8E30-90CD10BC2EFA},080401020505,0.26142012,Yes,{CF15B728-DB52-4B9B-A82D-8FE36F1321E0}
456,1,74009,1264,Clark,Arkansas,05,019,05019,882.6,125,1232,29619,080401030809,Terre Noire Creek Outlet,0,AR,{1F71820D-5CD7-476D-AE69-DA8F1710917D},080401030908,0.23534362,Yes,{543C5B72-949F-4F41-8400-DA483C8A77EB}
457,1,74162,1265,Howard,Arkansas,05,061,05061,595.2,82,1233,27232,111401091001,Upper Mine Creek,0,AR,{B7DDE991-9C62-4138-819F-D7B3886760FE},111401091002,0.25926411,Yes,{3648B35E-57A7-4605-90D8-034FCB13E7FB}
458,1,74087,1266,Pike,Arkansas,05,109,05109,613.9,89,1234,15143,080401030503,Saline Creek,0,AR,{485DBCA8-9FD9-466B-AFA3-459D8E6C040B},080401030505,0.25835727,Yes,{6C3E3494-BB92-4094-997E-2DBEC6FFAB3F}
459,1,74084,1267,Sevier,Arkansas,05,133,05133,581.3,70,1235,16683,111401090202,Cane Creek,0,"AR,OK",{6CCC109E-927F-4AA7-BDAE-FC9F66B4B2CC},111401090204,0.19272679,Yes,{DA96181A-F163-4161-9679-EDD1D1BD55C1}
460,1,74034,1268,Yell,Arkansas,05,149,05149,948.8,132,1236,19959,080401010501,Upper Irons Fork,0,AR,{EBD0A9EE-350E-4D2B-9F50-69C0DC376FB8},080401010502,0.20099529,Yes,{B3D0DED8-0DF1-40E4-96E5-D63E5E44382C}
461,1,74016,1269,Scott,Arkansas,05,127,05127,898.2,126,1237,24534,111101050302,East Shadley Creek-Poteau River,0,"AR,OK",{132CE293-6A14-4D17-8B77-326097935957},111101050303,0.24391577,Yes,{DEAEDECD-4085-424A-9497-5B7122EAB048}
462,1,74040,1270,Faulkner,Arkansas,05,045,05045,664.2,26,1238,22236,111102030405,Little Palarm Creek-Palarm Creek,0,AR,{1D101988-501F-4149-A3FA-730F93AF7FD8},111102030507,0.21102214,Yes,{439F98FD-7983-4656-86D3-38BA8FB99BF6}
463,1,74094,1271,Prairie,Arkansas,05,117,05117,675.7,53,1239,31775,080203010506,Miller Creek-White River,0,AR,{E5C1F72F-C02F-4F46-B7EC-D5A6C531B195},080203030502,0.23168387,Yes,{A356D6CD-683B-465B-A8E5-31F0F1D707C0}
464,1,74430,1272,Lonoke,Arkansas,05,085,05085,803.1,3,1240,22492,080204020304,Lower Crooked Creek,0,AR,{735132E9-3A1B-44C2-8739-FAC544F29A87},080204020305,0.2686687,Yes,{C982A301-3240-4413-AC93-02699E453E6F}
465,1,74037,1273,Pulaski,Arkansas,05,119,05119,806.8,58,1241,35298,111102070401,White Oak Bayou,0,AR,{860AB49B-62FC-4D79-9265-C926EC3FEFFE},111102070402,0.33343962,Yes,{15A97B3C-BB55-43DA-BF9B-AFAF833D7423}
466,1,74051,1274,Grant,Arkansas,05,053,05053,633,79,1242,31207,080402030403,Simpson Creek,0,AR,{FC42629B-C9A5-4046-87C7-37DDD0355FB3},080402030404,0.2836719,Yes,{D191494A-EF2E-4B6B-AB63-A8443E1E2F0D}
467,1,74051,1275,Jefferson,Arkansas,05,069,05069,914,86,1243,31207,080402030403,Simpson Creek,0,AR,{FC42629B-C9A5-4046-87C7-37DDD0355FB3},080402030404,0.2836719,Yes,{D191494A-EF2E-4B6B-AB63-A8443E1E2F0D}
468,1,74072,1276,Lincoln,Arkansas,05,079,05079,572.2,73,1244,23082,080402050302,Bradshaw Brake-Fish Lake,0,AR,{49B2BA85-BE39-4522-97AD-CD44604CD200},080402050303,0.21342702,Yes,{D3639475-257B-424A-A125-6A7B43248BE8}
469,1,74086,1277,Dallas,Arkansas,05,039,05039,668.2,97,1245,23706,080402010104,Guice Creek-Moro Creek,0,AR,{64BCE85B-ECBB-4A78-8458-BC7114B80B09},080402010105,0.32054192,Yes,{829CED84-BFEE-4089-80EE-87321B542CB5}
470,1,74072,1278,Cleveland,Arkansas,05,025,05025,598.8,80,1246,23082,080402050302,Bradshaw Brake-Fish Lake,0,AR,{49B2BA85-BE39-4522-97AD-CD44604CD200},080402050303,0.21342702,Yes,{D3639475-257B-424A-A125-6A7B43248BE8}
471,1,74594,1279,Crittenden,Arkansas,05,035,05035,636.7,30,1247,18679,080202031402,Tenmile Bayou Headwaters,0,AR,{7EF84718-0DFC-42DF-AD4E-80E714812E2A},080202031404,0.18548203,Yes,{5BE78409-F81B-470B-9A3C-552A0C1C28F0}
472,1,326316,1281,Hardin,Tennessee,47,071,47071,596.3,2,1249,20409,060300051107,Yellow Creek-Pickwick Lake,0,"MS,TN",{8C06632D-0DD7-46ED-B24E-8EC066F65625},060300051203,0.07600437,Yes,{7814A645-647A-47A9-8945-B50C04C33BA0}
473,1,326317,1283,McNairy,Tennessee,47,109,47109,560.8,7,1251,28485,060400010501,Sevenmile Creek-Chambers Creek,0,"MS,TN",{FA113D15-B8B7-4995-9B13-9B7EA95202B0},060400010502,0.19929438,Yes,{7CDD379B-FECC-486B-BACB-B99C7CCD9612}
474,1,74690,1284,Monroe,Arkansas,05,095,05095,621.4,52,1252,21178,080203030507,Hill Bayou-Indian Bayou,0,AR,{74A4C513-B721-446D-930A-4B397EC73085},080203030510,0.24657035,Yes,{BD678A49-C917-4A05-AE79-DE4437005606}
475,0,197090,1285,Marshall,Mississippi,28,093,28093,709.8,63,1253,38579,080102100208,Mount Tena Creek-Wolf River,0,"MS,TN",{3784DF02-F0D4-4610-AA15-11C8CB2E8EE5},080102100209,0.3009954,Yes,{F97C1AD9-E4E9-4838-A3EA-ABAD0588D952}
476,1,200396,1286,Tunica,Mississippi,28,143,28143,480.8,32,1254,26348.95039,080302041004,Thomasson Bayou,0,MS,{9F44EF77-322A-4656-BE61-1B73B2BEA080},080302041104,0.32892819,Yes,{BEDFBFF6-C973-4D1A-A307-35C0CEC8578C}
477,1,74166,1287,Phillips,Arkansas,05,107,05107,727.3,33,1255,133125,080201000200,80201000200,0,"AR,MS",{DAC5F2CB-DF81-4AE4-8A15-BBDFC1625737},080201000302,0.40395592,Yes,{86BFE8CA-A4F1-4857-8AD4-9EEF23067E7A}
478,1,197160,1288,Union,Mississippi,28,145,28145,416.9,22,1256,24243,031601010302,Osborne Creek-Twentymile Creek,0,MS,{56861F43-A13F-401C-9BF4-B9C9CC272156},031601010304,0.23711256,Yes,{48F05E2F-4227-41A4-8DA6-EBD5ACFD238F}
479,1,199868,1289,Lafayette,Mississippi,28,071,28071,679.3,51,1257,25005,080302010301,Duncans Creek-Cane Creek,0,MS,{49F1803B-CE7E-4B58-875D-AA5DB3B00209},080302010303,0.23138563,Yes,{4043EE48-9238-4121-8EE4-4AB6D97615F8}
480,0,200015,1290,Panola,Mississippi,28,107,28107,705.1,37,1258,12342,080302010905,Greasy Creek,0,MS,{C04ECFB3-6C58-4809-81EA-025EBDAFA822},080302010907,0.16405868,Yes,{D97D8A31-6962-4D19-905C-1BAE0CE812E7}
481,1,1173,1291,Marion,Alabama,01,093,01093,743.6,64,1259,26334,060300060101,Little Bear Creek,0,AL,{B9F134BA-625E-4C80-ABE9-3AD1CAA5625F},060300060102,0.26282314,Yes,{714CD251-D337-418F-B056-C0F085A3EC4F}
482,1,200290,1292,Coahoma,Mississippi,28,027,28027,583.1,42,1260,133125,080201000200,80201000200,0,"AR,MS",{DAC5F2CB-DF81-4AE4-8A15-BBDFC1625737},080201000302,0.58738359,Yes,{28AE27FE-BF22-4A5D-987C-412C2D5D34C1}
483,1,200370,1293,Quitman,Mississippi,28,119,28119,406.5,49,1261,14003,080302041103,Burrell Bayou,0,MS,{3E43C3D4-9F16-4AB0-9C09-8134934BEADF},080302041104,0.23377187,Yes,{332C8A34-A129-4ED2-BCC8-C2E06E290353}
484,1,200078,1294,Yalobusha,Mississippi,28,161,28161,495,46,1262,34998,080302030203,Johnson Creek-Otoucalofa Creek,0,MS,{5CA00B36-6333-4B70-BC84-974C8141BB23},080302030302,0.27540706,Yes,{5E643B44-9455-4A0A-981E-CBB30A4E9430}
485,1,200122,1295,Tallahatchie,Mississippi,28,135,28135,652.1,84,1263,17651,080302030405,Shelton Creek-Yocona River,0,MS,{72532518-0BC5-47B2-8C49-13597834AA24},080302020306,0.29567833,Yes,{48AD1339-79BB-4A13-8D8A-C7F423021144}
486,1,200214,1296,Grenada,Mississippi,28,043,28043,449.4,49,1264,20899,080302050309,Organ Creek-Perry Creek,0,MS,{9AD5A2D9-805D-4587-9492-A3A841455901},080302050310,0.26069133,Yes,{6443E9E2-5202-46B9-9671-6DC4CC5B2162}
487,1,73998,1297,St. Francis,Arkansas,05,123,05123,642.4,55,1265,19740,080202031601,Little Crow Creek,0,AR,{961C490F-6804-4D03-B4FB-246DD9438125},080202031602,0.2529448,Yes,{BD988232-C680-42CF-AB2D-A4ACACBC39B5}
488,1,196025,1298,DeSoto,Mississippi,28,033,28033,496.8,14,1266,22679,080101000704,Cow Island Bend-Mississippi River,0,"AR,MS,TN",{0755F02B-3E9D-4870-87CF-714C84A07944},080201000102,0.11602674,Yes,{DD6753DB-AF43-4745-B30C-F793E9E70ACF}
489,1,74074,1299,Lee,Arkansas,05,077,05077,619.5,35,1267,28194,080202031604,Cow Bayou-St. Francis River,0,AR,{3912BCCF-AACB-49DF-9CF8-6C72C7FED547},080202031606,0.25425682,Yes,{480D2B02-3A37-41C3-961C-191A6CEFAC2F}
490,0,200012,1300,Tate,Mississippi,28,137,28137,410.9,17,1268,25267,080302010904,Lafomby Creek-Little Tallahatchie River,0,MS,{DE909158-EBF3-49FA-80BA-CED55ECA14D4},080302010907,0.25250519,Yes,{9DBA09B2-9DDE-4C93-9FF1-4F44B22CE688}
491,1,197052,1301,Alcorn,Mississippi,28,003,28003,401.4,27,1269,28485,060400010501,Sevenmile Creek-Chambers Creek,0,"MS,TN",{FA113D15-B8B7-4995-9B13-9B7EA95202B0},060400010502,0.25911754,Yes,{C12453D3-6AD7-425F-9D26-312C43AB4031}
492,1,195989,1302,Tishomingo,Mississippi,28,141,28141,444.5,23,1270,25526,060300051202,Panther Creek-Pickwick Lake,0,"AL,MS",{326C1C01-43FC-4A58-9CAF-F8190E59D476},060300051203,0.13310628,Yes,{5DD990CB-3339-487B-8128-A0A33DBD66DD}
493,1,197079,1303,Tippah,Mississippi,28,139,28139,460,16,1271,30045,080102070801,Goose Pond Creek-Hatchie River,0,"MS,TN",{3A88ED69-CC8F-41C4-849D-861182100C91},080102070803,0.27879493,Yes,{D3035D23-B725-45AA-8FDA-EC2764111944}
494,1,197088,1304,Benton,Mississippi,28,009,28009,408.6,25,1272,23366,080102100206,Indian Creek,0,"MS,TN",{555FC602-F329-4242-8D2A-0C80CCFAB6C2},080102100208,0.26787418,Yes,{4D178FE0-546D-4C6B-B51A-16A294DF54ED}
495,1,197120,1305,Prentiss,Mississippi,28,117,28117,418.2,29,1273,28188,031601010102,Mackeys Creek-Bay Springs Lake,0,MS,{B82C1FB9-C3F7-4A43-93AE-5D8560018BCB},031601010105,0.24426755,Yes,{D73DF355-E595-46B9-BA79-0D635AAEF6D3}
496,1,197166,1306,Lee,Mississippi,28,081,28081,453.1,21,1274,21553,031601010303,Okeela Creek,0,MS,{D7E9EDD4-0CD0-428E-BF45-411DC8659B32},031601010304,0.23990129,Yes,{A5F60F8A-623F-4700-A762-CE904F0DC709}
497,2,195800,1307,Itawamba,Mississippi,28,057,28057,540.4,44,1275,24367,031601030502,Splunge Creek,0,"AL,MS",{DF58A927-DF90-453E-8872-7633ECD98A60},031601030503,0.26202086,Yes,{6B04C206-225F-4EF8-AD87-48E4024BF2F3}
498,1,197344,1308,Pontotoc,Mississippi,28,115,28115,501,14,1276,18136,031601020202,Balls Branch-Tallabinnela Creek,0,MS,{80EFEB32-D44E-449E-B131-81AC79D5DF19},031601020203,0.22474848,Yes,{DD0352D3-B3DC-4FB9-A630-3547B63A56FC}
499,1,200042,1309,Calhoun,Mississippi,28,013,28013,588,54,1277,24056,080302030101,Coon Creek-Yocona River,0,MS,{2644EE55-5346-4ED8-AC69-A2EF5CC63A0F},080302030102,0.2651875,Yes,{47D100B2-0E9B-4977-A674-368D03264715}
500,1,195793,1310,Monroe,Mississippi,28,095,28095,772,62,1278,32795,031601030306,Lost Creek-Buttahatchee River,0,"AL,MS",{2A608A9B-77D4-40A4-84BF-5B7EE7F17B0A},031601030601,0.15454117,Yes,{F7CAE11E-8F41-4D21-8AEF-C4F961174D39}
501,1,197341,1311,Chickasaw,Mississippi,28,017,28017,504.3,39,1279,10911,031601020201,Tubbalubba Creek,0,MS,{E58E08DE-CCCA-4FF3-98AA-C422D9D41B0C},031601020203,0.20398876,Yes,{FCAB3426-9D25-40C0-8752-7DB394782C08}
502,1,195821,1312,Lowndes,Mississippi,28,087,28087,516.5,13,1280,18360,031601050405,Cooper Creek-Yellow Creek,0,"AL,MS",{738FE54B-516E-4686-B44A-2BBDAF3CB3C2},031601050501,0.23480403,Yes,{6DE6213A-BA6A-4ACF-A705-61F6090DC2B8}
503,1,196239,1313,Montgomery,Mississippi,28,097,28097,407.9,27,1281,26655,080602010303,Little Wolf Creek-Wolf Creek,0,MS,{788C271C-2CA7-43A1-81B3-FFF20DDDA144},080602010306,0.29978333,Yes,{875FAECF-0DB6-4F2F-B191-9C3CC71E84BA}
504,1,74065,1314,Chicot,Arkansas,05,017,05017,690.9,49,1282,35300,080500020203,Canal No. 43-Clay Bayou,0,AR,{9E319446-95A2-48C3-A99A-7F3881BB1F6F},080500020301,0.33313301,Yes,{50E490D2-5B52-4F0B-9BA6-5147B3FC93C3}
505,1,196271,1315,Attala,Mississippi,28,007,28007,737.1,48,1283,27784,080602010501,Horse Creek-Big Black River,0,MS,{97F06637-5E42-4F0F-BCD8-6F44C14082B6},080602010605,0.24053465,Yes,{1312725D-1BE2-4138-991D-A95140F5047D}
506,1,4179,1316,Greene,Alabama,01,063,01063,659.9,65,1284,18494,031601060602,Wilkes Creek,0,AL,{7B8216A7-2184-472E-BE01-0E1B4E369E7C},031601060603,0.25353469,Yes,{DCBE5710-1886-4A29-8AAA-D83A1997E71B}
507,1,200682,1317,Sharkey,Mississippi,28,125,28125,434.9,49,1285,23889.4188,080302071803,Deer Creek-Rolling Fork Creek,0,MS,{C8C04724-3E3C-4A28-8755-AB092BC2B6DD},080302071902,1.04293313,Yes,{EBADE13C-36E1-42D2-8D02-B47C1595575C}
508,1,196403,1318,Yazoo,Mississippi,28,163,28163,934.1,103,1286,23166,080602020401,Loves Creek-Big Black River,0,MS,{F2E80DBC-0664-4135-A1A9-578D82C0B462},080602020402,0.24188509,Yes,{0E901BA9-2D49-4247-BCBE-21AB1C071F95}
509,1,200746,1319,Issaquena,Mississippi,28,055,28055,441.4,62,1287,27038.85642,080302090402,Flag Lake,0,MS,{36F10ED4-A1FE-4E20-BE81-71A6BEF7A848},080302090403,0.21204414,Yes,{7F5F95CD-7C74-423F-92C5-5D8BCED3F54D}
510,1,170877,1320,East Carroll,Louisiana,22,035,22035,442.4,3,1288,32854,080500020505,Cypress Bayou-Bayou Macon,0,LA,{C3151CD0-7B7C-4492-B120-4363145E2017},080500020701,0.36990162,Yes,{C07DFB88-F4DF-4EF0-981F-E97F2FF7FF15}
511,1,2116,1321,Sumter,Alabama,01,119,01119,913.3,128,1289,20069,031601060507,Big Slough-Tombigbee River,0,"AL,MS",{17AD13A9-1C69-46F2-B587-B7987E107B57},031601060603,0.26133527,Yes,{471D3819-56F1-4B0A-8833-98233C8E9FEA}
512,1,197796,1322,Neshoba,Mississippi,28,099,28099,571.6,40,1290,28250,031700010101,Nelson Creek-Tallashua Creek,0,MS,{87796E51-7B46-4489-8C3D-2BBEAEAF5CC7},031700010103,0.25271238,Yes,{3A18C01E-468E-48E9-B700-5D96E75A0EE6}
513,1,198990,1323,Leake,Mississippi,28,079,28079,585.4,49,1291,32163,031800010607,Hooper Mill Creek-Pearl River,0,MS,{5D6D0A6E-9AC8-4E43-AB37-B5EE07266283},031800011403,0.2547489,Yes,{3688DB00-3AD3-4161-8438-9ACBE9FD670C}
514,1,195855,1324,Kemper,Mississippi,28,069,28069,767,59,1292,23879,031601081002,Bodka Creek-Akron,0,"AL,MS",{49720B3A-991C-4220-B767-FEC1FBEC0806},031601081004,0.23063701,Yes,{B2DF870A-53E1-44FC-983A-1901F5D6312C}
515,0,198100,1325,Scott,Mississippi,28,123,28123,610.4,41,1293,23011,031700040101,Crout Creek-Leaf River,0,MS,{C20FAF99-9EFA-4A44-8605-4B043E5EB647},031700040103,0.24558267,Yes,{90BA93D7-CFAD-4497-A0DC-65CA77CC999E}
516,1,169622,1326,Madison,Louisiana,22,065,22065,650.5,41,1294,114612,080601000200,080601000200,0,"LA,MS",{3BC27637-3D8E-41E9-88A5-1EA326B5128A},080601000302,0.54343981,Yes,{8C48CCE6-87BA-47D2-B51D-7E52ACD8F25D}
517,1,196351,1327,Madison,Mississippi,28,089,28089,741.9,53,1295,33925,080602010904,Tacketts Creek-Big Black River,0,MS,{B32CF7A6-B4D9-42FF-9E82-BFEE6BD81264},080602020401,0.30797156,Yes,{B2E3C63C-3D2F-42F2-A57F-636D225AA1D9}
518,1,196078,1328,Warren,Mississippi,28,149,28149,618.8,70,1296,114612,080601000200,080601000200,0,"LA,MS",{3BC27637-3D8E-41E9-88A5-1EA326B5128A},080601000302,0.74079699,Yes,{206EEC2B-3384-422C-89D1-21ABC5D72EE6}
519,1,199184,1329,Rankin,Mississippi,28,121,28121,806.1,47,1297,17283,031800020201,Hurricane Creek-Fannegusha Creek,0,MS,{76E12296-CF7B-42C7-88B3-3665F4640E78},031800020202,0.19726508,Yes,{6B1DAA50-F57D-4F03-98F3-0E0AD26F3000}
520,0,196463,1330,Hinds,Mississippi,28,049,28049,877.3,64,1298,28888,080602020601,Limekiln Creek,0,MS,{7C2E76B0-54F9-4233-AFC3-65613B09910C},080602020602,0.34649427,Yes,{03E184DA-1E72-48B4-A709-6AED422B479E}
521,0,196264,1331,Carroll,Mississippi,28,015,28015,634.5,36,1299,20313,080602010403,East Fork Lewis Creek-Lewis Creek,0,MS,{C5ED2424-82DA-4D84-A1D3-3B784F1FCCDB},080602010404,0.21694651,Yes,{C8343352-902E-434A-9D8C-BD7595F6FC9D}
522,1,200682,1332,Washington,Mississippi,28,151,28151,761.3,37,1300,23889.4188,080302071803,Deer Creek-Rolling Fork Creek,0,MS,{C8C04724-3E3C-4A28-8755-AB092BC2B6DD},080302071902,1.04293313,Yes,{EBADE13C-36E1-42D2-8D02-B47C1595575C}
523,1,196299,1333,Holmes,Mississippi,28,051,28051,764.2,63,1301,22853,080602010605,Peachahala Creek-Big Black River,0,MS,{61305201-8EA1-4EB3-ABA1-E98EE0DF51A5},080602010702,0.22405809,Yes,{A64A41FE-31F6-43E1-B518-159683895BDE}
524,1,200802,1334,Humphreys,Mississippi,28,053,28053,431.2,28,1302,39145,080302060407,Lower Tchula Lake-Yazoo River,0,MS,{F96F3A76-DEC6-4633-8D28-388EBC357D71},080302060703,0.40215069,Yes,{66B8D5B8-E0E1-4B2F-A3B4-AAFAFC2F934E}
525,1,196196,1335,Webster,Mississippi,28,155,28155,423.3,36,1303,14109,080602010101,Savannah Creek-Spring Creek,0,MS,{456E01D6-81EE-4508-A994-BC81CB8ED870},080602010102,0.18192817,Yes,{A569AEB1-4EF9-4948-8E90-F648DE87CD55}
526,1,196206,1336,Oktibbeha,Mississippi,28,105,28105,461.9,32,1304,14898,080602010103,Pigeon Roost Creek,0,MS,{BFE104BD-E7CB-4FE0-8429-D5C8DEC51867},080602010104,0.18841111,Yes,{97E1035A-C6DE-4D6E-AFEC-1C79E04CE967}
527,1,2116,1337,Pickens,Alabama,01,107,01107,890.1,28,1305,20069,031601060507,Big Slough-Tombigbee River,0,"AL,MS",{17AD13A9-1C69-46F2-B587-B7987E107B57},031601060603,0.26133527,Yes,{471D3819-56F1-4B0A-8833-98233C8E9FEA}
528,1,196207,1338,Choctaw,Mississippi,28,019,28019,419.8,14,1306,11704,080602010104,Lick Creek-Big Black River Canal,0,MS,{281E52DF-58FB-4576-85EE-BEFEA2C56944},080602010105,0.16447595,Yes,{90E05B4E-C525-4BD4-A9A9-A95FB8AB8400}
529,1,195853,1339,Noxubee,Mississippi,28,103,28103,700,52,1307,22163,031601080903,Lower Woodward Creek,0,"AL,MS",{5E8DEAE2-0D2B-4936-B28E-48CD1DDE08F1},031601081101,0.08647905,Yes,{41A78064-87F6-4907-ABB7-EE59E5FD900A}
530,1,197597,1340,Winston,Mississippi,28,159,28159,610.1,14,1308,21533,031601080106,Sand Creek-Noxubee River,0,MS,{01386232-307A-4E96-AF65-36D4B452CF4D},031601080208,0.20870235,Yes,{80B183E4-CF40-4875-A9D1-A271EFA1405F}
531,0,195872,1341,Lauderdale,Mississippi,28,075,28075,715.3,62,1309,38272,031602010202,Upper Kinterbush Creek,0,"AL,MS",{8DE03E14-79F7-4618-93FB-E1195920D42D},031602010203,0.09388466,Yes,{38EF3107-242F-4F30-A9D8-80E55B1FC7FA}
532,1,197796,1342,Newton,Mississippi,28,101,28101,579.6,21,1310,28250,031700010101,Nelson Creek-Tallashua Creek,0,MS,{87796E51-7B46-4489-8C3D-2BBEAEAF5CC7},031700010103,0.25271238,Yes,{3A18C01E-468E-48E9-B700-5D96E75A0EE6}
533,1,201566,1345,Shannon,Missouri,29,203,29203,1004,62,1313,11701,110100080107,Parker Hollow-Current River,0,MO,{24F3CF14-2FDB-4B49-9BFE-BB220A5F565B},110100080111,0.17072807,Yes,{364164AE-21A2-4FBC-95FF-7CFF53A9BDD5}
534,1,202274,1346,Stoddard,Missouri,29,207,29207,828.9,3,1314,53945,080202030103,Mingo Swamp,0,MO,{93F82346-9A3E-4088-8922-F9DBCF63E275},080202030401,0.34197367,Yes,{645AE047-4FD7-4FDC-BBD8-F4DC5D5EB9B9}
535,1,201464,1347,Carter,Missouri,29,035,29035,509,48,1315,17698,110100080507,Long Branch-Current River,0,MO,{AAD38CE1-7CE8-4747-94B3-01BF6D1ADE3B},110100080603,0.31038754,Yes,{B2CCB3EA-DBF9-416E-A16C-3C3206061F7F}
536,1,74014,1350,Jackson,Arkansas,05,067,05067,641.4,31,1318,29796,110100130403,Blue Creek-Departee Creek,0,AR,{7E2861E6-57A5-4D82-AD03-D84174B68ED9},110100130404,0.25030193,Yes,{66FF6C1C-C78F-458D-8EE0-7B39AB7A44B2}
537,1,74043,1351,Pope,Arkansas,05,115,05115,830.8,107,1319,19827,111102030206,Point Remove Creek,0,AR,{620C53FC-08BA-4ED6-A266-C40CEC2FFDB7},111102030503,0.19722648,Yes,{91007E8B-AC4F-486C-850D-940B9902BD10}
538,1,285870,1352,Sequoyah,Oklahoma,40,135,40135,714.9,94,1320,20244,111101040407,Missing Branch-Lee Creek,0,"AR,OK",{98E8F12B-FC8E-425F-9C7D-0DF7BF8BADFD},111101040506,0.22234859,Yes,{3A0D65DF-3B28-4183-8EA4-DAD98CB7377C}
539,1,202288,1354,Newton,Missouri,29,145,29145,626.7,5,1322,35609,110702060203,Sycamore Creek,0,"MO,OK",{39FD9457-3CD7-4767-847E-8FB916957D47},110702060204,0.28332721,Yes,{276BB8DA-CC14-4B6B-A2E1-FDDC5196FCEB}
540,1,201454,1356,Oregon,Missouri,29,149,29149,791.6,38,1324,32364,110100110301,Whites Creek-Eleven Point River,0,MO,{B62BFB0A-AFEB-4D9D-A405-2FB5FA5AEAF1},110100110302,0.29638474,Yes,{469D2096-BA4F-4D2B-B53F-0081A10DC518}
541,1,205741,1357,Taney,Missouri,29,213,29213,651.5,1,1325,23483,110100030503,Bee Creek-Bull Shoals Lake,0,"AR,MO",{1A141408-B48B-4173-9ABB-A542C4977699},110100030504,0.26430575,Yes,{FA54E53B-EAED-4D2A-9F3A-29078C68AAF5}
542,1,74095,1358,Baxter,Arkansas,05,005,05005,586.7,42,1326,26071,110100040205,Sneeds Creek-White River,0,AR,{C7C5E467-A1E3-4F6A-807C-28F952A3524D},110100040206,0.27559807,Yes,{E0D68252-E8AE-4E4E-9291-5B8D5B90985B}
543,1,74012,1359,Sharp,Arkansas,05,135,05135,606.4,104,1327,29536,110100100505,Browns Creek-Spring River,0,AR,{9D3BF781-0049-481E-B470-A0AC5361D9C7},110100100506,0.27245792,Yes,{31C52DF9-BB4C-46FD-AD53-8054DA0D5DDD}
544,1,74124,1360,Marion,Arkansas,05,089,05089,640.3,81,1328,17647,110100031108,Dry Creek-White River,0,AR,{46B7987C-886F-4E2C-93AE-0B53B4F98244},110100040202,0.20853759,Yes,{25B5E662-B7BA-471C-BD5B-453921250D89}
545,1,74061,1361,Boone,Arkansas,05,009,05009,601.8,95,1329,18790,110100030906,Sugar Orchard Creek,0,AR,{89FE8676-FF5A-49A3-A2D5-F659F7D1560A},110100030907,0.24068816,Yes,{BFA13C7F-79DE-4C75-A86F-73D6BEECF248}
546,1,73997,1362,Madison,Arkansas,05,087,05087,837.1,132,1330,20657,110100010602,Seals Creek-War Eagle Creek,0,AR,{A381D79A-70E6-48B0-8277-3370E39B7513},110100010603,0.20719108,Yes,{89F2BE3B-1F43-442D-8635-FA859E86ACBA}
547,1,74017,1363,Izard,Arkansas,05,065,05065,584,97,1331,22620,110100040405,West Rocky Bayou-Rocky Bayou,0,AR,{269FB68F-4CFD-40A1-8B04-9A5E30594A8A},110100040406,0.21695918,Yes,{30ED541B-60B6-446A-9AF8-3351EE02373E}
548,1,73988,1364,Washington,Arkansas,05,143,05143,956,144,1332,21581,110100010401,London Creek-West Fork White River,0,AR,{37C5F6AA-CE77-4162-B3A2-1540CB18743C},110100010402,0.22652025,Yes,{1E807954-E1F2-413C-9D4A-3D8946F6A9C0}
549,1,73999,1365,Franklin,Arkansas,05,047,05047,619.7,106,1333,10483,111102010703,Fane Creek,0,AR,{693A7CD2-3687-48C0-A02C-E479C8C7FBB1},111102010704,0.14262675,Yes,{D47377AE-24AA-407A-B4F6-C3B4EF1AF57A}
550,1,285851,1366,Adair,Oklahoma,40,001,40001,577,73,1334,17644,111101030604,Upper Ballard Creek,0,"AR,OK",{61F24954-4583-4063-961B-A3FD28574286},111101030605,0.05790578,Yes,{6F699E78-E4ED-45D4-955D-B2C9E95BC587}
551,1,74055,1367,Newton,Arkansas,05,101,05101,823.2,114,1335,23973,111102020603,Curtis Creek-Big Piney Creek,0,AR,{C2874136-8D80-4ED2-9787-4F511CD80AA5},111102020605,0.24107036,Yes,{2E9678EC-77D2-4EF2-AA27-DD9C2BD8693A}
552,1,74055,1368,Johnson,Arkansas,05,071,05071,682.7,111,1336,23973,111102020603,Curtis Creek-Big Piney Creek,0,AR,{C2874136-8D80-4ED2-9787-4F511CD80AA5},111102020605,0.24107036,Yes,{2E9678EC-77D2-4EF2-AA27-DD9C2BD8693A}
553,1,74013,1369,Crawford,Arkansas,05,033,05033,604.2,104,1337,13318,111102010503,Mays Branch,0,AR,{9C731A44-CC14-402D-9B2C-C54B48CC66C9},111102010504,0.21581032,Yes,{6078C232-A61E-45C5-95CF-46212191BE62}
554,1,203115,1371,Barry,Missouri,29,009,29009,790.9,7,1339,43405,110100010805,Roaring River-Table Rock Lake,0,MO,{7CC80749-8D6B-4118-89AD-7850795AFD48},110100010806,0.43597038,Yes,{D56C932D-EADE-49A4-96DB-3290FF4897AF}
555,1,202288,1372,McDonald,Missouri,29,119,29119,539.7,5,1340,35609,110702060203,Sycamore Creek,0,"MO,OK",{39FD9457-3CD7-4767-847E-8FB916957D47},110702060204,0.28332721,Yes,{276BB8DA-CC14-4B6B-A2E1-FDDC5196FCEB}
556,1,74049,1373,Benton,Arkansas,05,007,05007,880.3,110,1341,13660,110702080201,Headwaters Little Sugar Creek,0,AR,{66D404BB-166B-47E8-9314-5139F13D1B0F},110702080202,0.21086661,Yes,{ABBC7F3A-F972-4A13-89DF-F104D06290DF}
557,1,74026,1374,Carroll,Arkansas,05,015,05015,638.8,103,1342,15865,110100010907,Lower Dry Fork,0,AR,{8B3398C6-F1D5-44C1-8385-3DA4C523BD45},110100011103,0.16357463,Yes,{42BBAB00-2BD4-448E-BB1C-94A0AC1AE4AA}
558,1,201628,1375,Ozark,Missouri,29,153,29153,755.1,11,1343,27064,110100060404,Pine Creek,0,MO,{6AFB636C-7A05-4611-A65D-E85A38547401},110100060405,0.27387669,Yes,{0CC7E800-5E56-44B0-A80A-70A1FFC8F562}
559,1,74088,1376,Fulton,Arkansas,05,049,05049,620.3,36,1344,22214,110100120301,Hackney Creek-North Big Creek,0,AR,{1E2B4B52-FE97-4BBB-8535-D29606FFC983},110100120302,0.23910922,Yes,{12A4762D-1CF7-458C-8F7F-F8BB5E79DBA4}
560,1,74096,1377,Searcy,Arkansas,05,129,05129,668.5,86,1345,36800,111102020902,Middle Fork Illinois Bayou,0,AR,{0CA480E5-68CA-4DE7-BB9D-A7BB67198C5D},111102020905,0.32630623,Yes,{6950B05A-5AB4-44F3-8E4B-246C0AFCDF7E}
561,1,74073,1378,Stone,Arkansas,05,137,05137,609.4,89,1346,32106,110100040306,Outlet South Sylamore Creek,0,AR,{C9C0DD80-2FED-443E-AB2E-2C28A27824BF},110100040404,0.27435005,Yes,{A20B1E79-BBB9-4E2E-8F8C-F7382B9D81BE}
562,1,74014,1379,Independence,Arkansas,05,063,05063,771.6,105,1347,29796,110100130403,Blue Creek-Departee Creek,0,AR,{7E2861E6-57A5-4D82-AD03-D84174B68ED9},110100130404,0.25030193,Yes,{66FF6C1C-C78F-458D-8EE0-7B39AB7A44B2}
563,1,74112,1380,Van Buren,Arkansas,05,141,05141,724.3,99,1348,15294,110100140104,Outlet Archey Creek,0,AR,{8FF9D06D-FEB1-4681-A54A-DE522C6C7957},110100140205,0.1878222,Yes,{5E151DA5-B204-4BDC-A25F-8DEDE017A6D0}
564,1,74046,1381,Cleburne,Arkansas,05,023,05023,591.9,70,1349,26323,110100140604,Salt Creek-Greers Ferry Lake,0,AR,{F7F46A66-0F30-4CB0-AFB9-B94D7F8F0812},110100140605,0.24394177,Yes,{9701907F-7ECF-4526-8626-0CE29C065865}
565,1,202435,1385,Crawford,Missouri,29,055,29055,744.4,14,1353,12734,071401020405,Rock Branch-Huzzah Creek,0,MO,{5D838B90-ACC1-4B8A-B4F8-A6C4F3EA6BD9},071401020408,0.18941907,Yes,{5DFAB3E3-90D9-4625-AF09-A0CCDDF752C3}
566,0,201548,1386,Phelps,Missouri,29,161,29161,674.3,14,1354,13458,102902020301,Sherrill Creek,0,MO,{B7BEB620-2A85-4362-87FC-50614990BA78},102902020302,0.18476946,Yes,{27769D39-D80F-4481-A32C-38CBF4DF3874}
567,1,201732,1388,Pulaski,Missouri,29,169,29169,551.4,18,1356,27970,102902020403,Democrat Ridge-Big Piney River,0,MO,{2E6F6808-2269-4A1E-8A24-BB8B6AA9EB82},102902020404,0.27244774,Yes,{E3143E21-3D33-4246-8E34-BBC768FC2301}
568,1,202959,1391,Laclede,Missouri,29,105,29105,768,10,1359,34975,102902010506,Elliot Branch-Roubidoux Creek,0,MO,{F801F1F5-0302-4D64-B70B-B16BCAF67E06},102902010507,0.31696625,Yes,{C379B019-580D-4613-9D19-B99A27F26508}
569,1,201566,1392,Dent,Missouri,29,065,29065,754.5,33,1360,11701,110100080107,Parker Hollow-Current River,0,MO,{24F3CF14-2FDB-4B49-9BFE-BB220A5F565B},110100080111,0.17072807,Yes,{364164AE-21A2-4FBC-95FF-7CFF53A9BDD5}
570,1,201566,1407,Texas,Missouri,29,215,29215,1179.2,24,1375,11701,110100080107,Parker Hollow-Current River,0,MO,{24F3CF14-2FDB-4B49-9BFE-BB220A5F565B},110100080111,0.17072807,Yes,{364164AE-21A2-4FBC-95FF-7CFF53A9BDD5}
571,1,204483,1414,St. Francois,Missouri,29,187,29187,451.2,4,1382,26777,071401040106,Wallen Creek-Big River,0,MO,{153FC940-04CE-48E1-8156-C8F82742CC4C},071401040107,0.22485455,Yes,{695583A0-E564-4FA6-AAB1-4742DD612C24}
572,1,201590,1425,Iron,Missouri,29,093,29093,552.6,70,1393,35818,071401020401,Headwaters Huzzah Creek,0,MO,{92E53301-8DB3-4471-A71E-58DF8D346AE3},071401020402,0.28885468,Yes,{DA376995-6BAE-4B49-A432-F27FF29A559C}
573,1,201669,1426,Madison,Missouri,29,123,29123,497.8,39,1394,18993,080202020210,Turkey Creek-St Francis River,0,MO,{75D7AB5E-3E7B-463E-A2EA-8AAFBED45EB6},080202020402,0.20566652,Yes,{713A7BA7-ED63-4DA2-A6CF-A6ABA4ED9AF7}
574,0,201444,1427,Reynolds,Missouri,29,179,29179,814.4,69,1395,36897,110100070101,Upper West Fork Black River,0,MO,{540738EC-5F53-44BD-8854-3A0FCB9CD2BB},110100070103,0.33191785,Yes,{4DAD669F-ECF4-4906-B984-3ED3E2F7229F}
575,0,201934,1428,Bollinger,Missouri,29,017,29017,621.4,19,1396,22379,071401070207,Turkey Creek-Castor River,0,MO,{5994287E-8E3A-4105-83A8-E0667A14D6C7},071401070402,0.29348481,Yes,{398CE39D-9AF5-4F9F-8DC8-4E8B0F24CE81}
576,1,201529,1429,Wayne,Missouri,29,223,29223,774.1,73,1397,19963,080202020304,Lower Big Creek,0,MO,{38CEA996-7E5E-4885-ADE2-647C8F7E3330},080202020407,0.2226792,Yes,{202B4DAF-D593-4C03-8EED-7AF66045D2D0}
577,0,201981,1434,Washington,Missouri,29,221,29221,762.2,17,1402,29613,071401020305,Courtois Creek,0,MO,{EACD8FCB-6E5E-4AD0-A67D-647202F19012},071401020408,0.24490089,Yes,{1C7AF491-8CE8-40AD-B4EB-E106074D63CA}
578,1,140498,1443,Pope,Illinois,17,151,17151,374.6,8,1411,31811,051402030601,Little Lusk Creek-Lusk Creek,0,IL,{E6D589CC-2152-42F3-8F8D-9110FA34EC0E},051402030602,0.28640581,Yes,{648DAF5A-9E07-431C-AD38-0CEB012DDC9D}
579,1,166739,1454,Trigg,Kentucky,21,221,21221,481.1,6,1422,49241,051302050408,Dry Creek-Cumberland River,0,"KY,TN",{316D1D3B-E72F-4F05-B43C-6B32B845E919},051302050702,0.23530032,Yes,{BC2BCB72-5C02-4FED-817D-643D407998BC}
580,0,326228,1456,Stewart,Tennessee,47,161,47161,493.2,10,1424,36966,051302050406,Saline Creek,0,"KY,TN",{67576105-EC07-4DC3-B73E-301DA81C7C9C},051302050407,0.28742764,Yes,{9616A1AF-9D05-4EB3-A130-13DBB8AA33ED}
581,1,202673,1457,Dunklin,Missouri,29,069,29069,547.1,5,1425,26787,080202040805,Big Lake,0,"AR,MO",{826DAA9E-E4CB-4715-BD03-5FD31C0244B7},080202040808,0.19986178,Yes,{7F0DD821-4E04-4E0F-9AF1-70D08BD364F1}
582,0,75853,1461,Greene,Arkansas,05,055,05055,579.6,8,1429,6774,080202030901,Locust Creek Ditch-St. Francis River,0,"AR,MO",{C1343032-76EE-427C-B92B-18DAD9466B48},080202030902,0.16068857,Yes,{AF825CA5-1F52-4A2E-994C-728E2E4B4325}
583,1,74012,1462,Lawrence,Arkansas,05,075,05075,592.3,55,1430,29536,110100100505,Browns Creek-Spring River,0,AR,{9D3BF781-0049-481E-B470-A0AC5361D9C7},110100100506,0.27245792,Yes,{31C52DF9-BB4C-46FD-AD53-8054DA0D5DDD}
584,1,326024,1465,Lauderdale,Tennessee,47,097,47097,507.1,8,1433,51086,080101000604,Fletcher Towhead-Mississippi River,0,"AR,TN",{8D550956-11F8-40A3-9506-AE555D16CE49},080101000605,0.56269028,Yes,{F2624356-4423-4F4B-AF14-95D375F11B75}
585,0,74070,1468,Mississippi,Arkansas,05,093,05093,919.7,27,1436,51086,080101000604,Fletcher Towhead-Mississippi River,0,"AR,TN",{8D550956-11F8-40A3-9506-AE555D16CE49},080101000605,0.44424984,Yes,{918548CD-0AF1-464F-9536-92AABB622BBC}
586,0,74006,1469,Craighead,Arkansas,05,031,05031,713,14,1437,33205,080202040807,Ditch Number Fifty-Six,0,AR,{A4D81AF0-E37F-4D7F-B6B7-7D42F6D6E306},080202040808,0.30347113,Yes,{CC16C6C8-FAF6-4186-A103-EEA4398D866C}
587,1,74321,1470,Poinsett,Arkansas,05,111,05111,763.4,12,1438,49439,080202030902,St. Francis Bay Floodway-St. Francis River,0,AR,{D7EAD75E-5C09-49E1-AE63-A111D4B22D07},080202030903,0.4426802,Yes,{895E23B8-9D03-4390-BB05-B70A5D9E2B13}
588,1,326027,1471,Tipton,Tennessee,47,167,47167,474.7,13,1439,20930,080101000605,Hatchie Towhead-Mississippi River,0,"AR,TN",{DBA80D4B-DF5F-44C2-9C8F-2751A7076414},080101000701,0.24512027,Yes,{1F086B50-E72B-4CB0-8F94-9A6C8E29863C}
589,1,203562,1472,Butler,Missouri,29,023,29023,699,3,1440,32689,110100070702,Widow Creek-Black River,0,MO,{696E38F6-C695-44CF-9333-AEC4EC224CA7},110100070703,0.36165303,Yes,{FDBABBEE-698C-45B9-AC02-F75A46C99AA4}
590,0,201819,1473,Ripley,Missouri,29,181,29181,631.7,39,1441,5127,110100080610,Buffalo Creek,0,MO,{D07F4DA2-005F-4790-80F7-EB1E37C219D3},110100080611,0.1070336,Yes,{F3FEAEC7-3865-4479-A870-5DFE8391C48F}
591,0,74427,1474,Clay,Arkansas,05,021,05021,641.4,4,1442,27223,080202030608,Indian Hill Island-St. Francis River,0,"AR,MO",{4CB052F8-C476-4FA5-AFE2-496ADB4275A7},080202030901,0.44039325,Yes,{DF23633B-3C99-4B8C-A5DF-9E00AAF54160}
592,1,74012,1475,Randolph,Arkansas,05,121,05121,656,59,1443,29536,110100100505,Browns Creek-Spring River,0,AR,{9D3BF781-0049-481E-B470-A0AC5361D9C7},110100100506,0.27245792,Yes,{31C52DF9-BB4C-46FD-AD53-8054DA0D5DDD}
593,1,369589,1492,Wise,Virginia,51,195,51195,405.2,27,1460,23389,050702020501,South Fork Pound River-North Fork Pound River,0,VA,{8629D30E-DD25-4776-A1F9-D5DF765AAB7C},050702020502,0.2073328,Yes,{CCD7D7D8-6AE0-4C26-9507-2F80ABCF1AAF}
594,1,268840,1499,Rutherford,North Carolina,37,161,37161,565.8,27,1467,33992,030501020101,Upper Henry Fork,0,NC,{67ABA6F2-FEBC-4E61-A8A3-9A483ACB6E4F},030501020102,0.29584715,Yes,{94598921-3017-45D7-B547-C3688CBEE49E}
595,1,329119,1500,Sequatchie,Tennessee,47,153,47153,266,1,1468,16586,051301080501,Rocky River Lower,0,TN,{AD94D91C-8AA4-4137-8289-D0D3169B3E29},051301080502,0.18902033,Yes,{11B1435A-76EB-4108-8953-BC80CE2FB760}
596,1,269209,1501,Cleveland,North Carolina,37,045,37045,468.5,17,1469,20109,030501050602,Brier Creek-First Broad River,0,NC,{62DA6479-7791-4FBB-871C-629CB40D9605},030501050603,0.20088381,Yes,{9AAA5FC9-D2C5-48FA-A33A-3FC1BFE540C8}
597,1,326694,1509,Morgan,Tennessee,47,129,47129,522.4,64,1477,31816,060102070303,Lower Poplar Creek,0,TN,{1F3CD5FA-2959-477A-BC7E-FF79844FBB40},060102070405,0.27610261,Yes,{6D414217-6155-41D5-9A75-1243DB07109F}
598,1,328720,1512,Putnam,Tennessee,47,141,47141,402.5,26,1480,19668,051301050101,Headwaters East Fork Obey River,0,TN,{D49207CF-3E38-4F61-B3A5-2A0EE649ECA2},051301050103,0.24792309,Yes,{E74A2DCD-8C7F-47D1-845C-7C0A3E560A63}
599,1,326556,1514,Loudon,Tennessee,47,105,47105,247.3,17,1482,38152,060102040405,Ninemile Creek,0,TN,{042D3768-ECE7-40A7-B111-C47A0C72D95B},060102040406,0.368571,Yes,{C595C76F-C238-45D0-B69A-A1EEEAD8AD61}
600,1,326801,1516,McMinn,Tennessee,47,107,47107,432.3,52,1484,38859,060200010101,Big Sewee Creek,0,TN,{EE934E07-B10E-485C-B735-B86093A904BE},060200010103,0.32054712,Yes,{5DCC3197-6021-41A2-9A63-024345BC47DD}
601,1,164199,1530,Wayne,Kentucky,21,231,21231,484.2,9,1498,10030,051301040602,Lonesome Creek-Little South Fork,0,KY,{A0510011-4419-47AA-96AB-6026CD4E5E27},051301040604,0.22402507,Yes,{8521B72F-0C98-488C-9E64-7C32F8E0B531}
602,1,164195,1531,McCreary,Kentucky,21,147,21147,430.6,29,1499,10459,051301040509,Blair Creek-Big South Fork Cumberland River,0,KY,{7BDF45EC-0795-4EE6-978C-E1AE59B08239},051301040701,0.16056909,Yes,{B4047FF4-3D37-4EFF-A4D5-C3859D656D67}
603,1,326177,1533,Clay,Tennessee,47,027,47027,259.3,28,1501,19298,051301030708,Kettle Creek,0,"KY,TN",{9E491B8F-3BEE-4C01-8CAB-129AA690E7CE},051301030710,0.17803831,Yes,{AF2828A2-1A26-4068-8D76-73416A95AB72}
604,1,326201,1534,Pickett,Tennessee,47,137,47137,174.6,21,1502,40088,051301040508,Rock Creek,0,"KY,TN",{A224C048-B64C-4590-93F2-126797E8D975},051301040701,0.33023289,Yes,{AD941B8B-FBEF-4CC0-94B4-F616F59A5E84}
605,1,326163,1535,Scott,Tennessee,47,151,47151,533.2,69,1503,37925,051301010605,Elk Creek,0,"KY,TN",{67C86DB9-532B-41E1-B544-F187789D6C53},051301010606,0.28480816,Yes,{D00567D5-F4D5-4EA2-B3F1-69739DF6A744}
606,1,326205,1536,Overton,Tennessee,47,133,47133,434.8,58,1504,28763,051301050303,Ashburn Creek-Obey River,0,"KY,TN",{802E6C5B-70E7-4DA9-A7DE-11CB05F42F0E},051301050503,0.26976662,Yes,{407AF18A-87B7-4A4E-8BD7-5EECF081A528}
607,1,328792,1537,Jackson,Tennessee,47,087,47087,319.6,10,1505,16701,051301060102,Dry Fork Creek,0,TN,{20E7CEEE-A826-4CCC-8B71-40AA48731F90},051301060104,0.19244777,Yes,{43CE1E33-B378-4A5D-BCC1-7D163D80C738}
608,1,326201,1541,Fentress,Tennessee,47,049,47049,499,77,1509,40088,051301040508,Rock Creek,0,"KY,TN",{A224C048-B64C-4590-93F2-126797E8D975},051301040701,0.33023289,Yes,{AD941B8B-FBEF-4CC0-94B4-F616F59A5E84}
609,1,326716,1542,Cumberland,Tennessee,47,035,47035,684.9,88,1510,28563,060102080101,Upper Clear Creek,0,TN,{7EB8648F-4DA4-446F-B868-877A5EF224FD},060102080102,0.26660785,Yes,{CD5DBC96-64A5-484F-B6E1-16729B971054}
610,1,326694,1543,Roane,Tennessee,47,145,47145,395,14,1511,31816,060102070303,Lower Poplar Creek,0,TN,{1F3CD5FA-2959-477A-BC7E-FF79844FBB40},060102070405,0.27610261,Yes,{6D414217-6155-41D5-9A75-1243DB07109F}
611,1,330238,1546,Rhea,Tennessee,47,143,47143,336.4,9,1514,39485,060102010401,Piney Creek,0,TN,{7875C886-FA24-4941-8230-447A3D6DB656},060102010403,0.3035531,Yes,{CB59952F-77A2-462C-A54B-947905BF7FCE}
612,1,329048,1547,Van Buren,Tennessee,47,175,47175,274.6,22,1515,25827,051301080101,Glade Creek,0,TN,{D556F38F-849D-495B-B0B8-5C80EFD158CA},051301080103,0.28176909,Yes,{E63A617D-D33B-40D8-A9B0-C9499E1AED60}
613,1,326732,1548,Bledsoe,Tennessee,47,007,47007,406.7,24,1516,30234,060102080201,Headwaters Daddys Creek,0,TN,{F3D09445-07DD-4E91-AD5C-CB69E0AF1F58},060102080203,0.30130188,Yes,{64590E6D-20FB-444A-9499-25C9B0AB304F}
614,1,326800,1549,Meigs,Tennessee,47,121,47121,216.8,8,1517,38859,060200010101,Big Sewee Creek,0,TN,{EE934E07-B10E-485C-B735-B86093A904BE},060200010103,0.2925102,Yes,{3AC2CF34-C167-4C26-B85B-D1825CB1C2A8}
615,1,329056,1551,White,Tennessee,47,185,47185,379.4,30,1519,9774,051301080103,Bee Creek Lower,0,TN,{AB6B50B6-4165-4FBA-BB70-9168F95BA33A},051301080305,0.16428486,Yes,{47DBB3B2-4963-4499-9DCB-9653FA196364}
616,1,166163,1585,Franklin,Kentucky,21,073,21073,212.1,1,1553,27037,051002051502,Flat Creek-Kentucky River,0,KY,{F4B8888E-FFC3-4584-9BAB-4AD69471D492},051002051506,0.27668365,Yes,{33BFBF91-B5A2-4067-80AB-89251F4E07DD}
617,0,380783,1607,Putnam,West Virginia,54,079,54079,350.4,2,1575,22673,050500080106,Pocatalico Creek,0,WV,{E6D5077A-82D2-4C6B-B573-F2536726E06E},050500080107,0.22223397,Yes,{A54881EE-461E-4C39-B874-22756EECF608}
618,1,166889,1610,Lawrence,Kentucky,21,127,21127,420.1,2,1578,26991,050702030504,Georges Creek-Levisa Fork,0,KY,{8131F9DA-0F8D-4A36-BBE6-B918CA975345},050702030505,0.25288226,Yes,{CA9FDDD5-B9A6-4215-B43D-EB6311E7AA49}
619,1,163053,1611,Morgan,Kentucky,21,175,21175,383.7,6,1579,21123,051001010105,Johnson Creek,0,KY,{52CDDB53-20FB-4E44-A080-A3E51952D521},051001010106,0.25022471,Yes,{738875B0-782C-42DE-BBFB-F7981D39DA8B}
620,1,380897,1612,Logan,West Virginia,54,045,54045,455.6,46,1580,32616,050500090302,Headwaters Spruce Fork,0,WV,{D7AAA7AC-42A6-47E3-A90D-12DFFBDBC945},050500090303,0.32643081,Yes,{FABACCB3-22BC-483F-97EA-7BF2D34C4F27}
621,1,166855,1613,Johnson,Kentucky,21,115,21115,263.9,32,1581,25608,050702030305,Daniels Creek-Johns Creek,0,KY,{5115F9BB-9B54-4622-B104-62372DFF917A},050702030501,0.26263105,Yes,{1881D857-5002-4F2E-A935-A161A694026F}
622,1,380519,1614,Raleigh,West Virginia,54,081,54081,609.3,18,1582,28828,050500060101,Packs Branch-Paint Creek,0,WV,{17E526BF-7777-433F-9E01-86CADA66A2B0},050500060102,0.23670969,Yes,{BF2F1EB3-AFB2-4619-8430-357C55854B2C}
623,1,381013,1615,Mingo,West Virginia,54,059,54059,423.6,8,1583,29092,050701010401,Copperas Mine Fork,0,WV,{4C97EAAA-C5B0-45A8-9F81-B40025CC45A5},050701010402,0.30038014,Yes,{D10018E7-C40B-4B0C-A018-A388A86A0723}
624,1,166882,1616,Martin,Kentucky,21,159,21159,230.8,1,1584,35487,050702030502,Toms Creek-Levisa Fork,0,KY,{2F6C7518-9C82-4CF4-B10A-DE4D5A8ED84B},050702030503,0.31299296,Yes,{32E9CA7F-FADA-4B6C-8BF4-1724F622BC51}
625,1,163035,1619,Magoffin,Kentucky,21,153,21153,309.4,36,1587,24273,051001010101,Headwaters Licking River,0,KY,{8C0E30C1-599C-4C90-BA8D-86E537630D00},051001010102,0.29569134,Yes,{5FDBF72C-BEC2-4E52-89E1-E3EA6D6F53CF}
626,1,163036,1624,Floyd,Kentucky,21,071,21071,395.5,44,1592,24273,051001010101,Headwaters Licking River,0,KY,{8C0E30C1-599C-4C90-BA8D-86E537630D00},051001010102,0.25357835,Yes,{56D49B8F-F79F-4B5D-8D9B-09287BB43282}
627,1,163039,1626,Breathitt,Kentucky,21,025,21025,495.3,3,1594,23406,051001010102,Puncheon Camp Creek-Licking River,0,KY,{635DB32E-A4A8-43CE-9090-6E62B7DCBC13},051001010103,0.23863531,Yes,{6B0CA66E-93AC-4A15-8236-1EA7DB78D1F0}
628,1,166498,1629,Knott,Kentucky,21,119,21119,353,4,1597,36856,050702030102,Middle Right Fork Beaver Creek,0,KY,{6B3C0822-C29C-4402-A37A-48EF4988C760},050702030103,0.30962692,Yes,{1B0931FE-323B-4DED-B50E-6FA58B178074}
629,1,163455,1631,Letcher,Kentucky,21,133,21133,339.1,13,1599,38878,051301010101,Upper Poor Fork Cumberland river,0,KY,{4C939D8A-7D1F-4F64-A1F3-EBE47335DB81},051301010102,0.3153806,Yes,{7AD474F3-8669-42C5-BC08-16522FF54D5B}
630,1,380525,1646,Kanawha,West Virginia,54,039,54039,911,27,1614,22586,050500060103,Long Branch-Paint Creek,0,WV,{C09C8516-9796-4C5D-B997-A5ABF9326A60},050500060104,0.26443116,Yes,{56A40046-D598-4634-8620-066CE501541D}
631,1,381063,1649,Lincoln,West Virginia,54,043,54043,438.6,6,1617,28901,050701020103,Big Harts Creek,0,WV,{9D1B4710-FC23-46FB-A280-0FE88D08CF66},050701020105,0.26234981,Yes,{8777DC58-EEF8-48DC-AF98-BD8E46E7BDFA}
632,0,380371,1650,Fayette,West Virginia,54,019,54019,668.4,32,1618,24553,050500040305,Mill Creek-New River,0,WV,{F377D135-523B-4C82-8DB2-FC3213E9C6E8},050500040306,0.22081353,Yes,{C806AEDA-303E-46D0-B989-F3AD86CE133C}
633,1,380533,1651,Boone,West Virginia,54,005,54005,503.2,56,1619,22534,050500060201,Headwaters Cabin Creek,0,WV,{2C02D045-5922-4B3E-8A1E-99E7AF77C92B},050500060202,0.22635288,Yes,{3BEEC2C4-1C36-4C5B-BCAB-09DD20F754BE}
634,1,380905,1652,Wyoming,West Virginia,54,109,54109,501.8,3,1620,20121,050500090401,Upper Pond Fork,0,WV,{D3E7F4F1-2326-4875-A475-F6E2418D78CF},050500090403,0.24170036,Yes,{284E13C8-14D5-469B-B855-6DC3FA845F77}
635,1,166806,1653,Pike,Kentucky,21,195,21195,788.8,6,1621,19470,050702030104,Upper Left Fork Beaver Creek,0,KY,{4474BDE2-25FB-4430-949B-62F1294FBA2B},050702030105,0.22499055,Yes,{C4B4C594-C5FF-49C4-9D9C-9D4CA2A6FDBC}
636,1,366580,1662,Scott,Virginia,51,169,51169,538.6,12,1630,26188,060102050802,Lower North Fork Clinch River,0,"TN,VA",{9B24967C-87C1-4EC1-8E89-750B597AC653},060102050804,0.26302506,Yes,{60B9D051-D190-4ABE-83A4-552FF23A6070}
637,1,270638,1663,Wilkes,North Carolina,37,193,37193,759.7,24,1631,21149,030401010101,Buffalo Creek,0,NC,{B36A87BB-941D-446B-B905-9C760E1B2338},030401010102,0.28714098,Yes,{FEC363AF-38B5-492F-88C9-EE943596732B}
638,0,326453,1664,Greene,Tennessee,47,059,47059,624.3,32,1632,16187,060101051003,Lower Shelton Laurel Creek,0,"NC,TN",{8B57F48B-F355-40A7-A44E-62CA6B1C22E4},060101051004,0.17421933,Yes,{01AC2A8F-0709-4181-8E2C-D2389833C558}
639,1,326673,1665,Anderson,Tennessee,47,001,47001,344.8,14,1633,31559,060102070102,Lower Bull Run Creek,0,TN,{4AAD1A15-072E-4BF5-A5AA-4D9BFCC0C7C0},060102070404,0.29243285,Yes,{1425450E-9AB0-451E-8F00-9756BD7BF54A}
640,1,268402,1666,Avery,North Carolina,37,011,37011,247.3,25,1634,36054,030501010202,North Fork Catawba River,0,NC,{E6D37460-17FA-4E0F-8FB6-0C725923E4F3},030501010303,0.41568368,Yes,{691D889A-B123-4D8E-90A6-DD56C9CD5538}
641,1,326406,1667,Unicoi,Tennessee,47,171,47171,186.5,3,1635,25985,060101080208,Big Rock Creek,0,NC,{D8E3B31E-FE18-4165-92B4-A65120C082DA},060101080209,0.13128586,Yes,{3314663B-0335-4987-B51E-CB28BFF3BBB5}
642,0,269969,1668,Madison,North Carolina,37,115,37115,451.5,22,1636,14806,060101050804,Bull Creek,0,NC,{6EBD0DF4-B86D-4745-915B-2C96DEC61122},060101050805,0.16687148,Yes,{EB2B2DC3-A463-4AA3-96E4-DBE253E13655}
643,1,271380,1669,Iredell,North Carolina,37,097,37097,597.2,11,1637,22624,030401020105,Patterson Creek,0,NC,{725A4D78-BD25-40F4-8DC9-060130CA9E18},030401020106,0.22159416,Yes,{61792D27-FDF4-4BDB-BC9F-3A14435B987C}
644,1,269901,1670,Buncombe,North Carolina,37,021,37021,659.9,10,1638,20437,060101050403,Mills River,0,NC,{F813317F-4FAA-40F1-84CD-07BC1CAC4C20},060101050404,0.20612117,Yes,{D30B9FF5-A6C6-4487-8E4E-3AD9F7CCE8B0}
645,1,326423,1671,Monroe,Tennessee,47,123,47123,652.6,78,1639,20916,060102040105,Santeetlah Creek,0,NC,{8C87C32D-F7F9-4702-B6CF-89A6AB607639},060102040106,0.11480934,Yes,{2CFA7692-B2DA-467C-8FB3-2D27875A117C}
646,1,270401,1672,Graham,North Carolina,37,075,37075,301.6,53,1640,28363,060102020304,Whiteoak Creek-Nantahala River,0,NC,{CCDF521D-23E9-440A-B1D1-3FEE42157C6B},060102020305,0.25663122,Yes,{5CCA7716-1616-46C5-9D58-DE140FBE1727}
647,1,326668,1673,Knox,Tennessee,47,093,47093,525.8,16,1641,35411,060102070101,Upper Bull Run Creek,0,TN,{0521DAF7-D210-41B2-97E4-EF620EA56F67},060102070102,0.26840677,Yes,{56ED3457-0434-425C-AE63-44C728D3E655}
648,1,329926,1674,Jefferson,Tennessee,47,089,47089,314.3,9,1642,22129,060101070102,Upper Douglas Lake,0,TN,{7F268465-5F86-4293-990D-A82157E3D8BB},060101070103,0.26659643,Yes,{49007117-1AAC-4296-A78E-7BEB947738A4}
649,1,326397,1675,Cocke,Tennessee,47,029,47029,443.1,54,1643,23266,060101060304,Big Creek,0,NC,{82A65900-09C3-4288-9457-34456E48E353},060101060305,0.26712999,Yes,{4D7DBBB9-23C8-48DF-8506-145D71F948A8}
650,1,329934,1676,Sevier,Tennessee,47,155,47155,597.7,78,1644,17169,060101070104,Flat Creek,0,TN,{73B67553-3C62-42F7-8F72-7F078F376689},060101070105,0.30459158,Yes,{6CAA8C5B-9565-47CA-8DCC-6190FE50E571}
651,1,326482,1677,Blount,Tennessee,47,009,47009,566.6,70,1645,31602,060102040403,Chilhowee Lake-Little Tennessee River,0,"NC,TN",{D8904ED2-0AF1-48AA-BCF4-3698EBAB70DE},060102040406,0.25702363,Yes,{0446558C-29E1-4D58-A1FE-1F16C7A1653A}
652,1,269837,1678,Haywood,North Carolina,37,087,37087,554.6,76,1646,24193,060101050101,North Fork French Broad River,0,NC,{55385BDC-7E8B-4470-817F-9D7147DFC6AD},060101050105,0.22885065,Yes,{10945CD8-133D-41D5-B774-F1FDF3785E89}
653,1,270077,1679,Swain,North Carolina,37,173,37173,540.5,92,1647,27558,060101060301,Palmer Creek,0,NC,{C159F93E-E506-4218-A2D0-8182F7568B48},060101060302,0.24118428,Yes,{8A431B25-AF54-4D64-872B-BDE10E5896A0}
654,1,163455,1680,Harlan,Kentucky,21,095,21095,468,33,1648,38878,051301010101,Upper Poor Fork Cumberland river,0,KY,{4C939D8A-7D1F-4F64-A1F3-EBE47335DB81},051301010102,0.3153806,Yes,{7AD474F3-8669-42C5-BC08-16522FF54D5B}
655,1,366200,1681,Lee,Virginia,51,105,51105,437.3,20,1649,32004,051301010104,Upper Clover Fork Cumberland River,0,KY,{43DC72B8-A499-4C12-A5D5-064E505307F3},051301010105,0.14007974,Yes,{09296085-E2F8-4C4F-AF23-6CAC2767108D}
656,1,326586,1682,Hancock,Tennessee,47,067,47067,223.5,18,1650,7054,060102050803,War Creek,0,TN,{FEFAAD35-E25B-4361-B47F-CEDB25CEED32},060102050804,0.16189056,Yes,{4A489E42-CE07-4CE6-93D6-FE29E0F7A312}
657,1,326151,1683,Claiborne,Tennessee,47,025,47025,441.5,18,1651,35993,051301010201,Little Yellow Creek-Yellow Creek,0,"KY,TN",{D0838083-5E05-4F57-B0B2-8351F6062288},051301010202,0.24450445,Yes,{2D197D3D-66BF-476C-9671-FBA4051CAC42}
658,1,326153,1684,Campbell,Tennessee,47,013,47013,498.3,29,1652,31808,051301010601,Straight Creek-Clear Fork,0,"KY,TN",{74081755-9225-4F1C-ADBE-6B87F5A90EB9},051301010604,0.28649436,Yes,{DD8CDB9A-3818-4843-8B6C-FA339FBDBAA4}
659,1,326586,1685,Hawkins,Tennessee,47,073,47073,499.4,12,1653,7054,060102050803,War Creek,0,TN,{FEFAAD35-E25B-4361-B47F-CEDB25CEED32},060102050804,0.16189056,Yes,{4A489E42-CE07-4CE6-93D6-FE29E0F7A312}
660,1,326668,1686,Union,Tennessee,47,173,47173,247.2,1,1654,35411,060102070101,Upper Bull Run Creek,0,TN,{0521DAF7-D210-41B2-97E4-EF620EA56F67},060102070102,0.26840677,Yes,{56ED3457-0434-425C-AE63-44C728D3E655}
661,1,166671,1689,Whitley,Kentucky,21,235,21235,445.1,7,1657,31808,051301010601,Straight Creek-Clear Fork,0,"KY,TN",{74081755-9225-4F1C-ADBE-6B87F5A90EB9},051301010604,0.22536856,Yes,{79787E56-DE39-4882-8ADC-4D7D1FDE4195}
662,1,163491,1690,Bell,Kentucky,21,013,21013,361.4,4,1658,30992,051301010204,Puckett Creek-Cumberland River,0,KY,{82215AA8-8953-47BE-80E1-0C2CB83EE047},051301010206,0.35378287,Yes,{C5D1EBAC-D4CB-4714-9A6C-0A023AEF9623}
663,1,326401,1697,Carter,Tennessee,47,019,47019,347.7,12,1665,29438,060101080101,Headwaters North Toe River,0,NC,{8B6F9AE9-18CA-42FB-82D8-77AA349BEB28},060101080102,0.15126573,Yes,{14742C02-3613-420D-823D-BB25EB5E6433}
664,1,329813,1698,Washington,Tennessee,47,179,47179,329.2,1,1666,33310,060101040103,Beech Creek,0,TN,{BBBA26DD-772B-4943-A132-3FD38BB84B61},060101040104,0.26319232,Yes,{AD6D7880-94A1-45A5-B3D5-9C25AF11F7FE}
665,1,268430,1699,Watauga,North Carolina,37,189,37189,312.4,18,1667,26796,030501010501,Upper Johns River,0,NC,{1D020A10-648A-457B-97F3-C2AD51133926},030501010505,0.25767718,Yes,{C0C44334-3B34-469A-89FA-AA60C4C273FD}
666,1,268402,1704,Mitchell,North Carolina,37,121,37121,222.1,37,1672,36054,030501010202,North Fork Catawba River,0,NC,{E6D37460-17FA-4E0F-8FB6-0C725923E4F3},030501010303,0.41568368,Yes,{691D889A-B123-4D8E-90A6-DD56C9CD5538}
667,1,268428,1705,Caldwell,North Carolina,37,027,37027,475.3,46,1673,26796,030501010501,Upper Johns River,0,NC,{1D020A10-648A-457B-97F3-C2AD51133926},030501010505,0.27265534,Yes,{CB56F3B6-0268-4B62-ACED-95CA7B8852FE}
668,1,270293,1706,Yancey,North Carolina,37,199,37199,313.1,8,1674,15765,060101080105,Big Crabtree Creek,0,NC,{283B2917-A188-4A13-A02E-1E9FF67EB7D0},060101080106,0.18484307,Yes,{F684EAB6-3882-4943-8A26-EA641393AD35}
669,1,268405,1708,Burke,North Carolina,37,023,37023,513.4,45,1676,28375,030501010301,Upper Linville River,0,NC,{42BB1202-B5CB-4261-9BA7-AEFD47443D08},030501010302,0.26097201,Yes,{8361D9E4-087C-4B76-9032-B32C9DD9D659}
670,1,268401,1709,McDowell,North Carolina,37,111,37111,447,7,1677,36054,030501010202,North Fork Catawba River,0,NC,{E6D37460-17FA-4E0F-8FB6-0C725923E4F3},030501010303,0.44101896,Yes,{60E92B45-D398-4C4B-8FF5-522AD0B9F7EB}
671,1,268853,1710,Catawba,North Carolina,37,035,37035,413.6,1,1678,27909,030501020201,Upper Jacob Fork,0,NC,{AB337247-6361-46C8-9C01-F13393035312},030501020202,0.27031142,Yes,{D0E13210-7139-4C06-B1C9-033C914A2E09}
672,1,265593,1712,Jackson,North Carolina,37,099,37099,494.5,66,1680,24591,030601020204,Upper Chattooga River,0,"GA,NC,SC",{483B073F-EC80-4AE7-9C03-6E4893EB15F9},030601020209,0.21947952,Yes,{C32809D2-E7DB-44EB-91FC-C0ACC9F56AB1}
673,1,268947,1714,Henderson,North Carolina,37,089,37089,375,8,1682,26992,030501050101,Lake Summit-Green River,0,NC,{9F100EE6-554D-483B-B17B-637B3FFA9052},030501050103,0.23241505,Yes,{81CBA244-36B4-49C3-AB2D-EC28415A59B6}
674,1,326989,1715,Hamilton,Tennessee,47,065,47065,575.7,1,1683,22863,060200021408,Coppinger Creek-Hiwassee River,0,TN,{61E9EB55-8F96-4062-9713-DA308F0936C6},060200010605,0.24599266,Yes,{8402953F-4FE3-43F1-BEA2-1D92D41EBF6F}
675,1,1063,1718,Lauderdale,Alabama,01,077,01077,718.8,40,1686,15187,060300021205,Page Branch-Tennessee River,0,AL,{5169F33A-DAFE-498A-A698-516C84EF8C04},060300050801,0.17964572,Yes,{B454EBEB-9368-45DC-9A0A-7A2CFC62B468}
676,1,1105,1719,Colbert,Alabama,01,033,01033,623.6,23,1687,42728,060300050303,Middle Town Creek,0,AL,{B321FFEC-07E9-4F50-96CF-A14143831B32},060300050304,0.29630711,Yes,{1C831EBF-4B46-4537-B71A-01FC2FB1A62B}
677,1,313164,1720,Richland,South Carolina,45,079,45079,771.2,31,1688,34661,030501060708,Nicholas Creek-Broad River,0,SC,{79E0E7AA-7896-4D69-9AD9-88D67242941F},030501100301,0.35750459,Yes,{0F893973-91C8-476A-823D-703228FB74BD}
678,1,119891,1721,Fulton,Georgia,13,121,13121,534.9,3,1689,15117,031300020104,Wilson Creek-Chattahoochee River,0,GA,{7A30B6BB-A327-4A39-99F3-E8931CDCACB7},031300020304,0.18779245,Yes,{1D347C79-5A92-47E0-B293-1893F511B631}
679,1,4266,1722,Walker,Alabama,01,127,01127,805.3,31,1690,17749,031601070105,Boxes Creek,0,AL,{5647D0EE-0D93-4818-A2BC-807F9ED27691},031601070106,0.20833395,Yes,{F332BCC8-C726-4AEF-A930-3FA4D5064EFA}
680,1,2277,1723,St. Clair,Alabama,01,115,01115,653.6,20,1691,27570,031501060301,Little Canoe Creek,0,AL,{AE8212C4-16E4-4AB0-96C9-5DD634A524A1},031501060302,0.40361781,Yes,{7F7F4890-21B9-4E1A-A8CC-F45BB856CA13}
681,1,312848,1724,Edgefield,South Carolina,45,037,45037,506.6,26,1692,31892,030601060105,Llyod Creek-Savannah River,0,"GA,SC",{6C1C4AAE-5667-4C4E-923A-618C644D628B},030601060601,0.34793182,Yes,{69FEAE2B-980E-4AA9-98AC-824BA14570CB}
682,1,1676,1725,Cleburne,Alabama,01,029,01029,561,69,1693,27022,031501050101,Pumpkin Pile Creek-McCurry Creek,0,"AL,GA",{D94E87FB-BF93-43B9-952A-ED5A48164F20},031501050103,0.10911171,Yes,{9CFB9034-5BF5-4E87-920D-A1459779FBEB}
683,1,4047,1726,Fayette,Alabama,01,057,01057,629.3,70,1694,28298,031601030201,Wickett Creek-Beaver Creek,0,AL,{122142FC-8AAA-4A70-9C2B-B47FA24A4B61},031601030202,0.26850423,Yes,{22AA5CDD-EC87-4122-87DA-615AF4AD0D2A}
684,1,312852,1727,Aiken,South Carolina,45,003,45003,1080.3,79,1695,71034,030601060607,Beaverdam Ditch-Savannah River,0,"GA,SC",{0909F6CE-EECD-461E-96D1-F88A69B66F1C},030601060805,0.22193726,Yes,{C0FF3915-DCCF-4B58-BAAA-D0EBA57A4CFF}
685,1,3539,1728,Jefferson,Alabama,01,073,01073,1123.8,82,1696,31166,031502020103,Little Cahaba River,0,AL,{9829FC76-31DA-49C8-A9D5-7448EECA657B},031502020104,0.28839982,Yes,{2BDB3F01-4FDD-431F-B0B7-606597ABF6EC}
686,1,119897,1729,Carroll,Georgia,13,045,13045,504,7,1697,35685,031300020201,Upper Sweetwater Creek,0,GA,{D367E254-9B13-4DC2-8B4E-FFA3C8C038A5},031300020203,0.35309864,Yes,{90805EDF-612C-417D-817D-582CC032A783}
687,1,121825,1730,Morgan,Georgia,13,211,13211,354.6,74,1698,15695,030701010706,Oconee River-Lake Oconee,0,GA,{F6EF1E9E-2AC7-4150-9C81-0289187060D1},030701011304,0.18371327,Yes,{C2C8607C-D3DD-404E-906B-79BA156E6A22}
688,1,3811,1731,Marengo,Alabama,01,091,01091,982.8,106,1699,20266,031502030501,County Line Creek-Sand Creek,0,AL,{4B53B1CC-DF4E-4822-A3C7-96131D46E234},031502030503,0.20271485,Yes,{A2D944EC-AE31-420B-A342-59CD449C3FF8}
689,1,116693,1732,Dodge,Georgia,13,091,13091,503.3,56,1700,37220,030701040302,Limestone Creek,0,GA,{A4DB6D81-271C-4469-972F-E12E18F578B8},030701040303,0.2787504,Yes,{0182E95C-124A-41C5-8AD0-FF9A334196B5}
690,1,116896,1733,Toombs,Georgia,13,279,13279,368.7,46,1701,20650,030701060101,Horn Creek-Altamaha River,0,GA,{82A6309D-C9BC-4848-8F6E-8DD3672D94C9},030701060106,0.21910003,Yes,{419A26DA-92CF-41F1-8968-CE904F0BC255}
691,1,889,1734,Bullock,Alabama,01,011,01011,626.1,84,1702,27377,031402020201,Johnson Creek-Headwaters Pea River,0,AL,{60F0C2CE-8255-4201-AD11-2D023C5E4978},031402020205,0.26644225,Yes,{38FA3F37-6CAF-44C4-88FC-ECEAB8407D45}
692,1,116824,1735,Wheeler,Georgia,13,309,13309,300.2,46,1703,48904,030701040806,Opossum Creek-Ocmulgee River,0,GA,{87DB22B2-88EA-41BF-B655-D0A27702C231},030701040807,0.37031615,Yes,{A78321B5-060F-4BC9-93C0-FBA9450C3582}
693,1,3741,1736,Wilcox,Alabama,01,131,01131,907.5,86,1704,23461,031502030203,Wolf Creek,0,AL,{270BBF7D-4892-4D8F-8B14-8EA2A97EB00A},031502030204,0.24566406,Yes,{7503CD78-45C3-4DE1-AFD8-D5271160FFEC}
694,1,117470,1737,Webster,Georgia,13,307,13307,210.2,45,1705,14078,031300090101,West Fork Ichawaynochaway Creek,0,GA,{477F3E17-1535-4BD7-A2D4-6BA41662A055},031300090102,0.1999354,Yes,{DE9CB4B8-8F4C-45B4-AD93-E69B0D932E5C}
695,1,122074,1738,Sumter,Georgia,13,261,13261,492.6,98,1706,8147,031300060104,Triple Creek,0,GA,{F908EE4A-873A-4D9E-9865-B02CF6A89D86},031300060105,0.15279083,Yes,{B7ABC50F-78E7-4C72-8F9B-B1A4B27DF758}
696,0,2374,1739,Talladega,Alabama,01,121,01121,760.2,31,1707,37666,031501060507,Tuskehadky Branch-Choccolocco Creek,0,AL,{3AD4F0C0-A7F8-4E68-A5A7-FB2F32B07D8D},031501060512,0.31089634,Yes,{0CB606BD-EF37-4A3D-9538-295158A9EB70}
697,1,1577,1740,Chambers,Alabama,01,017,01017,603.1,10,1708,28257,031300020805,Veasey Creek-West Point Lake,0,"AL,GA",{7AED0A01-23BD-47B1-8193-BEDA0849C9DF},031300020806,0.26048,Yes,{364CB03A-7675-418C-A9C9-A32801428378}
698,1,2999,1741,Tallapoosa,Alabama,01,123,01123,766.2,27,1709,26570,031501090305,Laney Creek,0,AL,{2AA82454-95E6-4C7A-9E7F-BBA939BE8E48},031501090309,0.22283613,Yes,{CDE3D06B-FCE2-46B9-B1BC-295A9478891C}
699,1,2731,1742,Coosa,Alabama,01,037,01037,666.4,43,1710,29433,031501070303,Cohabie Creek-Cedar Creek,0,AL,{492C3B31-D430-4D83-8254-77BA25886555},031501070304,0.30324796,Yes,{812B19B0-9451-442E-9653-A74AAD4D9ACB}
700,1,2771,1743,Chilton,Alabama,01,021,01021,700.8,40,1711,28859,031501070503,Spring Creek-Lay Lake,0,AL,{022F96E4-5EF9-408F-B998-13663290AAC2},031501070803,0.36368718,Yes,{BFD61DE9-88C3-4BE6-82E6-166F96C70ADD}
701,1,4863,1744,Hale,Alabama,01,065,01065,656.5,68,1712,33501,031601130103,South Sandy Creek,0,AL,{93B74C34-E7B2-44FC-898F-0E4931D91FB7},031601130104,0.34700096,Yes,{39D0D7DC-23F7-4674-B16C-A958E3407157}
702,1,2843,1745,Elmore,Alabama,01,051,01051,657.2,65,1713,25064,031501070903,Upper Weoka Creek,0,AL,{A05F6855-8EBA-4D58-8C5D-0FA12C919D92},031501070904,0.2453988,Yes,{CDC48546-3892-46BA-B092-D5DE5252038A}
703,1,1310,1746,Montgomery,Alabama,01,101,01101,799.8,64,1714,38091,031403010201,Headwaters Mannings Creek,0,AL,{661C7D8C-A4AC-404D-9A93-036BF84A5A86},031403010204,0.28657443,Yes,{1179033E-6D9F-4734-871C-455CB63AC308}
704,1,3351,1747,Lowndes,Alabama,01,085,01085,725,81,1715,46965,031502010402,Upper Pinchony Creek,0,AL,{1DF18E4A-6612-4C01-B122-4DC3A0F2315F},031502010403,0.40050559,Yes,{F76A460E-BE80-458D-8CC0-3BA4D41EA619}
705,1,116235,1748,Stewart,Georgia,13,259,13259,463.5,82,1716,22462,031300030606,Snake Creek-Chattahoochee River,0,"AL,GA",{5F452DC8-3F73-43D7-AF3F-11F1887A67F3},031300030804,0.25338898,Yes,{D4264BAA-9350-4533-8503-DE3363F41CD0}
706,1,3635,1749,Perry,Alabama,01,105,01105,724.1,62,1717,27534,031502020507,Blue Girth Creek,0,AL,{9D4E6B18-9369-43B9-97A4-53E96DABE67D},031502020601,0.35779697,Yes,{E8318144-26F7-4BEB-A1B0-AEDCC4047980}
707,1,2835,1750,Autauga,Alabama,01,001,01001,604.4,47,1718,47999,031501070901,Chesnut Creek,0,AL,{0247BBD4-CA63-48C5-9F2A-269740C871BD},031501070906,0.32686913,Yes,{0712DC68-9785-4127-AC5A-CB843E436696}
708,1,3493,1751,Dallas,Alabama,01,047,01047,993.4,94,1719,38639,031502011006,Lower Mulberry Creek,0,AL,{972AAA0C-B715-40AC-AF4C-98CFD8C4DC57},031502011204,0.34763366,Yes,{DB1E815C-52CF-4F15-83D5-3286D357A968}
709,1,3613,1752,Tuscaloosa,Alabama,01,125,01125,1351.2,131,1720,25856,031502020501,Hill Creek,0,AL,{BF4AF503-43A2-4A00-B9C7-7D28D1F62322},031502020502,0.27980326,Yes,{391AC5AF-05D4-4382-8527-A1A8046C246B}
710,1,2449,1753,Shelby,Alabama,01,117,01117,809.5,42,1721,20735,031501060804,Jess Branch-Shoal Creek,0,AL,{EA3EC76E-567E-4190-9724-8423B7F76865},031501060805,0.2305847,Yes,{6DA1CEB1-C93F-4EBE-8E87-C06A66C11216}
711,1,3475,1754,Bibb,Alabama,01,007,01007,626.1,41,1722,23293,031502011002,Little Mulberry Creek,0,AL,{3C6C8EAB-0ECC-4E80-9658-549FD35C926C},031502011003,0.21614784,Yes,{9C06D5BD-3584-4149-A714-99E156E54465}
712,1,121473,1755,Fayette,Georgia,13,113,13113,198.8,3,1723,32869,031300050104,Murphy Creek-Flint River,0,GA,{71B782BB-06A3-4B0D-A7A9-A525934EA616},031300050106,0.28345899,Yes,{A1C38354-1125-4021-91DA-78BC00FAC59F}
713,1,120391,1756,Coweta,Georgia,13,077,13077,445.9,4,1724,19392,031300020501,Sandy Creek,0,GA,{9274D7B8-ECD9-43BA-820F-847510B676AF},031300020502,0.19729052,Yes,{5FD03EAB-6527-48CA-92B1-33711F7FA1FA}
714,1,2920,1757,Randolph,Alabama,01,111,01111,584.1,4,1725,34658,031501081003,Ketchepedrakee Creek,0,AL,{0531714A-D802-4E76-BAA0-9709AAA02E3F},031501081004,0.46809831,Yes,{971C947D-26FC-4771-9474-DF7BC8F47FEC}
715,1,2382,1758,Clay,Alabama,01,027,01027,606,18,1726,37944,031501060509,Upper Cheaha Creek,0,AL,{7FDB4700-EA9A-4A03-A36E-2FC915846E92},031501060511,0.30582728,Yes,{6E7D3BF4-F57A-45B8-AC11-91E436672CD5}
716,1,116185,1759,Heard,Georgia,13,149,13149,300.8,6,1727,11606,031300020803,Little Wehadkee Creek,0,"AL,GA",{BD70CF1A-BDC9-4358-96A3-F76AD152EBE0},031300020806,0.14609145,Yes,{3C9ABCBA-B5CA-4241-B1E9-8316266A5584}
717,1,120440,1760,Meriwether,Georgia,13,199,13199,505.1,72,1728,28742,031300020703,Flat Creek,0,GA,{C1C02464-883D-49FD-8508-943ED6881F0D},031300020707,0.34419162,Yes,{3ED2C611-793B-46EA-8E8C-6611E5550182}
718,1,116189,1761,Troup,Georgia,13,285,13285,446.3,71,1729,17262,031300020806,Lower Wehadkee Creek,0,"AL,GA",{8F8F1606-57E0-4FBA-AE17-BBF47A38F64E},031300020808,0.15781039,Yes,{0BB9EBE8-563E-45D7-9319-33C7752E1D6D}
719,1,121541,1762,Pike,Georgia,13,231,13231,219.3,39,1730,9948,031300050401,Hollonville-Flint River,0,GA,{602A31AA-B602-407F-92C7-08039B4817E6},031300050403,0.14040674,Yes,{7831CD9B-4340-401E-ABA8-AA628CC8E95D}
720,1,120520,1763,Talbot,Georgia,13,263,13263,394.7,64,1731,7978,031300021201,Upper Mulberry Creek,0,GA,{46012123-FD97-4275-B673-9693AFBB1E7E},031300021205,0.12975439,Yes,{1B02A0B1-A633-4F74-932A-514A43296DAD}
721,1,116203,1764,Harris,Georgia,13,145,13145,473,86,1732,12601,031300020908,Crow Hop-Chattahoochee River,0,"AL,GA",{BD74F968-F540-4FCC-B111-29CED7E9A54C},031300021109,0.09825849,Yes,{308922F8-3013-4C59-BCBC-BC0424DB2BCF}
722,1,1595,1765,Lee,Alabama,01,081,01081,615.5,36,1733,14210,031300021109,Bartletts Ferry Dam-Chattahoochee River,0,"AL,GA",{E401458E-B6E0-4A97-9BD3-FF402892F118},031300021302,0.17231377,Yes,{7F436D9C-2948-48FE-B2AF-545B5EA46D05}
723,1,116214,1766,Muscogee,Georgia,13,215,13215,221,44,1734,28585,031300021306,Soap Creek-Chattahoochee River,0,"AL,GA",{DAF377DF-34AC-4D8A-B680-61EE823766E1},031300030104,0.07574183,Yes,{2F4724DE-E67C-4C6C-B5FB-4DC80E1CF3A1}
724,1,3111,1767,Macon,Alabama,01,087,01087,613.2,73,1735,28799,031501100103,Middle Sougahatchee Creek,0,AL,{25E8DCFC-B6B6-4F60-9570-E57E61127FEE},031501100104,0.26967201,Yes,{00E09EB6-5FE5-4537-BA75-0A4B66525E90}
725,1,120579,1768,Marion,Georgia,13,197,13197,367.4,71,1736,15961,031300030203,Black Creek,0,GA,{D8AFB43E-7125-44C7-AAA3-99C941C84AED},031300030204,0.19378887,Yes,{7812FBF5-7D73-45C2-AE29-90AB67EED419}
726,1,116223,1769,Chattahoochee,Georgia,13,053,13053,251.2,46,1737,20297,031300030106,Broken Arrow Creek-Chattahoochee River,0,"AL,GA",{619FD29E-FFE8-4C6D-B9C5-04F729C2153A},031300030602,0.12465391,Yes,{FCBC1854-B715-49BD-987F-E5194B2A1A70}
727,1,1614,1770,Russell,Alabama,01,113,01113,647.4,48,1738,20297,031300030106,Broken Arrow Creek-Chattahoochee River,0,"AL,GA",{619FD29E-FFE8-4C6D-B9C5-04F729C2153A},031300030602,0.22989231,Yes,{89C0124C-583D-4DF3-AFEE-18C27CE02D90}
728,1,317,1773,Jackson,Alabama,01,071,01071,1126.7,27,1741,17242,060300010601,Evans Creek,0,AL,{3422C36D-08B7-4954-9CDB-C2688025ABAF},060300010602,0.1876291,Yes,{C6DF2E04-69AE-4766-A0D9-8DFB34437886}
729,1,119524,1774,Fannin,Georgia,13,111,13111,391.1,71,1742,13189,031501020101,Tickanetley Creek,0,GA,{81BBE626-C029-415A-B9AB-4161DD0574E3},031501020102,0.15289819,Yes,{D507C69F-53D4-4586-B578-CE2216206402}
730,1,502,1775,DeKalb,Alabama,01,049,01049,778.7,28,1743,30676,060300010702,Snake Creek-Town Creek,0,AL,{21D2618B-7F89-4A00-B3BC-29AAFE7ED49E},060300010703,0.32577169,Yes,{D58C7F46-6560-4FB2-8F7B-D6365AA11E70}
731,1,119486,1776,Gilmer,Georgia,13,123,13123,431.8,106,1744,13097,031501010401,Emery Creek-Holly Creek,0,GA,{3513D67F-5C1B-48D2-A92B-1A0DFAF20245},031501010402,0.1677729,Yes,{EBEE75F1-C6A3-4A1C-B80D-5CCEC5300C0E}
732,1,735,1777,Lawrence,Alabama,01,079,01079,718.1,46,1745,31150,060300021006,Crowdabout Creek,0,AL,{560FD0FC-F76C-4C54-9A85-A52EF581CE06},060300021007,0.34647238,Yes,{D2096965-0B41-4E7C-B704-69F965770EE2}
733,1,711,1778,Morgan,Alabama,01,103,01103,599,24,1746,36189,060300020906,Matney Branch-Tennessee River,0,AL,{683A6D9C-DF47-41D9-82C6-19AE593648F1},060300021102,0.42104744,Yes,{6A3B25BE-30D9-4CCA-9B1F-531D8CEE412D}
734,1,119515,1779,Gordon,Georgia,13,129,13129,358.3,88,1747,11021,031501010503,Polecat Creek,0,GA,{91F320B5-99A7-4F4E-9797-FAA234D7D5A3},031501010504,0.1594893,Yes,{6E965833-A9A9-4AFC-AD8B-2100166F5995}
735,1,333,1780,Marshall,Alabama,01,095,01095,623.2,21,1748,19608,060300010605,Lower North Sauty Creek,0,AL,{E49FB600-3212-4D00-8F12-2A218F26C078},060300010606,0.26570125,Yes,{18411357-E496-453C-932B-CDDB3C8B7415}
736,1,116287,1781,Floyd,Georgia,13,115,13115,518.5,96,1749,14915,031501050106,Little Cedar Creek,0,"AL,GA",{5EF30625-ED9B-4B98-8311-17A720ADAF34},031501050107,0.22731208,Yes,{BF0BA227-3B47-43AC-B6F0-168A0997111E}
737,1,116291,1782,Chattooga,Georgia,13,055,13055,313.5,74,1750,8005,031501050204,Kings Creek,0,"AL,GA",{16E31714-AE5B-4F88-BCBF-758D7DF0B9F7},031501050205,0.09877382,Yes,{2C40AC1A-FB43-4009-8D31-7B5011A427B7}
738,1,523,1783,Etowah,Alabama,01,055,01055,548.7,14,1751,23340,060300010802,Upper Short Creek,0,AL,{D957A65A-E526-44A0-838A-9460A96D52F4},060300010806,0.21000025,Yes,{ADA38E32-9E90-4F84-8F49-1F7C214E5E45}
739,1,1950,1784,Calhoun,Alabama,01,015,01015,612.3,38,1752,17883,031501050901,South Fork Terrapin Creek,0,AL,{FEF35837-A902-4C07-B004-26D1485483E4},031501050904,0.21387906,Yes,{A29D5A1F-E03A-4B0E-9436-98611DC1A64F}
740,1,119891,1785,Douglas,Georgia,13,097,13097,200.1,5,1753,15117,031300020104,Wilson Creek-Chattahoochee River,0,GA,{7A30B6BB-A327-4A39-99F3-E8931CDCACB7},031300020304,0.18779245,Yes,{1D347C79-5A92-47E0-B293-1893F511B631}
741,1,734,1786,Cullman,Alabama,01,043,01043,754.8,18,1754,31150,060300021006,Crowdabout Creek,0,AL,{560FD0FC-F76C-4C54-9A85-A52EF581CE06},060300021007,0.2575977,Yes,{5574AB99-7B38-4A20-98F6-2BF350F6967B}
742,1,1177,1787,Winston,Alabama,01,133,01133,631.8,36,1755,43186,060300060102,Headwaters Bear Creek,0,AL,{4D525068-37AF-4488-BECC-EC4055B9E814},060300060103,0.31540849,Yes,{D0C66098-87AE-4311-8A66-4485CAFC105E}
743,1,4619,1788,Blount,Alabama,01,009,01009,650.6,6,1756,44449,031601110204,Upper Blackburn Fork-Little Warrior River,0,AL,{3AE73D79-28B1-426D-8E72-93ECC4C3F982},031601110207,0.32704518,Yes,{643BE936-DA0B-4AC3-AFB0-83F805B8A3F5}
744,1,677,1790,Limestone,Alabama,01,083,01083,607.1,30,1758,17456,060300020703,Lower Limestone Creek,0,AL,{527A31FA-C496-49EF-A14D-81F11CFFE9CB},060300020906,0.31679114,Yes,{814358B1-E52C-45A0-ADDE-9E34E9747768}
745,1,583,1791,Madison,Alabama,01,089,01089,812.8,15,1759,11627,060300020201,Little Dry Creek-Clear Creek,0,AL,{B3BEE4FD-665E-4C62-915D-07F9ACEB87A0},060300020203,0.16815089,Yes,{28C55ADA-BFC7-4590-A3B1-BA3A8E51FB77}
746,1,326054,1792,Bradley,Tennessee,47,011,47011,331.6,16,1760,15771,031501010104,Old Fort Creek-Mill Creek,0,"GA,TN",{9EB6B3E6-90CE-45C4-A11F-2A09258F656C},031501010105,0.23518202,Yes,{3CCE2CFC-4F80-493C-A402-F5D534A735DD}
747,1,326043,1794,Polk,Tennessee,47,139,47139,442.3,58,1762,35317,060200030207,Wolf Creek-Toccoa River,0,"GA,NC,TN",{44477404-90FF-4052-B20E-30177A6B4BF2},060200030209,0.19092815,Yes,{70959391-9DAD-44C6-BD0F-84C66B65EE3A}
748,1,119435,1795,Whitfield,Georgia,13,313,13313,290.5,61,1763,10256,031501010204,Hampton Island-Conasauga River,0,GA,{2E7FF0DD-DBD6-47A2-A1F4-66018565D329},031501010211,0.16935263,Yes,{8903FADA-3343-43E9-9ADD-A25D802E4D2E}
749,1,119423,1796,Murray,Georgia,13,213,13213,347,101,1764,8193,031501010201,Upper Sumac Creek,0,GA,{65D3BD9D-9B92-4F08-B054-3AD8C77FEFE9},031501010204,0.12494033,Yes,{D0BAE069-9BBE-4C7F-BA0A-7F29C4BBED2D}
750,1,122103,1797,Catoosa,Georgia,13,047,13047,162.4,27,1765,20710,060200010701,Upper East Chickamauga Creek,0,GA,{42EACFE7-D50F-4A41-9238-49D5CF9A1A90},060200010702,0.26665519,Yes,{009AD149-859C-4A41-860D-4A30E9EA09E2}
751,1,116316,1798,Dade,Georgia,13,083,13083,174.2,25,1766,15806,031501050703,East Fork West Fork Little River-West Fork Little River,0,"AL,GA",{47CAF7E7-2498-49CE-9447-752984054FCA},031501050704,0.10877052,Yes,{BD4D4A28-E910-42BB-B71D-1E4B75F46BE2}
752,1,116311,1799,Walker,Georgia,13,295,13295,447.3,87,1767,9134,031501050701,East Fork Little River,0,"AL,GA",{671A57AC-C15D-48BC-B98F-426BB383F3F7},031501050705,0.19187971,Yes,{FBE0BA8B-299F-4673-AEDA-90C5BF2BF78B}
753,1,119539,1800,Pickens,Georgia,13,227,13227,232.7,69,1768,16005,031501020105,Turkey Creek-Clear Creek,0,GA,{F6AD262A-DBA3-46C7-9A30-80FA69E8AFCF},031501020106,0.19580157,Yes,{F8D80AC7-C328-4EAD-8B0E-6EFB94159B33}
754,1,1676,1801,Cherokee,Alabama,01,019,01019,600,48,1769,27022,031501050101,Pumpkin Pile Creek-McCurry Creek,0,"AL,GA",{D94E87FB-BF93-43B9-952A-ED5A48164F20},031501050103,0.10911171,Yes,{9CFB9034-5BF5-4E87-920D-A1459779FBEB}
755,1,120055,1802,Bartow,Georgia,13,015,13015,469.8,95,1770,19545,031501020602,Ninetynine Branch-Salacoa Creek,0,GA,{6F32EC60-0375-4AE3-AE95-8FC7DDC58612},031501020604,0.25107676,Yes,{366CB986-B3A3-409A-B3BA-5B4F8D22188A}
756,1,120051,1803,Cherokee,Georgia,13,057,13057,434.1,42,1771,14772,031501020601,Little Creek-Salacoa Creek,0,GA,{117B4C93-C3CF-47AF-89C9-6E55AE0EAD77},031501020602,0.17921757,Yes,{D9948188-133E-4E62-B369-C34E6C6BE474}
757,1,119907,1804,Cobb,Georgia,13,067,13067,344.4,7,1772,18021,031300020204,Powder Springs Creek,0,GA,{79AB57F2-9D61-443B-B997-96EE65D0250A},031300020208,0.21315193,Yes,{D4598CF4-52EC-41C5-9D80-423A12C521DA}
758,1,116281,1805,Polk,Georgia,13,233,13233,312.2,58,1773,27022,031501050101,Pumpkin Pile Creek-McCurry Creek,0,"AL,GA",{D94E87FB-BF93-43B9-952A-ED5A48164F20},031501050103,0.27154751,Yes,{5081DA44-BF91-4498-9B5F-C11CF0B49AF5}
759,1,119897,1806,Paulding,Georgia,13,223,13223,315.3,56,1774,35685,031300020201,Upper Sweetwater Creek,0,GA,{D367E254-9B13-4DC2-8B4E-FFA3C8C038A5},031300020203,0.35309864,Yes,{90805EDF-612C-417D-817D-582CC032A783}
760,1,116282,1807,Haralson,Georgia,13,143,13143,283,41,1775,27022,031501050101,Pumpkin Pile Creek-McCurry Creek,0,"AL,GA",{D94E87FB-BF93-43B9-952A-ED5A48164F20},031501050103,0.2415857,Yes,{916BD6E8-B7A9-4456-888F-7E8D6DFD9545}
761,1,269519,1808,Transylvania,North Carolina,37,175,37175,380.6,32,1776,15661,030601010101,Lake Toxaway-Headwaters Toxaway River,0,NC,{F48540A9-4249-47AD-B1D5-53EDA0503771},030601010102,0.19528504,Yes,{1EB9F02C-002D-48DC-9678-4B03CFC37DBE}
762,1,268952,1810,Polk,North Carolina,37,149,37149,238.7,5,1778,25471,030501050103,Cove Creek-Green River,0,NC,{34B517DF-166F-4F11-BAF5-3ABEC4227ADF},030501050104,0.24799727,Yes,{5340BB8B-2384-4947-94C5-C8D56761D04D}
763,1,312889,1811,Greenville,South Carolina,45,045,45045,794.6,28,1779,16546,060101050103,East Fork French Broad River,0,NC,{F61CB3A4-8A73-4AD0-997B-2F07C0364C5D},060101050105,0.09531896,Yes,{0F6FA326-E563-427D-98DF-785F724D0D89}
764,1,118296,1812,Habersham,Georgia,13,137,13137,279.2,34,1780,16941,030601020108,Lake Rabun,0,GA,{8E6AA64D-C0BA-4EF5-8D8C-60273B3E95DE},030601020210,0.22085954,Yes,{8BE57710-BBB3-4A08-9A5D-E79E341E9FBA}
765,1,312813,1813,Anderson,South Carolina,45,007,45007,757.5,55,1781,59693,030601020507,Lower Tugaloo River,0,"GA,SC",{4D27B6FC-6E31-45A6-ACEC-CC49B0C235D1},030601030100,0.20848179,Yes,{9653827D-2DF1-45A3-9B7E-6373041E5EE6}
766,1,313281,1814,Laurens,South Carolina,45,059,45059,723.8,24,1782,32961,030501080105,Durbin Creek,0,SC,{ED40EE00-2D26-4019-A583-9728815AF75A},030501080106,0.29126017,Yes,{5E77B615-B85E-47AE-9655-25DE98BA2D6B}
767,1,119287,1815,Lumpkin,Georgia,13,187,13187,284.3,28,1783,15885,031300010401,Wahoo Creek,0,GA,{B2A9C8E8-A469-4E03-A0F2-76051A8D5086},031300010404,0.20450798,Yes,{60257AA3-3DAE-4B22-9C42-8E9D3524ECB6}
768,1,119339,1816,Dawson,Georgia,13,085,13085,214.5,26,1784,17012,031300010701,Yellow Creek-Chestatee River,0,GA,{120355D7-A644-4138-890F-5785216E5793},031300010702,0.19510928,Yes,{759B57A1-23D6-46EA-B24A-F59BD6E1F912}
769,0,313094,1817,Fairfield,South Carolina,45,039,45039,710.2,11,1785,37924,030501060406,Rocky Creek-Broad River,0,SC,{96A04E17-73CD-453C-92D8-57D59DB8AD99},030501060703,0.40884199,Yes,{9A826D58-E1F2-48BF-979A-E672BC1CDA12}
770,1,312835,1818,McCormick,South Carolina,45,065,45065,394,64,1786,53723,030601030712,Upper Thurmond Lake,0,"GA,SC",{8676D293-312C-4033-AD52-65A551ABF1B1},030601030713,0.13784391,Yes,{DDBA517D-3095-452D-9B94-1A4DB991D5EA}
771,1,118371,1819,Wilkes,Georgia,13,317,13317,473.5,62,1787,15153,030601030701,Pistol Creek,0,GA,{1DEBDF56-6873-4D23-8C6A-56F6EE257DE3},030601030712,0.18253019,Yes,{BEC06DBD-AAD2-4ACD-836E-1FEF395FD918}
772,1,116425,1820,Walton,Georgia,13,297,13297,329.7,47,1788,22581,030701030704,Beaverdam Creek-Alcovy River,0,GA,{909990CF-B47E-48AC-B95C-73E4D40760C5},030701030705,0.27905488,Yes,{F0DB6E22-64B9-46B4-B670-49A16F785473}
773,1,118328,1821,Franklin,Georgia,13,119,13119,266.3,43,1789,22650,030601020501,Eastanollee Creek,0,GA,{58A04D1E-9CF0-4641-A89E-45EDCA3E171D},030601020507,0.24204672,Yes,{6DD0A0F6-627B-4B08-ADF8-2F94E8C20C7B}
774,1,118400,1822,Banks,Georgia,13,011,13011,233.9,29,1790,24803,030601040101,Nancy Town Creek-Middle Fork Broad River,0,GA,{30786A00-F472-42FB-B4B7-0E9B7F8AB901},030601040102,0.27068605,Yes,{DA45CEBF-EF33-401D-BB5E-6C223098FEB2}
775,1,120695,1823,Forsyth,Georgia,13,117,13117,247.1,2,1791,9570,031501040303,Yellow Creek-Etowah River,0,GA,{EE3FA7CB-AEFE-4353-828F-5E202327AC51},031501040306,0.13452292,Yes,{FEA9AB08-9B55-464C-B0A0-9B83CBF1C707}
776,1,118452,1824,Jackson,Georgia,13,157,13157,343.1,37,1792,25037,030601040205,Upper Grove Creek,0,GA,{F623EAD3-AFBC-4765-97A3-F070D0CB838F},030601040207,0.24819949,Yes,{B658B829-54D0-44DA-87E1-A09CEA7034EA}
777,1,118339,1825,Elbert,Georgia,13,105,13105,374.6,56,1793,27471,030601030301,Upper Beaverdam Creek,0,GA,{4C59F051-1FEA-4F1F-8E37-EB2FF31C554D},030601030303,0.27631697,Yes,{204D48C8-6EF7-4B2C-A880-49C2EABFFB83}
778,1,118463,1826,Madison,Georgia,13,195,13195,285.3,44,1794,17015,030601040208,Black Creek-Hudson River,0,GA,{73D1E5E0-147A-4157-826E-87ED45212F0B},030601040211,0.17160326,Yes,{34A8FCC2-D1C8-4812-836A-675E69BCFDE7}
779,1,116420,1827,Gwinnett,Georgia,13,135,13135,436.6,2,1795,14255,030701030702,Palm Creek-Alcovy River,0,GA,{D3455655-517F-4B25-A279-CE9B059AC76C},030701030704,0.18634308,Yes,{6210B2E3-134B-4915-8444-298FEB4FA85A}
780,1,121353,1828,Barrow,Georgia,13,013,13013,163,23,1796,14758,030701010205,Lower Mulberry River,0,GA,{759CBE31-2CFD-4DEE-B4DB-01146189C3CD},030701010302,0.17074667,Yes,{A782389A-CC77-4214-9C45-2A5B329165CD}
781,1,121365,1829,Oconee,Georgia,13,219,13219,186.3,44,1797,12540,030701010303,Bear Creek,0,GA,{8AC61FC2-05B2-4CC2-B3AE-36429205D7FD},030701010307,0.17297112,Yes,{24357A3F-BF82-4847-914C-EC2EE4CBA72F}
782,1,123250,1830,DeKalb,Georgia,13,089,13089,270.5,1,1798,24317,030701030107,Camp Creek-South River,0,GA,{6A915C9B-947B-4028-95A0-557B0885003A},030701030603,0.25525508,Yes,{7C8EB3DF-F8E9-4019-A359-613D1C5B8F8A}
783,1,118453,1831,Hall,Georgia,13,139,13139,429.1,26,1799,25037,030601040205,Upper Grove Creek,0,GA,{F623EAD3-AFBC-4765-97A3-F070D0CB838F},030601040207,0.26096583,Yes,{B0E1D3CC-36B3-4AD3-95EF-92A5EB8A19DB}
784,1,118335,1832,Hart,Georgia,13,147,13147,256.2,31,1800,18965,030601020504,Shoal Creek,0,GA,{D8412BCB-267F-44B1-A42A-C55B7D4B7280},030601020507,0.21770633,Yes,{893EBF2E-CBA0-4D4A-A8B4-A7C0AD67EEE8}
785,1,118499,1833,Clarke,Georgia,13,059,13059,121.4,29,1801,23306,030601040402,Brush Creek,0,GA,{7872004B-2C87-4B31-95DF-B420F934AD71},030601040406,0.19969391,Yes,{A7C81C59-A021-4FFD-9359-CB3A711B5636}
786,1,118492,1834,Oglethorpe,Georgia,13,221,13221,442.2,69,1802,33795,030601040304,Deep Creek-Broad River,0,GA,{AD3598DD-D52D-4716-B81E-17758311205A},030601040602,0.3006705,Yes,{E58D2C89-0538-4A00-9F98-F485D174A6BB}
787,1,265582,1835,Macon,North Carolina,37,113,37113,519.7,71,1803,19726,030601020101,Headwaters Tallulah River,0,"GA,NC",{C7753241-7C48-4890-90F4-D3F5498D672D},030601020103,0.22847271,Yes,{1357C4E6-2924-48E4-BB7B-C98DC6D94E64}
788,1,312889,1836,Pickens,South Carolina,45,077,45077,512,29,1804,16546,060101050103,East Fork French Broad River,0,NC,{F61CB3A4-8A73-4AD0-997B-2F07C0364C5D},060101050105,0.09531896,Yes,{0F6FA326-E563-427D-98DF-785F724D0D89}
789,1,312798,1837,Oconee,South Carolina,45,073,45073,673.6,50,1805,24591,030601020204,Upper Chattooga River,0,"GA,NC,SC",{483B073F-EC80-4AE7-9C03-6E4893EB15F9},030601020209,0.13463709,Yes,{1A93E980-980F-4823-97A5-9BD5B93BC246}
790,1,117967,1838,Rabun,Georgia,13,241,13241,377.1,74,1806,11986,030601020102,Persimmon Creek,0,GA,{B9470680-B6CB-4A65-A14F-A70137DA520A},030601020103,0.16939801,Yes,{3D402813-2DF3-4B32-9AAE-E6C44F664C5B}
791,1,118277,1839,Towns,Georgia,13,281,13281,171.7,34,1807,12819,030601020103,Popcorn Creek-Tallulah River,0,GA,{C344500C-AFFB-45E7-BEAF-9B0398ADA4E9},030601020105,0.16689573,Yes,{9E1E69EA-57F1-4DB6-A986-91CC5386E567}
792,1,118879,1840,Union,Georgia,13,291,13291,329.6,59,1808,14301,031300010101,Headwaters Chattahoochee River,0,GA,{E86AF9F8-BD04-41D5-B337-0D6EB7028CE7},031300010102,0.18497085,Yes,{F0C186A3-51C7-4F10-9A2E-8C538DDEDD77}
793,1,118879,1841,White,Georgia,13,311,13311,242.3,32,1809,14301,031300010101,Headwaters Chattahoochee River,0,GA,{E86AF9F8-BD04-41D5-B337-0D6EB7028CE7},031300010102,0.18497085,Yes,{F0C186A3-51C7-4F10-9A2E-8C538DDEDD77}
794,1,118320,1842,Stephens,Georgia,13,257,13257,184.3,26,1810,21089,030601020401,Panther Creek,0,GA,{B7287034-4B73-4306-AB17-1A07B93CEA3F},030601020403,0.24640828,Yes,{9C868056-2A5A-4B43-B41B-129078371151}
795,0,265595,1843,Cherokee,North Carolina,37,039,37039,466.6,78,1811,35317,060200030207,Wolf Creek-Toccoa River,0,"GA,NC,TN",{44477404-90FF-4052-B20E-30177A6B4BF2},060200030209,0.15324616,Yes,{A168BCEE-1B75-42C1-ABCE-94CAAC58E604}
796,1,265581,1844,Clay,North Carolina,37,043,37043,220.6,28,1812,19726,030601020101,Headwaters Tallulah River,0,"GA,NC",{C7753241-7C48-4890-90F4-D3F5498D672D},030601020103,0.19084727,Yes,{08280BCE-8196-4E1A-9578-26470F1E92E2}
797,1,313029,1845,Spartanburg,South Carolina,45,083,45083,819.2,16,1813,29716,030501050501,Richardson Creek-Broad River,0,"NC,SC",{27E311F7-9C0D-4495-8453-0A6BBE2E02B5},030501050503,0.13669482,Yes,{576AA50F-8E1A-4F17-A680-83FC09FDF4DB}
798,1,313031,1846,Cherokee,South Carolina,45,021,45021,397,10,1814,16039,030501050503,Big Horse Creek-Broad River,0,"NC,SC",{E68AE1E2-A6B8-45FD-9649-BBE726C1FE30},030501050506,0.16261395,Yes,{E5F334C6-5F46-4EB3-972D-BCB4DE2BD09C}
799,1,316328,1847,York,South Carolina,45,091,45091,695.6,5,1815,25849,030501051103,Lower Bullock Creek,0,SC,{FD70A4A3-1C21-40C7-AFF3-A459A54E8364},030501051604,0.27501442,Yes,{F80C8832-8504-4E71-9B96-A9A4C83FCCB7}
800,1,313230,1848,Union,South Carolina,45,087,45087,516.4,12,1816,35576,030501070405,Middle Fairforest Creek,0,SC,{79757E40-9F7F-4FA3-A0B6-F359685B4987},030501070406,0.30666379,Yes,{3D079FBD-62D0-41B5-B0FB-9F76280FCAE8}
801,1,316016,1849,Chester,South Carolina,45,023,45023,586.5,15,1817,11843,030501030503,Beaverdam Creek-Rocky Creek,0,SC,{CEC94051-DAF5-49A1-BDAE-711704A81EE3},030501030505,0.1931738,Yes,{CDB17293-DAE8-4C13-8B5B-9841134E1C24}
802,1,313089,1850,Newberry,South Carolina,45,071,45071,647.6,37,1818,25210,030501060405,Lower Cannons Creek,0,SC,{0B5144DA-A2B3-4242-898B-A20FA42FCAA1},030501060406,0.38980208,Yes,{A84A7A13-DE42-471A-AC87-DA2C1DEEC053}
803,1,312819,1851,Abbeville,South Carolina,45,001,45001,511.1,64,1819,28156,030601030207,Lower Rocky River,0,"GA,SC",{E35DA2A2-02EB-4947-AF54-44C4CFC58CB5},030601030411,0.28839036,Yes,{45692DB0-012F-4838-ACFF-DF6A9933144E}
804,1,313507,1852,Greenwood,South Carolina,45,047,45047,462.4,44,1820,19984,030501090703,Henley Creek,0,SC,{2BD93BCC-79AB-4B70-B5BC-A0FC49B15450},030501090704,0.19153237,Yes,{FF636F31-2886-473B-A603-844C6115796D}
805,1,313884,1853,Lexington,South Carolina,45,063,45063,757.2,14,1821,26994,030501091403,Outlet Saluda River,0,SC,{E43244B9-6CFC-40A4-AD49-FB12F1A71331},030501100301,0.31105004,Yes,{A4288219-0F6A-4ECD-B6D9-36761AD94A85}
806,0,313652,1854,Saluda,South Carolina,45,081,45081,462.2,13,1822,30540,030501091001,Upper Clouds Creek,0,SC,{7911D17B-5A37-4ED5-AE41-E70E0015EF2E},030501091003,0.24055276,Yes,{833C78C7-1C92-4022-B7FF-6972033D693A}
807,1,118374,1855,Lincoln,Georgia,13,181,13181,257.8,34,1823,15153,030601030701,Pistol Creek,0,GA,{1DEBDF56-6873-4D23-8C6A-56F6EE257DE3},030601030712,0.19193593,Yes,{E719D764-4908-4108-9022-9D625313BDA2}
808,1,116379,1856,Rockdale,Georgia,13,247,13247,132.4,3,1824,19346,030701030405,Carr Branch-Yellow River,0,GA,{AB4DFE82-4AF3-46FB-8B10-CA09180BAF63},030701030502,0.22964462,Yes,{9F4C37F4-4E5C-4E50-A9D6-F5603AF23046}
809,1,118571,1857,Greene,Georgia,13,133,13133,406.1,75,1825,22330,030601050101,Upper North Fork Little River,0,GA,{51105C91-B69D-49D2-9452-ED70E82FE976},030601050102,0.20767906,Yes,{97A29BA1-84EF-4F36-B39D-A4A698C913D9}
810,1,116385,1858,Newton,Georgia,13,217,13217,279.1,38,1826,31008,030701030502,Dried Indian Creek-Yellow River,0,GA,{18E5FA31-99E5-41BC-8860-97DFE70ADB64},030701030503,0.28158022,Yes,{A743B604-FF66-4ED1-B47F-B674C298B03C}
811,1,118599,1859,Warren,Georgia,13,301,13301,286.8,49,1827,39642,030601050203,Williams Creek-Little River,0,GA,{F12AE80A-D74B-4AF7-9F36-66E4C387C013},030601050206,0.26819087,Yes,{519B92E6-C980-464E-8811-76ACE0A43344}
812,1,116502,1860,Spalding,Georgia,13,255,13255,199.6,16,1828,24096,030701031102,Troublesome Creek-Towaliga River,0,GA,{837F2DB6-AEBC-406A-B3A0-294B791BA7AE},030701031106,0.28626748,Yes,{3FD3C80E-605F-4C3D-B9CA-2E2E54C2F84F}
813,1,119003,1861,Glascock,Georgia,13,125,13125,144.4,33,1829,15664,030601080102,Little Brier Creek,0,GA,{50CF6B92-92FA-4F59-8E35-41FF29D1A16D},030601080103,0.17954203,Yes,{2FD56ACB-D04A-46A2-B41E-08FE146D4E1C}
814,1,117144,1862,Jefferson,Georgia,13,163,13163,529.1,96,1830,39220,030701070204,Battleground Creek-Little Ohoopee River,0,GA,{D30A5248-0EBD-4C5C-9AED-7F8662466578},030701070205,0.29441319,Yes,{EBB46856-C0B2-4640-BE31-0463D39A7CE7}
815,1,118975,1863,Burke,Georgia,13,033,13033,835.3,124,1831,25929,030601060603,Upper McBean Creek,0,GA,{69F0E4C6-DED4-45EE-A41D-93963E7F009D},030601060604,0.24799792,Yes,{69B5564A-4321-470E-91DB-67AAC1F78F59}
816,1,117001,1864,Washington,Georgia,13,303,13303,684.7,122,1832,22506,030701070101,Dyers Creek-Ohoopee River,0,GA,{475BD916-F1F4-439C-AF06-949168E8D75A},030701070102,0.21447525,Yes,{5EA25165-8FF3-4921-B768-0D39F6D10BD3}
817,1,312859,1865,Allendale,South Carolina,45,005,45005,412.3,63,1833,39245,030601060806,Sweetwater Creek-Savannah River,0,"GA,SC",{69C2D795-05B0-4521-8E5F-92FA810D6229},030601060905,0.14691991,Yes,{22EB9FEF-8A78-4290-BF94-B18A1C02D70E}
818,1,118995,1866,Screven,Georgia,13,251,13251,655.5,85,1834,20507,030601060901,Rocky  Creek,0,GA,{B683C0F6-C434-40F8-9C0B-A0FA83868451},030601060905,0.2272809,Yes,{E7398B5B-14AF-4E42-9910-2A2D0DF10DC6}
819,1,312867,1867,Hampton,South Carolina,45,049,45049,562.6,69,1835,48265,030601090103,Jackson Branch-Savannah River,0,"GA,SC",{2BC7EC2E-78C9-47B0-AB27-1B7AC9FECAF1},030601090106,0.29366755,Yes,{8B4AC5E1-C207-4125-8C03-D7FDE308A872}
820,1,122763,1868,Wilkinson,Georgia,13,319,13319,452.1,75,1836,9003,030701020203,Little Black Creek,0,GA,{2F97DC91-06F9-492E-B2A3-88C8B244FDAD},030701020207,0.24435138,Yes,{E47D3105-36A6-4089-AE40-C98E65324F60}
821,1,116591,1869,Upson,Georgia,13,293,13293,327.7,65,1837,22147,030701031501,Wood Creek-Echeconnee Creek,0,GA,{64822B2B-73D7-42AD-816B-D950474600F7},030701031502,0.25547622,Yes,{0F97B4AF-7DB9-4E34-81E9-7BB703C3C1FA}
822,1,116581,1870,Bibb,Georgia,13,021,13021,255.6,29,1838,21561,030701031405,Lake Tobesofkee,0,GA,{61AF4A73-4B46-4971-8AFB-43349A8B8919},030701031406,0.2073728,Yes,{B21DF470-0E2A-46D6-9219-F124B8EEB9B9}
823,1,119051,1871,Jenkins,Georgia,13,165,13165,352.1,60,1839,21075,030601080401,Upper Beaverdam Creek,0,GA,{D698C47B-267B-4178-9A50-9790DBC8758E},030601080402,0.24100962,Yes,{D66B09EB-5A99-4E80-81F6-52D73F556A2C}
824,1,117005,1872,Johnson,Georgia,13,167,13167,306.4,47,1840,28048,030701070102,Big Branch-Ohoopee River,0,GA,{DDCDE4B1-9C4D-4BF9-A5B6-A1F0C10D78C2},030701070105,0.28947723,Yes,{6EB49FBD-3204-407C-9E91-A111B4F82A22}
825,1,116893,1873,Montgomery,Georgia,13,209,13209,247.3,46,1841,20650,030701060101,Horn Creek-Altamaha River,0,GA,{82A6309D-C9BC-4848-8F6E-8DD3672D94C9},030701060106,0.19178844,Yes,{D74CCD01-DB4D-4336-A586-B8C439631B0E}
826,1,116629,1874,Twiggs,Georgia,13,289,13289,362.7,42,1842,63827,030701031605,Stone Creek-Ocmulgee River,0,GA,{873726B1-7FDB-4F2A-881A-34765C192096},030701040101,0.4727745,Yes,{972B968D-1388-4FEF-B94D-80EDE84785E4}
827,1,120586,1875,Taylor,Georgia,13,269,13269,379.8,65,1843,17154,031300030204,Juniper Creek,0,GA,{8C5C9F4C-B95E-49CD-B101-85B9BDDDC4BC},031300030205,0.21496288,Yes,{50BF490A-9883-4D4F-BEBD-81448C9AFF36}
828,1,116842,1876,Laurens,Georgia,13,175,13175,818.9,125,1844,23230,030701050201,Batson Creek-Alligator Creek,0,GA,{11EB7EDB-0F37-4B24-84CD-CB854EEB2D91},030701050202,0.22516487,Yes,{0A207AF3-2DED-4EE1-8242-2C4BFE4BFBD3}
829,1,116609,1877,Houston,Georgia,13,153,13153,379.7,46,1845,35492,030701031506,Juniper Creek-Echeconnee Creek,0,GA,{7CEEBA11-37B0-45F7-B9D8-592DBB021CE3},030701031605,0.37544192,Yes,{36FB59C3-57C7-4E14-B257-D915339F7AD3}
830,1,116649,1878,Bleckley,Georgia,13,023,13023,218.6,36,1846,23509,030701040105,South Shellstone Creek,0,GA,{B53F69A2-79EC-42B3-8F55-EED057500A47},030701040106,0.22045273,Yes,{F5FFA4FA-6956-49C8-B419-A069C1935F8B}
831,1,116661,1879,Macon,Georgia,13,193,13193,405.9,79,1847,43120,030701040201,Upper Big Indian Creek,0,GA,{509EAACD-59BB-4B04-90D3-104E292A3722},030701040202,0.290371,Yes,{AF4C090B-FAB7-4227-8D3F-57C5191FCB15}
832,1,122029,1880,Schley,Georgia,13,249,13249,167.8,38,1848,20563,031300051504,Upper Cedar Creek,0,GA,{A8377C2F-D992-4DF8-9066-8E64A257780D},031300051505,0.21062662,Yes,{189AB1E1-8F9B-4781-915C-D3F535CAB84C}
833,1,116658,1881,Pulaski,Georgia,13,235,13235,250,31,1849,42965,030701040107,Thompson Mill Creek-Ocmulgee River,0,GA,{42EB4AD4-5C5C-477B-AA89-804D73A27552},030701040303,0.39257588,Yes,{FB021196-1F2B-4921-BFA2-EC3FB847AA73}
834,1,116701,1882,Dooly,Georgia,13,093,13093,397.1,68,1850,26811,030701040401,Upper Big Creek,0,GA,{871BCA61-E770-4A12-B10E-AD60B9F7B1A0},030701040402,0.24131013,Yes,{EA4EE307-BA3F-409F-8EFF-C3C257272C2D}
835,1,116593,1883,Crawford,Georgia,13,079,13079,326.5,63,1851,23483,030701031502,Walnut Creek,0,GA,{237C0EEA-4E23-41B4-99B6-D32B906553EB},030701031503,0.22712188,Yes,{18409AC8-56A7-4E04-BCC8-FEF17DD96E0F}
836,1,116609,1884,Peach,Georgia,13,225,13225,151.5,20,1852,35492,030701031506,Juniper Creek-Echeconnee Creek,0,GA,{7CEEBA11-37B0-45F7-B9D8-592DBB021CE3},030701031605,0.37544192,Yes,{36FB59C3-57C7-4E14-B257-D915339F7AD3}
837,1,118575,1885,Taliaferro,Georgia,13,265,13265,195.5,31,1853,23682,030601050102,Lower North Fork Little River,0,GA,{9DA7D4E5-366E-4774-B164-0347DB8F8DD4},030601050105,0.24982123,Yes,{782436BF-1362-4383-A3DA-98A5A3E6A7E6}
838,1,121479,1886,Clayton,Georgia,13,063,13063,144.8,1,1854,15345,031300050105,Bear Creek,0,GA,{416FA88B-ECC2-426E-82B8-D4C74CB6C670},031300050106,0.18997018,Yes,{D35A67B3-6769-4D82-8AB4-D4BEB4D3E7E7}
839,1,116397,1887,Henry,Georgia,13,151,13151,324.8,19,1855,27403,030701030602,Lower Walnut Creek,0,GA,{A3BF3240-CA1E-4F79-B022-CFF8B2EE9C2A},030701030603,0.26254281,Yes,{4EF70CD0-909A-4519-8FAB-CB04E44E6C91}
840,1,116453,1888,Jasper,Georgia,13,159,13159,373.7,73,1856,22492,030701030803,Bear Creek,0,GA,{6E4B6C5B-149F-4188-985D-2DC18B749365},030701030804,0.22322384,Yes,{205F71B0-A69D-415C-8C9E-AE714C3CDC12}
841,1,122387,1889,Putnam,Georgia,13,237,13237,360.7,64,1857,21389,030701011302,Little Sugar Creek,0,GA,{2A6BB822-8B37-487C-ACF7-A43757DF2DB5},030701011303,0.2091705,Yes,{CC506CF9-1F44-4545-8EA1-D10BA7FACA98}
842,1,119107,1890,Hancock,Georgia,13,141,13141,478.5,75,1858,14982,030602010104,Powell Creek,0,GA,{C7B3EC54-5D2C-47A2-9AC1-4C4F4B886CCA},030602010105,0.26856682,Yes,{B14C3CB9-2DC2-4012-B918-2E7FF772E1B7}
843,1,116409,1891,Butts,Georgia,13,035,13035,190.1,31,1859,30177,030701030605,South River-Jackson Lake,0,GA,{2E5A6086-1DD9-4206-A446-E604B64F7488},030701030903,0.2882765,Yes,{33C6AC09-2F70-4F9C-9B2B-4DEBCA98BC30}
844,1,122498,1892,Baldwin,Georgia,13,009,13009,267.7,51,1860,22237,030701011704,Rock Creek-Big Cedar Creek,0,GA,{6A2F83BA-089E-475E-98F2-26B3C7926865},030701011706,0.25709799,Yes,{8F476856-5257-43F9-9458-746895C86AB0}
845,1,116537,1893,Jones,Georgia,13,169,13169,395.5,57,1861,14391,030701031301,Upper Falling Creek,0,GA,{AFCC092B-BD3E-483E-A1F0-C715325F8DDD},030701031302,0.17574984,Yes,{B3504682-FBE4-4B9D-BBEC-1A8D32733A90}
846,1,116513,1894,Lamar,Georgia,13,171,13171,185.9,37,1862,31745,030701031105,Buck Creek,0,GA,{D0F677DB-329E-48CB-A132-65AD166A82BD},030701031106,0.28387334,Yes,{C81451E1-7E2C-4469-A22B-1CD108B82758}
847,1,116489,1895,Monroe,Georgia,13,207,13207,397.3,59,1863,16616,030701031005,Lower Big Sandy Creek,0,GA,{2E8C91A4-8960-421F-892A-527040545773},030701031006,0.22977009,Yes,{402CB63D-9048-4F9B-AD9C-062153029E18}
848,1,118935,1896,Columbia,Georgia,13,073,13073,307.8,34,1864,28137,030601050402,Lloyd Creek-Little River,0,GA,{9B5A82C5-4015-4A8E-A373-7F1E94DAB035},030601050403,0.35054123,Yes,{E4D51A1B-3A91-47E4-96AD-3A9BCD1EB219}
849,1,118602,1897,McDuffie,Georgia,13,189,13189,266.3,39,1865,39642,030601050203,Williams Creek-Little River,0,GA,{F12AE80A-D74B-4AF7-9F36-66E4C387C013},030601050206,0.2964419,Yes,{BD057243-A5D2-4342-87CA-FF242A66D1C3}
850,1,118956,1898,Richmond,Georgia,13,245,13245,328.5,40,1866,41247,030601060104,Uchee Creek,0,GA,{2CFCB682-562E-44DB-B5E8-819DBD0DFD8C},030601060105,0.35949968,Yes,{C0E236B2-78AA-4B28-92CD-0A91BB6ACBFD}
851,1,312855,1899,Barnwell,South Carolina,45,011,45011,557.5,52,1867,34914,030601060805,Little Beaverdam Creek-Savannah River,0,"GA,SC",{8EF0B585-5606-4855-B84E-C13190F72101},030601060806,0.25012084,Yes,{9F3A1B4F-9C92-4EAF-9EE2-937862CC244F}
852,1,315545,1900,Bamberg,South Carolina,45,009,45009,395.3,43,1868,25095,030502040307,Snake Branch-South Fork Edisto River,0,SC,{B5FF53D4-0A5A-4070-BCC9-1B6B69BD67A7},030502040311,0.34057818,Yes,{42CD1941-46F6-4A10-BA33-84979DE8CFC2}
853,1,117026,1901,Emanuel,Georgia,13,107,13107,690.4,95,1869,24295,030701070107,Poley Creek-Ohoopee River,0,GA,{888EFAA1-3017-44ED-A2D8-21D0F5937F74},030701070108,0.21919572,Yes,{694D84A8-6489-443A-AF0E-F27E87B3C7A4}
854,1,312875,1902,Jasper,South Carolina,45,053,45053,666.8,59,1870,42348,030601090107,Hog Branch-Savannah River,0,"GA,SC",{EE949713-5B8F-426B-9987-732DC2F494DC},030601090305,0.35348842,Yes,{33D0707D-1305-4A19-8104-8B05E2C27B57}
855,1,119775,1903,Bulloch,Georgia,13,031,13031,688.9,104,1871,13754,030602020302,Douglas Branch-Ogeechee River,0,GA,{2406168C-0D9F-48F3-8417-7ACDCE272871},030602020305,0.1648888,Yes,{FDBBB947-6519-42E5-95C2-990E1EA72039}
856,1,119083,1904,Effingham,Georgia,13,103,13103,482.8,45,1872,30597,030601090201,Upper Runs Branch,0,GA,{7325BA30-894C-47AC-B895-183EA6CF2FF0},030601090202,0.24985556,Yes,{62A3B04F-F470-40EA-B759-75465C49B85D}
857,1,117162,1905,Candler,Georgia,13,043,13043,248.8,51,1873,41816,030701070303,Jacks Creek,0,GA,{E4B66FF6-8052-4D8C-A517-C834CFCDC992},030701070304,0.2972057,Yes,{AA8DD55B-C875-49D4-A831-6B23AF520FA6}
858,1,117029,1906,Treutlen,Georgia,13,283,13283,202.1,26,1874,36951,030701070108,Mulepen Creek-Ohoopee River,0,GA,{10F20158-ECF1-4957-9E0B-0E232E251423},030701070302,0.33688167,Yes,{ED17D608-8030-4F48-A009-CE5F4A3E2DC6}
859,1,120299,1907,Evans,Georgia,13,109,13109,186.9,39,1875,14919,030602030309,Scott Creek,0,GA,{72984278-72EB-4327-A266-110F33DF30E0},030602030310,0.19680646,Yes,{06194DE4-5D0B-4465-844E-E6FE70DD6C8D}
860,0,180020,2196,Jackson,Michigan,26,075,26075,723.6,5,2164,16119,040500030103,Middle North Branch Kalamazoo River,0,MI,{CEDEE13B-EAB5-47F8-BFF4-5E2E88B2021B},040500030104,0.28349354,Yes,{C4EAB146-3CF2-4143-92F4-96465A6D297F}
861,0,180040,2208,Calhoun,Michigan,26,025,26025,718.4,1,2176,11094,040500030204,Swains Lake Drain-South Branch Kalamazoo River,0,MI,{37BF18BD-6A76-4EE9-A2BC-F0066C5209EB},040500030206,0.16170591,Yes,{7D03B8D0-1363-40E2-A7FB-6CFB97451539}
862,1,284422,2257,Lawrence,Ohio,39,087,39087,457.3,7,2225,31604,050901010802,Black Fork,0,OH,{07A1A104-2848-44C9-AD74-C57B76C62F3F},050901010803,0.32221208,Yes,{0BA0A236-8D3D-48E1-B193-3AF6304E31BD}
863,1,280790,2393,Belmont,Ohio,39,013,39013,541.4,20,2361,24390,050301060702,Upper McMahon Creek,0,OH,{AA0C5C7A-B0D1-42F5-B5F8-F2BD614A8F86},050301060704,0.29925081,Yes,{20756318-ACFD-4196-9130-0883B640EAE3}
864,1,283064,2396,Hocking,Ohio,39,073,39073,423.6,9,2364,11260,050600020903,Pretty Run,0,OH,{3B24A7DA-CA45-46AA-9515-2E04142CBDFF},050600020905,0.18162922,Yes,{9E9A425A-A9A0-4C0A-81D0-D66AB259D3B0}
865,1,280926,2397,Washington,Ohio,39,167,39167,640.2,12,2365,22754,050302020103,Headwaters Little Hocking River,0,OH,{D72D601B-5B04-4A9A-9ED5-2A00876B207D},050302020105,0.24902341,Yes,{ACEEA674-7C60-42E8-9C82-7B77F24DDFFD}
866,1,280934,2400,Athens,Ohio,39,009,39009,508.5,10,2368,17481,050302020105,Little West Branch Little Hocking River-Little Hocking River,0,OH,{5E4731D2-8948-4BF1-913A-432D47E16B69},050302020106,0.27646671,Yes,{4BF022B5-BA3C-47FC-817A-12BF48F9CD89}
867,1,283032,2402,Vinton,Ohio,39,163,39163,415,26,2370,40152,050600020702,Middle Fork Salt Creek,0,OH,{05F4379D-B2B5-4EA2-9195-75721D4D13C6},050600020805,0.35592709,Yes,{E27FB8F2-FCA3-4784-8A56-BA773D85E7CC}
868,1,284422,2403,Jackson,Ohio,39,079,39079,421.5,6,2371,31604,050901010802,Black Fork,0,OH,{07A1A104-2848-44C9-AD74-C57B76C62F3F},050901010803,0.32221208,Yes,{0BA0A236-8D3D-48E1-B193-3AF6304E31BD}
869,1,279935,2409,Adams,Ohio,39,001,39001,585.8,16,2377,29754,050902010210,Quicks Run-Ohio River,0,"KY,OH",{5AC9F138-0C47-480F-A1CF-39BDCE49C459},050902010601,0.17273334,Yes,{EF90E03C-0934-4FBD-AD99-CA89FB0299B0}
870,1,284474,2410,Scioto,Ohio,39,145,39145,616.1,8,2378,20674,050901030201,Hales Creek,0,OH,{D91607E4-F06D-43B8-B15E-6CEF587C0B3E},050901030202,0.22855727,Yes,{B4AEE7EF-3403-4E61-B104-6D50595F4D40}
871,1,282170,2420,Guernsey,Ohio,39,059,39059,528.3,5,2388,22457,050400050301,Headwaters Leatherwood Creek,0,OH,{2F5A97E5-0D58-4FEA-B04F-26823B6EEB9B},050400050302,0.27748506,Yes,{F37454F4-4108-40DB-9075-9AB49836CDA8}
872,1,282170,2422,Noble,Ohio,39,121,39121,404.6,2,2390,22457,050400050301,Headwaters Leatherwood Creek,0,OH,{2F5A97E5-0D58-4FEA-B04F-26823B6EEB9B},050400050302,0.27748506,Yes,{F37454F4-4108-40DB-9075-9AB49836CDA8}
873,0,379761,2431,Jackson,West Virginia,54,035,54035,471.6,6,2399,17343,050302020603,Grasslick Creek,0,WV,{A38A274D-7011-47F8-9984-6A75E2B8A5E6},050302020604,0.20012529,Yes,{D3C98F18-CA3F-4000-B073-81E72D1D0497}
874,1,284382,2433,Gallia,Ohio,39,053,39053,471.1,8,2401,13970,050901010601,Indian Creek,0,OH,{45E42F7E-A27F-45FB-B12F-4E8478ACC3B7},050901010602,0.19532985,Yes,{CA0AB4D8-750E-4AD2-90EE-8B443989BB2E}
875,1,306186,2451,Bedford,Pennsylvania,42,009,42009,1017,11,2419,17913,020700030404,Crooked Run-Sideling Hill Creek,0,"MD,PA",{57032DD8-8E32-4F35-9F46-209D018FA57A},020700030405,0.24170461,Yes,{A6BEDECE-8C8B-4019-BFCB-E17A197ED1BF}
876,1,306186,2481,Fulton,Pennsylvania,42,057,42057,438.2,10,2449,17913,020700030404,Crooked Run-Sideling Hill Creek,0,"MD,PA",{57032DD8-8E32-4F35-9F46-209D018FA57A},020700030405,0.24170461,Yes,{A6BEDECE-8C8B-4019-BFCB-E17A197ED1BF}
877,1,244648,2652,Sullivan,New Hampshire,33,019,33019,552.1,36,2620,20342,010801060405,Long Pond Brook-Sugar River,0,NH,{33733333-1F1A-43B1-9C7A-BEFD0AC15B00},010801060406,0.2700914,Yes,{7FF434AB-5B3A-4D09-8465-2FF579AA3EAC}
878,1,245070,2676,Grafton,New Hampshire,33,009,33009,1750.5,6,2644,30973,010801060401,Sawyer Brook,0,NH,{3FE4845F-EA96-474B-B917-62DC87CF4E45},010801060404,0.28354626,Yes,{391A78BC-1689-4A77-A258-7CCD1EB5E282}
879,1,266485,2715,Moore,North Carolina,37,125,37125,705.6,12,2683,11214,030402030204,Middle Drowning Creek,0,NC,{F939AC1F-6921-43DC-951C-200D79987D83},030402030206,0.17579366,Yes,{AA40C5A6-FAC9-47CF-97C9-411CF59BF12C}
880,1,268813,2716,Mecklenburg,North Carolina,37,119,37119,546.2,4,2684,18643,030501011401,McDowell Creek,0,NC,{9061A480-135A-44F6-9046-42FED16CA5E4},030501011402,0.19973113,Yes,{47D91B60-DB8F-4759-AB4C-40625A498143}
881,1,271900,2717,Montgomery,North Carolina,37,123,37123,501.6,32,2685,15414,030401030503,Barnes Creek,0,NC,{396B68F7-F124-48E7-B0A1-B1897D56F4D5},030401030505,0.2039593,Yes,{7DA94440-ECC3-4916-9231-79BD96280B5A}
882,1,267503,2718,Jones,North Carolina,37,103,37103,473.1,13,2686,31867,030202020306,Mosley Creek,0,NC,{8C6E5A3F-D2E0-411A-B6EC-31BFF930EBFA},030202020307,0.26599537,Yes,{656F1880-38C9-46D6-A421-93E1BCB23EA6}
883,1,268693,2719,Onslow,North Carolina,37,133,37133,761.9,14,2687,21338,030202040103,Outlet Tuckahoe Swamp,0,NC,{AA8D32F4-B6E1-4167-9F35-B91E7F0BA41A},030202040104,0.19419943,Yes,{557E2E0E-C012-4EBA-B4B0-BDAFA4D41351}
884,0,314144,2720,Clarendon,South Carolina,45,027,45027,695.6,19,2688,165142,030501110109,Lake Marion-Santee River,0,SC,{E4F4E340-4EF9-4B70-8305-B511880D1131},030501120101,0.65640042,Yes,{EA1FF95B-37B5-4D24-A351-C76A38514C1A}
885,0,314153,2721,Williamsburg,South Carolina,45,089,45089,937.4,48,2689,24818,030501120102,Doctor Branch,0,SC,{449DCDA3-4C61-472E-A58D-A6DB4611D8EC},030501120104,0.25335916,Yes,{67A45259-711C-43D0-9E78-70685367D042}
886,0,314064,2722,Calhoun,South Carolina,45,017,45017,392.9,29,2690,23398,030501100302,Sandy Run-Congaree River,0,SC,{2CD588A5-5904-495D-8989-DEB7BFE6B8F7},030501100310,0.24289376,Yes,{A1E4386E-E9C5-4198-B95F-4F8C6296FD93}
887,0,314144,2723,Orangeburg,South Carolina,45,075,45075,1127.8,34,2691,165142,030501110109,Lake Marion-Santee River,0,SC,{E4F4E340-4EF9-4B70-8305-B511880D1131},030501120101,0.65640042,Yes,{EA1FF95B-37B5-4D24-A351-C76A38514C1A}
888,1,314297,2724,Georgetown,South Carolina,45,043,45043,847.2,69,2692,29210,030501120206,Dutart Creek-Santee River,0,SC,{FB3CC8D4-4A53-4147-9CE4-11CF5FCBB757},030501120303,0.39680806,Yes,{2CA2F8E0-EA08-440F-BF18-3DDB011C45FD}
889,1,314145,2725,Berkeley,South Carolina,45,015,45015,1228.3,113,2693,165142,030501110109,Lake Marion-Santee River,0,SC,{E4F4E340-4EF9-4B70-8305-B511880D1131},030501120101,0.53434569,Yes,{349F10EA-7E83-4B3B-93D2-6F554F683593}
890,0,314492,2726,Dorchester,South Carolina,45,035,45035,576.2,28,2694,32790,030502010504,Cypress Swamp,0,SC,{317572AE-D28C-478D-BA5C-381AF6606E6E},030502010505,0.29804641,Yes,{020A7CD0-3EAE-4781-9238-D21FD42F4271}
891,1,315775,2727,Colleton,South Carolina,45,029,45029,1075.1,74,2695,25535,030502060106,Bush Branch-Edisto River,0,SC,{6D97D405-FB23-4FE2-A084-FC22F1EA5864},030502060108,0.26557539,Yes,{C1B2595E-4FD0-4EA4-BDD6-C171DB2B621A}
892,1,313348,2728,Charleston,South Carolina,45,019,45019,986.2,58,2696,31766,030502090101,Cape Romain,0,SC,{6F7139D6-8BD0-4F87-B84C-B54D87739AA1},030502090102,0.23907456,Yes,{C19A34DE-7638-46EB-BBE6-90F6EDF85007}
893,1,313316,2729,Beaufort,South Carolina,45,013,45013,615.2,23,2697,32025,030502080601,Pocotaligo River-Broad River,0,SC,{B16E1F0C-3182-4406-8E93-C3A3B04ACD11},030502080605,0.42856401,Yes,{4B62B155-4C90-4B97-AE54-613A0191712B}
894,1,267503,2730,Lenoir,North Carolina,37,107,37107,402.8,6,2698,31867,030202020306,Mosley Creek,0,NC,{8C6E5A3F-D2E0-411A-B6EC-31BFF930EBFA},030202020307,0.26599537,Yes,{656F1880-38C9-46D6-A421-93E1BCB23EA6}
895,1,266508,2731,Robeson,North Carolina,37,155,37155,951,30,2699,22031,030402030401,Back Swamp,0,NC,{536E723E-7AB1-416D-906A-0E19B7DC8221},030402030403,0.24505689,Yes,{EF60530F-599E-4191-90DA-26CBA64E147B}
896,1,267110,2732,Bladen,North Carolina,37,017,37017,887.2,68,2700,7997,030402030704,Bryan Millpond-Black Swamp,0,NC,{0BD2CE13-F24D-4952-ADFE-6BCA94CBB4A2},030402030705,0.17755408,Yes,{8AC7A55A-B5D4-4E99-8FF8-3436CCF66FE2}
897,0,314596,2733,Chesterfield,South Carolina,45,025,45025,806,7,2701,27940,030402010408,Middle Thompson Creek,0,SC,{77F274D8-3222-4333-9ABD-EB14199F62FC},030402010411,0.37150022,Yes,{10803131-36AD-4747-A34B-BE448AFFECE1}
898,0,314637,2734,Marlboro,South Carolina,45,069,45069,485.4,22,2702,37483,030402010510,Beaverdam Creek-Great Pee Dee River,0,SC,{1AF86377-B702-4F2C-844F-9510977F9199},030402010802,0.4270143,Yes,{82F46F25-7157-48FE-900D-90CC6C5C8A90}
899,1,267551,2735,Pender,North Carolina,37,141,37141,870.5,23,2703,20187,030300050405,Mitchell Landing-Cape Fear River,0,NC,{A919C978-C886-4D7D-B75F-183E38FF3AB8},030300050407,0.4479875,Yes,{8DACDBDB-FFAC-4B02-9DA2-8E7BD9311E5D}
900,0,312939,2736,Dillon,South Carolina,45,033,45033,406.3,16,2704,8669,030402031303,Ashpole Swamp,0,"NC,SC",{59DC3E58-B651-468A-A7E4-AA92F80B3A39},030402031404,0.14688691,Yes,{678544FB-3A06-4BC4-87CF-AC2F529C0EB1}
901,0,314914,2737,Kershaw,South Carolina,45,055,45055,740.2,12,2705,12458,030402020305,Lynches River,0,SC,{697D157A-BE3A-4C06-9877-21CDFC22D859},030402020306,0.2160735,Yes,{51686BE2-5F53-4BCD-B146-202128763503}
902,1,312946,2738,Horry,South Carolina,45,051,45051,1145,70,2706,11076,030402031403,Hook Branch,0,"NC,SC",{B8CFFA51-DCB8-4305-9EB1-C360A460D9A3},030402031404,0.17422005,Yes,{A8D8F7B5-D4D2-4C4A-8DC6-017070C99546}
903,0,314753,2739,Darlington,South Carolina,45,031,45031,566.8,16,2707,19868,030402010709,Lucas Creek-Black Creek,0,SC,{4B791E46-26B4-4719-B068-0335912129A5},030402010710,0.30883823,Yes,{6162AA40-A970-4C90-A84E-8DF8F67A0DA7}
904,0,314958,2740,Lee,South Carolina,45,061,45061,411.4,7,2708,10843,030402020501,Turkey Creek-Lynches River,0,SC,{52257A7E-21AB-4984-8B73-0B94141642FB},030402020503,0.17316782,Yes,{63024022-34C8-4EDE-A732-C96B86463E55}
905,0,314794,2741,Florence,South Carolina,45,041,45041,803.4,26,2709,18780,030402010809,Back Swamp,0,SC,{7FB44136-7D1E-4447-B77D-4F0547185206},030402010810,0.23417588,Yes,{352552CE-D8B0-4616-A97C-72054FF4C9AA}
906,1,312950,2742,Marion,South Carolina,45,067,45067,494.1,50,2710,21401,030402031404,Lumber River,0,"NC,SC",{3FA9C9C7-1ED5-43D8-95CA-4B89DF1B66DD},030402040803,0.25079207,Yes,{0BDDBD6D-BC54-4D9F-B167-820EC19B0A50}
907,1,314146,2743,Sumter,South Carolina,45,085,45085,681.6,22,2711,165142,030501110109,Lake Marion-Santee River,0,SC,{E4F4E340-4EF9-4B70-8305-B511880D1131},030501120101,0.80905515,Yes,{46308C6F-0B4F-4C0F-B033-3891D62F36A1}
908,1,265774,2744,Union,North Carolina,37,179,37179,639.4,20,2712,26878,030401050507,Lower Richardson Creek,0,NC,{0DCEAEBE-7B49-4994-8AF6-DCE21AA43614},030401050707,0.2693619,Yes,{89BA47B3-9344-4436-906C-861402A3B3CD}
909,1,265774,2745,Anson,North Carolina,37,007,37007,537.4,78,2713,26878,030401050507,Lower Richardson Creek,0,NC,{0DCEAEBE-7B49-4994-8AF6-DCE21AA43614},030401050707,0.2693619,Yes,{89BA47B3-9344-4436-906C-861402A3B3CD}
910,1,266485,2746,Hoke,North Carolina,37,093,37093,392.3,15,2714,11214,030402030204,Middle Drowning Creek,0,NC,{F939AC1F-6921-43DC-951C-200D79987D83},030402030206,0.17579366,Yes,{AA40C5A6-FAC9-47CF-97C9-411CF59BF12C}
911,1,265822,2747,Richmond,North Carolina,37,153,37153,479.6,25,2715,24944,030402010101,Rocky Fork Creek,0,NC,{5C2B00DA-2FC6-4D1B-9098-4467DEE56B91},030402010102,0.24484512,Yes,{933A523A-0EC4-4CCB-8324-49EA8F72D03C}
912,1,316044,2748,Lancaster,South Carolina,45,057,45057,555.6,1,2716,36198,030501030606,Fishing Creek Reservoir-Catawba River,0,SC,{C2BD0A49-BBE4-4331-A491-52BD087F3BE8},030501040106,0.47236925,Yes,{493F8264-CF46-4565-A797-98077E58142C}
913,1,266483,2749,Scotland,North Carolina,37,165,37165,320.7,4,2717,12465,030402030203,Big Muddy Lake-Big Muddy Creek,0,NC,{D1EA13DA-67F8-4F92-AEAF-9E93C6BB55B6},030402030204,0.16087679,Yes,{C55E872F-DA40-4A1A-B9ED-07EC8C936D0D}
914,1,267828,2750,Sampson,North Carolina,37,163,37163,947.4,33,2718,26480,030300060107,Jones Swamp-South River,0,NC,{F951FE9A-A2A7-4B28-A0FC-07F187934805},030300060203,0.32836255,Yes,{F7A2E200-A38D-41D8-9B68-FEEE7D46CC43}
915,1,267021,2751,Cumberland,North Carolina,37,051,37051,658.8,16,2719,12657,030300040403,Hector Creek-Little River,0,NC,{85DEA786-6CDA-415B-8751-7A2F8AF5DAF1},030300040405,0.16883569,Yes,{98FD187C-05FF-4628-B211-22B4974E2556}
916,1,268077,2752,Duplin,North Carolina,37,061,37061,818.8,38,2720,14548,030300060506,Lower Stewarts Creek,0,NC,{A04055CC-0F71-4CFE-B2A2-93D7E261A75F},030300060509,0.21403062,Yes,{4B1B3ABF-B1CE-418C-A4ED-74727547D115}
917,0,267360,2753,Columbus,North Carolina,37,047,37047,953.6,40,2721,18229,030300050303,Lower Livingston Creek,0,NC,{BFA209F7-F3D9-4378-A7DD-81728159CA45},030300050407,0.18882744,Yes,{B9CA51A0-6143-4067-B191-E82A53812F3B}
918,0,267361,2755,Brunswick,North Carolina,37,019,37019,864.2,64,2723,18229,030300050303,Lower Livingston Creek,0,NC,{BFA209F7-F3D9-4378-A7DD-81728159CA45},030300050407,0.19265177,Yes,{9AE59C0D-C36D-4DB7-93B4-4DD20395729F}
919,1,269766,2756,Pamlico,North Carolina,37,137,37137,347,6,2724,26415,030202040801,Upper Bay River,0,NC,{03D2E5CE-559D-4838-91A8-78A475C1806D},030202040802,0.22245369,Yes,{EFDF2630-C0ED-4C72-B84B-87FF77FF6897}
920,1,267503,2757,Craven,North Carolina,37,049,37049,727.2,43,2725,31867,030202020306,Mosley Creek,0,NC,{8C6E5A3F-D2E0-411A-B6EC-31BFF930EBFA},030202020307,0.26599537,Yes,{656F1880-38C9-46D6-A421-93E1BCB23EA6}
921,1,269747,2758,Carteret,North Carolina,37,031,37031,505.5,25,2726,35299,030202040604,Adams Creek,0,NC,{ED4DDBE5-2761-4CEA-ABCA-8821E1AB8AC2},030202040605,0.26666036,Yes,{E1DD30EF-360E-44FF-B5D9-CD7AEB439A1F}
922,1,380509,2763,Nicholas,West Virginia,54,067,54067,654.4,1,2731,26456,050500050808,Laurel Creek-Gauley River,0,WV,{7CE40708-0698-4119-9F2E-C34AC379A95E},050500050809,0.24430342,Yes,{A3BB8FBF-3173-4AE5-AD2F-C00C2CFB1ABD}
923,1,265621,2771,Northampton,North Carolina,37,131,37131,550.2,6,2739,19692,030102040805,Upper Potecasi Creek,0,NC,{E5F93B06-BA89-4C48-A63C-4B169C9FA1A5},030102040807,0.21759702,Yes,{868BB708-544E-41EA-8CE8-FBCEDEDCD47F}
924,0,267514,2772,Pitt,North Carolina,37,147,37147,654.7,42,2740,25939,030202020401,Headwaters Swift Creek,0,NC,{BB463DBD-7C1D-418A-9DDE-559F01A6EBE2},030202020402,0.26200719,Yes,{F80296ED-321E-43BA-BEA9-B2E07E8D2B68}
925,1,267466,2773,Dare,North Carolina,37,055,37055,378,2,2741,23109,030102050807,Grapevine Bay-Alligator River,0,NC,{C862A8C1-4C86-4F73-8206-882A7CA17B7B},030102050809,0.29387539,Yes,{F8D614DC-46A3-48BB-ACF3-5BCDA9DF528A}
926,1,266661,2774,Wayne,North Carolina,37,191,37191,556.5,18,2742,23191,030202011306,Lower Mill Creek,0,NC,{ACF29FAB-271E-4B38-98B4-DEC073798135},030202011705,0.22152849,Yes,{2A4D801E-4DEB-42ED-978D-A4F2B850285C}
927,1,267023,2775,Harnett,North Carolina,37,085,37085,601.7,7,2743,12657,030300040403,Hector Creek-Little River,0,NC,{85DEA786-6CDA-415B-8751-7A2F8AF5DAF1},030300040405,0.17780501,Yes,{88F21A25-FE5B-4132-A590-46E9C9C29CAC}
928,2,272080,2776,Cabarrus,North Carolina,37,025,37025,364.2,6,2744,23836,030401050304,Lower Dutch Buffalo Creek,0,NC,{95A99B59-6669-472C-B82A-2AB941D2B543},030401050305,0.28981117,Yes,{63ADFF13-B93B-4EC5-84CA-37D918AFDEEA}
929,1,265806,2777,Stanly,North Carolina,37,167,37167,404.5,15,2745,18535,030401050705,Gilberts Creek-Rocky River,0,NC,{102F5596-BE87-4078-9DD7-7DABCB74E725},030401050707,0.23102594,Yes,{8509B4E7-17E8-41CF-ADD2-B931E77663FE}
930,1,272223,2782,Granville,North Carolina,37,077,37077,535.9,1,2750,9528,030101040607,Big Bluewing Creek,0,"NC,VA",{6D52B661-4435-4ABB-B270-01A7CD1DC6D6},030101040608,0.1846587,Yes,{1683B33B-D73F-4700-8BD8-E3032278F7D0}
931,1,268633,2783,Halifax,North Carolina,37,083,37083,731.8,10,2751,15058,030201020206,Lower Little Fishing Creek,0,NC,{6C9D3F84-2DED-4113-AAA2-0B1A9971C059},030201020503,0.20374786,Yes,{AD33B3E4-5FDA-4AA0-A5BE-1B1761BB0350}
932,1,271406,2784,Yadkin,North Carolina,37,197,37197,337.6,2,2752,17536,030401020202,Upper North Little Hunting Creek,0,NC,{34B19818-A036-49D3-8BB5-7AED058EDF07},030401020203,0.20687396,Yes,{B6BD6373-6DCA-4599-947D-5C492C5279D7}
933,1,266326,2787,Guilford,North Carolina,37,081,37081,655.9,1,2755,20794,030300020308,Stinking Quarter Creek,0,NC,{B772BCCE-894D-40C4-9E60-B1CC8099B0AB},030300020310,0.33051518,Yes,{97237404-3085-4D6D-82F4-CA59F78DCE5C}
934,1,266326,2788,Alamance,North Carolina,37,001,37001,435.8,1,2756,20794,030300020308,Stinking Quarter Creek,0,NC,{B772BCCE-894D-40C4-9E60-B1CC8099B0AB},030300020310,0.33051518,Yes,{97237404-3085-4D6D-82F4-CA59F78DCE5C}
935,1,266197,2792,Johnston,North Carolina,37,101,37101,795.3,27,2760,22758,030202011105,Buffalo Creek-Neuse River,0,NC,{396EC8BB-87AA-4679-BE3B-A04108394622},030202011702,0.33120394,Yes,{56CF58EE-BE62-4071-869D-A9B275E532A4}
936,1,271344,2794,Davie,North Carolina,37,059,37059,266.7,5,2762,29297,030401011404,Lower Dutchmans Creek,0,NC,{6DF79870-E65A-4B92-A012-2A7198486EBC},030401011504,0.24873977,Yes,{DCFAFBE7-336A-405F-8DEE-04F9387CBF73}
937,1,271355,2795,Davidson,North Carolina,37,057,37057,567.2,10,2763,32998,030401011503,Dykers Creek-Yadkin River,0,NC,{7CAE07EA-201D-474F-BD8F-8B1F078359E9},030401011504,0.29637006,Yes,{17AE9514-AD39-472C-A420-7B8BEA53A73C}
938,1,266773,2796,Randolph,North Carolina,37,151,37151,789.8,26,2764,36006,030300030107,Polecat Creek,0,NC,{261842D4-1D74-4173-86C8-7835044E05E6},030300030110,0.31696566,Yes,{B6844815-C07F-4850-97DB-5FF3EBEFBCB1}
939,1,271466,2797,Rowan,North Carolina,37,159,37159,524.1,4,2765,17173,030401020504,Lower Second Creek,0,NC,{BBD2B5C3-822A-47FB-90CF-9DB3FE560704},030401020603,0.20876745,Yes,{FBAC5BAE-506F-4690-BCB7-EDD145030942}
940,1,269335,2803,Caswell,North Carolina,37,033,37033,428.6,37,2771,25982,030101030905,Lower Wolf Island Creek,0,NC,{E3FE7C63-E872-437E-9055-A29B85950989},030101030906,0.21811963,Yes,{FEE1ED73-8529-422D-9267-286E6603B6E7}
941,1,269331,2804,Rockingham,North Carolina,37,157,37157,573.1,11,2772,18156,030101030904,Upper Wolf Island Creek,0,NC,{52BB6EED-CF71-40E9-8AEB-3DAD766A0F58},030101030905,0.22208917,Yes,{98AFB433-37D6-4D88-ADE3-81D3FF8FD00A}
942,1,269601,2810,Person,North Carolina,37,145,37145,404.1,23,2778,15959,030101040505,Lower South Hyco Creek,0,NC,{4C778EB2-1FDC-4CA0-BB61-B69DBC1AA4DA},030101040507,0.20778668,Yes,{5F160BCA-4414-48CB-ABE1-F4A5AE3AF1B6}
943,1,268205,2812,Nash,North Carolina,37,127,37127,542,23,2780,25939,030201010502,Pig Basket Creek,0,NC,{8A1D5759-52CB-492F-850D-12F444150534},030201010504,0.23914971,Yes,{3363F72D-902F-47E5-8056-67053593D25C}
944,1,268576,2813,Edgecombe,North Carolina,37,065,37065,506.4,31,2781,37086,030201010803,Moccasin Creek-Swift Creek,0,NC,{A8E34A63-9AEE-4C6B-A141-748C22A90804},030201010904,0.43148624,Yes,{2C89C229-DA73-4DFC-91BD-3F1D92E8B98A}
945,1,267923,2815,Wilson,North Carolina,37,195,37195,375.6,4,2783,25534,030202030201,Great Swamp,0,NC,{A2A09773-0491-4CF6-A81D-21AF4AC60EF9},030202030203,0.2604648,Yes,{63D78394-C212-46F0-B8FB-7EF84280790C}
946,1,268267,2816,Greene,North Carolina,37,079,37079,265.7,3,2784,34360,030202030603,Middle Swamp,0,NC,{A7379F8C-8907-4A56-A941-819F3E893C67},030202030604,0.2869483,Yes,{2FEB7E87-3E2A-4658-B902-28B5C582EDAC}
947,1,366977,2817,Culpeper,Virginia,51,047,51047,382.3,11,2785,30916,020801030501,Hiders Branch-Mountain Run,0,VA,{AACF2366-5196-4C31-9510-DC5F1E74718F},020801030503,0.2802148,Yes,{EA152884-B8C7-4299-B7C2-BA03AFEBD4BF}
948,0,380096,2825,Summers,West Virginia,54,089,54089,367.7,4,2793,26157,050500020705,Lower Indian Creek,0,WV,{CE8032C6-D998-48C6-B004-832EC994B7FF},050500021003,0.27669485,Yes,{B002480C-1CEF-456D-AC3F-4E03A92396AD}
949,0,380077,2834,Monroe,West Virginia,54,063,54063,473.7,24,2802,22010,050500020701,Burnside Branch,0,WV,{485C1280-DCDF-4A14-A514-25BD24A412BD},050500020703,0.22777472,Yes,{136C5741-5D16-4542-A4CC-E0C89629052C}
950,1,367180,2851,Orange,Virginia,51,137,51137,343.5,8,2819,17869,020801031001,Rapidan-Rapidan River,0,VA,{2FB9CB56-799B-46D3-9E6C-FA5E4E5606C8},020801031003,0.18898553,Yes,{32F85C13-8C5C-4E7F-B5D8-0F8C1A410132}
951,0,370797,2876,Northumberland,Virginia,51,133,51133,211.2,1,2844,26331,020801020104,Dividing Creek-Lower Chesapeake Bay,0,VA,{34685F5F-6801-4B99-A60E-BEBC759149FF},020801010000,0.25882798,Yes,{60B22B9B-FC53-4E20-81C7-C2043D0050B2}
952,1,266589,2902,Currituck,North Carolina,37,053,37053,257.8,17,2870,12699,030102051102,Culpeper Island-Dismal Swamp,0,"NC,VA",{9CE4C24B-3FE8-447D-A9FA-F7BD1A1E0FEC},030102051103,0.17236511,Yes,{9DC9B3D0-D47C-4B26-AAF7-4E4709A757DE}
953,1,265653,2904,Chowan,North Carolina,37,041,37041,174,4,2872,13554,030102050102,Edenton Bay,0,NC,{8D4E885E-72D4-4905-9885-32898B051AB0},030102050105,0.1651248,Yes,{A543D5A8-05EE-45EA-87B0-975C14BC0305}
954,1,269668,2905,Bertie,North Carolina,37,015,37015,708,39,2873,20198,030101070301,Sandy Run-Roanoke River,0,NC,{FD44C61E-7DC0-40B9-B1AB-E9EA05C5E2A9},030101070302,0.27389719,Yes,{FADA1A55-59B6-4F9A-A75D-C48BEE004561}
955,1,269735,2906,Beaufort,North Carolina,37,013,37013,853.6,21,2874,21302,030201030504,Upper Tranters Creek,0,NC,{336924AD-8648-4671-A64B-A3EE73675DBF},030201030505,0.24135879,Yes,{6A7991A9-B96B-4C49-A363-EA0A3EB04F35}
956,1,269405,2907,Martin,North Carolina,37,117,37117,461.9,26,2875,12777,030201030302,Crisp Creek,0,NC,{6B60B103-A9E8-4BD9-A4C7-FB78A661474F},030201030305,0.17323666,Yes,{CA921ED0-853D-4236-A037-97CDC3D59569}
957,1,265656,2908,Washington,North Carolina,37,187,37187,377.5,23,2876,24765,030102050103,Headwaters Kendrick Creek,0,NC,{448CF904-FF7F-4B6C-88AC-1B11F4CB2A9F},030102050104,0.21451426,Yes,{2783E17A-13F1-4D60-A10F-0BB02F07F6B1}
958,0,265967,2909,Tyrrell,North Carolina,37,177,37177,398.9,28,2877,18456,030102050201,Phelps Lake,0,NC,{91355F3C-45CF-4CE3-BCFD-9A4A03BE60FB},030102050204,0.18007941,Yes,{5CD30635-3637-47C0-A59A-514868550288}
959,1,265621,2913,Hertford,North Carolina,37,091,37091,357.3,26,2881,19692,030102040805,Upper Potecasi Creek,0,NC,{E5F93B06-BA89-4C48-A63C-4B169C9FA1A5},030102040807,0.21759702,Yes,{868BB708-544E-41EA-8CE8-FBCEDEDCD47F}
960,1,271033,2914,Gates,North Carolina,37,073,37073,344,3,2882,15090,030102030202,Town of Winton-Chowan River,0,NC,{41E7AD12-F7D9-4AB3-A567-79212DAB3824},030102030206,0.24450182,Yes,{88A9886C-E5E3-41EB-8391-E4B24C9CDD8C}
961,1,366378,2916,Virginia Beach,Virginia,51,810,51810,257.9,1,2884,39450,030102051303,Back Bay,0,"NC,VA",{117691DE-65FF-4BA0-BB3C-A80A365D6D99},030102051304,0.11784336,Yes,{8CCE950D-1603-4A81-9D5D-62351C277D20}
962,1,366363,2917,Chesapeake,Virginia,51,550,51550,350.1,2,2885,29185,030102051103,US Naval Reservation-Northwest River,0,"NC,VA",{A8C6A7DA-F80B-46D6-8A53-74F06E073099},030102051104,0.23682684,Yes,{485EA718-3168-402C-BEAD-CE50D8573225}
963,1,266589,2919,Camden,North Carolina,37,029,37029,241.6,23,2887,12699,030102051102,Culpeper Island-Dismal Swamp,0,"NC,VA",{9CE4C24B-3FE8-447D-A9FA-F7BD1A1E0FEC},030102051103,0.17236511,Yes,{9DC9B3D0-D47C-4B26-AAF7-4E4709A757DE}
964,1,267200,2920,Pasquotank,North Carolina,37,139,37139,229,8,2888,29982,030102050502,Rabbit Corner-Middle Little River,0,NC,{416442AD-0400-4144-98C9-1F8F47560836},030102050503,0.28390366,Yes,{C373979D-F76E-4417-9953-D7B43762CFB0}
965,1,2138,2921,Choctaw,Alabama,01,023,01023,920.8,106,2889,38272,031602010202,Upper Kinterbush Creek,0,"AL,MS",{8DE03E14-79F7-4618-93FB-E1195920D42D},031602010203,0.30532334,Yes,{22026B8D-2C81-4403-A115-B4F1A54FF7E2}
966,1,112924,2922,Lake,Florida,12,069,12069,1156.3,119,2890,18726,030801011304,Konomac Lake,0,FL,{8090E69F-ED06-42B6-B9E5-95BA532B029B},030801011601,0.20733956,Yes,{F77237C5-3EB0-436C-BE33-4FA2FD44C87E}
967,1,169620,2923,Tensas,Louisiana,22,107,22107,641.2,69,2891,114612,080601000200,080601000200,0,"LA,MS",{3BC27637-3D8E-41E9-88A5-1EA326B5128A},080601000302,0.79332588,Yes,{840DBD6A-FD53-4156-B4A7-994398BAAF33}
968,1,197901,2924,Jasper,Mississippi,28,061,28061,677.4,36,2892,26131,031700020101,Scotchenflipper Creek-Souenlovie Creek,0,MS,{ADB1B533-CC07-415F-8F29-F23029EB10BA},031700020102,0.25525862,Yes,{24231AD4-2A51-4F77-B30C-79B0642BAF7D}
969,1,195875,2925,Clarke,Mississippi,28,023,28023,693.4,105,2893,38094,031602010501,Williams Creek-Bogue Chitto,0,"AL,MS",{76EAA2F0-37B6-4CA5-9678-B7FB3F2CE3F9},031602010505,0.15809114,Yes,{13DB782A-FFA8-41F5-BA09-0824AEDF80AC}
970,0,198100,2926,Smith,Mississippi,28,129,28129,637.3,29,2894,23011,031700040101,Crout Creek-Leaf River,0,MS,{C20FAF99-9EFA-4A44-8605-4B043E5EB647},031700040103,0.24558267,Yes,{90BA93D7-CFAD-4497-A0DC-65CA77CC999E}
971,1,196077,2927,Claiborne,Mississippi,28,021,28021,501.4,74,2895,114612,080601000200,080601000200,0,"LA,MS",{3BC27637-3D8E-41E9-88A5-1EA326B5128A},080601000302,0.44860551,Yes,{6CCE5EC9-6E1F-443C-A8D1-48ABB8EB0CFC}
972,1,3831,2928,Clarke,Alabama,01,025,01025,1252.5,141,2896,19515,031502030601,Little Creek-Dry Creek,0,AL,{F91C7F93-C933-48EC-8B8E-8A4B7FE8DB0B},031502030603,0.20582942,Yes,{1CB9A580-45D9-462A-B688-35CA56E0B554}
973,1,330402,2929,Newton,Texas,48,351,48351,939.5,119,2897,16270,120100050701,Davis Creek,0,TX,{0F7A4F79-762B-4B7C-B25A-30F4E5F84BCC},120100050704,0.17270846,Yes,{183BBD15-CCCD-488C-A9EE-3E02FA05E982}
974,1,330468,2930,Jasper,Texas,48,241,48241,969.6,126,2898,29833,120200050809,Mill Creek-Angelina River,0,TX,{178E0369-AC71-4EE2-A6DB-EBC71C0AFE13},120200050904,0.27559556,Yes,{4B9E5456-CDF8-4D71-BE00-BCFE9CEB8C16}
975,1,168179,2931,Tangipahoa,Louisiana,22,105,22105,823.1,25,2899,23400,080702040501,Selsers Creek,0,LA,{2F1F3AD8-E99D-4651-BB98-1E5F0A22A2F3},080702040502,0.21268293,Yes,{C0F1C97A-551C-4B01-A03E-E96C484757EA}
976,1,169223,2932,St. Tammany,Louisiana,22,103,22103,1110,67,2900,31393,031800040702,Pearl River Canal-Pearl River,0,"LA,MS",{65EE19E8-D3CD-4F48-97D4-89A2D525C982},031800040704,0.25252125,Yes,{F3AF744B-285F-4A60-9A5E-284DED1DF0FA}
977,1,167745,2933,Livingston,Louisiana,22,063,22063,702.9,36,2901,23451,080702030401,Wall Bayou-Tickfaw River,0,LA,{8C8B9179-A6EA-4893-99F3-E03DEF3574B5},080702030403,0.2849543,Yes,{D986E47F-98B1-47A6-98BD-E01D07FFB9CD}
978,1,196063,2934,Hancock,Mississippi,28,045,28045,484.5,76,2902,11888,031800041002,Second Alligator Branch-Pearl River,0,"LA,MS",{3E49B5EA-DE2E-4916-804E-EF74884BF394},031800041004,0.18244668,Yes,{A7DD22C4-F50E-4E6E-9E6D-E4E57EC70AD8}
979,1,168515,2935,Iberville,Louisiana,22,047,22047,652.9,71,2903,47846,080703000201,Bayou Grosse Tete-Bayou Cholpe,0,LA,{601B8CA0-A46B-4F1F-B9C5-09DBD95B62C1},080703000204,0.34524129,Yes,{810476A3-417E-41ED-B314-1DBB557768B5}
980,1,330365,2936,Hardin,Texas,48,199,48199,897.4,121,2904,27913,120200060303,Drakes Branch,0,TX,{92DB18C7-F2A2-4D74-9EE9-B8971CBF2548},120200060306,0.33782833,Yes,{CE7C0F36-6B75-40D3-B95C-ED10EBB644C2}
981,1,169462,2937,St. Martin,Louisiana,22,099,22099,816.4,93,2905,30294,080801010202,Alabama Bayou,0,LA,{BF498FB2-A217-460E-8F24-F2BC2292DD80},080801010401,0.2695471,Yes,{FFB5E395-6446-450E-A074-74ED27182FD3}
982,1,167810,2938,Calcasieu,Louisiana,22,019,22019,1094.3,94,2906,35955,080802020204,West Bayou Lacassine,0,LA,{C61CD45A-1635-456A-9DF3-FEDEC491499E},080802020205,0.31612153,Yes,{81699EC2-06B5-4D21-B9A3-20567E64F747}
983,1,167801,2939,Jefferson Davis,Louisiana,22,053,22053,658.6,48,2907,35957,080802020202,East Bayou Lacassine,0,LA,{914DCCF2-C186-43E0-891F-D13F70C62E0B},080802020204,0.3049107,Yes,{93344153-B88C-444B-BD79-60961F47E1AF}
984,1,167822,2940,Acadia,Louisiana,22,001,22001,657.6,56,2908,41595,080802020301,Keystone Ditch-Mermentau River,0,LA,{20A9FD01-2958-4EC6-8537-0D3D700F06C8},080802020302,0.37924919,Yes,{DA03A90D-B89F-45EE-A227-BB13BB27F93E}
985,1,167817,2941,Cameron,Louisiana,22,023,22023,1651.8,86,2909,43760,080802020206,Thornwell Drainage Canal-Bayou Lacassine,0,LA,{7F32ECDC-6B72-453C-B01A-D4CA6BD45E7F},080802020801,0.34286286,Yes,{81046253-17BC-40E6-8A54-43A7BBD64427}
986,1,169787,2942,St. Mary,Louisiana,22,101,22101,689.4,52,2910,10674,080801010309,Flat Lake,0,LA,{58B611A4-33BC-45DA-B32C-2DA6D52C7102},080801010311,0.1640048,Yes,{3461FB3D-33BB-4C1A-A935-60BC65AE2E92}
987,1,331016,2943,Chambers,Texas,48,071,48071,629.4,41,2911,196106,120402020300,Spindletop Ditch,0,TX,{EEE81DDA-7197-4CF3-B7C0-14A6852E77E9},120402020400,0.60294746,Yes,{D346A056-829B-44BB-8BA5-6E1F452B0D57}
988,1,169031,2944,Iberia,Louisiana,22,045,22045,626.3,47,2912,30917,080703000403,Logging Canal-Chopin Chute,0,LA,{EAD1A8D9-9709-4410-A9EA-85250922E121},080701000105,0.32099032,Yes,{50154132-D27A-4392-8FE0-028656AE186F}
989,1,330293,2945,Orange,Texas,48,361,48361,379.5,39,2913,18456,120200030405,Bunns Canal-Neches River,0,TX,{5EDF73F4-E68C-401A-815F-3A642CCE54CF},120200030406,0.2041093,Yes,{C14DC26D-92BC-4D7A-9D95-E41EA734ACD4}
990,1,330293,2946,Jefferson,Texas,48,245,48245,990.3,37,2914,18456,120200030405,Bunns Canal-Neches River,0,TX,{5EDF73F4-E68C-401A-815F-3A642CCE54CF},120200030406,0.2041093,Yes,{C14DC26D-92BC-4D7A-9D95-E41EA734ACD4}
991,1,171148,2947,Lafayette,Louisiana,22,055,22055,270.3,20,2915,19691,080801030102,Bayou Carencro,0,LA,{1219CC54-6B73-4C1B-8E0D-236C4511993B},080801030103,0.20455928,Yes,{67FB53A1-5A91-4F49-BCD1-6C765A51B0BE}
992,1,167822,2948,Vermilion,Louisiana,22,113,22113,1300.8,59,2916,41595,080802020301,Keystone Ditch-Mermentau River,0,LA,{20A9FD01-2958-4EC6-8537-0D3D700F06C8},080802020302,0.37924919,Yes,{DA03A90D-B89F-45EE-A227-BB13BB27F93E}
993,1,167887,2949,Winn,Louisiana,22,127,22127,956.9,139,2917,30711,111402070801,Upper Iatt Creek,0,LA,{1D42F907-1B7F-406E-975B-E82870F6EFF9},111402070803,0.25246699,Yes,{3DCC5CB5-D83A-415A-869F-368F9C4D406C}
994,1,167871,2950,Natchitoches,Louisiana,22,069,22069,1299.3,179,2918,39880,111402070603,Cane River Red Bayou Diversion Canal,0,LA,{FE2321F3-B716-4096-A319-371E03D85798},111402071002,0.27817365,Yes,{6239F8FF-203D-4439-B90A-14D54751B826}
995,1,330440,2951,Nacogdoches,Texas,48,347,48347,981.3,129,2919,19513,120200040702,Little Bayou Loco-Bayou Loco,0,TX,{E4076AFD-97EC-4495-890B-D10188206AB5},120200040703,0.18693783,Yes,{CA52133C-0B84-4740-AA91-C93DCC5CCAC7}
996,1,168771,2952,Concordia,Louisiana,22,029,22029,748.7,84,2920,17366,080403010503,Long Bayou-Alligator Bayou,0,LA,{612C127B-B772-42CC-92FE-05E039032B30},080403010504,0.18383217,Yes,{9CC5B93D-24BC-44F5-92CD-821DE2D03577}
997,1,196081,2953,Adams,Mississippi,28,001,28001,486.3,66,2921,72651,080601000302,Rodney Lake-Mississippi River,0,"LA,MS",{73A26859-1440-4E3F-ABBF-1116D9BDFC12},080601000502,0.31455385,Yes,{15F16496-E619-4961-8CB1-F4992DD47A2D}
998,1,330448,2954,San Augustine,Texas,48,405,48405,592.2,79,2922,11954,120200050801,Copelle Creek-Angelina River,0,TX,{DE49A922-10C8-461F-BAC0-650DF2D77581},120200050802,0.20852822,Yes,{7C965B7A-A4C6-42EA-9B59-28267D058BD3}
999,1,330928,2955,Sabine,Texas,48,403,48403,576.6,83,2923,38669,120100041103,Sixmile Creek,0,TX,{B91109C3-5932-4D81-851B-6416676538F3},120100041105,0.28671229,Yes,{9851E4CA-F547-4411-98EB-28817A4D554C}
1000,1,330729,2956,Angelina,Texas,48,005,48005,864.5,110,2924,30237,120200050903,Parker Creek-Angelina River,0,TX,{BF47198A-77F0-4104-A75E-3CCCAD3EA2F8},120200050904,0.324322,Yes,{7DAD308A-82FA-4904-882E-D146B5BFB49E}
1001,1,167871,2957,Rapides,Louisiana,22,079,22079,1362,182,2925,39880,111402070603,Cane River Red Bayou Diversion Canal,0,LA,{FE2321F3-B716-4096-A319-371E03D85798},111402071002,0.27817365,Yes,{6239F8FF-203D-4439-B90A-14D54751B826}
1002,1,196089,2958,Wilkinson,Mississippi,28,157,28157,687.7,105,2926,68075,080601000600,080601000600,0,"LA,MS",{3505DDAC-6226-4563-976A-B88A638190AF},080701000101,0.37185327,Yes,{297AF421-C259-4B88-BABF-0546B017A7F6}
1003,1,168715,2959,Vernon,Louisiana,22,115,22115,1341.5,175,2927,12223,120100050104,Namby Creek,0,LA,{1C712871-A797-4247-AE18-527B8BCC1C75},120100050105,0.15864464,Yes,{6B049DD8-9359-4DD6-B819-C5985D1F8DBD}
1004,1,168156,2960,Avoyelles,Louisiana,22,009,22009,865.7,91,2928,20537,080403010202,Upper Wiggins Bayou,0,LA,{48E0A519-1372-401B-93BA-E7F62E8D2D49},080403010203,0.21808266,Yes,{61541B71-13B3-45E7-8862-7313DDC43508}
1005,1,169419,2961,St. Landry,Louisiana,22,097,22097,938.8,87,2929,12797,080801010103,McCrea Lake-Atchafalaya River,0,LA,{157FFCE0-F859-479C-82CF-0580060E4128},080801010205,0.31084733,Yes,{514B2DDE-FF01-49EF-BBF4-44823069D69D}
1006,1,168515,2962,West Baton Rouge,Louisiana,22,121,22121,203.6,17,2930,47846,080703000201,Bayou Grosse Tete-Bayou Cholpe,0,LA,{601B8CA0-A46B-4F1F-B9C5-09DBD95B62C1},080703000204,0.34524129,Yes,{810476A3-417E-41ED-B314-1DBB557768B5}
1007,1,330365,2963,Tyler,Texas,48,457,48457,935.7,107,2931,27913,120200060303,Drakes Branch,0,TX,{92DB18C7-F2A2-4D74-9EE9-B8971CBF2548},120200060306,0.33782833,Yes,{CE7C0F36-6B75-40D3-B95C-ED10EBB644C2}
1008,1,168759,2964,Beauregard,Louisiana,22,011,22011,1166,163,2932,38845,120100050309,Cypress Creek-Anacoco Creek,0,LA,{F01A2A7D-5CE3-46AC-A881-6AFA8986136F},120100050310,0.31305122,Yes,{7B47D79A-7A41-452C-9416-073C882FDDC8}
1009,1,330754,2965,Shelby,Texas,48,419,48419,834.5,97,2933,23309,120100040201,Ramsey Creek-Flat Fork Creek,0,TX,{46784182-EED4-446D-AEA6-A69849999C0F},120100040202,0.23281129,Yes,{BA287BA8-5033-4135-B2FA-F087B8F42ED9}
1010,1,168655,2966,Sabine,Louisiana,22,085,22085,1011.5,130,2934,38767,120100040403,Bear Creek-Bayou San Patricio,0,LA,{9D3A76A1-38A3-4F85-BA4C-D8F840134CE9},120100040404,0.28286677,Yes,{9148C2DB-B522-4C45-A7F6-C2C5E79AC322}
1011,1,168083,2967,Catahoula,Louisiana,22,025,22025,739.4,126,2935,15735,080402070301,Tiger Bayou,0,LA,{ABAA4DCF-C353-47EC-966E-5C763CFB6610},080402070303,0.18919459,Yes,{21BEB8CC-7919-4FD5-91A3-DC47C229BD77}
1012,1,168099,2968,La Salle,Louisiana,22,059,22059,662.4,104,2936,10073,080402070402,Bayou Dan,0,LA,{B09EAC79-A006-46A0-95BC-BA51227438D6},080402070403,0.14341117,Yes,{80DA79EF-2E8B-4FAF-9222-5A9CDDED44DA}
1013,1,167891,2969,Grant,Louisiana,22,043,22043,664.6,96,2937,14580,111402070802,Saddle Bayou,0,LA,{2DEC3719-D973-442A-9321-BDC846915644},111402070803,0.20052841,Yes,{E53AC7BF-CD63-4622-ABAD-6A56FA6F2BD6}
1014,1,168505,2970,Pointe Coupee,Louisiana,22,077,22077,590.7,38,2938,43114,080703000102,Portage Canal No 1-Portage Canal No 2,0,LA,{EA611EE6-FAEF-4603-A7B7-2AEF9B4269BE},080703000103,0.33003048,Yes,{5819FF97-1BCB-4CF3-B533-14FB15331BF5}
1015,1,168779,2971,West Feliciana,Louisiana,22,125,22125,426,48,2939,29418,080403010505,Outflow Channel-Red River,0,LA,{65D92749-E3BF-4B6F-97BE-91FDDF17BA21},080801010103,0.24623308,Yes,{35889424-A6C4-4737-BADC-3B5823CE2EE4}
1016,1,170301,2972,Evangeline,Louisiana,22,039,22039,679.6,84,2940,25076,080801020305,Langs Branch-Bayou Cocodrie,0,LA,{1EE90668-44B8-4555-9182-CEE97A6086DA},080801020307,0.2358334,Yes,{7070C84E-13C5-4553-8D8E-CCCA3C4799AF}
1017,1,169514,2973,Allen,Louisiana,22,003,22003,765.7,104,2941,34798,080802030303,Cherrywinche Creek,0,LA,{D03C6219-5E78-4A89-A7AE-7743B925AE6F},080802030304,0.26071299,Yes,{57A59CE8-F9C8-4368-A34E-55E48ED879C5}
1018,1,198156,2974,Covington,Mississippi,28,031,28031,414.9,38,2942,39090,031700040305,Sullivans Hollow Creek-Oakohay Creek,0,MS,{1C4E4F4D-D81A-4672-966C-59F110407792},031700040503,0.35727458,Yes,{F9AB5C0F-B8CF-4078-A6F8-017EEE16C6F4}
1019,1,221,2975,Washington,Alabama,01,129,01129,1088.5,112,2943,26545,031700080104,Pine Barren Creek,0,AL,{501B37FB-899D-4FD7-A34F-57BF8598DADA},031700080105,0.2747686,Yes,{1E314488-DDD9-4D71-9922-532A00D4B6AE}
1020,1,196040,2976,Marion,Mississippi,28,091,28091,548.6,43,2944,33678,031800040601,Mill Creek-Pearl River,0,"LA,MS",{926BC944-6396-42F9-9F86-E0AEA537328A},031800040602,0.36209684,Yes,{D92D1A8F-7CBA-4550-BE97-CC0230FFE993}
1021,1,196041,2977,Lamar,Mississippi,28,073,28073,500.4,52,2945,33678,031800040601,Mill Creek-Pearl River,0,"LA,MS",{926BC944-6396-42F9-9F86-E0AEA537328A},031800040602,0.25469381,Yes,{DF0A94C7-76DD-4E51-8441-22CE8740DBEC}
1022,1,198217,2978,Forrest,Mississippi,28,035,28035,470.2,59,2946,27019,031700040608,Tick Creek-Bouie Creek,0,MS,{6C3C812A-BDC1-45F5-B9BF-CD58B1262068},031700040802,0.32920565,Yes,{DDDAB961-28E5-494B-AB16-8349A03C3013}
1023,1,198360,2979,Perry,Mississippi,28,111,28111,650.2,68,2947,17404,031700050304,Burdeman Branch-Tallahala Creek,0,MS,{6E7B2D0E-0C2E-4510-ACAB-F6892B9A7B23},031700050603,0.20904392,Yes,{BA8D6199-FBC3-4543-BEC4-6CA6A3522F85}
1024,1,195931,2980,Greene,Mississippi,28,041,28041,718.7,89,2948,14331,031700030204,Byrd Creek-Turkey Creek,0,"AL,MS",{FCE25340-F3E1-49A2-8145-8662FCFFACE6},031700030205,0.20680329,Yes,{13A348F6-CE99-42C6-B6AE-A44A4B4C46FC}
1025,1,196119,2981,Amite,Mississippi,28,005,28005,731.6,94,2949,35190,080702020106,Cars Creek-East Fork Amite River,0,"LA,MS",{0355D6A6-FAFB-4941-B594-000D1DC9BDC2},080702020401,0.22418693,Yes,{8D9211E3-8381-4F15-A093-FD9B4729A13D}
1026,1,196075,2982,Pike,Mississippi,28,113,28113,410.8,23,2950,32768,031800050504,"Clifton, LA-Bogue Chitto",0,"LA,MS",{CF57C0CB-EB24-4A69-A509-6904F82F4F37},031800050601,0.22899457,Yes,{FD762AEC-AE0C-4004-9EA0-E9F4EDBD2436}
1027,1,196075,2983,Walthall,Mississippi,28,147,28147,404.4,18,2951,32768,031800050504,"Clifton, LA-Bogue Chitto",0,"LA,MS",{CF57C0CB-EB24-4A69-A509-6904F82F4F37},031800050601,0.22899457,Yes,{FD762AEC-AE0C-4004-9EA0-E9F4EDBD2436}
1028,1,129,2984,Mobile,Alabama,01,097,01097,1252.7,77,2952,12394,031602040305,Lower Chasaw Creek,0,AL,{8D473D69-EA86-4346-9FB3-B65763C5AD0D},031602040403,0.25237984,Yes,{CADE3695-49E5-4E86-B8DE-A8B1245529C4}
1029,1,196038,2985,Pearl River,Mississippi,28,109,28109,818.9,106,2953,33678,031800040601,Mill Creek-Pearl River,0,"LA,MS",{926BC944-6396-42F9-9F86-E0AEA537328A},031800040602,0.24392115,Yes,{766B9EFC-AC02-4123-B6A0-CE447F8B5A57}
1030,1,195966,2986,Jackson,Mississippi,28,059,28059,738,80,2954,20686,031700080403,Juniper Bay-Escatawpa River,0,"AL,MS",{709F7E50-8819-4C40-8DDE-27E854E9E296},031700080405,0.2060925,Yes,{1E903565-BCB1-4D6B-A86E-BD8E87813B86}
1031,1,171555,2987,East Baton Rouge,Louisiana,22,033,22033,470.5,18,2955,26114,080702010308,Sandy Creek-Thompson Creek,0,LA,{5750F889-E1C8-437B-BF4E-8BE1BB23D45F},080701000103,0.2597746,Yes,{B7144CAA-57FB-4409-B49B-E7DFA8C2FF09}
1032,1,198705,2988,Harrison,Mississippi,28,047,28047,584.2,52,2956,18949,031700090402,Bayou Costapia,0,MS,{332F140E-774D-41FE-AFA5-796B9EA036A1},031700090403,0.19225891,Yes,{9977AABE-8633-46FB-BA39-F60C4B6706A4}
1033,1,169197,2989,Washington,Louisiana,22,117,22117,676,60,2957,30127,031800040502,East Fork Pushepatapa Creek,0,"LA,MS",{DC0559C9-4049-4294-8DAC-90F8B17BD95B},031800040503,0.09613549,Yes,{3F235DBE-FDBB-48AB-ABEF-80C4D96385C6}
1034,1,169669,2990,St. Helena,Louisiana,22,091,22091,409.5,32,2958,35190,080702020106,Cars Creek-East Fork Amite River,0,"LA,MS",{0355D6A6-FAFB-4941-B594-000D1DC9BDC2},080702020401,0.13331745,Yes,{98F05C14-CA46-4674-8428-CADAD7DC9C45}
1035,1,169658,2991,East Feliciana,Louisiana,22,037,22037,455.7,58,2959,26395,080702010301,Hurricane Creek-Thompson Creek,0,"LA,MS",{E51F4423-5466-4CA2-B75D-677B35B9E096},080702010302,0.16022751,Yes,{7C284D20-46B6-4E90-806E-1094C75CDA00}
1036,1,198220,2992,Simpson,Mississippi,28,127,28127,590.5,50,2960,26804,031700040701,Dry Creek-Okatoma Creek,0,MS,{668F2973-5E72-4C06-86E9-8823D6C9C738},031700040702,0.24619005,Yes,{35845861-8142-4BD0-A37D-7334431C50A9}
1037,1,196579,2993,Copiah,Mississippi,28,029,28029,779.4,69,2961,12546,080602030101,Bowerton-Jackson Creek,0,MS,{5FF1DCC9-FDD9-4E21-A652-B4CA7D3CEF8F},080602030103,0.17147242,Yes,{DAC34D79-F7BE-4DDD-BCBD-3A92D7A4A3B0}
1038,1,196083,2994,Jefferson,Mississippi,28,063,28063,527.2,93,2962,72651,080601000302,Rodney Lake-Mississippi River,0,"LA,MS",{73A26859-1440-4E3F-ABBF-1116D9BDFC12},080601000502,0.40916474,Yes,{1B91D236-8404-4EE4-869C-827EAE843889}
1039,1,198201,2995,Jefferson Davis,Mississippi,28,065,28065,409.1,18,2963,38785,031700040604,West Bouie Creek-Bouie Creek,0,MS,{1F94A7FF-FD65-4C60-8573-6F6DBE592630},031700040606,0.34785319,Yes,{2970A430-A9E6-4152-B0CF-4F6C5DC13AFE}
1040,1,199427,2996,Lawrence,Mississippi,28,077,28077,435.7,31,2964,11679,031800030104,Bird Branch-Bahala Creek,0,MS,{EBB79B14-BF06-4FFF-BF82-9F71C9B307A8},031800030205,0.17224417,Yes,{91E30A6B-C5CE-4F23-BB88-53C78D8BC858}
1041,1,196592,2997,Lincoln,Mississippi,28,085,28085,588.1,34,2965,20081,080602030201,Wesson Lake-Dye Branch,0,MS,{C8192291-26A3-4306-96A8-9B7E6263AC4A},080602030204,0.18833675,Yes,{8577C05A-9F00-4CDF-85E2-C62BDE03EE6F}
1042,1,196744,2998,Franklin,Mississippi,28,037,28037,566.7,97,2966,29355,080602040201,Whitens Creek-South Fork Coles Creek,0,MS,{EF9C92C6-F13A-4879-B4C3-13186B986406},080602040203,0.24645332,Yes,{88910C0B-4697-407A-887D-32649EF26CCA}
1043,1,195913,2999,Wayne,Mississippi,28,153,28153,813.5,99,2967,20945,031700020507,Shiloh Creek-Buckatunna Creek,0,"AL,MS",{EB7D1CA3-DF17-4EF0-8D93-39B09EE6D3D2},031700020603,0.25412127,Yes,{DA0533F4-F480-40B6-B95E-D11DC3F31605}
1044,1,198184,3000,Jones,Mississippi,28,067,28067,699.7,31,2968,22750,031700040504,Masons Creek-Leaf River,0,MS,{D7C433AB-8E1B-4940-B2F1-9C7658AFACAD},031700040903,0.23953601,Yes,{AE821D3C-A187-4384-899F-C4242576A865}
1045,1,195952,3001,George,Mississippi,28,039,28039,483.6,69,2969,18118,031700080302,Scarborough Creek-Brushy Creek,0,"AL,MS",{190BD64C-679B-4071-8A6D-93962860CC4C},031700080303,0.21318524,Yes,{9BC1BA9E-0FF2-4318-A70B-03960FF4C8A3}
1046,1,198604,3002,Stone,Mississippi,28,131,28131,448.1,54,2970,20720,031700070303,Double Branch,0,MS,{DA7A1AB5-7EEA-4070-A332-1C163B9678C1},031700070304,0.23902655,Yes,{204869A8-7D4E-4863-A374-B3BDB907F1FD}
1047,1,167829,3003,St. Bernard,Louisiana,22,087,22087,481.6,52,2971,30025,080902030603,Bay Boudreau,0,LA,{00614C6F-EB2C-4130-B9FF-2FE0D60CADFA},080902030606,0.17376928,Yes,{A87004DA-BBE9-4B43-B25E-6AF9D3EA2D39}
1048,1,168610,3004,Lafourche,Louisiana,22,057,22057,1190.9,17,2972,43581,080903010301,Petit Lac Des Allemands-Bayou Des Allemands,0,LA,{33BF66BD-E890-46E6-93E9-BED4FD9D09C4},080903010312,0.35322752,Yes,{6E40451C-63D8-4E45-8EE0-B586375A8DC1}
1049,1,167848,3005,Plaquemines,Louisiana,22,075,22075,1039.8,132,2973,39336,080902030702,Bayou Terre Aux Boeufs,0,LA,{695567AD-7F18-4897-B516-8286B6F310FC},080902030800,0.58641331,Yes,{882A9B3C-999C-4516-9E9B-974824FFB95C}
1050,1,169871,3006,Terrebonne,Louisiana,22,109,22109,1481.1,73,2974,33509,080903020302,Bayou Black-Intracoastal Waterway,0,LA,{967EC242-4869-4F43-9654-D42A4440C3E7},080903020305,0.37959334,Yes,{E096F4E0-9ABF-41A5-857A-F990DB6AA366}
1051,1,168631,3007,Jefferson,Louisiana,22,051,22051,488.1,38,2975,39610,080903010307,Westwego-Main Canal,0,LA,{13869046-E7FB-41F3-843C-826970BE9DB2},080903010310,0.52991194,Yes,{4D657043-B4F6-42E5-A603-806AAA932101}
1052,1,167770,3008,Ascension,Louisiana,22,005,22005,302.9,10,2976,22943,080702040104,Bayou Pierre-Little Amite River,0,LA,{77E4B775-6F56-44BB-9169-A86F630491A6},080702040204,0.27544193,Yes,{1A340723-9E3E-45AE-BF3F-5F4B34B6235F}
1053,1,168641,3011,Orleans,Louisiana,22,071,22071,349.7,28,2979,23830,080903010309,Gretna-Intracoastal Waterway,0,LA,{083A1930-DFFD-430F-A1AC-1569FD8A5D64},080903010310,0.21549235,Yes,{36226F3D-FA38-4834-A13C-0D4A59C03A63}
1054,1,168612,3012,St. Charles,Louisiana,22,089,22089,409.9,24,2980,11257,080903010302,Des Allemands-Crawford Canal,0,LA,{AAB1EE3E-E80D-4E62-B0EB-0DF9242B2F5C},080903010303,0.14257639,Yes,{CC1B23A9-C246-468B-93F4-A5463964313E}
1055,1,169032,3013,Assumption,Louisiana,22,007,22007,364.6,30,2981,30917,080703000403,Logging Canal-Chopin Chute,0,LA,{EAD1A8D9-9709-4410-A9EA-85250922E121},080701000105,0.2278222,Yes,{B3A4DA15-BE6F-4068-9604-0A50019B639F}
1056,1,120175,3014,Bryan,Georgia,13,029,13029,448.2,58,2982,24858,030602020503,Ash Branch-Lower Black Creek,0,GA,{7C656778-09AD-4ACE-B2BF-C82D267AFC3F},030602020505,0.28810022,Yes,{D29EF222-D2A7-44EE-9F62-B961C296057B}
1057,1,120215,3015,Chatham,Georgia,13,051,13051,482.2,41,2983,25565,030602020605,Morgans Bridge-Ogeechee River,0,GA,{149DD481-9715-476A-ACD3-BC379CA7451F},030602020606,0.307948,Yes,{3109C292-0D8C-4E23-A013-6E13143E0378}
1058,1,69,3016,Baldwin,Alabama,01,003,01003,1654.5,178,2984,8968,031401060102,Fletcher Creek,0,AL,{A0F63025-2413-41DB-8CA5-3B2A7630CEDF},031401060103,0.19545271,Yes,{0E54518C-6A68-4C92-BA77-926C3A244718}
1059,1,110903,3017,Walton,Florida,12,131,12131,1069.6,147,2985,24506,031401030601,Fleming Creek-Pond Creek,0,"AL,FL",{CCDA5C2B-A905-4B0B-BA09-067DD0E7EC9A},031401030605,0.33592551,Yes,{86673F6B-3235-4824-A6B5-C1F3C250962A}
1060,1,111074,3018,Nassau,Florida,12,089,12089,667.1,75,2986,32830,030702040501,Baldwin Bay-Deep Creek,0,FL,{C8AA0196-98D5-4632-B1DB-0AC12F7C0099},030702040503,0.25079896,Yes,{AD1375B8-9A62-4FF1-BDD3-11B7F53F8A4C}
1061,1,112752,3019,Leon,Florida,12,073,12073,701.1,95,2987,19284,031200010202,Dry Creek,0,"FL,GA",{E8E317B7-FEB5-45BB-970B-738432CD3C5A},031200010203,0.21520764,Yes,{072AB967-C183-4256-BFA8-C56DD87F3DD4}
1062,1,112684,3020,Jefferson,Florida,12,065,12065,612.4,86,2988,29209,031101030201,Linton Lake,0,"FL,GA",{8D7AD405-79B7-4D2B-8ED9-334F6957CF60},031101030202,0.2471354,Yes,{41020C38-0713-4AAE-9B8F-A97649D38A8C}
1063,1,112687,3021,Madison,Florida,12,079,12079,715.8,82,2989,24573,031101030202,Denmark Lake,0,"FL,GA",{2FD6DD53-07CB-4ABE-8954-239B80F2DD84},031101030204,0.18223667,Yes,{99D812B6-28D2-48E2-BAE8-9839D10B8C43}
1064,1,111267,3022,Calhoun,Florida,12,013,12013,574.5,76,2990,21297,031401010101,Compass Lake,0,FL,{80F7BB9E-B0F5-41AF-B554-850EB4B0DE0D},031401010102,0.27726664,Yes,{891AB345-EF49-4269-B546-811CE4BCC81E}
1065,1,111236,3023,Liberty,Florida,12,077,12077,843.1,137,2991,19288,031300130401,Thousand Yard Bay,0,FL,{A13D2708-06F7-4912-A60F-0BC8F140F252},031300130402,0.26973966,Yes,{669779F5-2A26-4F0B-B1C3-0D855986CBAC}
1066,1,111026,3024,Columbia,Florida,12,023,12023,800.8,92,2992,39086,030702040101,Ocean Pond,0,FL,{0AD9D08C-873A-446C-8399-97B8EBB082AF},030702040102,0.30255315,Yes,{14AF509D-F04C-43A2-93E5-D24BD6707A1A}
1067,1,111026,3025,Baker,Florida,12,003,12003,588.8,83,2993,39086,030702040101,Ocean Pond,0,FL,{0AD9D08C-873A-446C-8399-97B8EBB082AF},030702040102,0.30255315,Yes,{14AF509D-F04C-43A2-93E5-D24BD6707A1A}
1068,1,111074,3026,Duval,Florida,12,031,12031,847.9,43,2994,32830,030702040501,Baldwin Bay-Deep Creek,0,FL,{C8AA0196-98D5-4632-B1DB-0AC12F7C0099},030702040503,0.25079896,Yes,{AD1375B8-9A62-4FF1-BDD3-11B7F53F8A4C}
1069,1,111267,3027,Bay,Florida,12,005,12005,778.2,94,2995,21297,031401010101,Compass Lake,0,FL,{80F7BB9E-B0F5-41AF-B554-850EB4B0DE0D},031401010102,0.27726664,Yes,{891AB345-EF49-4269-B546-811CE4BCC81E}
1070,1,115298,3028,Wakulla,Florida,12,129,12129,617.4,96,2996,16293,031200010504,Hamlin Branch,0,FL,{AFC0C71D-CFBB-48EC-AF6C-981D52934EA8},031200011001,0.18760228,Yes,{CC30BF73-47F8-4150-89AB-0012FF4566AA}
1071,1,112812,3029,Volusia,Florida,12,127,12127,1208.7,114,2997,35282,030801010902,Ruth Lake,0,FL,{76B6B339-393D-4AC6-8537-A7708FEB4CA0},030801010905,0.29636488,Yes,{7AA60220-A6A7-43B5-B271-0C12D0D929D8}
1072,1,111265,3030,Gulf,Florida,12,045,12045,569.4,69,2998,106247,031300140201,Apalachicola Bay,0,FL,{7F30DDC1-D52D-4D3F-800A-33D5AF025528},OCEAN,0.7159825,Yes,{3A7CF469-B313-47A6-86C8-99120A1FB337}
1073,1,111234,3031,Franklin,Florida,12,037,12037,554.4,70,2999,19288,031300130401,Thousand Yard Bay,0,FL,{A13D2708-06F7-4912-A60F-0BC8F140F252},031300130402,0.17597751,Yes,{C3E101D5-50B2-486B-88C1-2A22C49C2FBE}
1074,1,363,3032,Barbour,Alabama,01,005,01005,904.5,112,3000,19917,031402010101,Headwaters East Fork Choctawatchee River,0,AL,{928D700A-E635-42C1-B196-FFC15F0F3BCA},031402010103,0.22286999,Yes,{568A25C7-A197-43BE-8B16-B0643C18E5A9}
1075,1,1,3033,Covington,Alabama,01,039,01039,1043.9,137,3001,12663,031401030101,Pond Creek,0,AL,{B1EF0C55-72ED-4FF6-A3BA-97A87C6A6C47},031401030102,0.1546438,Yes,{A2614FD8-919F-41FD-AF7E-F24563BEB574}
1076,1,116263,3034,Early,Georgia,13,099,13099,516.6,104,3002,22813,031300040206,Bennett Mill Creek-Chattahoochee River,0,"AL,GA",{2188E919-7BFE-4D21-8364-3338E882E65F},031300040501,0.29079903,Yes,{A357420D-C9FE-40BE-83D4-684A70B08FFD}
1077,1,116721,3035,Baker,Georgia,13,007,13007,349.1,52,3003,23747,031300080106,Miller Springs-Flint River,0,GA,{4D983198-F731-43DF-8010-935E578E2E7D},031300080107,0.2216398,Yes,{E3D0D348-9015-45D1-9B2A-91D076D9569A}
1078,1,398,3036,Houston,Alabama,01,069,01069,581.6,85,3004,10820,031402010206,Dunham Creek,0,AL,{408E5BBE-5288-422D-A0E5-2D6AFBEAE143},031402010207,0.16701312,Yes,{4D6FC68A-0720-40F0-AE9D-B98F1F7F2B60}
1079,1,110939,3037,Escambia,Florida,12,033,12033,668.1,55,3005,14036,031401060103,Hurricane Creek-Perdido River,0,"AL,FL",{1410A508-79C9-4027-892F-CE705F9B4B06},031401060104,0.15381359,Yes,{FA0F5573-B0B9-480B-BBE0-8624BD8E5B5A}
1080,1,53,3038,Escambia,Alabama,01,053,01053,953,142,3006,15976,031401040101,Panther Creek,0,AL,{4FF3179E-9187-4E2E-B538-DCDC20FBA83E},031401040103,0.1966275,Yes,{D70DE4ED-34CE-4882-A44B-E4F0E1F75F60}
1081,1,110894,3039,Okaloosa,Florida,12,091,12091,939.5,137,3007,23822,031401030402,Big Creek-Yellow River,0,"AL,FL",{1384FF1A-DBD3-451E-A93C-95B21C893A08},031401030403,0.23913265,Yes,{FE4F2611-E9FD-4339-B4DE-E6797B32354B}
1082,1,110918,3040,Santa Rosa,Florida,12,113,12113,1025.4,112,3008,19379,031401040301,Upper Sweetwater Creek,0,"AL,FL",{89C8D219-20B9-47E5-8F11-594E4217DC15},031401040302,0.2062434,Yes,{6274F488-4642-4AD0-8011-8321BBC2D686}
1083,1,7,3041,Crenshaw,Alabama,01,041,01041,610.9,65,3009,37030,031401030102,Lightwood Knot Creek,0,AL,{F0D9874D-52BA-4FDC-A5E6-E259B627764D},031401030103,0.30310665,Yes,{C386D660-5AFC-45C1-83D8-E1A1D3153AD0}
1084,1,1430,3042,Butler,Alabama,01,013,01013,777.9,62,3010,20215,031403020502,Honey Creek-Piney Woods Creek,0,AL,{439A6CC6-FD9A-40C3-8BEB-452E1121625A},031403020504,0.25848083,Yes,{BB5834FB-8DE1-4282-B8C1-1D91C563B580}
1085,1,1474,3043,Monroe,Alabama,01,099,01099,1034.1,114,3011,30830,031403030301,West Sepulga River,0,AL,{9B6513F8-D2E1-4CAC-9B44-44D481BE2B56},031403030304,0.26460781,Yes,{BCCACF2F-B1FC-4F4A-99E4-3E3F5A66C521}
1086,1,1368,3044,Conecuh,Alabama,01,035,01035,852.9,126,3012,42635,031403010503,Teel Creek,0,AL,{FF5047BF-C913-43B2-8D8B-5832191CBFD9},031403040101,0.33190274,Yes,{8F5D7A97-4856-451C-85E0-75CE4C389BE8}
1087,1,913,3045,Pike,Alabama,01,109,01109,672.1,70,3013,19709,031402020207,Conners Creek,0,AL,{C7ED0D06-89FD-4F20-B3E4-BFCF43123AA2},031402020301,0.21319805,Yes,{D96A0B8C-EFD6-42D1-A4A8-3D250757D717}
1088,1,116241,3046,Quitman,Georgia,13,239,13239,160.5,30,3014,30928,031300030905,Cool Branch-Chattahoochee River,0,"AL,GA",{5586363E-4D1E-4DFB-A55E-F674DF639E49},031300031302,0.18098346,Yes,{558827AB-E236-4835-96BD-38456C39A0A4}
1089,1,117474,3047,Terrell,Georgia,13,273,13273,337.8,67,3015,19247,031300090102,Headwaters Ichawaynochaway Creek,0,GA,{D6CEF68E-4AF5-42D8-959A-C387E7966A7A},031300090104,0.23950764,Yes,{892ED4DF-F61C-4686-BAA7-9A29396CAD2C}
1090,1,117469,3048,Randolph,Georgia,13,243,13243,431,74,3016,14078,031300090101,West Fork Ichawaynochaway Creek,0,GA,{477F3E17-1535-4BD7-A2D4-6BA41662A055},031300090102,0.19094134,Yes,{02285D4F-B73A-4DC5-9D55-8EBD33C7EE74}
1091,1,369,3049,Henry,Alabama,01,067,01067,568.3,73,3017,20988,031402010103,Hamm Creek-Beaver Creek,0,AL,{8581DD0C-0126-477D-8EE3-F7D3E1979757},031402010104,0.21080071,Yes,{6C8AB124-527F-4CA1-A22E-98FB14E114F8}
1092,1,116252,3050,Clay,Georgia,13,061,13061,216.6,36,3018,28722,031300031313,Drag Nasty Creek-Chattahoochee River,0,"AL,GA",{7C8968AA-BD1D-416E-BA6C-1245DC73CF18},031300031600,0.14927386,Yes,{940A3A45-5F62-4C09-888E-38642179A375}
1093,1,117501,3051,Calhoun,Georgia,13,037,13037,283.8,44,3019,18670,031300090303,Falling Creek,0,GA,{21831178-C503-4AAE-813A-70C327369E85},031300090304,0.2641312,Yes,{9B59C294-AB3F-4137-9952-A6906BA3ED1A}
1094,1,4,3052,Coffee,Alabama,01,031,01031,680.5,118,3020,12663,031401030101,Pond Creek,0,AL,{B1EF0C55-72ED-4FF6-A3BA-97A87C6A6C47},031401030102,0.18596971,Yes,{E35DFD71-A57A-4CA6-92A2-6533894278F0}
1095,1,379,3053,Dale,Alabama,01,045,01045,562.7,74,3021,22479,031402010201,Jack Creek,0,AL,{A4521D0D-5D75-482F-B18F-8A0FB7CA9848},031402010203,0.2267944,Yes,{85E9F980-38F8-45C9-8763-2F630F4ED37A}
1096,1,117101,3054,Miller,Georgia,13,201,13201,283.6,65,3022,40519,031300080701,Davis Pond-Flint River,0,GA,{A62C0587-7ACB-4028-A0A2-813560033532},031300080702,0.40742744,Yes,{359B47AD-945E-4BFC-B6E3-CCB5AE81999F}
1097,1,453,3055,Geneva,Alabama,01,061,01061,578.9,100,3023,25501,031402010501,Newton Creek,0,AL,{4C972938-C98E-4266-9013-367447E6D01C},031402010503,0.26821773,Yes,{3FE4E83B-15F9-4997-8133-AACCC82C8692}
1098,1,117081,3056,Decatur,Georgia,13,087,13087,623.2,82,3024,62836,031300080506,Bay Pole Branch-Big Slough,0,GA,{B1831527-DA7D-423B-8EBE-119FA8E80D06},031300080601,0.37223075,Yes,{085DFD76-90DE-4685-9BB8-9B15FAD48CC0}
1099,1,116169,3057,Seminole,Georgia,13,253,13253,256.5,42,3025,34216,031300040801,Irwin Mill Creek-Chattahoochee River,0,"AL,FL,GA",{92800DE6-75F4-454B-A99A-D4EB110A7C6C},031300040803,0.21611461,Yes,{986C27F0-C9CA-4704-8D34-0DDAB4132096}
1100,1,110882,3058,Jackson,Florida,12,063,12063,954.6,126,3026,23775,031300120105,Spring Creek-Marshall Creek,0,"AL,FL",{10B8480D-6C43-4945-ACEF-21831DC5FE34},031300120106,0.21947793,Yes,{88AA9B04-BFC1-41B6-AB39-43C95E3B4C6D}
1101,1,110982,3059,Holmes,Florida,12,059,12059,488.7,68,3027,21231,031402020904,Hurricane Creek-Pea River,0,"AL,FL",{46F89AE2-89DA-42B9-8ACE-8317CBABF4FF},031402020906,0.27239842,Yes,{F9A78A6E-C22B-405E-A986-1776CAF5A527}
1102,1,111267,3060,Washington,Florida,12,133,12133,616.4,89,3028,21297,031401010101,Compass Lake,0,FL,{80F7BB9E-B0F5-41AF-B554-850EB4B0DE0D},031401010102,0.27726664,Yes,{891AB345-EF49-4269-B546-811CE4BCC81E}
1103,1,112758,3061,Gadsden,Florida,12,039,12039,528.6,87,3029,31372,031200030102,Shaw Creek,0,"FL,GA",{B8C0A13A-DD25-43D5-8047-17D060A7713B},031200030106,0.26517101,Yes,{E564C089-788F-4C2A-A7E9-1ED7AFCD752B}
1104,1,116785,3062,Telfair,Georgia,13,271,13271,444.1,44,3030,49128,030701040603,Mizell Creek-Ocmulgee River,0,GA,{B0F422F7-5BDE-4608-B60E-C5D3274B8749},030701040802,0.40299637,Yes,{76EA3E48-526E-4A29-96E0-F2192F69791E}
1105,1,116749,3063,Wilcox,Georgia,13,315,13315,383.3,41,3031,51423,030701040501,Bluff Creek,0,GA,{14B05693-476B-470F-8F17-CA0D589CE357},030701040503,0.3455886,Yes,{35870758-399F-4723-AACD-0786773DF92F}
1106,1,116814,3064,Jeff Davis,Georgia,13,161,13161,335.5,42,3032,58846,030701040804,Gregeory Creek-Ocmulgee River,0,GA,{6505F355-D2F5-4F5B-B23D-28B9D65EDB67},030701040805,0.3764604,Yes,{554D17BB-F6AB-468F-B47C-03D96277092D}
1107,1,118011,3065,Berrien,Georgia,13,019,13019,457.8,59,3033,29200,031102020402,Mill Creek-Alapaha River,0,GA,{1C603E63-8AB7-47AE-ABFC-755CB776C093},031102020403,0.33860474,Yes,{FFB0A505-97E2-44EC-9039-2AB6857E719A}
1108,1,117260,3066,Ware,Georgia,13,299,13299,906.7,66,3034,49105,030702010303,Red Bluff Creek,0,GA,{154EDE85-FC93-4B89-B711-02E59B81C11C},030702010304,0.40392064,Yes,{CF8FD42D-74B4-4CA6-A947-6B29727FC872}
1109,1,116986,3067,Glynn,Georgia,13,127,13127,449.4,28,3035,42761,030701060501,Alex Creek-Altamaha River,0,GA,{AAAD92F8-23CB-4733-9C06-A2C9C0DDA3E8},030701060502,0.28593655,Yes,{AD10B9FF-B703-47BC-99F4-01503DD5107D}
1110,1,116709,3068,Mitchell,Georgia,13,205,13205,513.9,75,3036,12559,031300080103,Upper Dry Creek,0,GA,{E0D6C86A-7FA2-41A9-B0A2-CE3F4BA2B573},031300080105,0.17414468,Yes,{9DA2E1A4-1684-469E-896A-6EC679B0C488}
1111,1,116969,3069,Brantley,Georgia,13,025,13025,447.8,37,3037,106285,030701060402,Penholoway Creek,0,GA,{C673261C-C7F6-4FC7-B51D-CE5ACBDB6384},030701060405,0.57416285,Yes,{F6C8EC05-C788-49A6-9157-9D7CC5391E77}
1112,1,118135,3070,Cook,Georgia,13,075,13075,233.2,36,3038,17737,031102030202,Middle New River,0,GA,{B1E454E1-96BC-43A0-83D5-E681BB9E56F1},031102030204,0.18448558,Yes,{D74AB75E-80C5-41AF-AC55-771EA6040630}
1113,1,116730,3071,Colquitt,Georgia,13,071,13071,556.6,93,3039,13596,031300080201,Upper Racoon Creek,0,GA,{A9B2067F-92E5-4B0A-9D32-6C0754729DF4},031300080203,0.16935259,Yes,{F981A22C-7652-423E-8F33-1788F5C43788}
1114,1,117257,3072,Clinch,Georgia,13,065,13065,824.5,60,3040,49105,030702010303,Red Bluff Creek,0,GA,{154EDE85-FC93-4B89-B711-02E59B81C11C},030702010304,0.41515663,Yes,{154E21C7-5131-4ED1-993F-9A4BA0C7D5FD}
1115,1,112713,3073,Hamilton,Florida,12,047,12047,519.3,74,3041,18324,031102010601,Cypress Creek-Rocky Creek,0,"FL,GA",{0BFD1ECC-7C84-4979-A419-444CEFECCE50},CLOSED BASIN,0.23303713,Yes,{8770B344-63D2-4A2F-8CCF-29272C9CB013}
1116,1,117707,3074,Lanier,Georgia,13,173,13173,199.9,38,3042,57775,031102010301,Arabia Swamp,0,GA,{697EDB06-D1B1-4111-B72C-05903327B9C2},031102010302,0.359563,Yes,{DD14698A-1D09-4AD5-9C1F-1A52D1C39C92}
1117,1,117081,3075,Grady,Georgia,13,131,13131,460.3,71,3043,62836,031300080506,Bay Pole Branch-Big Slough,0,GA,{B1831527-DA7D-423B-8EBE-119FA8E80D06},031300080601,0.37223075,Yes,{085DFD76-90DE-4685-9BB8-9B15FAD48CC0}
1118,1,117663,3076,Thomas,Georgia,13,275,13275,552.1,78,3044,18293,031101030101,Upper Aucilla River,0,GA,{AE8C2249-13F9-46DA-96A9-91AE08E6E3DD},031101030102,0.28005821,Yes,{9C0D82B7-EB0B-4D8F-8913-1FAF98DE967E}
1119,1,117675,3077,Brooks,Georgia,13,027,13027,497.8,62,3045,21920,031101030104,Cat Creek-Aucilla River,0,GA,{3E7F2A2C-8B17-4927-8A4E-1541EF2F27DB},031101030203,0.2206063,Yes,{5A841A44-D8DC-4DBE-95AD-C950BCE2F7A1}
1120,1,117895,3078,Lowndes,Georgia,13,185,13185,510.6,61,3046,40530,031102021003,Alapahoochee River,0,"FL,GA",{FC417983-2064-403F-ADD4-68DEFE706A2A},031102021208,0.28325422,Yes,{2946C06B-7719-4524-BE2D-08F889CEA358}
1121,1,117711,3079,Echols,Georgia,13,101,13101,420.8,46,3047,60162,031102010302,Sweetwater Creek-Suwannoochee Creek,0,GA,{E5064C7D-16AD-4CC6-A75A-A82FC41CDC12},031102010303,0.36096298,Yes,{87F7CC83-B59C-4D10-94C9-BEF482E32597}
1122,1,116709,3080,Worth,Georgia,13,321,13321,574.5,110,3048,12559,031300080103,Upper Dry Creek,0,GA,{E0D6C86A-7FA2-41A9-B0A2-CE3F4BA2B573},031300080105,0.17414468,Yes,{9DA2E1A4-1684-469E-896A-6EC679B0C488}
1123,1,117747,3081,Turner,Georgia,13,287,13287,289.8,45,3049,21631,031102020104,Young Creek-Alapaha River,0,GA,{6B44CE84-9BE6-411E-8317-6475A3FB2162},031102020106,0.20631537,Yes,{B5974D72-897C-4FB0-955E-102D31E70ED5}
1124,1,116777,3082,Ben Hill,Georgia,13,017,13017,254,39,3050,25114,030701040601,South Prong House Creek,0,GA,{31477E48-9132-4ABF-9109-BF5178DDE160},030701040602,0.25440761,Yes,{5ACB43E5-C008-442C-BEF9-BB46A6DC746F}
1125,1,116813,3083,Coffee,Georgia,13,069,13069,602.9,80,3051,58846,030701040804,Gregeory Creek-Ocmulgee River,0,GA,{6505F355-D2F5-4F5B-B23D-28B9D65EDB67},030701040805,0.34060993,Yes,{C8137071-A78F-4A89-AA25-3774E0FB7C1C}
1126,1,116777,3084,Irwin,Georgia,13,155,13155,362.8,59,3052,25114,030701040601,South Prong House Creek,0,GA,{31477E48-9132-4ABF-9109-BF5178DDE160},030701040602,0.25440761,Yes,{5ACB43E5-C008-442C-BEF9-BB46A6DC746F}
1127,1,116709,3085,Dougherty,Georgia,13,095,13095,334.7,59,3053,12559,031300080103,Upper Dry Creek,0,GA,{E0D6C86A-7FA2-41A9-B0A2-CE3F4BA2B573},031300080105,0.17414468,Yes,{9DA2E1A4-1684-469E-896A-6EC679B0C488}
1128,1,117995,3086,Tift,Georgia,13,277,13277,268.8,48,3054,23891,031102020303,Upper Hat Creek,0,GA,{A74ED4DD-0B56-488D-AD6E-93FAEFA1918E},031102020304,0.21694536,Yes,{4F5E91E5-D3F5-4892-B2C8-84787697C4D9}
1129,1,117237,3087,Atkinson,Georgia,13,003,13003,343.5,42,3055,29789,030702010203,Indian Creek-Satilla River,0,GA,{DFF4F47E-9EE7-4AD2-AA09-AFC21B121AE9},030702010301,0.25077564,Yes,{3BB4F8A5-5EAC-42D6-932B-970BF64BE337}
1130,1,117735,3088,Crisp,Georgia,13,081,13081,281.1,51,3056,26521,031102020101,Headwaters Alapaha River,0,GA,{15E29606-91E0-4180-A530-91307A390214},031102020102,0.22970506,Yes,{0A303B4C-5FA9-4A53-ABDE-FBDFB1DE0251}
1131,1,117039,3089,Lee,Georgia,13,177,13177,361.8,69,3057,12438,031300080301,Upper Cooleewahee Creek,0,GA,{034EFD5F-29DE-4504-BF9E-68984D2AA737},031300080303,0.15969429,Yes,{93502760-90FC-4712-B3A6-008869221511}
1132,1,120352,3090,Liberty,Georgia,13,179,13179,538.7,51,3058,21310,030602030501,Long Branch-Canoochee Creek,0,GA,{D65BE60E-17FC-4C0F-B44D-1A61AC295AE3},030602030502,0.23671394,Yes,{4026E1AF-AE28-4885-86E4-026E31E814EE}
1133,1,116949,3091,Long,Georgia,13,183,13183,403.9,36,3059,41327,030701060305,Lower Beards Creek,0,GA,{5806E3A2-278C-4BF5-AD05-C4E51E8DBE83},030701060308,0.29076872,Yes,{BB4BC060-8253-41C3-9985-359EFF16D43D}
1134,1,116901,3092,Appling,Georgia,13,001,13001,512.4,62,3060,26474,030701060103,Bullards Creek,0,GA,{0923F883-297C-4976-AA49-E4526F925D1D},030701060106,0.23582866,Yes,{07A7677C-5C84-4FC4-AB1C-E11B702A4773}
1135,1,116934,3093,Wayne,Georgia,13,305,13305,648.2,53,3061,15169,030701060301,Fivemile Creek,0,GA,{7CA1EEDA-8E57-4E83-A753-41428B124ADB},030701060308,0.22777056,Yes,{AFEE609F-EFC4-4B6D-8D3B-0418A2F65203}
1136,1,117301,3094,Bacon,Georgia,13,005,13005,285.9,40,3062,31925,030702010602,Upper Hog Creek,0,GA,{07D502A3-3345-479A-8A08-3CBF36FAB2D7},030702010603,0.33200555,Yes,{85140CA1-8B25-4269-8F84-A059E6656E93}
1137,1,116986,3095,McIntosh,Georgia,13,191,13191,456.2,32,3063,42761,030701060501,Alex Creek-Altamaha River,0,GA,{AAAD92F8-23CB-4733-9C06-A2C9C0DDA3E8},030701060502,0.28593655,Yes,{AD10B9FF-B703-47BC-99F4-01503DD5107D}
1138,1,117324,3096,Pierce,Georgia,13,229,13229,343.7,34,3064,55803,030702010703,Kettle Creek-Satilla River,0,GA,{B1F2C750-EA12-4D88-B9AB-C4212CE2160B},030702010705,0.38476194,Yes,{E85E3030-DB5C-400E-8078-41513BECBD37}
1139,1,117381,3097,Camden,Georgia,13,039,13039,661.7,54,3065,74207,030702011102,Barbers Creek-Satilla River,0,GA,{F6B5A3C7-D103-4E33-A8A7-7AC4FAC17769},030702011105,0.46236789,Yes,{E081930F-436A-4AB1-B48A-9930CECA382D}
1140,1,117385,3098,Charlton,Georgia,13,049,13049,782.5,55,3066,50835,030702011103,Upper Buffalo Creek,0,GA,{FCDB30DE-6778-4E9C-9BF3-237811ADEF4D},030702011104,0.37339733,Yes,{1199B319-750F-4E82-9938-BF28F6A64DBC}
1141,1,113412,3099,Alachua,Florida,12,001,12001,969,100,3067,84741,030801020900,Johnson Lake,0,FL,{01D92268-C3C0-4085-92D3-6A3F228EB241},CLOSED BASIN,0.50111708,Yes,{84077E3D-F7E0-4B65-939B-53366576779C}
1142,1,113135,3100,Putnam,Florida,12,107,12107,827.1,96,3068,19360,030801011901,Lake Delancy,0,FL,{7F070594-4201-48BF-BF56-AD17960FC382},CLOSED BASIN,0.20381607,Yes,{9974A99E-47E4-49EF-910C-4BF9968EEA08}
1143,1,114312,3101,Dixie,Florida,12,029,12029,712.3,72,3069,28865,031101020605,Lower Eightmile Creek-Steinhatchee River,0,FL,{46F6C13C-B6A2-4E68-80F4-7C0410532BB9},031101020805,0.29331656,Yes,{D51FD987-A360-4614-9B69-A648E508E1CC}
1144,1,113506,3102,Flagler,Florida,12,035,12035,507.9,53,3070,40382,030801030102,Lake Diston,0,FL,{8F2642A5-4A14-4441-96CB-AA8CA2677F64},030801030205,0.37202495,Yes,{6FC06E30-C1D7-4E1D-8E87-148F34102A0E}
1145,1,113382,3103,Levy,Florida,12,075,12075,1132.4,117,3071,157490,030801020700,Lake Stafford,0,FL,{40D9B216-A770-4171-A8E1-1BEE98073C7C},CLOSED BASIN,0.75678098,Yes,{116A14C4-E208-4DCB-AB17-675F990DFF13}
1146,1,113070,3104,Marion,Florida,12,083,12083,1663,142,3072,18563,030801011501,Lake Dorr,0,FL,{9BDD9731-A6F3-499D-9B3D-7823CF9742E5},030801011502,0.19493699,Yes,{92CB2CE8-C89F-4107-964E-87DC85BEB30A}
1147,1,113608,3105,Citrus,Florida,12,017,12017,619,65,3073,29935,031002070101,Little Rocky Creek-Cedar Creek Frontal,0,FL,{0699B1AB-8D64-4F9C-946B-C7D4958B23E6},OCEAN,0.18602972,Yes,{8521252D-A421-4E04-A525-E0D9E761856E}
1148,1,114594,3106,Suwannee,Florida,12,121,12121,692.1,88,3074,24114,031102010801,Lake Jeffery,0,FL,{AC5C01BD-8A38-4E6C-803D-8635BFF6E66E},CLOSED BASIN,0.24223774,Yes,{DDF36EA4-7822-435A-94D3-D3478EC252C5}
1149,1,114212,3107,Taylor,Florida,12,123,12123,1049.7,112,3075,31922,031101020101,Sampala Lake,0,FL,{CDE1F0C3-C794-437F-8616-7A776CE81550},031101020102,0.28137528,Yes,{F183CF5F-3D72-407D-854D-598B64B0B87F}
1150,1,114231,3108,Lafayette,Florida,12,067,12067,547.9,65,3076,19799,031101020201,San Pedro Bay,0,FL,{5C34E342-DBB6-452E-9324-9888DA8D4ED5},031101020202,0.18930354,Yes,{8BEB2B82-D98D-4394-9F3E-F49222033621}
1151,1,114008,3109,Gilchrist,Florida,12,041,12041,355.5,43,3077,65461,031101010100,Newberry Drain,0,FL,{E71B120A-B793-4867-BB7E-26723B25EB9B},CLOSED BASIN,0.48002572,Yes,{C4FC6874-2A93-4800-8020-0C2E293314EC}
1152,1,113540,3110,St. Johns,Florida,12,109,12109,660.6,74,3078,43365,030801030303,Salt Creek,0,FL,{58870A1B-16BF-4EDD-B0DE-5920081BC874},030801030304,0.62068467,Yes,{7EFB053E-3567-4FED-A9E8-8E44178E8950}
1153,1,113868,3111,Clay,Florida,12,019,12019,643.7,77,3079,30111,030801030502,Lake Geneva,0,FL,{360364AA-DF1E-4719-96CD-ABFEE95195F9},030801030503,0.30943581,Yes,{D15DBB72-B557-4C84-BF20-5E27CC188D00}
1154,1,111054,3112,Union,Florida,12,125,12125,249.7,36,3080,30030,030702040401,Palestine Lake,0,FL,{6A20F199-87A6-4DB3-B224-C04B668844A3},030702040402,0.28575626,Yes,{DDCC3237-FC9A-4DDA-A6E9-4EB24D3993B2}
1155,1,113868,3113,Bradford,Florida,12,007,12007,300,43,3081,30111,030801030502,Lake Geneva,0,FL,{360364AA-DF1E-4719-96CD-ABFEE95195F9},030801030503,0.30943581,Yes,{D15DBB72-B557-4C84-BF20-5E27CC188D00}
1156,1,113320,3114,Sumter,Florida,12,119,12119,580.3,63,3082,43538,030801020203,Lake Harris,0,FL,{3AB47037-1CC4-46F1-BC29-56914B37F692},030801020402,0.39188536,Yes,{D1C4521F-8387-4B3E-8C1E-F929327F3075}
1157,1,111307,3115,Okeechobee,Florida,12,093,12093,891.7,75,3083,29457,030901011501,North Fork of Pine Island Slough,0,FL,{96ECD108-E3BF-4F6F-B764-84F20A455C66},030901011503,0.22903122,Yes,{A855BDDA-4972-4B72-A6D5-A6FD45A9D459}
1158,1,111144,3116,Sarasota,Florida,12,115,12115,579.2,57,3084,26351,031001011106,Lower Shell Creek,0,FL,{BEBE78EE-ECDC-47FA-9B0E-5E7F0D5B56E2},031001011108,0.3405457,Yes,{25DB2E2F-2640-44E6-9F5D-B58761E62F0B}
1159,1,112822,3117,Seminole,Florida,12,117,12117,344.7,30,3085,36102,030801010905,Puzzle Lake,0,FL,{378F4CC1-5518-4418-84D6-0CDA0098AF3B},030801011101,0.30179728,Yes,{34411BC9-7049-426D-B770-906A2CEB7994}
1160,1,112985,3118,Pasco,Florida,12,101,12101,765.2,83,3086,22769,031002050202,Branch Borough Channel,0,FL,{DB24B957-9A94-40DF-809F-ECE7FDEA2890},031002050204,0.21429552,Yes,{C490F18D-8E19-4A25-B4E7-B86E31CA3FB4}
1161,1,111084,3119,Polk,Florida,12,105,12105,2010,240,3087,31831,030901010905,Cypress Lake,0,FL,{19C59637-8FF9-4BFD-AF55-38EFF87ED2BE},030901011302,0.23882788,Yes,{85F9A66D-CF5E-4E63-B7A4-5C86C96A1509}
1162,1,111082,3120,Osceola,Florida,12,097,12097,1506.2,164,3088,31831,030901010905,Cypress Lake,0,FL,{19C59637-8FF9-4BFD-AF55-38EFF87ED2BE},030901011302,0.27038275,Yes,{163F1CD7-8CD7-4ED3-88C0-58E5086DF497}
1163,1,113226,3121,Pinellas,Florida,12,103,12103,291,4,3089,25641,031002060101,Brooker Creek,0,FL,{DBC3A8C3-DA79-48EF-B2BA-3A0A01A6B0BF},031002060102,0.22997464,Yes,{251B598C-B778-4546-B9B3-A41E5B0EB60A}
1164,1,111605,3122,Hillsborough,Florida,12,057,12057,1072.8,133,3090,21843,031002020101,North Fork of the Manatee River,0,FL,{EEA3C20B-028D-4322-97DD-2BAF3C6CBC9C},031002020103,0.31003738,Yes,{9EAB24E0-3EE1-41DD-B078-019B9C151745}
1165,1,111130,3123,Highlands,Florida,12,055,12055,1106.4,136,3091,34251,030901011303,030901011303,0,FL,{60E4F05B-311D-4196-BF1B-205B75840C96}, ,0.36196101,Yes,{4A3B5F75-86E4-4F0A-8698-78C9DFE7633A}
1166,1,111144,3124,DeSoto,Florida,12,027,12027,639.4,80,3092,26351,031001011106,Lower Shell Creek,0,FL,{BEBE78EE-ECDC-47FA-9B0E-5E7F0D5B56E2},031001011108,0.3405457,Yes,{25DB2E2F-2640-44E6-9F5D-B58761E62F0B}
1167,1,112465,3125,Orange,Florida,12,095,12095,1004.4,75,3093,28037,030801010705,Taylor Creek-St. Johns River,0,FL,{205755F3-35CC-4FE4-A76E-DC00118271F6},030801010707,0.39532735,Yes,{7FF9D516-EDB6-4AD4-8960-70381FAD7D2A}
1168,1,113628,3126,Hernando,Florida,12,053,12053,488.2,60,3094,18019,031002070202,Sand Point Pond,0,FL,{5A65080A-6743-421C-93C0-D38FFF3AB2DC},CLOSED BASIN,0.29776283,Yes,{1BC9EFBC-D1B7-4AC2-82F1-35FDF59C3ACC}
1169,1,111157,3127,Hardee,Florida,12,049,12049,638.3,96,3095,18315,031001020101,Wingate Creek,0,FL,{53AE854B-708D-469A-942C-1E2FD8A795D4},031001020104,0.1696389,Yes,{366EA94D-3183-4118-8D51-0BF8E2D15DE4}
1170,1,111154,3128,Manatee,Florida,12,081,12081,761.9,102,3096,18315,031001020101,Wingate Creek,0,FL,{53AE854B-708D-469A-942C-1E2FD8A795D4},031001020104,0.22536407,Yes,{8E8FE8C4-805B-42FF-AEC4-E765469E5F17}
1171,1,111542,3129,Glades,Florida,12,043,12043,986.3,93,3097,16576,030901012102,Grogan Lake,0,FL,{41B0F44A-16EF-42B7-B41F-44050576BCDC},030902010200,0.18024652,Yes,{92D25AC1-D839-4456-B2CF-DA91C98DD4F9}
1172,1,111138,3130,Charlotte,Florida,12,015,12015,716.2,76,3098,23472,031001011105,Myrtle Slough-Cecil M. Webb State Wildlife Management Area,0,FL,{070D6634-8D50-49A5-BE27-B138FD4461AC},031001011106,0.2196361,Yes,{B8C79AE5-48BF-4BC4-9E02-F3F3BF94C46B}
1173,1,112503,3131,Hendry,Florida,12,051,12051,1189.6,79,3099,445393,030902010200,Lake Okeechobee,0,FL,{9ABAFF7B-AAFA-4EE2-885A-CE451F3BEB19},CLOSED BASIN,0.91632988,Yes,{93AA96F4-1A18-48AD-A118-B68C9BD08764}
1174,1,111391,3132,Lee,Florida,12,071,12071,810.1,59,3100,40982,031001030103,Yucca Pen Creek Frontal,0,FL,{07E3F9AE-449D-4DC4-86E3-1732C459F263},031001030202,0.29313024,Yes,{F54A1C2C-62F3-4BD6-9564-5084358C3AE9}
1175,1,112547,3133,Collier,Florida,12,021,12021,2029,123,3101,71713,030902020900,Goddens Strand Slough,0,FL,{8AD0739F-81C4-4163-B2A3-798EA4A2BD65},030902021100,0.43175401,Yes,{2AD3026C-2E38-4DB5-A553-3ABD8FE57776}
1176,1,112027,3134,Brevard,Florida,12,009,12009,1055.3,94,3102,14999,030801010401,Sixmile Creek,0,FL,{859E0814-12F7-4822-9996-B6634F87F0AC},030801010402,0.2044353,Yes,{2D4E4AE2-E670-4CC8-B5B9-8AEA6B458CEB}
1177,1,111986,3135,Indian River,Florida,12,061,12061,513.4,62,3103,28674,030801010104,South St. Johns Marsh,0,FL,{A64B32EC-2858-4283-9C84-03E9B1EEAE37},030801010105,0.23351273,Yes,{DE625621-4AEE-41B1-8B49-8F850FC4170D}
1178,1,111554,3136,St. Lucie,Florida,12,111,12111,575.5,27,3104,53506,030901020200,Nubbin Slough,0,FL,{43133DC6-658E-4ECD-BD12-032AF39207C8},030901020303,0.38864851,Yes,{83AC9988-703E-426F-984D-1CEB0C252135}
1179,1,111554,3137,Martin,Florida,12,085,12085,657,41,3105,53506,030901020200,Nubbin Slough,0,FL,{43133DC6-658E-4ECD-BD12-032AF39207C8},030901020303,0.38864851,Yes,{83AC9988-703E-426F-984D-1CEB0C252135}
1180,1,112499,3138,Palm Beach,Florida,12,099,12099,2219.5,63,3106,108468,030902010100,Corbett Wildlife Management Area,0,FL,{D2B6BA2C-2D0D-4ED6-A3C1-FFBF214C007F},030902060801,0.52432494,Yes,{1948DAFD-1DA0-416A-ABAE-5B56ACF39A28}
1181,1,112531,3139,Broward,Florida,12,011,12011,1221.1,20,3107,105893,030902020600,North Conservation Area 2,0,FL,{704944ED-8BD8-4342-83D0-18FD47C85282},030902021100,0.45478671,Yes,{7C8ED65E-9219-439F-917B-E87FB6984F3E}
1182,1,112555,3140,Miami-Dade,Florida,12,086,12086,1985.2,38,3108,491553,030902021100,Conservation Area 3A,0,FL,{1EF28A82-D050-4754-8028-694647FD8390},030902021300,0.97224243,Yes,{54C87A79-8DC0-4568-BC58-C6B9A868996C}
