FID,OBJECTID,STATEFP,COUNTYFP,GEOID,STATE,NAME,FY25Status,LSAD,CLASSFP,MTFCC,CNECTAFP,NECTAFP,NCTADVFP,FUNCSTAT,ALAND,AWATER,INTPTLAT,INTPTLON,COUNTYNS,AFFGEOID,Shape_Leng,Shape_Le_1,Shape_Area,FIPS,FID_,Join_Count,TARGET_FID,ObjectID_1,NAME_1,STATE_NAME,STATE_FIPS,CNTY_FIPS,FIPS_1,SQMI,join_cou_1,target_f_1,areaacres,SHAPE__Len,SHAPE__Are
0,21,01,001,01001,Alabama,Autauga,Yes,06, , , , , , ,1539584444,25773561, , ,00161526,0500000US01001,2.052620363,2.052620362,0.15026007,01001,707,1,2835,1750,Autauga,Alabama,01,001,01001,604.4,47,1718,47999,0.326869124,0.004673004
1,22,01,005,01005,Alabama,Barbour,Yes,06, , , , , , ,2291820953,50864677, , ,00161528,0500000US01005,2.566610936,2.566610924,0.223255727,01005,1074,1,363,3032,Barbour,Alabama,01,005,01005,904.5,112,3000,19917,0.222869986,0.001919183
2,23,01,023,01023,Alabama,Choctaw,Yes,06, , , , , , ,2365954803,19059247, , ,00161537,0500000US01023,2.684497681,2.684497685,0.227715697,01023,965,1,2138,2921,Choctaw,Alabama,01,023,01023,920.8,106,2889,38272,0.305323342,0.003322587
3,24,01,033,01033,Alabama,Colbert,Yes,06, , , , , , ,1534878355,80029923, , ,00161542,0500000US01033,2.174954403,2.174954407,0.158870839,01033,676,1,1105,1719,Colbert,Alabama,01,033,01033,623.6,23,1687,42728,0.296307109,0.004248962
4,25,01,047,01047,Alabama,Dallas,Yes,06, , , , , , ,2534807336,39134779, , ,00161549,0500000US01047,3.008813039,3.008813029,0.246517364,01047,708,1,3493,1751,Dallas,Alabama,01,047,01047,993.4,94,1719,38639,0.347633657,0.00375418
5,26,01,087,01087,Alabama,Macon,Yes,06, , , , , , ,1577005108,11194124, , ,00161569,0500000US01087,2.024472103,2.024472096,0.152223961,01087,724,1,3111,1767,Macon,Alabama,01,087,01087,613.2,73,1735,28799,0.269672012,0.002799937
6,27,01,091,01091,Alabama,Marengo,Yes,06, , , , , , ,2530112418,14994543, , ,00161572,0500000US01091,2.635172347,2.635172346,0.243526799,01091,688,1,3811,1731,Marengo,Alabama,01,091,01091,982.8,106,1699,20266,0.202714846,0.001962964
7,28,01,101,01101,Alabama,Montgomery,Yes,06, , , , , , ,2031293236,40468780, , ,00161577,0500000US01101,2.528611032,2.528611027,0.198178399,01101,703,1,1310,1746,Montgomery,Alabama,01,101,01101,799.8,64,1714,38091,0.286574434,0.003677419
8,29,01,107,01107,Alabama,Pickens,Yes,06, , , , , , ,2282893925,22521211, , ,00161580,0500000US01107,2.156504271,2.156504276,0.222998167,01107,527,1,2116,1337,Pickens,Alabama,01,107,01107,890.1,28,1305,20069,0.261335274,0.001959856
9,30,01,117,01117,Alabama,Shelby,Yes,06, , , , , , ,2033105955,63551442, , ,00161584,0500000US01117,2.507400249,2.507400254,0.202884893,01117,710,1,2449,1753,Shelby,Alabama,01,117,01117,809.5,42,1721,20735,0.230584697,0.002035406
10,31,01,131,01131,Alabama,Wilcox,Yes,06, , , , , , ,2301199919,48985146, , ,00161591,0500000US01131,2.641813015,2.641813011,0.224253769,01131,693,1,3741,1736,Wilcox,Alabama,01,131,01131,907.5,86,1704,23461,0.245664062,0.00226319
11,40,05,013,05013,Arkansas,Calhoun,Yes,06, , , , , , ,1627959476,9926129, , ,00063758,0500000US05013,2.385670764,2.385670756,0.159036971,05013,418,1,74080,1226,Calhoun,Arkansas,05,013,05013,632.5,88,1194,35483,0.26347984,0.003489938
12,41,05,029,05029,Arkansas,Conway,Yes,06, , , , , , ,1430338558,37323753, , ,00066846,0500000US05029,2.086514399,2.086514405,0.145389436,05029,401,1,74115,1209,Conway,Arkansas,05,029,05029,566.7,71,1177,24188,0.244139354,0.002429856
13,42,05,063,05063,Arkansas,Independence,Yes,06, , , , , , ,1978630939,19594216, , ,00069163,0500000US05063,2.330012127,2.330012128,0.199119797,05063,562,1,74014,1379,Independence,Arkansas,05,063,05063,771.6,105,1347,29796,0.250301934,0.00299475
14,43,05,069,05069,Arkansas,Jefferson,Yes,06, , , , , , ,2255220493,111446645, , ,00066862,0500000US05069,2.797358482,2.797358481,0.231707269,05069,467,1,74051,1275,Jefferson,Arkansas,05,069,05069,914,86,1243,31207,0.283671903,0.003094657
15,44,05,093,05093,Arkansas,Mississippi,Yes,06, , , , , , ,2332480023,49826383, , ,00069899,0500000US05093,2.955273649,2.955273646,0.237367057,05093,585,0,74070,1468,Mississippi,Arkansas,05,093,05093,919.7,27,1436,51086,0.444250391,0.004545847
16,45,05,103,05103,Arkansas,Ouachita,Yes,06, , , , , , ,1897900010,18050432, , ,00069170,0500000US05103,2.741483151,2.74148315,0.186107575,05103,415,1,73992,1223,Ouachita,Arkansas,05,103,05103,739.6,102,1191,12405,0.217242315,0.001220905
17,46,05,119,05119,Arkansas,Pulaski,Yes,06, , , , , , ,1967208492,124610525, , ,00069177,0500000US05119,2.806953463,2.806953466,0.205988356,05119,465,1,74037,1273,Pulaski,Arkansas,05,119,05119,806.8,58,1241,35298,0.333439619,0.003519622
18,47,05,139,05139,Arkansas,Union,Yes,06, , , , , , ,2691561503,41401574, , ,00069903,0500000US05139,3.001014909,3.001014902,0.264267658,05139,444,1,73993,1252,Union,Arkansas,05,139,05139,1055.3,142,1220,14047,0.185622629,0.001371483
19,48,05,149,05149,Arkansas,Yell,Yes,06, , , , , , ,2408666014,48861317, , ,00069908,0500000US05149,2.858310973,2.858310972,0.242681985,05149,460,1,74034,1268,Yell,Arkansas,05,149,05149,948.8,132,1236,19959,0.200995295,0.001988568
20,49,06,009,06009,California,Calaveras,Yes,06, , , , , , ,2641819811,43808748, , ,01675885,0500000US06009,2.932902558,2.932902564,0.276247022,06009,177,1,81114,497,Calaveras,California,06,009,06009,1042.6,173,465,12835,0.183728211,0.001335139
21,50,06,011,06011,California,Colusa,Yes,06, , , , , , ,2980373022,14581043, , ,01675902,0500000US06011,3.17027323,3.170273227,0.312213027,06011,194,1,81877,541,Colusa,California,06,011,06011,1156.2,131,509,16878,0.321327569,0.001789034
22,51,06,019,06019,California,Fresno,Yes,06, , , , , , ,15433281588,135402342, , ,00277274,0500000US06019,8.92016592,8.920165918,1.571164279,06019,159,1,80334,479,Fresno,California,06,019,06019,6017.2,644,447,74617,0.683404396,0.007622586
23,52,06,021,06021,California,Glenn,Yes,06, , , , , , ,3403106640,33749284, , ,00277275,0500000US06021,3.287951493,3.287951495,0.360186169,06021,189,1,81030,534,Glenn,California,06,021,06021,1327,175,502,34050,0.299503721,0.003624911
24,53,06,027,06027,California,Inyo,Yes,06, , , , , , ,26368506526,119060126, , ,01804637,0500000US06027,8.833341493,8.833341491,2.665281516,06027,160,1,81221,480,Inyo,California,06,027,06027,10227.2,122,448,37314,0.262983773,0.003843143
25,54,06,037,06037,California,Los Angeles,Yes,06, , , , , , ,10510365728,1794809423, , ,00277283,0500000US06037,6.647888365,6.647888355,1.040371649,06037,154,1,80501,473,Los Angeles,California,06,037,06037,4086.8,311,441,22197,0.357493817,0.002192957
26,55,06,047,06047,California,Merced,Yes,06, , , , , , ,5011540864,112770970, , ,00277288,0500000US06047,3.528110697,3.528110694,0.520049,06047,158,1,80294,478,Merced,California,06,047,06047,1963.7,156,446,9576,0.218595184,0.000985019
27,56,06,067,06067,California,Sacramento,Yes,06, , , , , , ,2499176690,76080730, , ,00277298,0500000US06067,3.241142058,3.241142062,0.265764131,06067,155,1,81996,474,Sacramento,California,06,067,06067,995.3,120,442,55674,0.364743401,0.005833117
28,57,06,087,06087,California,Santa Cruz,Yes,06, , , , , , ,1152967527,419570859, , ,00277308,0500000US06087,2.223484804,2.22348481,0.117239006,06087,173,1,87443,493,Santa Cruz,California,06,087,06087,447.4,63,461,31156,0.277268152,0.003198564
29,58,06,093,06093,California,Siskiyou,Yes,06, , , , , , ,16259635719,179864658, , ,00277311,0500000US06093,7.252959481,7.252959479,1.775395391,06093,141,1,81812,455,Siskiyou,California,06,093,06093,6347.5,751,423,21281,0.220290161,0.002317458
30,67,12,027,12027,Florida,DeSoto,Yes,06, , , , , , ,1649969833,6247258, , ,00294452,0500000US12027,1.604631684,1.604631683,0.150771827,12027,1166,1,111144,3124,DeSoto,Florida,12,027,12027,639.4,80,3092,26351,0.340545699,0.002175417
31,68,12,031,12031,Florida,Duval,Yes,06, , , , , , ,1975212116,403585661, , ,00293656,0500000US12031,2.362231907,2.362231907,0.206389,12031,1068,1,111074,3026,Duval,Florida,12,031,12031,847.9,43,2994,32830,0.250798962,0.00311643
32,69,12,057,12057,Florida,Hillsborough,Yes,06, , , , , , ,2642425373,635769413, , ,00295757,0500000US12057,3.026278747,3.02627875,0.257521286,12057,1164,1,111605,3122,Hillsborough,Florida,12,057,12057,1072.8,133,3090,21843,0.310037385,0.002020497
33,70,12,083,12083,Florida,Marion,Yes,06, , , , , , ,4112985605,193292657, , ,00306922,0500000US12083,3.327005295,3.327005292,0.399537949,12083,1146,1,113070,3104,Marion,Florida,12,083,12083,1663,142,3072,18563,0.194936994,0.001740366
34,71,12,095,12095,Florida,Orange,Yes,06, , , , , , ,2339474428,258901853, , ,00295750,0500000US12095,2.682605486,2.682605486,0.239469209,12095,1167,1,112465,3125,Orange,Florida,12,095,12095,1004.4,75,3093,28037,0.395327345,0.002612298
35,72,12,103,12103,Florida,Pinellas,Yes,06, , , , , , ,709119486,865925576, , ,00295745,0500000US12103,2.273678631,2.273678633,0.077991923,12103,1163,1,113226,3121,Pinellas,Florida,12,103,12103,291,4,3089,25641,0.229974644,0.002383017
36,73,12,113,12113,Florida,Santa Rosa,Yes,06, , , , , , ,2620446126,419623235, , ,00306914,0500000US12113,2.638399155,2.638399152,0.280019737,12113,1082,1,110918,3040,Santa Rosa,Florida,12,113,12113,1025.4,112,3008,19379,0.206243401,0.001851203
37,74,12,119,12119,Florida,Sumter,Yes,06, , , , , , ,1417597235,84143778, , ,00295740,0500000US12119,2.139591739,2.139591739,0.138701735,12119,1156,1,113320,3114,Sumter,Florida,12,119,12119,580.3,63,3082,43538,0.391885364,0.004072582
38,75,12,121,12121,Florida,Suwannee,Yes,06, , , , , , ,1783341041,9594283, , ,00295729,0500000US12121,2.115469856,2.115469848,0.167953202,12121,1148,1,114594,3106,Suwannee,Florida,12,121,12121,692.1,88,3074,24114,0.242237741,0.002285986
39,76,12,125,12125,Florida,Union,Yes,06, , , , , , ,630807214,16049080, , ,00306913,0500000US12125,1.229482227,1.229482218,0.06052191,12125,1154,1,111054,3112,Union,Florida,12,125,12125,249.7,36,3080,30030,0.285756257,0.002846206
40,77,12,127,12127,Florida,Volusia,Yes,06, , , , , , ,2851293762,858698440, , ,00306921,0500000US12127,3.579596668,3.579596665,0.303820206,12127,1071,1,112812,3029,Volusia,Florida,12,127,12127,1208.7,114,2997,35282,0.296364879,0.003294663
41,78,13,001,13001,Georgia,Appling,Yes,06, , , , , , ,1313334996,13416329, , ,00349113,0500000US13001,2.03815623,2.03815623,0.126250478,13001,1134,1,116901,3092,Appling,Georgia,13,001,13001,512.4,62,3060,26474,0.23582866,0.002554134
42,79,13,007,13007,Georgia,Baker,Yes,06, , , , , , ,885630010,18634061, , ,00342832,0500000US13007,1.843376135,1.843376135,0.085720822,13007,1077,1,116721,3035,Baker,Georgia,13,007,13007,349.1,52,3003,23747,0.221639802,0.002275336
43,80,13,009,13009,Georgia,Baldwin,Yes,06, , , , , , ,669822406,25008133, , ,00345255,0500000US13009,1.530316228,1.530316226,0.067105568,13009,844,1,122498,1892,Baldwin,Georgia,13,009,13009,267.7,51,1860,22237,0.257097989,0.002173655
44,81,13,013,13013,Georgia,Barrow,Yes,06, , , , , , ,415348477,6643418, , ,00356976,0500000US13013,1.047015096,1.0470151,0.041172023,13013,780,1,121353,1828,Barrow,Georgia,13,013,13013,163,23,1796,14758,0.170746671,0.001457039
45,82,13,029,13029,Georgia,Bryan,Yes,06, , , , , , ,1129962036,47073121, , ,00350496,0500000US13029,2.661784466,2.661784464,0.111869516,13029,1056,1,120175,3014,Bryan,Georgia,13,029,13029,448.2,58,2982,24858,0.288100215,0.002407411
46,83,13,039,13039,Georgia,Camden,Yes,06, , , , , , ,1588171665,436849672, , ,01671316,0500000US13039,2.294886109,2.294886111,0.167629647,13039,1139,1,117381,3097,Camden,Georgia,13,039,13039,661.7,54,3065,74207,0.462367895,0.007112232
47,84,13,105,13105,Georgia,Elbert,Yes,06, , , , , , ,909234661,59980881, , ,00347828,0500000US13105,1.612896088,1.612896088,0.09468801,13105,777,1,118339,1825,Elbert,Georgia,13,105,13105,374.6,56,1793,27471,0.276316963,0.002720362
48,85,13,121,13121,Georgia,Fulton,Yes,06, , , , , , ,1364023294,19824088, , ,01694833,0500000US13121,2.754965911,2.75496591,0.134720728,13121,678,1,119891,1721,Fulton,Georgia,13,121,13121,534.9,3,1689,15117,0.187792452,0.001485535
49,86,13,135,13135,Georgia,Gwinnett,Yes,06, , , , , , ,1114908887,16358406, , ,01688166,0500000US13135,1.574160099,1.574160099,0.11035104,13135,779,1,116420,1827,Gwinnett,Georgia,13,135,13135,436.6,2,1795,14255,0.186343081,0.001404758
50,87,13,141,13141,Georgia,Hancock,Yes,06, , , , , , ,1220057457,17479735, , ,00348209,0500000US13141,1.762983065,1.762983066,0.119769685,13141,842,1,119107,1890,Hancock,Georgia,13,141,13141,478.5,75,1858,14982,0.268566816,0.00147003
51,88,13,151,13151,Georgia,Henry,Yes,06, , , , , , ,825200343,20443906, , ,01671894,0500000US13151,1.764485523,1.76448552,0.081997059,13151,839,1,116397,1887,Henry,Georgia,13,151,13151,324.8,19,1855,27403,0.262542814,0.002685492
52,89,13,181,13181,Georgia,Lincoln,Yes,06, , , , , , ,544880759,121517067, , ,01688000,0500000US13181,1.426740662,1.426740661,0.064873308,13181,807,1,118374,1855,Lincoln,Georgia,13,181,13181,257.8,34,1823,15153,0.191935933,0.001495241
53,90,13,191,13191,Georgia,McIntosh,Yes,06, , , , , , ,1098984244,387392525, , ,00356886,0500000US13191,1.886254804,1.886254806,0.118089813,13191,1137,1,116986,3095,McIntosh,Georgia,13,191,13191,456.2,32,3063,42761,0.285936545,0.004108673
54,91,13,209,13209,Georgia,Montgomery,Yes,06, , , , , , ,620370719,13383037, , ,00352276,0500000US13209,1.339310396,1.339310395,0.060621021,13209,825,1,116893,1873,Montgomery,Georgia,13,209,13209,247.3,46,1841,20650,0.191788439,0.00199374
55,92,13,213,13213,Georgia,Murray,Yes,06, , , , , , ,892278050,5719621, , ,01688005,0500000US13213,1.871484249,1.871484251,0.088431823,13213,749,1,119423,1796,Murray,Georgia,13,213,13213,347,101,1764,8193,0.124940329,0.000815901
56,93,13,279,13279,Georgia,Toombs,Yes,06, , , , , , ,942770655,18093841, , ,00345220,0500000US13279,1.495864106,1.495864104,0.091833576,13279,690,1,116896,1733,Toombs,Georgia,13,279,13279,368.7,46,1701,20650,0.219100025,0.00199374
57,94,13,283,13283,Georgia,Treutlen,Yes,06, , , , , , ,516536207,7805609, , ,00347505,0500000US13283,1.156433224,1.156433224,0.050261872,13283,858,1,117029,1906,Treutlen,Georgia,13,283,13283,202.1,26,1874,36951,0.336881668,0.003589161
58,95,13,309,13309,Georgia,Wheeler,Yes,06, , , , , , ,765301323,12390066, , ,00351278,0500000US13309,1.60174094,1.601740939,0.074314685,13309,692,1,116824,1735,Wheeler,Georgia,13,309,13309,300.2,46,1703,48904,0.370316144,0.004716732
59,96,13,313,13313,Georgia,Whitfield,Yes,06, , , , , , ,752293521,1533747, , ,00353513,0500000US13313,1.774493264,1.774493259,0.074257973,13313,748,1,119435,1795,Whitfield,Georgia,13,313,13313,290.5,61,1763,10256,0.169352633,0.001020901
60,140,22,005,22005,Louisiana,Ascension,Yes,15, , , , , , ,751030726,33194697, , ,00558403,0500000US22005,1.541957354,1.541957356,0.073455639,22005,1052,1,167770,3008,Ascension,Louisiana,22,005,22005,302.9,10,2976,22943,0.275441935,0.002175236
61,141,22,011,22011,Louisiana,Beauregard,Yes,15, , , , , , ,2997502277,21998956, , ,00558436,0500000US22011,2.935178913,2.935178916,0.284105367,22011,1008,1,168759,2964,Beauregard,Louisiana,22,011,22011,1166,163,2932,38845,0.313051224,0.003709653
62,142,22,013,22013,Louisiana,Bienville,Yes,15, , , , , , ,2101202122,27951270, , ,00558445,0500000US22013,2.351016212,2.351016207,0.203932518,22013,431,1,167649,1239,Bienville,Louisiana,22,013,22013,821.8,126,1207,39230,0.316479199,0.00381508
63,143,22,017,22017,Louisiana,Caddo,Yes,15, , , , , , ,2275355105,150399590, , ,00558458,0500000US22017,4.04278382,4.042783816,0.232909115,22017,424,1,167529,1232,Caddo,Louisiana,22,017,22017,936.4,124,1200,15137,0.233151575,0.001477684
64,144,22,029,22029,Louisiana,Concordia,Yes,15, , , , , , ,1805172282,130329931, , ,00558515,0500000US22029,3.725972106,3.725972107,0.183615856,22029,996,1,168771,2952,Concordia,Louisiana,22,029,22029,748.7,84,2920,17366,0.183832167,0.001661468
65,145,22,037,22037,Louisiana,East. Feliciana,Yes,15, , , , , , ,1174307063,6151756, , ,00558542,0500000US22037,1.84776286,1.847762857,0.111313079,22037,1035,1,169658,2991,East Feliciana,Louisiana,22,037,22037,455.7,58,2959,26395,0.160227515,0.000731592
66,146,22,051,22051,Louisiana,Jefferson,Yes,15, , , , , , ,765682118,897184718, , ,00558027,0500000US22051,3.264078469,3.264078465,0.123520563,22051,1051,1,168631,3007,Jefferson,Louisiana,22,051,22051,488.1,38,2975,39610,0.529911937,0.003739033
67,147,22,067,22067,Louisiana,Morehouse,Yes,15, , , , , , ,2058870242,28878799, , ,00558097,0500000US22067,2.623305487,2.623305495,0.201029083,22067,429,1,167451,1237,Morehouse,Louisiana,22,067,22067,805.2,102,1205,26620,0.147035812,0.001189588
68,148,22,069,22069,Louisiana,Natchitoches,Yes,15, , , , , , ,3243341640,121033799, , ,00558108,0500000US22069,3.590947143,3.590947149,0.320124086,22069,994,1,167871,2950,Natchitoches,Louisiana,22,069,22069,1299.3,179,2918,39880,0.278173646,0.003829939
69,149,22,081,22081,Louisiana,Red River,Yes,15, , , , , , ,1007738687,34327531, , ,00559472,0500000US22081,1.731260668,1.731260671,0.099538804,22081,422,1,168051,1230,Red River,Louisiana,22,081,22081,402.1,63,1198,14910,0.174874205,0.001443763
70,150,22,103,22103,Louisiana,St. Tammany,Yes,15, , , , , , ,2190255886,647278873, , ,01629503,0500000US22103,2.631129896,2.631129895,0.264012495,22103,976,1,169223,2932,St. Tammany,Louisiana,22,103,22103,1110,67,2900,31393,0.252521248,0.002989662
71,151,22,109,22109,Louisiana,Terrebonne,Yes,15, , , , , , ,3190255342,2202158260, , ,00559517,0500000US22109,4.642369526,4.642369524,0.357648833,22109,1050,1,169871,3006,Terrebonne,Louisiana,22,109,22109,1481.1,73,2974,33509,0.379593342,0.00315798
72,152,22,113,22113,Louisiana,Vermilion,Yes,15, , , , , , ,3038610983,955342092, , ,00559538,0500000US22113,3.484153262,3.484153271,0.313533055,22113,992,1,167822,2948,Vermilion,Louisiana,22,113,22113,1300.8,59,2916,41595,0.379249192,0.003943132
73,153,22,117,22117,Louisiana,Washington,Yes,15, , , , , , ,1734071790,16460916, , ,00559557,0500000US22117,2.10535714,2.105357146,0.165102193,22117,1033,1,169197,2989,Washington,Louisiana,22,117,22117,676,60,2957,30127,0.096135494,0.000449463
74,154,22,127,22127,Louisiana,Winn,Yes,15, , , , , , ,2460712017,17448036, , ,00559594,0500000US22127,2.506885871,2.506885878,0.236422544,22127,993,1,167887,2949,Winn,Louisiana,22,127,22127,956.9,139,2917,30711,0.25246699,0.002959207
75,175,28,011,28011,Mississippi,Bolivar,Yes,06, , , , , , ,2270314527,75742116, , ,00695730,0500000US28011,3.144980514,3.144980511,0.228372998,28011,409,1,200290,1217,Bolivar,Mississippi,28,011,28011,905.8,75,1185,133125,0.587383587,0.00660659
76,176,28,021,28021,Mississippi,Claiborne,Yes,06, , , , , , ,1262400065,35711032, , ,00695735,0500000US28021,2.440783051,2.440783046,0.123818049,28021,971,1,196077,2927,Claiborne,Mississippi,28,021,28021,501.4,74,2895,114612,0.448605509,0.001875406
77,177,28,051,28051,Mississippi,Holmes,Yes,06, , , , , , ,1959840935,20509196, , ,00695749,0500000US28051,2.489805906,2.489805909,0.191361819,28051,523,1,196299,1333,Holmes,Mississippi,28,051,28051,764.2,63,1301,22853,0.224058087,0.00223712
78,178,28,107,28107,Mississippi,Panola,Yes,06, , , , , , ,1774515465,51767060, , ,00695776,0500000US28107,1.733039516,1.733039518,0.178985218,28107,480,0,200015,1290,Panola,Mississippi,28,107,28107,705.1,37,1258,12342,0.164058681,0.001226022
79,179,28,121,28121,Mississippi,Rankin,Yes,06, , , , , , ,2008307278,79444946, , ,00695781,0500000US28121,2.444973592,2.444973589,0.199819325,28121,519,1,199184,1329,Rankin,Mississippi,28,121,28121,806.1,47,1297,17283,0.19726508,0.00167716
80,180,28,137,28137,Mississippi,Tate,Yes,06, , , , , , ,1048330139,16092731, , ,00695789,0500000US28137,1.931687895,1.931687904,0.104665334,28137,490,0,200012,1300,Tate,Mississippi,28,137,28137,410.9,17,1268,25267,0.252505191,0.002509525
81,181,28,151,28151,Mississippi,Washington,Yes,06, , , , , , ,1877069947,94495553, , ,00695796,0500000US28151,3.093287482,3.093287483,0.190816703,28151,522,1,200682,1332,Washington,Mississippi,28,151,28151,761.3,37,1300,23889.4188,1.042933139,0.002340307
82,183,29,023,29023,Missouri,Butler,Yes,06, , , , , , ,1799185240,11194772, , ,00758466,0500000US29023,2.356680321,2.356680326,0.182643126,29023,589,1,203562,1472,Butler,Missouri,29,023,29023,699,3,1440,32689,0.361653025,0.003344247
83,188,29,123,29123,Missouri,Madison,Yes,06, , , , , , ,1280463448,8312929, , ,00758515,0500000US29123,1.463400256,1.463400255,0.131273027,29123,573,1,201669,1426,Madison,Missouri,29,123,29123,497.8,39,1394,18993,0.205666517,0.001960071
84,189,29,169,29169,Missouri,Pulaski,Yes,06, , , , , , ,1416983924,11342729, , ,00758539,0500000US29169,1.546166284,1.546166285,0.146177241,29169,567,1,201732,1388,Pulaski,Missouri,29,169,29169,551.4,18,1356,27970,0.272447744,0.002891408
85,213,35,021,35021,New Mexico,Harding,Yes,06, , , , , , ,5504945389,1154331, , ,00933055,0500000US35021,4.026784275,4.026784278,0.549279931,35021,233,1,255425,990,Harding,New Mexico,35,021,35021,2125.9,18,958,24252,0.212194273,0.002452864
86,222,37,017,37017,North Carolina,Bladen,Yes,06, , , , , , ,2264613773,33109960, , ,01026336,0500000US37017,2.56684791,2.566847898,0.225837087,37017,896,1,267110,2732,Bladen,North Carolina,37,017,37017,887.2,68,2700,7997,0.177554079,0.000795945
87,223,37,043,37043,North Carolina,Clay,Yes,06, , , , , , ,556215945,15199008, , ,01008546,0500000US37043,1.399883256,1.39988326,0.056444676,37043,796,1,265581,1844,Clay,North Carolina,37,043,37043,220.6,28,1812,19726,0.190847273,0.001586146
88,224,37,047,37047,North Carolina,Columbus,Yes,06, , , , , , ,2425879846,43576659, , ,01026339,0500000US37047,2.820208431,2.820208424,0.241734118,37047,917,0,267360,2753,Columbus,North Carolina,37,047,37047,953.6,40,2721,18229,0.188827443,0.001806298
89,225,37,057,37057,North Carolina,Davidson,Yes,06, , , , , , ,1431436286,37142616, , ,01008548,0500000US37057,1.939083433,1.939083434,0.146430012,37057,937,1,271355,2795,Davidson,North Carolina,37,057,37057,567.2,10,2763,32998,0.296370059,0.003331693
90,226,37,087,37087,North Carolina,Haywood,Yes,06, , , , , , ,1434070696,2414518, , ,01008561,0500000US37087,2.007199747,2.00719975,0.142806606,37087,652,1,269837,1678,Haywood,North Carolina,37,087,37087,554.6,76,1646,24193,0.228850649,0.002423564
91,227,37,093,37093,North Carolina,Hoke,Yes,06, , , , , , ,1012029741,4012375, , ,01008563,0500000US37093,1.480334482,1.480334483,0.100339294,37093,910,1,266485,2746,Hoke,North Carolina,37,093,37093,392.3,15,2714,11214,0.175793655,0.001120952
92,228,37,103,37103,North Carolina,Jones,Yes,06, , , , , , ,1219128926,6493500, , ,01026338,0500000US37103,2.173290874,2.173290873,0.121070502,37103,882,1,267503,2718,Jones,North Carolina,37,103,37103,473.1,13,2686,31867,0.265995371,0.003193209
93,229,37,117,37117,North Carolina,Martin,Yes,06, , , , , , ,1194550410,751151, , ,01026328,0500000US37117,2.260641487,2.260641478,0.119241525,37117,956,1,269405,2907,Martin,North Carolina,37,117,37117,461.9,26,2875,12777,0.173236663,0.001290016
94,230,37,127,37127,North Carolina,Nash,Yes,06, , , , , , ,1399634273,6132547, , ,01008574,0500000US37127,1.843626179,1.843626176,0.140451145,37127,943,1,268205,2812,Nash,North Carolina,37,127,37127,542,23,2780,25939,0.23914971,0.002624407
95,231,37,133,37133,North Carolina,Onslow,Yes,06, , , , , , ,1975580968,370722481, , ,01026341,0500000US37133,2.326914472,2.326914469,0.204528449,37133,883,1,268693,2719,Onslow,North Carolina,37,133,37133,761.9,14,2687,21338,0.19419943,0.002132167
96,232,37,141,37141,North Carolina,Pender,Yes,06, , , , , , ,2252361386,162975099, , ,01026129,0500000US37141,2.470206682,2.470206678,0.223985579,37141,899,1,267551,2735,Pender,North Carolina,37,141,37141,870.5,23,2703,20187,0.447987494,0.002002453
97,233,37,147,37147,North Carolina,Pitt,Yes,06, , , , , , ,1687880373,8107886, , ,01008578,0500000US37147,2.201636008,2.201636006,0.168659541,37147,924,0,267514,2772,Pitt,North Carolina,37,147,37147,654.7,42,2740,25939,0.262007195,0.002606681
98,234,37,163,37163,North Carolina,Sampson,Yes,06, , , , , , ,2446815657,4970896, , ,01026131,0500000US37163,2.692565393,2.692565388,0.242079602,37163,914,1,267828,2750,Sampson,North Carolina,37,163,37163,947.4,33,2718,26480,0.328362548,0.002648108
99,235,37,167,37167,North Carolina,Stanly,Yes,06, , , , , , ,1023265011,25262143, , ,01025844,0500000US37167,1.642574197,1.642574195,0.10392505,37167,929,1,265806,2777,Stanly,North Carolina,37,167,37167,404.5,15,2745,18535,0.231025942,0.001855602
100,236,37,173,37173,North Carolina,Swain,Yes,06, , , , , , ,1367560584,32685911, , ,01008588,0500000US37173,2.594862162,2.594862171,0.139032397,37173,653,1,270077,1679,Swain,North Carolina,37,173,37173,540.5,92,1647,27558,0.241184276,0.002773673
101,237,37,179,37179,North Carolina,Union,Yes,06, , , , , , ,1635853013,20691262, , ,01008590,0500000US37179,1.776742773,1.776742771,0.163524286,37179,908,1,265774,2744,Union,North Carolina,37,179,37179,639.4,20,2712,26878,0.2693619,0.002688754
102,246,40,043,40043,Oklahoma,Dewey,Yes,06, , , , , , ,2588642149,22679881, , ,01101809,0500000US40043,2.203586934,2.203586936,0.260960874,40043,252,1,289477,1015,Dewey,Oklahoma,40,043,40043,1008.3,124,983,30428,0.292466665,0.003081054
103,247,40,079,40079,Oklahoma,Le Flore,Yes,06, , , , , , ,4116178216,49958272, , ,01101827,0500000US40079,3.083577839,3.08357784,0.410832294,40079,405,1,285877,1213,Le Flore,Oklahoma,40,079,40079,1608,242,1181,27537,0.275264944,0.002761509
104,248,40,113,40113,Oklahoma,Osage,Yes,06, , , , , , ,5818040937,149235263, , ,01101844,0500000US40113,4.232468174,4.232468174,0.601191058,40113,265,1,286151,1070,Osage,Oklahoma,40,113,40113,2303.8,293,1038,27937,0.250522575,0.002792957
105,249,40,133,40133,Oklahoma,Seminole,Yes,06, , , , , , ,1639040999,19778840, , ,01101854,0500000US40133,2.239909429,2.239909425,0.164118404,40133,294,1,289185,1100,Seminole,Oklahoma,40,133,40133,640.7,86,1068,26465,0.236593502,0.002657063
106,250,40,143,40143,Oklahoma,Tulsa,Yes,06, , , , , , ,1476994149,43388445, , ,01101859,0500000US40143,2.258721253,2.258721252,0.152193171,40143,270,1,286489,1075,Tulsa,Oklahoma,40,143,40143,587,52,1043,24455,0.242992375,0.002486991
107,269,45,007,45007,South Carolina,Anderson,Yes,06, , , , , , ,1853006707,108743547, , ,01247981,0500000US45007,2.153158895,2.153158899,0.192596288,45007,765,1,312813,1813,Anderson,South Carolina,45,007,45007,757.5,55,1781,59693,0.208481785,0.001425826
108,270,45,021,45021,South Carolina,Cherokee,Yes,06, , , , , , ,1016985343,11701051, , ,01247987,0500000US45021,1.671978634,1.671978631,0.101633244,45021,798,1,313031,1846,Cherokee,South Carolina,45,021,45021,397,10,1814,16039,0.162613957,0.001318714
109,271,45,031,45031,South Carolina,Darlington,Yes,06, , , , , , ,1453362870,14655104, , ,01247992,0500000US45031,2.229775958,2.229775962,0.143786505,45031,903,0,314753,2739,Darlington,South Carolina,45,031,45031,566.8,16,2707,19868,0.308838229,0.001968961
110,272,45,051,45051,South Carolina,Horry,Yes,06, , , , , , ,2936847525,313594600, , ,01248005,0500000US45051,2.779579901,2.779579899,0.289362936,45051,902,1,312946,2738,Horry,South Carolina,45,051,45051,1145,70,2706,11076,0.174220051,0.001096745
111,273,45,061,45061,South Carolina,Lee,Yes,06, , , , , , ,1062372542,2715077, , ,01245652,0500000US45061,1.779169671,1.779169677,0.104121217,45061,904,0,314958,2740,Lee,South Carolina,45,061,45061,411.4,7,2708,10843,0.173167823,0.001074509
112,274,45,077,45077,South Carolina,Pickens,Yes,06, , , , , , ,1285536123,40612498, , ,01248015,0500000US45077,2.297398547,2.297398555,0.130759318,45077,788,1,312889,1836,Pickens,South Carolina,45,077,45077,512,29,1804,16546,0.095318956,0.00047235
113,275,45,091,45091,South Carolina,York,Yes,06, , , , , , ,1762975679,39159448, , ,01248019,0500000US45091,2.066786955,2.066786958,0.177894947,45091,799,1,316328,1847,York,South Carolina,45,091,45091,695.6,5,1815,25849,0.275014417,0.002579831
114,282,47,035,47035,Tennessee,Cumberland,Yes,06, , , , , , ,1763849608,9823894, , ,01639736,0500000US47035,2.031313601,2.0313136,0.177182479,47035,609,1,326716,1542,Cumberland,Tennessee,47,035,47035,684.9,88,1510,28563,0.266607853,0.002892593
115,285,47,105,47105,Tennessee,Loudon,Yes,06, , , , , , ,593758812,46926060, , ,01639767,0500000US47105,1.905406954,1.90540696,0.063820785,47105,599,1,326556,1514,Loudon,Tennessee,47,105,47105,247.3,17,1482,38152,0.368570998,0.003841055
116,286,47,121,47121,Tennessee,Meigs,Yes,06, , , , , , ,505379341,55995241, , ,01639775,0500000US47121,1.797783916,1.797783919,0.055778652,47121,614,1,326800,1549,Meigs,Tennessee,47,121,47121,216.8,8,1517,38859,0.292510195,0.003913142
117,288,47,145,47145,Tennessee,Roane,Yes,06, , , , , , ,934278780,88706730, , ,01639785,0500000US47145,1.880223021,1.880223023,0.102055085,47145,610,1,326694,1543,Roane,Tennessee,47,145,47145,395,14,1511,31816,0.276102612,0.003218119
118,289,47,151,47151,Tennessee,Scott,Yes,06, , , , , , ,1378627315,2414250, , ,01639788,0500000US47151,1.959651491,1.959651489,0.138757474,47151,605,1,326163,1535,Scott,Tennessee,47,151,47151,533.2,69,1503,37925,0.284808161,0.003860425
119,290,48,001,48001,Texas,Anderson,Yes,06, , , , , , ,2752130249,39879731, , ,01383786,0500000US48001,3.605757643,3.605757632,0.26593401,48001,95,1,330352,405,Anderson,Texas,48,001,48001,1077.9,132,373,40418,0.405368177,0.003887127
120,291,48,011,48011,Texas,Armstrong,Yes,06, , , , , , ,2354581791,12219600, , ,01383791,0500000US48011,1.944676072,1.944676073,0.233585927,48011,341,1,330307,1147,Armstrong,Texas,48,011,48011,913.8,96,1115,30075,0.306150401,0.00299846
121,292,48,015,48015,Texas,Austin,Yes,06, , , , , , ,1674400646,25610780, , ,01383793,0500000US48015,2.473228744,2.473228741,0.158775529,48015,116,1,330424,426,Austin,Texas,48,015,48015,656.6,86,394,18228,0.217205803,0.001721001
122,293,48,025,48025,Texas,Bee,Yes,06, , , , , , ,2279809447,246409, , ,01383798,0500000US48025,2.197133903,2.197133902,0.209993605,48025,131,1,330490,441,Bee,Texas,48,025,48025,880.4,128,409,33889,0.263930117,0.00316069
123,294,48,041,48041,Texas,Brazos,Yes,06, , , , , , ,1516522678,14769271, , ,01383806,0500000US48041,2.742139816,2.742139822,0.14410875,48041,89,1,330989,399,Brazos,Texas,48,041,48041,590.7,69,367,34283,0.290597382,0.003265188
124,295,48,051,48051,Texas,Burleson,Yes,06, , , , , , ,1706884940,46050282, , ,01383811,0500000US48051,2.400894001,2.400893997,0.164701746,48051,91,1,330484,401,Burleson,Texas,48,051,48051,677.8,87,369,30565,0.289409398,0.002903705
125,296,48,071,48071,Texas,Chambers,Yes,06, , , , , , ,1546604863,709763998, , ,01383821,0500000US48071,2.846887745,2.846887745,0.153896524,48071,987,1,331016,2943,Chambers,Texas,48,071,48071,629.4,41,2911,196106,0.602947463,0.018491285
126,297,48,083,48083,Texas,Coleman,Yes,06, , , , , , ,3268424388,50472208, , ,01383827,0500000US48083,2.669752465,2.669752467,0.315992698,48083,71,1,330505,381,Coleman,Texas,48,083,48083,1281.6,147,349,11856,0.158980335,0.001142738
127,299,48,135,48135,Texas,Ector,Yes,06, , , , , , ,2325094713,10597931, , ,01383853,0500000US48135,1.893370278,1.893370278,0.222611734,48135,30,1,330305,340,Ector,Texas,48,135,48135,901.7,94,308,27369,0.262540211,0.002643529
128,300,48,139,48139,Texas,Ellis,Yes,06, , , , , , ,2423336011,41679038, , ,01383856,0500000US48139,2.229528539,2.229528539,0.236141888,48139,381,1,330349,1187,Ellis,Texas,48,139,48139,951.9,131,1155,14285,0.175821698,0.001384162
129,302,48,169,48169,Texas,Garza,Yes,06, , , , , , ,2313930631,7215511, , ,01383870,0500000US48169,1.897808936,1.897808936,0.224438696,48169,324,1,330859,1130,Garza,Texas,48,169,48169,896.2,101,1098,25751,0.238832319,0.002522388
130,303,48,185,48185,Texas,Grimes,Yes,06, , , , , , ,2039539373,36603845, , ,01383878,0500000US48185,2.376010716,2.376010724,0.195166746,48185,36,1,330459,346,Grimes,Texas,48,185,48185,801,97,314,29645,0.276460542,0.002819367
131,304,48,199,48199,Texas,Hardin,Yes,06, , , , , , ,2306604046,18046233, , ,01383885,0500000US48199,2.596121014,2.596121021,0.218040292,48199,980,1,330365,2936,Hardin,Texas,48,199,48199,897.4,121,2904,27913,0.337828335,0.002656549
132,305,48,213,48213,Texas,Henderson,Yes,06, , , , , , ,2262941841,193237933, , ,01383892,0500000US48213,3.056005408,3.056005417,0.234962353,48213,396,1,330326,1202,Henderson,Texas,48,213,48213,949.1,118,1170,16662,0.175569169,0.001615983
133,306,48,215,48215,Texas,Hidalgo,Yes,06, , , , , , ,4068605714,31106755, , ,01383893,0500000US48215,3.246788517,3.246788517,0.37109397,48215,124,1,330421,434,Hidalgo,Texas,48,215,48215,1582.6,47,402,114603,0.629823029,0.01045977
134,307,48,229,48229,Texas,Hudspeth,Yes,06, , , , , , ,11838352062,2191006, , ,01383900,0500000US48229,4.937509243,4.937509236,1.123621794,48229,17,1,331026,326,Hudspeth,Texas,48,229,48229,4571.9,44,294,47285,0.112217363,0.000652102
135,308,48,239,48239,Texas,Jackson,Yes,06, , , , , , ,2148246925,71039573, , ,01383905,0500000US48239,2.212775546,2.212775546,0.205393409,48239,107,1,331150,417,Jackson,Texas,48,239,48239,852.5,77,385,32813,0.259220805,0.003069054
136,309,48,315,48315,Texas,Marion,Yes,06, , , , , , ,986503662,102126641, , ,01383940,0500000US48315,1.997267991,1.997267994,0.10481817,48315,434,1,330285,1242,Marion,Texas,48,315,48315,420.4,73,1210,14216,0.198557819,0.001385264
137,310,48,323,48323,Texas,Maverick,Yes,06, , , , , , ,3313823054,31866607, , ,01383944,0500000US48323,2.844662154,2.844662156,0.308885446,48323,16,1,330624,325,Maverick,Texas,48,323,48323,1291.7,158,293,35093,0.308015246,0.003202066
138,311,48,329,48329,Texas,Midland,Yes,06, , , , , , ,2331648833,4520750, , ,01383950,0500000US48329,1.893829256,1.893829255,0.222643152,48329,28,1,331037,338,Midland,Texas,48,329,48329,902,107,306,39840,0.328914901,0.003842398
139,312,48,343,48343,Texas,Morris,Yes,06, , , , , , ,652637415,17393795, , ,01383957,0500000US48343,1.461903529,1.461903536,0.064743483,48343,440,1,330747,1248,Morris,Texas,48,343,48343,258.6,34,1216,35486,0.30134612,0.003473529
140,313,48,379,48379,Texas,Rains,Yes,06, , , , , , ,594280564,76079984, , ,01383975,0500000US48379,1.296421149,1.296421156,0.064589039,48379,377,1,330804,1183,Rains,Texas,48,379,48379,259,42,1151,25221,0.26629506,0.002461908
141,314,48,383,48383,Texas,Reagan,Yes,06, , , , , , ,3044011970,1792716, , ,01383977,0500000US48383,2.153181131,2.153181131,0.288694512,48383,60,1,330663,370,Reagan,Texas,48,383,48383,1176,125,338,29511,0.226312419,0.002830089
142,315,48,409,48409,Texas,San Patricio,Yes,06, , , , , , ,1795990990,37577398, , ,01383990,0500000US48409,2.916343291,2.916343293,0.16780101,48409,134,1,330502,444,San Patricio,Texas,48,409,48409,704.3,86,412,25058,0.270158149,0.002326183
143,316,48,419,48419,Texas,Shelby,Yes,06, , , , , , ,2060553308,101094477, , ,01383995,0500000US48419,2.330517916,2.330517908,0.205871875,48419,1009,1,330754,2965,Shelby,Texas,48,419,48419,834.5,97,2933,23309,0.232811286,0.002248379
144,317,48,449,48449,Texas,Titus,Yes,06, , , , , , ,1051675990,50735385, , ,01384010,0500000US48449,1.8220032,1.822003194,0.106625067,48449,387,1,330561,1193,Titus,Texas,48,449,48449,425.7,53,1161,42223,0.488006888,0.004136353
145,318,48,453,48453,Texas,Travis,Yes,06, , , , , , ,2565431773,84227645, , ,01384012,0500000US48453,2.460078372,2.460078371,0.248558228,48453,37,1,330593,347,Travis,Texas,48,453,48453,1023.7,125,315,36119,0.273475835,0.003436455
146,319,48,473,48473,Texas,Waller,Yes,06, , , , , , ,1329535309,11622759, , ,01384022,0500000US48473,2.443597152,2.443597146,0.125406536,48473,115,1,330383,425,Waller,Texas,48,473,48473,518.8,79,393,28820,0.264003127,0.002726906
147,320,48,479,48479,Texas,Webb,Yes,06, , , , , , ,8706200152,36536073, , ,01384025,0500000US48479,4.753319024,4.753319027,0.800550121,48479,128,1,330315,438,Webb,Texas,48,479,48479,3375.5,386,406,40505,0.364037573,0.00376752
148,361,54,063,54063,West Virginia,Monroe,Yes,06, , , , , , ,1224422271,2298743, , ,01557702,0500000US54063,1.915115052,1.915115053,0.125090441,54063,949,0,380077,2834,Monroe,West Virginia,54,063,54063,473.7,24,2802,22010,0.227774717,0.002271526
149,383,01,043,01043,Alabama,Cullman,Yes,06, , , , , , ,1903376240,52118961, , ,00161547,0500000US01043,2.440389765,2.440389761,0.191080041,01043,741,1,734,1786,Cullman,Alabama,01,043,01043,754.8,18,1754,31150,0.257597703,0.00308832
150,384,01,049,01049,Alabama,DeKalb,Yes,06, , , , , , ,2012664423,4121499, , ,00161550,0500000US01049,2.202172668,2.20217267,0.197869085,01049,730,1,502,1775,DeKalb,Alabama,01,049,01049,778.7,28,1743,30676,0.325771687,0.003050678
151,385,01,055,01055,Alabama,Etowah,Yes,06, , , , , , ,1386505882,34436544, , ,00161553,0500000US01055,2.059812326,2.059812326,0.138753387,01055,738,1,523,1783,Etowah,Alabama,01,055,01055,548.7,14,1751,23340,0.210000252,0.002309248
152,386,01,063,01063,Alabama,Greene,Yes,06, , , , , , ,1675993286,33244756, , ,00161557,0500000US01063,3.486982491,3.486982496,0.164642147,01063,506,1,4179,1316,Greene,Alabama,01,063,01063,659.9,65,1284,18494,0.253534685,0.001804413
153,387,01,065,01065,Alabama,Hale,Yes,06, , , , , , ,1667803963,32525876, , ,00161558,0500000US01065,2.471826519,2.471826515,0.163559528,01065,701,1,4863,1744,Hale,Alabama,01,065,01065,656.5,68,1712,33501,0.34700096,0.003269686
154,388,01,069,01069,Alabama,Houston,Yes,06, , , , , , ,1501741569,4736091, , ,00161560,0500000US01069,2.086917944,2.086917946,0.142476594,01069,1078,1,398,3036,Houston,Alabama,01,069,01069,581.6,85,3004,10820,0.167013122,0.001037652
155,389,01,073,01073,Alabama,Jefferson,Yes,06, , , , , , ,2878198172,32472182, , ,00161562,0500000US01073,2.896965168,2.896965168,0.282594361,01073,685,1,3539,1728,Jefferson,Alabama,01,073,01073,1123.8,82,1696,31166,0.288399818,0.003059492
156,390,01,089,01089,Alabama,Madison,Yes,06, , , , , , ,2076115374,28770709, , ,00161570,0500000US01089,2.388826105,2.38882611,0.20725597,01089,745,1,583,1791,Madison,Alabama,01,089,01089,812.8,15,1759,11627,0.168150887,0.001158361
157,391,01,095,01095,Alabama,Marshall,Yes,06, , , , , , ,1465522829,148503240, , ,00161574,0500000US01095,2.209088027,2.209088027,0.158186496,01095,735,1,333,1780,Marshall,Alabama,01,095,01095,623.2,21,1748,19608,0.265701254,0.001950007
158,392,01,099,01099,Alabama,Monroe,Yes,06, , , , , , ,2656521228,22609674, , ,00161576,0500000US01099,2.806318686,2.806318686,0.254588973,01099,1085,1,1474,3043,Monroe,Alabama,01,099,01099,1034.1,114,3011,30830,0.264607815,0.002966698
159,393,01,113,01113,Alabama,Russell,Yes,06, , , , , , ,1660584296,15635292, , ,00161583,0500000US01113,2.092773235,2.09277323,0.160498602,01113,727,1,1614,1770,Russell,Alabama,01,113,01113,647.4,48,1738,20297,0.229892311,0.001135074
160,394,01,115,01115,Alabama,St. Clair,Yes,06, , , , , , ,1636625182,56293637, , ,00164997,0500000US01115,2.411907238,2.411907241,0.164660284,01115,680,1,2277,1723,St. Clair,Alabama,01,115,01115,653.6,20,1691,27570,0.403617811,0.002714233
161,401,04,015,04015,Arizona,Mohave,Yes,06, , , , , , ,34475725687,387348987, , ,00025445,0500000US04015,10.55842462,10.55842463,3.472483013,04015,145,1,63080,462,Mohave,Arizona,04,015,04015,13470.8,25,430,10430,0.140648513,0.001058403
162,402,04,025,04025,Arizona,Yavapai,Yes,06, , , , , , ,21039908972,11501645, , ,00042809,0500000US04025,7.361758908,7.361758907,2.068915487,04025,182,1,63752,507,Yavapai,Arizona,04,025,04025,8127.1,40,475,19425,0.265913465,0.001930877
163,403,05,017,05017,Arkansas,Chicot,Yes,06, , , , , , ,1668755467,120391647, , ,00069160,0500000US05017,2.728830995,2.728830999,0.173185069,05017,504,1,74065,1314,Chicot,Arkansas,05,017,05017,690.9,49,1282,35300,0.333133012,0.003468941
164,404,05,025,05025,Arkansas,Cleveland,Yes,06, , , , , , ,1548252055,2500385, , ,00063760,0500000US05025,1.845366676,1.845366682,0.151158575,05025,470,1,74072,1278,Cleveland,Arkansas,05,025,05025,598.8,80,1246,23082,0.213427023,0.002280342
165,405,05,041,05041,Arkansas,Desha,Yes,06, , , , , , ,1989488188,133059815, , ,00066850,0500000US05041,3.639200815,3.63920081,0.206664783,05041,408,1,74007,1216,Desha,Arkansas,05,041,05041,819.5,78,1184,45840,0.466499109,0.004514475
166,406,05,045,05045,Arkansas,Faulkner,Yes,06, , , , , , ,1678022128,41920337, , ,00066852,0500000US05045,2.155728911,2.155728918,0.170101337,05045,462,1,74040,1270,Faulkner,Arkansas,05,045,05045,664.2,26,1238,22236,0.211022143,0.002219455
167,407,05,057,05057,Arkansas,Hempstead,Yes,06, , , , , , ,1884268431,35371741, , ,00066858,0500000US05057,2.438429454,2.438429455,0.186766833,05057,411,1,74020,1219,Hempstead,Arkansas,05,057,05057,741.4,99,1187,31301,0.383493205,0.00307909
168,408,05,061,05061,Arkansas,Howard,Yes,06, , , , , , ,1524346627,17509480, , ,00066872,0500000US05061,2.360918584,2.360918575,0.150680341,05061,457,1,74162,1265,Howard,Arkansas,05,061,05061,595.2,82,1233,27232,0.259264104,0.002688094
169,409,05,067,05067,Arkansas,Jackson,Yes,06, , , , , , ,1641890239,19587838, , ,00066861,0500000US05067,2.407978134,2.407978136,0.165229115,05067,536,1,74014,1350,Jackson,Arkansas,05,067,05067,641.4,31,1318,29796,0.250301934,0.00299475
170,410,05,075,05075,Arkansas,Lawrence,Yes,06, , , , , , ,1521913336,12244879, , ,00066865,0500000US05075,2.101027154,2.10102715,0.153394351,05075,583,1,74012,1462,Lawrence,Arkansas,05,075,05075,592.3,55,1430,29536,0.27245792,0.002995486
171,411,05,081,05081,Arkansas,Little River,Yes,06, , , , , , ,1378539222,84199050, , ,00066874,0500000US05081,3.100785685,3.100785684,0.142255198,05081,414,1,74203,1222,Little River,Arkansas,05,081,05081,564.9,72,1190,40038,0.303466022,0.003941417
172,412,05,085,05085,Arkansas,Lonoke,Yes,06, , , , , , ,1996702861,82664680, , ,00069164,0500000US05085,2.328064474,2.328064472,0.204702004,05085,464,1,74430,1272,Lonoke,Arkansas,05,085,05085,803.1,3,1240,22492,0.268668707,0.002233128
173,413,05,091,05091,Arkansas,Miller,Yes,06, , , , , , ,1620264247,31239378, , ,00069166,0500000US05091,2.699734175,2.699734174,0.15991446,05091,437,1,74002,1245,Miller,Arkansas,05,091,05091,637.5,81,1213,18741,0.20353327,0.001482466
174,414,05,095,05095,Arkansas,Monroe,Yes,06, , , , , , ,1572464721,36715115, , ,00069167,0500000US05095,2.404953126,2.404953124,0.15828851,05095,474,1,74690,1284,Monroe,Arkansas,05,095,05095,621.4,52,1252,21178,0.246570349,0.002103005
175,415,05,107,05107,Arkansas,Phillips,Yes,06, , , , , , ,1801659721,82148454, , ,00069172,0500000US05107,2.803206608,2.803206606,0.184791602,05107,477,1,74166,1287,Phillips,Arkansas,05,107,05107,727.3,33,1255,133125,0.403955928,0.003266218
176,416,05,117,05117,Arkansas,Prairie,Yes,06, , , , , , ,1678092392,71734973, , ,00069176,0500000US05117,2.619899757,2.61989975,0.172427353,05117,463,1,74094,1271,Prairie,Arkansas,05,117,05117,675.7,53,1239,31775,0.231683864,0.003166089
177,417,05,133,05133,Arkansas,Sevier,Yes,06, , , , , , ,1463672062,41829030, , ,00069182,0500000US05133,2.44134033,2.441340325,0.146901379,05133,459,1,74084,1267,Sevier,Arkansas,05,133,05133,581.3,70,1235,16683,0.192726792,0.001189671
178,418,05,147,05147,Arkansas,Woodruff,Yes,06, , , , , , ,1519723135,18704002, , ,00069907,0500000US05147,2.597921236,2.597921236,0.152274962,05147,404,1,74257,1212,Woodruff,Arkansas,05,147,05147,594.1,53,1180,17039,0.335605054,0.001703098
179,419,06,045,06045,California,Mendocino,Yes,06, , , , , , ,9081415546,962953371, , ,00277287,0500000US06045,5.60943165,5.609431656,0.952374419,06045,4,1,80290,19,Mendocino,California,06,045,06045,3513.3,483,14,22076,0.227582514,0.002355318
180,420,06,051,06051,California,Mono,Yes,06, , , , , , ,7896722221,214695416, , ,00277290,0500000US06051,5.651509695,5.651509689,0.831218542,06051,156,1,81221,475,Mono,California,06,051,06051,3131.8,28,443,37314,0.262983773,0.003843143
181,421,06,055,06055,California,Napa,Yes,06, , , , , , ,1938262446,104154637, , ,00277292,0500000US06055,2.75994536,2.759945362,0.210939414,06055,143,1,82000,459,Napa,California,06,055,06055,788.1,107,427,16541,0.223501113,0.001735231
182,422,06,059,06059,California,Orange,Yes,06, , , , , , ,2047743976,407762761, , ,00277294,0500000US06059,2.070454436,2.070454429,0.201252689,06059,152,1,80628,471,Orange,California,06,059,06059,799.2,21,439,24803,0.239508132,0.002438969
183,423,06,065,06065,California,Riverside,Yes,06, , , , , , ,18664548548,250935519, , ,00277297,0500000US06065,7.937637358,7.937637361,1.8402176,06065,149,1,80562,468,Riverside,California,06,065,06065,7302.9,234,436,16299,0.170598652,0.001604202
184,424,06,081,06081,California,San Mateo,Yes,06, , , , , , ,1161506629,757561040, , ,00277305,0500000US06081,2.118444391,2.118444398,0.120835704,06081,175,1,87469,495,San Mateo,California,06,081,06081,454.9,60,463,13438,0.224687458,0.001381571
185,425,06,091,06091,California,Sierra,Yes,06, , , , , , ,2468686345,23299112, , ,00277310,0500000US06091,3.018994,3.018993999,0.261281446,06091,191,1,93418,537,Sierra,California,06,091,06091,962,41,505,18239,0.230774168,0.001936657
186,426,06,095,06095,California,Solano,Yes,06, , , , , , ,2128379066,218648073, , ,00277312,0500000US06095,2.735034594,2.73503459,0.23730709,06095,176,1,82064,496,Solano,California,06,095,06095,848.9,98,464,10611,0.147280728,0.001107902
187,427,06,101,06101,California,Sutter,Yes,06, , , , , , ,1560237071,15745769, , ,00277315,0500000US06101,2.751738779,2.75173878,0.163956334,06101,197,1,81892,545,Sutter,California,06,101,06101,608.4,37,513,177929,0.687916214,0.018816643
188,428,06,105,06105,California,Trinity,Yes,06, , , , , , ,8234308375,73407838, , ,00277317,0500000US06105,6.184084918,6.184084917,0.88455568,06105,3,1,80102,18,Trinity,California,06,105,06105,3207.6,413,13,29474,0.241678682,0.003186883
189,429,06,109,06109,California,Tuolumne,Yes,06, , , , , , ,5752116633,138684399, , ,00277319,0500000US06109,5.006339805,5.006339797,0.604455898,06109,166,1,82263,486,Tuolumne,California,06,109,06109,2275.2,266,454,19604,0.194538632,0.002025967
190,430,06,115,06115,California,Yuba,Yes,06, , , , , , ,1636983405,30986529, , ,00277322,0500000US06115,2.804117972,2.804117974,0.174090301,06115,192,1,81904,538,Yuba,California,06,115,06115,643.2,89,506,31018,0.272762327,0.003281331
191,456,21,153,21153,Kentucky,Magoffin,Yes,06, , , , , , ,798866504,1847045, , ,00516920,0500000US21153,1.730157899,1.730157899,0.081802371,21153,625,1,163035,1619,Magoffin,Kentucky,21,153,21153,309.4,36,1587,24273,0.295691341,0.002504039
192,460,21,195,21195,Kentucky,Pike,Yes,06, , , , , , ,2037851002,4756855, , ,00516944,0500000US21195,2.794111276,2.794111276,0.208095736,21195,635,1,166806,1653,Pike,Kentucky,21,195,21195,788.8,6,1621,19470,0.224990556,0.002003078
193,465,22,033,22033,Louisiana,EAST. BATON ROUGE,Yes,15, , , , , , ,1179346133,38556851, , ,00558530,0500000US22033,2.221126523,2.221126519,0.114486754,22033,1031,1,171555,2987,East Baton Rouge,Louisiana,22,033,22033,470.5,18,2955,26114,0.259774599,0.002488459
194,466,22,035,22035,Louisiana,East Carroll,Yes,15, , , , , , ,1089619216,56273972, , ,00558534,0500000US22035,2.449819793,2.449819788,0.110253398,22035,510,1,170877,1320,East Carroll,Louisiana,22,035,22035,442.4,3,1288,32854,0.369901618,0.003191163
195,467,22,039,22039,Louisiana,Evangeline,Yes,15, , , , , , ,1715552289,44665699, , ,00558551,0500000US22039,2.000621253,2.000621255,0.165767439,22039,1016,1,170301,2972,Evangeline,Louisiana,22,039,22039,679.6,84,2940,25076,0.235833399,0.002395481
196,468,22,043,22043,Louisiana,Grant,Yes,15, , , , , , ,1665429816,56013827, , ,00558567,0500000US22043,2.76488577,2.764885771,0.163587923,22043,1013,1,167891,2969,Grant,Louisiana,22,043,22043,664.6,96,2937,14580,0.200528405,0.001403688
197,469,22,045,22045,Louisiana,Iberia,Yes,15, , , , , , ,1486941086,1182114711, , ,00558576,0500000US22045,3.183009196,3.183009189,0.149967835,22045,988,1,169031,2944,Iberia,Louisiana,22,045,22045,626.3,47,2912,30917,0.32099032,0.002926846
198,470,22,055,22055,Louisiana,Lafayette,Yes,15, , , , , , ,696045378,1204064, , ,00558059,0500000US22055,1.493246105,1.4932461,0.065327134,22055,991,1,171148,2947,Lafayette,Louisiana,22,055,22055,270.3,20,2915,19691,0.204559279,0.001870092
199,471,22,059,22059,Louisiana,La Salle,Yes,15, , , , , , ,1617924933,97664664, , ,00558049,0500000US22059,2.4829572,2.482957206,0.163186181,22059,1012,1,168099,2968,La Salle,Louisiana,22,059,22059,662.4,104,2936,10073,0.143411167,0.000972012
200,472,22,063,22063,Louisiana,Livingston,Yes,15, , , , , , ,1678747434,112119182, , ,00558083,0500000US22063,2.20258278,2.202582772,0.168180246,22063,977,1,167745,2933,Livingston,Louisiana,22,063,22063,702.9,36,2901,23451,0.284954298,0.0022274
201,473,22,073,22073,Louisiana,Ouachita,Yes,15, , , , , , ,1580931732,55294518, , ,00558114,0500000US22073,1.9616174,1.961617409,0.156965925,22073,446,1,167581,1254,Ouachita,Louisiana,22,073,22073,632.7,86,1222,27168,0.528549208,0.002644512
202,474,22,079,22079,Louisiana,Rapides,Yes,15, , , , , , ,3413632632,113043210, , ,00559460,0500000US22079,3.488376962,3.48837696,0.333726828,22079,1001,1,167871,2957,Rapides,Louisiana,22,079,22079,1362,182,2925,39880,0.278173646,0.003829939
203,475,22,099,22099,Louisiana,St. Martin,Yes,15, , , , , , ,1910535470,204161399, , ,01629486,0500000US22099,3.70456587,3.704565863,0.197957272,22099,981,1,169462,2937,St. Martin,Louisiana,22,099,22099,816.4,93,2905,30294,0.269547098,0.002880823
204,476,22,101,22101,Louisiana,St. Mary,Yes,15, , , , , , ,1438844887,1460448898, , ,01629492,0500000US22101,2.947785099,2.947785095,0.177783186,22101,986,1,169787,2942,St. Mary,Louisiana,22,101,22101,689.4,52,2910,10674,0.164004801,0.001007479
205,477,22,111,22111,Louisiana,Union,Yes,15, , , , , , ,2271389464,73594395, , ,00559528,0500000US22111,2.268310326,2.268310331,0.225750076,22111,428,1,167449,1236,Union,Louisiana,22,111,22111,905.3,110,1204,30747,0.238174657,0.001693535
206,478,22,119,22119,Louisiana,Webster,Yes,15, , , , , , ,1535940839,56486586, , ,00559567,0500000US22119,2.177337227,2.17733722,0.15315361,22119,426,1,167533,1234,Webster,Louisiana,22,119,22119,615.1,83,1202,24587,0.159404106,0.001455992
207,512,12,007,12007,Florida,Bradford,Yes,06, , , , , , ,761365432,16904945, , ,00303634,0500000US12007,1.545182992,1.545182995,0.072727918,12007,1155,1,113868,3113,Bradford,Florida,12,007,12007,300,43,3081,30111,0.309435807,0.002844411
208,513,12,013,12013,Florida,Calhoun,Yes,06, , , , , , ,1469389226,18074782, , ,00306919,0500000US12013,1.873039339,1.873039337,0.139679537,12013,1064,1,111267,3022,Calhoun,Florida,12,013,12013,574.5,76,2990,21297,0.277266636,0.002019339
209,514,12,017,12017,Florida,Citrus,Yes,06, , , , , , ,1507101164,495589267, , ,00295752,0500000US12017,2.154794932,2.154794933,0.158244404,12017,1147,1,113608,3105,Citrus,Florida,12,017,12017,619,65,3073,29935,0.186029717,0.001770154
210,515,12,023,12023,Florida,Columbia,Yes,06, , , , , , ,2065626738,9773959, , ,00306909,0500000US12023,2.59495696,2.594956954,0.194482746,12023,1066,1,111026,3024,Columbia,Florida,12,023,12023,800.8,92,2992,39086,0.302553148,0.003708571
211,516,12,039,12039,Florida,Gadsden,Yes,06, , , , , , ,1337193225,31687292, , ,00306918,0500000US12039,2.025783867,2.025783863,0.128742995,12039,1103,1,112758,3061,Gadsden,Florida,12,039,12039,528.6,87,3029,31372,0.265171004,0.002459921
212,517,12,045,12045,Florida,Gulf,Yes,06, , , , , , ,1433780571,494266689, , ,00306917,0500000US12045,2.421362135,2.421362127,0.138027039,12045,1072,1,111265,3030,Gulf,Florida,12,045,12045,569.4,69,2998,106247,0.715982498,0.003496969
213,518,12,065,12065,Florida,Jefferson,Yes,06, , , , , , ,1549064110,99559034, , ,00295733,0500000US12065,2.185327499,2.185327504,0.149038632,12065,1062,1,112684,3020,Jefferson,Florida,12,065,12065,612.4,86,2988,29209,0.247135398,0.002125264
214,519,12,069,12069,Florida,Lake,Yes,06, , , , , , ,2432128342,564385646, , ,00308551,0500000US12069,3.114739238,3.114739235,0.276782642,12069,966,1,112924,2922,Lake,Florida,12,069,12069,1156.3,119,2890,18726,0.207339552,0.00175252
215,520,12,073,12073,Florida,Leon,Yes,06, , , , , , ,1727171499,90454046, , ,00306916,0500000US12073,2.420795885,2.420795889,0.170705974,12073,1061,1,112752,3019,Leon,Florida,12,073,12073,701.1,95,2987,19284,0.215207637,0.001833873
216,521,12,093,12093,Florida,Okeechobee,Yes,06, , , , , , ,1991730054,318560333, , ,00295760,0500000US12093,2.578535123,2.578535118,0.210659691,12093,1157,1,111307,3115,Okeechobee,Florida,12,093,12093,891.7,75,3083,29457,0.22903122,0.002728157
217,522,12,097,12097,Florida,Osceola,Yes,06, , , , , , ,3438629385,461990513, , ,00295748,0500000US12097,3.347022926,3.347022919,0.358090632,12097,1162,1,111082,3120,Osceola,Florida,12,097,12097,1506.2,164,3088,31831,0.270382752,0.002958536
218,523,13,021,13021,Georgia,Bibb,Yes,06, , , , , , ,645714826,14488484, , ,01672039,0500000US13021,1.309227724,1.309227723,0.063558403,13021,822,1,116581,1870,Bibb,Georgia,13,021,13021,255.6,29,1838,21561,0.207372796,0.002099449
219,524,13,025,13025,Georgia,Brantley,Yes,06, , , , , , ,1145716294,12532550, , ,00351605,0500000US13025,1.99873237,1.998732365,0.109622642,13025,1111,1,116969,3069,Brantley,Georgia,13,025,13025,447.8,37,3037,106285,0.574162848,0.010213615
220,525,13,027,13027,Georgia,Brooks,Yes,06, , , , , , ,1277108526,12188429, , ,00345518,0500000US13027,2.072356082,2.072356087,0.121533026,13027,1119,1,117675,3077,Brooks,Georgia,13,027,13027,497.8,62,3045,21920,0.220606299,0.002067651
221,526,13,031,13031,Georgia,Bulloch,Yes,06, , , , , , ,1742654005,40877479, , ,00350302,0500000US13031,2.19928663,2.199286627,0.170935696,13031,855,1,119775,1903,Bulloch,Georgia,13,031,13031,688.9,104,1871,13754,0.164888804,0.001338287
222,527,13,049,13049,Georgia,Charlton,Yes,06, , , , , , ,2003652428,22681773, , ,00357747,0500000US13049,2.684241372,2.684241369,0.191335185,13049,1140,1,117385,3098,Charlton,Georgia,13,049,13049,782.5,55,3066,50835,0.373397333,0.004865379
223,528,13,077,13077,Georgia,Coweta,Yes,06, , , , , , ,1141970958,12730335, , ,00326666,0500000US13077,1.714077904,1.714077899,0.111847154,13077,713,1,120391,1756,Coweta,Georgia,13,077,13077,445.9,4,1724,19392,0.197290516,0.001895156
224,529,13,107,13107,Georgia,Emanuel,Yes,06, , , , , , ,1762760468,24802073, , ,00347508,0500000US13107,2.320852035,2.320852039,0.171680979,13107,853,1,117026,1901,Emanuel,Georgia,13,107,13107,690.4,95,1869,24295,0.219195715,0.002361058
225,530,13,127,13127,Georgia,Glynn,Yes,06, , , , , , ,1087277704,428507544, , ,01671513,0500000US13127,1.799103135,1.799103135,0.114134045,13127,1109,1,116986,3067,Glynn,Georgia,13,127,13127,449.4,28,3035,42761,0.285936545,0.004108673
226,531,13,137,13137,Georgia,Habersham,Yes,06, , , , , , ,716754677,5917227, , ,00351383,0500000US13137,1.491982066,1.491982068,0.071037124,13137,764,1,118296,1812,Habersham,Georgia,13,137,13137,279.2,34,1780,16941,0.220859535,0.001686645
227,532,13,139,13139,Georgia,Hall,Yes,06, , , , , , ,1017306333,94561915, , ,01686953,0500000US13139,1.716110536,1.71611054,0.108902268,13139,783,1,118453,1831,Hall,Georgia,13,139,13139,429.1,26,1799,25037,0.260965828,0.00247947
228,533,13,143,13143,Georgia,Haralson,Yes,06, , , , , , ,730804128,2616002, , ,00350637,0500000US13143,1.122829515,1.122829512,0.07140017,13143,760,1,116282,1807,Haralson,Georgia,13,143,13143,283,41,1775,27022,0.241585696,0.002657727
229,534,13,153,13153,Georgia,Houston,Yes,06, , , , , , ,972671389,11319300, , ,01671693,0500000US13153,1.812859667,1.812859669,0.09439762,13153,829,1,116609,1877,Houston,Georgia,13,153,13153,379.7,46,1845,35492,0.375441916,0.003450002
230,535,13,163,13163,Georgia,Jefferson,Yes,06, , , , , , ,1363589305,8241829, , ,00345714,0500000US13163,1.794392471,1.794392471,0.132464636,13163,814,1,117144,1862,Jefferson,Georgia,13,163,13163,529.1,96,1830,39220,0.294413188,0.003817564
231,536,13,179,13179,Georgia,Liberty,Yes,06, , , , , , ,1270160392,290378324, , ,00357095,0500000US13179,2.454213862,2.454213855,0.133574349,13179,1132,1,120352,3090,Liberty,Georgia,13,179,13179,538.7,51,3058,21310,0.236713941,0.002060294
232,537,13,183,13183,Georgia,Long,Yes,06, , , , , , ,1036971394,8900269, , ,00326719,0500000US13183,1.761398269,1.761398272,0.099583339,13183,1133,1,116949,3091,Long,Georgia,13,183,13183,403.9,36,3059,41327,0.290768717,0.003988103
233,538,13,189,13189,Georgia,McDuffie,Yes,06, , , , , , ,666816657,23116183, , ,00348794,0500000US13189,1.457811776,1.457811767,0.06693544,13189,849,1,118602,1897,McDuffie,Georgia,13,189,13189,266.3,39,1865,39642,0.296441898,0.003894753
234,539,13,205,13205,Georgia,Mitchell,Yes,06, , , , , , ,1326293136,4504163, , ,00343645,0500000US13205,1.756245183,1.756245182,0.126006621,13205,1110,1,116709,3068,Mitchell,Georgia,13,205,13205,513.9,75,3036,12559,0.174144685,0.001204284
235,540,13,215,13215,Georgia,Muscogee,Yes,06, , , , , , ,560530554,11873623, , ,00357428,0500000US13215,1.284232599,1.284232591,0.05494105,13215,723,1,116214,1766,Muscogee,Georgia,13,215,13215,221,44,1734,28585,0.075741825,0.000243066
236,541,13,217,13217,Georgia,Newton,Yes,06, , , , , , ,704988537,18130691, , ,01673547,0500000US13217,1.439865312,1.43986531,0.070204317,13217,810,1,116385,1858,Newton,Georgia,13,217,13217,279.1,38,1826,31008,0.281580214,0.003044114
237,542,13,221,13221,Georgia,Oglethorpe,Yes,06, , , , , , ,1137034476,7839342, , ,00351262,0500000US13221,1.76000928,1.76000928,0.111553969,13221,786,1,118492,1834,Oglethorpe,Georgia,13,221,13221,442.2,69,1802,33795,0.300670496,0.003341143
238,543,13,229,13229,Georgia,Pierce,Yes,06, , , , , , ,822194796,66766379, , ,00349086,0500000US13229,1.638983191,1.63898319,0.084285544,13229,1138,1,117324,3096,Pierce,Georgia,13,229,13229,343.7,34,3064,55803,0.384761943,0.005347191
239,544,13,237,13237,Georgia,Putnam,Yes,06, , , , , , ,892634307,41539311, , ,00347246,0500000US13237,1.440626391,1.440626392,0.090428273,13237,841,1,122387,1889,Putnam,Georgia,13,237,13237,360.7,64,1857,21389,0.209170503,0.00209844
240,545,13,241,13241,Georgia,Rabun,Yes,06, , , , , , ,958280740,17841170, , ,00351489,0500000US13241,1.799381147,1.799381148,0.096350448,13241,790,1,117967,1838,Rabun,Georgia,13,241,13241,377.1,74,1806,11986,0.169398002,0.001195791
241,546,13,245,13245,Georgia,Richmond,Yes,06, , , , , , ,840008407,11042333, , ,00358024,0500000US13245,1.720810175,1.720810179,0.082479902,13245,850,1,118956,1898,Richmond,Georgia,13,245,13245,328.5,40,1866,41247,0.359499676,0.004050273
242,547,13,251,13251,Georgia,Screven,Yes,06, , , , , , ,1670803635,27889023, , ,00350204,0500000US13251,2.182958476,2.18295847,0.163414181,13251,818,1,118995,1866,Screven,Georgia,13,251,13251,655.5,85,1834,20507,0.227280898,0.002002412
243,548,13,261,13261,Georgia,Sumter,Yes,06, , , , , , ,1250175768,25791631, , ,00343504,0500000US13261,1.770392272,1.770392265,0.121766184,13261,695,1,122074,1738,Sumter,Georgia,13,261,13261,492.6,98,1706,8147,0.152790829,0.000787406
244,549,13,267,13267,Georgia,Tattnall,Yes,06, , , , , , ,1241559202,23258321, , ,00347445,0500000US13267,1.952312795,1.952312798,0.120734868,13267,398,1,116930,1206,Tattnall,Georgia,13,267,13267,488.2,58,1174,49995,0.441691127,0.004826042
245,550,13,305,13305,Georgia,Wayne,Yes,06, , , , , , ,1662237948,18136042, , ,00350608,0500000US13305,2.122180278,2.12218028,0.15959147,13305,1135,1,116934,3093,Wayne,Georgia,13,305,13305,648.2,53,3061,15169,0.227770565,0.001462494
246,551,13,315,13315,Georgia,Wilcox,Yes,06, , , , , , ,978250197,11444207, , ,00345499,0500000US13315,1.639380552,1.639380557,0.094398779,13315,1105,1,116749,3063,Wilcox,Georgia,13,315,13315,383.3,41,3031,51423,0.345588605,0.004968679
247,552,13,317,13317,Georgia,Wilkes,Yes,06, , , , , , ,1215973905,11924781, , ,00351265,0500000US13317,1.840598787,1.840598781,0.119531959,13317,771,1,118371,1819,Wilkes,Georgia,13,317,13317,473.5,62,1787,15153,0.182530194,0.001495241
248,579,37,015,37015,North Carolina,Bertie,Yes,06, , , , , , ,1811097673,108727758, , ,01026334,0500000US37015,2.547325647,2.54732564,0.183813395,37015,954,1,269668,2905,Bertie,North Carolina,37,015,37015,708,39,2873,20198,0.273897194,0.002047881
249,580,37,029,37029,North Carolina,Camden,Yes,06, , , , , , ,623037915,180406784, , ,01026335,0500000US37029,1.930894945,1.930894946,0.064008932,37029,963,1,266589,2919,Camden,North Carolina,37,029,37029,241.6,23,2887,12699,0.172365112,0.001292744
250,581,37,039,37039,North Carolina,Cherokee,Yes,06, , , , , , ,1179553048,29250811, , ,01008545,0500000US37039,1.86784991,1.867849913,0.119551388,37039,795,0,265595,1843,Cherokee,North Carolina,37,039,37039,466.6,78,1811,35317,0.153246164,0.001293854
251,582,37,049,37049,North Carolina,Craven,Yes,06, , , , , , ,1836193718,168875736, , ,01026123,0500000US37049,3.238508839,3.238508836,0.187336973,37049,920,1,267503,2757,Craven,North Carolina,37,049,37049,727.2,43,2725,31867,0.265995371,0.003193209
252,583,37,055,37055,North Carolina,Dare,Yes,06, , , , , , ,992627007,3054395107, , ,01026133,0500000US37055,4.715722667,4.715722668,0.106956556,37055,925,1,267466,2773,Dare,North Carolina,37,055,37055,378,2,2741,23109,0.293875391,0.001844403
253,584,37,059,37059,North Carolina,Davie,Yes,06, , , , , , ,683501089,7616429, , ,01008549,0500000US37059,1.442198192,1.442198197,0.06902107,37059,936,1,271344,2794,Davie,North Carolina,37,059,37059,266.7,5,2762,29297,0.248739769,0.002959069
254,585,37,065,37065,North Carolina,Edgecombe,Yes,06, , , , , , ,1308600778,3616263, , ,01008551,0500000US37065,1.723721862,1.723721866,0.131013519,37065,944,1,268576,2813,Edgecombe,North Carolina,37,065,37065,506.4,31,2781,37086,0.431486237,0.003752494
255,586,37,075,37075,North Carolina,Graham,Yes,06, , , , , , ,756479703,24827629, , ,01008555,0500000US37075,1.416062468,1.416062469,0.077435602,37075,646,1,270401,1672,Graham,North Carolina,37,075,37075,301.6,53,1640,28363,0.25663122,0.002841439
256,587,37,085,37085,North Carolina,Harnett,Yes,06, , , , , , ,1540982100,16387537, , ,01008560,0500000US37085,1.8240869,1.824086902,0.154456543,37085,927,1,267023,2775,Harnett,North Carolina,37,085,37085,601.7,7,2743,12657,0.177805015,0.001267215
257,588,37,089,37089,North Carolina,Henderson,Yes,06, , , , , , ,966236940,5607354, , ,01008562,0500000US37089,1.746243583,1.746243576,0.096324247,37089,673,1,268947,1714,Henderson,North Carolina,37,089,37089,375,8,1682,26992,0.232415052,0.00270306
258,589,37,095,37095,North Carolina,Hyde,Yes,06, , , , , , ,1586697461,2101506404, , ,01008564,0500000US37095,4.030279746,4.030279746,0.181849771,37095,397,1,265979,1205,Hyde,North Carolina,37,095,37095,692,26,1173,36279,0.273420048,0.003659167
259,590,37,099,37099,North Carolina,Jackson,Yes,06, , , , , , ,1271085218,9779074, , ,01008566,0500000US37099,1.944662881,1.944662881,0.126915352,37099,672,1,265593,1712,Jackson,North Carolina,37,099,37099,494.5,66,1680,24591,0.219479521,0.000985503
260,591,37,119,37119,North Carolina,Mecklenburg,Yes,06, , , , , , ,1355606248,58054852, , ,01008570,0500000US37119,1.916142239,1.916142238,0.140017333,37119,880,1,268813,2716,Mecklenburg,North Carolina,37,119,37119,546.2,4,2684,18643,0.199731124,0.001871843
261,592,37,121,37121,North Carolina,Mitchell,Yes,06, , , , , , ,573522047,1679910, , ,01008571,0500000US37121,1.655524109,1.655524109,0.057526799,37121,666,1,268402,1704,Mitchell,North Carolina,37,121,37121,222.1,37,1672,36054,0.415683677,0.003639229
262,594,37,131,37131,North Carolina,Northampton,Yes,06, , , , , , ,1389757981,36301275, , ,01008575,0500000US37131,2.398122931,2.398122934,0.143309278,37131,923,1,265621,2771,Northampton,North Carolina,37,131,37131,550.2,6,2739,19692,0.21759702,0.002001123
263,595,37,139,37139,North Carolina,Pasquotank,Yes,06, , , , , , ,587633388,162010038, , ,01026330,0500000US37139,1.465098906,1.465098906,0.060313577,37139,964,1,267200,2920,Pasquotank,North Carolina,37,139,37139,229,8,2888,29982,0.283903653,0.003041528
264,596,37,149,37149,North Carolina,Polk,Yes,06, , , , , , ,615839291,1964035, , ,01008579,0500000US37149,1.156441821,1.156441818,0.061195782,37149,762,1,268952,1810,Polk,North Carolina,37,149,37149,238.7,5,1778,25471,0.247997268,0.002552709
265,597,37,155,37155,North Carolina,Robeson,Yes,06, , , , , , ,2457924442,5110082, , ,01026130,0500000US37155,2.343090305,2.343090302,0.2421659,37155,895,1,266508,2731,Robeson,North Carolina,37,155,37155,951,30,2699,22031,0.245056889,0.002191528
266,598,37,159,37159,North Carolina,Rowan,Yes,06, , , , , , ,1324152349,31929884, , ,01008583,0500000US37159,1.746291062,1.746291066,0.134950971,37159,939,1,271466,2797,Rowan,North Carolina,37,159,37159,524.1,4,2765,17173,0.208767452,0.001731084
267,599,37,161,37161,North Carolina,Rutherford,Yes,06, , , , , , ,1460866901,4676879, , ,01008584,0500000US37161,1.946898079,1.946898083,0.14542631,37161,594,1,268840,1499,Rutherford,North Carolina,37,161,37161,565.8,27,1467,33992,0.295847153,0.003422918
268,600,37,165,37165,North Carolina,Scotland,Yes,06, , , , , , ,825813472,3821988, , ,01008585,0500000US37165,1.362864713,1.362864713,0.081755877,37165,913,1,266483,2749,Scotland,North Carolina,37,165,37165,320.7,4,2717,12465,0.160876789,0.001245414
269,601,37,175,37175,North Carolina,Transylvania,Yes,06, , , , , , ,980388981,5135210, , ,01008589,0500000US37175,1.613171351,1.613171341,0.097555656,37175,761,1,269519,1808,Transylvania,North Carolina,37,175,37175,380.6,32,1776,15661,0.195285039,0.001566765
270,602,37,191,37191,North Carolina,Wayne,Yes,06, , , , , , ,1432255502,9870202, , ,01026128,0500000US37191,1.732396358,1.732396365,0.14304001,37191,926,1,266661,2774,Wayne,North Carolina,37,191,37191,556.5,18,2742,23191,0.221528488,0.002326934
271,610,39,073,39073,Ohio,Hocking,Yes,06, , , , , , ,1091228731,5962805, , ,01074049,0500000US39073,1.752452614,1.752452614,0.114896587,39073,864,1,283064,2396,Hocking,Ohio,39,073,39073,423.6,9,2364,11260,0.181629223,0.001190252
272,622,26,103,26103,Michigan,Marquette,Yes,06, , , , , , ,4683959018,4185358851, , ,01622994,0500000US26103,4.106142522,4.10614252,0.566939601,26103,11,1,179437,305,Marquette,Michigan,26,103,26103,1870.1,27,273,16764,0.22903908,0.001974552
273,638,28,007,28007,Mississippi,Attala,Yes,06, , , , , , ,1903594490,4421407, , ,00695728,0500000US28007,2.261845299,2.2618453,0.184283803,28007,505,1,196271,1315,Attala,Mississippi,28,007,28007,737.1,48,1283,27784,0.240534649,0.002722691
274,639,28,023,28023,Mississippi,Clarke,Yes,06, , , , , , ,1791177246,5069758, , ,00695736,0500000US28023,1.660242611,1.660242611,0.171491168,28023,969,1,195875,2925,Clarke,Mississippi,28,023,28023,693.4,105,2893,38094,0.158091138,0.000994452
275,640,28,033,28033,Mississippi,DeSoto,Yes,06, , , , , , ,1233558767,53622534, , ,00695741,0500000US28033,2.043226356,2.04322636,0.126887785,28033,488,1,196025,1298,DeSoto,Mississippi,28,033,28033,496.8,14,1266,22679,0.116026741,0.000759975
276,641,28,049,28049,Mississippi,Hinds,Yes,06, , , , , , ,2252694392,19479845, , ,00695748,0500000US28049,2.888710972,2.888710968,0.217517518,28049,520,0,196463,1330,Hinds,Mississippi,28,049,28049,877.3,64,1298,28888,0.346494268,0.002803961
277,642,28,053,28053,Mississippi,Humphreys,Yes,06, , , , , , ,1083947213,32942668, , ,00695750,0500000US28053,2.093963844,2.093963845,0.107886614,28053,524,1,200802,1334,Humphreys,Mississippi,28,053,28053,431.2,28,1302,39145,0.402150689,0.004744213
278,643,28,083,28083,Mississippi,Leflore,Yes,06, , , , , , ,1536793557,33720310, , ,00695765,0500000US28083,2.401810118,2.401810119,0.152485555,28083,416,1,200538,1224,Leflore,Mississippi,28,083,28083,606.3,58,1192,31145.64281,0.323747662,0.003059933
279,644,28,089,28089,Mississippi,Madison,Yes,06, , , , , , ,1850054742,71147843, , ,00695768,0500000US28089,2.7004717,2.700471701,0.184586452,28089,517,1,196351,1327,Madison,Mississippi,28,089,28089,741.9,53,1295,33925,0.307971563,0.003308801
280,645,28,109,28109,Mississippi,Pearl River,Yes,06, , , , , , ,2100183753,20778648, , ,00695777,0500000US28109,2.508296803,2.508296802,0.199694781,28109,1029,1,196038,2985,Pearl River,Mississippi,28,109,28109,818.9,106,2953,33678,0.24392115,0.002166877
281,646,28,143,28143,Mississippi,Tunica,Yes,06, , , , , , ,1177602341,67538875, , ,00695792,0500000US28143,2.352199131,2.35219913,0.122449743,28143,476,1,200396,1286,Tunica,Mississippi,28,143,28143,480.8,32,1254,26348.95039,0.328928191,0.002613694
282,647,28,145,28145,Mississippi,Union,Yes,06, , , , , , ,1076399070,3387491, , ,00695793,0500000US28145,1.484153766,1.484153766,0.105961738,28145,478,1,197160,1288,Union,Mississippi,28,145,28145,416.9,22,1256,24243,0.237112562,0.002411036
283,650,29,149,29149,Missouri,Oregon,Yes,06, , , , , , ,2045561468,4528617, , ,00758529,0500000US29149,1.886225847,1.886225849,0.206738615,29149,540,1,201454,1356,Oregon,Missouri,29,149,29149,791.6,38,1324,32364,0.29638474,0.003304772
284,672,33,009,33009,New Hampshire,Grafton,Yes,06, , , , , , ,4425927252,105375486, , ,00873178,0500000US33009,3.81945777,3.819457773,0.508045351,33009,878,1,245070,2676,Grafton,New Hampshire,33,009,33009,1750.5,6,2644,30973,0.283546259,0.003488413
285,680,48,073,48073,Texas,Cherokee,Yes,06, , , , , , ,2727190277,23872811, , ,01383822,0500000US48073,3.476242199,3.476242198,0.262092124,48073,77,1,330455,387,Cherokee,Texas,48,073,48073,1062,122,355,34622,0.260672853,0.00334179
286,681,48,079,48079,Texas,Cochran,Yes,06, , , , , , ,2007614625,229068, , ,01383825,0500000US48079,1.767241284,1.767241285,0.195058139,48079,209,1,330602,920,Cochran,Texas,48,079,48079,775.3,94,888,11593,0.193913953,0.001138338
287,682,48,089,48089,Texas,Colorado,Yes,06, , , , , , ,2487152099,34682218, , ,01383830,0500000US48089,2.353136545,2.353136546,0.234887392,48089,101,1,330381,411,Colorado,Texas,48,089,48089,973.2,122,379,36683,0.265553959,0.003460711
288,683,48,109,48109,Texas,Culberson,Yes,06, , , , , , ,9875068436,556176, , ,01383840,0500000US48109,4.066156291,4.066156289,0.937353194,48109,22,1,330430,332,Culberson,Texas,48,109,48109,3812.7,313,300,33180,0.320138093,0.003187755
289,684,48,119,48119,Texas,Delta,Yes,06, , , , , , ,665174293,54665989, , ,01383846,0500000US48119,2.089868329,2.089868326,0.069771059,48119,385,1,330939,1191,Delta,Texas,48,119,48119,277.9,48,1159,32198,0.268218866,0.003162351
290,685,48,167,48167,Texas,Galveston,Yes,06, , , , , , ,981395209,1281720062, , ,01383869,0500000US48167,3.931084909,3.931084916,0.100884087,48167,41,1,330716,351,Galveston,Texas,48,167,48167,403.3,15,319,156240,0.163006209,0.001362503
291,686,48,187,48187,Texas,Guadalupe,Yes,06, , , , , , ,1842194023,9105935, , ,01383879,0500000US48187,2.354894407,2.354894403,0.17236792,48187,102,1,330475,412,Guadalupe,Texas,48,187,48187,714.6,83,380,28348,0.29691558,0.002671828
292,687,48,203,48203,Texas,Harrison,Yes,06, , , , , , ,2330820963,40969626, , ,01383887,0500000US48203,2.525553844,2.525553845,0.227710665,48203,435,1,330354,1243,Harrison,Texas,48,203,48203,915.1,120,1211,17369,0.19310063,0.001686888
293,688,48,207,48207,Texas,Haskell,Yes,06, , , , , , ,2339103745,18465208, , ,01383889,0500000US48207,1.91544315,1.915443149,0.227952569,48207,325,1,330298,1131,Haskell,Texas,48,207,48207,910.3,97,1099,11047,0.136728822,0.001079083
294,689,48,241,48241,Texas,Jasper,Yes,06, , , , , , ,2431621516,79883686, , ,01383906,0500000US48241,3.673473797,3.673473802,0.236537688,48241,974,1,330468,2930,Jasper,Texas,48,241,48241,969.6,126,2898,29833,0.275595562,0.002853409
295,690,48,261,48261,Texas,Kenedy,Yes,06, , , , , , ,3777420278,1262171536, , ,01383916,0500000US48261,4.31696938,4.316969381,0.363325247,48261,122,1,330845,432,Kenedy,Texas,48,261,48261,1416.9,27,400,17787,0.262492591,0.001525219
296,691,48,267,48267,Texas,Kimble,Yes,06, , , , , , ,3240117627,493612, , ,01383919,0500000US48267,2.472060413,2.472060412,0.304462313,48267,65,1,330442,375,Kimble,Texas,48,267,48267,1250.9,158,343,28395,0.349924958,0.0026996
297,692,48,277,48277,Texas,Lamar,Yes,06, , , , , , ,2349622248,67103114, , ,01383925,0500000US48277,2.511182487,2.511182475,0.234934022,48277,301,1,330807,1107,Lamar,Texas,48,277,48277,932.5,105,1075,35509,0.285199242,0.003493471
298,693,48,287,48287,Texas,Lee,Yes,06, , , , , , ,1629156479,13155064, , ,01383929,0500000US48287,2.116800345,2.116800336,0.154032114,48287,39,1,330339,349,Lee,Texas,48,287,48287,633.5,86,317,20809,0.203127978,0.001976813
299,694,48,301,48301,Texas,Loving,Yes,06, , , , , , ,1732508079,20151773, , ,01383936,0500000US48301,2.13440573,2.134405726,0.166950484,48301,24,1,330570,334,Loving,Texas,48,301,48301,676.9,73,302,25156,0.231347601,0.002425264
300,695,48,311,48311,Texas,McMullen,Yes,06, , , , , , ,2952084780,43985849, , ,01383947,0500000US48311,2.115180444,2.115180444,0.275652657,48311,126,1,330345,436,McMullen,Texas,48,311,48311,1142.7,139,404,9021,0.195069906,0.000841865
301,696,48,327,48327,Texas,Menard,Yes,06, , , , , , ,2336245915,613558, , ,01383949,0500000US48327,2.017315261,2.01731526,0.22043221,48327,74,1,330408,384,Menard,Texas,48,327,48327,902.2,111,352,13199,0.153914504,0.001260726
302,719,51,195,51195,Virginia,Wise,Yes,06, , , , , , ,1045666201,5284422, , ,01496656,0500000US51195,2.184890987,2.184890996,0.106226955,51195,593,1,369589,1492,Wise,Virginia,51,195,51195,405.2,27,1460,23389,0.207332799,0.002140395
303,732,54,045,54045,West Virginia,Logan,Yes,06, , , , , , ,1175311683,4728037, , ,01550029,0500000US54045,2.347688534,2.347688543,0.120770763,54045,620,1,380897,1612,Logan,West Virginia,54,045,54045,455.6,46,1580,32616,0.326430813,0.003379224
304,738,48,341,48341,Texas,Moore,Yes,06, , , , , , ,2330188757,25718180, , ,01383956,0500000US48341,1.94998194,1.94998194,0.235006947,48341,235,1,330385,992,Moore,Texas,48,341,48341,909.6,58,960,11188,0.15573881,0.001129221
305,739,48,347,48347,Texas,Nacogdoches,Yes,06, , , , , , ,2451523984,89758917, , ,01383959,0500000US48347,3.598111201,3.598111199,0.241552787,48347,995,1,330440,2951,Nacogdoches,Texas,48,347,48347,981.3,129,2919,19513,0.186937832,0.001878417
306,740,48,351,48351,Texas,Newton,Yes,06, , , , , , ,2418212365,15672120, , ,01383961,0500000US48351,3.223971598,3.223971603,0.229309298,48351,973,1,330402,2929,Newton,Texas,48,351,48351,939.5,119,2897,16270,0.172708456,0.00155107
307,741,48,371,48371,Texas,Pecos,Yes,06, , , , , , ,12338323371,2532275, , ,01383971,0500000US48371,5.965052321,5.965052335,1.162848489,48371,18,1,330359,328,Pecos,Texas,48,371,48371,4764.7,499,296,31626,0.269352581,0.003002042
308,742,48,377,48377,Texas,Presidio,Yes,06, , , , , , ,9985028247,1773160, , ,01383974,0500000US48377,5.220584425,5.220584427,0.933661037,48377,21,1,330413,331,Presidio,Texas,48,377,48377,3856.2,388,299,27314,0.284501567,0.00258106
309,743,48,387,48387,Texas,Red River,Yes,06, , , , , , ,2684724438,52207793, , ,01383979,0500000US48387,3.331943084,3.33194308,0.266078827,48387,298,1,330797,1104,Red River,Texas,48,387,48387,1057.6,123,1072,10713,0.193188887,0.001052139
310,744,48,395,48395,Texas,Robertson,Yes,06, , , , , , ,2216232353,25046240, , ,01383983,0500000US48395,2.46242892,2.462428923,0.211738959,48395,85,1,330516,395,Robertson,Texas,48,395,48395,865.6,104,363,12926,0.163166182,0.001236181
311,745,48,405,48405,Texas,San Augustine,Yes,06, , , , , , ,1374395480,159612559, , ,01383988,0500000US48405,2.38945686,2.389456878,0.145467817,48405,998,1,330448,2954,San Augustine,Texas,48,405,48405,592.2,79,2922,11954,0.208528217,0.001145411
312,746,48,415,48415,Texas,Scurry,Yes,06, , , , , , ,2345088411,5439884, , ,01383993,0500000US48415,1.9061411,1.906141099,0.226129267,48415,315,1,330449,1121,Scurry,Texas,48,415,48415,907.5,97,1089,34340,0.26748008,0.003338333
313,747,48,427,48427,Texas,Starr,Yes,06, , , , , , ,3168060433,15302229, , ,01383999,0500000US48427,2.583696869,2.583696869,0.28816132,48427,123,1,330467,433,Starr,Texas,48,427,48427,1229.3,114,401,47210,0.302324018,0.004334802
314,748,48,435,48435,Texas,Sutton,Yes,06, , , , , , ,3765524960,1277066, , ,01384003,0500000US48435,2.526959371,2.526959373,0.35383452,48435,66,1,330462,376,Sutton,Texas,48,435,48435,1454.4,159,344,15615,0.199479511,0.001483086
315,749,48,455,48455,Texas,Trinity,Yes,06, , , , , , ,1796490616,52678059, , ,01384013,0500000US48455,2.203707361,2.203707366,0.174819178,48455,84,1,331245,394,Trinity,Texas,48,455,48455,714,98,362,15671,0.172790704,0.001499413
316,750,48,457,48457,Texas,Tyler,Yes,06, , , , , , ,2394446027,28806215, , ,01384014,0500000US48457,2.628587255,2.628587259,0.228350891,48457,1007,1,330365,2963,Tyler,Texas,48,457,48457,935.7,107,2931,27913,0.337828335,0.002656549
317,751,48,465,48465,Texas,Val Verde,Yes,06, , , , , , ,8144863841,227711201, , ,01384018,0500000US48465,4.40509784,4.405097841,0.782008969,48465,48,1,330279,358,Val Verde,Texas,48,465,48465,3232.4,370,326,23501,0.246716218,0.002229084
318,752,48,475,48475,Texas,Ward,Yes,06, , , , , , ,2164200435,624206, , ,01384023,0500000US48475,2.831057834,2.831057844,0.205565557,48475,31,1,330708,341,Ward,Texas,48,475,48475,835.7,67,309,48584,0.321676402,0.004668816
319,753,48,477,48477,Texas,Washington,Yes,06, , , , , , ,1564237320,46089367, , ,01384024,0500000US48477,2.511709901,2.511709902,0.150880068,48477,99,1,330314,409,Washington,Texas,48,477,48477,621.5,92,377,25558,0.227426574,0.002421962
320,754,49,037,49037,Utah,San Juan,Yes,06, , , , , , ,20253911802,293108002, , ,01448032,0500000US49037,8.694854034,8.694854032,2.097192202,49037,180,1,355715,502,San Juan,Utah,49,037,49037,7933.2,51,470,24036,0.200660832,0.001916935
321,761,40,055,40055,Oklahoma,Greer,Yes,06, , , , , , ,1655842699,11157419, , ,01101815,0500000US40055,2.233265218,2.233265222,0.164471083,40055,345,1,288915,1151,Greer,Oklahoma,40,055,40055,643.7,46,1119,24685,0.246852775,0.002470912
322,762,40,057,40057,Oklahoma,Harmon,Yes,06, , , , , , ,1391326850,3800419, , ,01101816,0500000US40057,1.696069823,1.696069826,0.137359973,40057,346,1,290416,1152,Harmon,Oklahoma,40,057,40057,538.6,54,1120,21139,0.256694924,0.002111854
323,763,40,065,40065,Oklahoma,Jackson,Yes,06, , , , , , ,2078855902,4114419, , ,01101820,0500000US40065,3.229967382,3.229967385,0.204664122,40065,331,1,289676,1137,Jackson,Oklahoma,40,065,40065,803.9,71,1105,24522,0.279816289,0.002444899
324,764,40,075,40075,Oklahoma,Kiowa,Yes,06, , , , , , ,2629209766,40296748, , ,01101825,0500000US40075,3.138957638,3.138957636,0.263331907,40075,344,1,288923,1150,Kiowa,Oklahoma,40,075,40075,1030.6,63,1118,10973,0.187975415,0.001097756
325,765,40,087,40087,Oklahoma,McClain,Yes,06, , , , , , ,1478114664,24734720, , ,01101834,0500000US40087,2.491309662,2.491309665,0.14841792,40087,363,1,288647,1169,McClain,Oklahoma,40,087,40087,579.7,44,1137,23010,0.21957411,0.002296013
326,766,40,095,40095,Oklahoma,Marshall,Yes,06, , , , , , ,961304500,144198670, , ,01101832,0500000US40095,1.760750552,1.760750554,0.107912528,40095,360,1,288380,1166,Marshall,Oklahoma,40,095,40095,427,51,1134,26947,0.218764726,0.001317375
327,767,40,117,40117,Oklahoma,Pawnee,Yes,06, , , , , , ,1471563062,68854221, , ,01101846,0500000US40117,2.434642902,2.434642904,0.154587012,40117,268,1,287406,1073,Pawnee,Oklahoma,40,117,40117,594.9,87,1041,17094,0.183816065,0.001739635
328,768,40,125,40125,Oklahoma,Pottawatomie,Yes,06, , , , , , ,2040060324,14842446, , ,01101850,0500000US40125,2.333631222,2.333631216,0.203398172,40125,292,1,288864,1098,Pottawatomie,Oklahoma,40,125,40125,793.3,118,1066,29525,0.260753248,0.002967061
329,769,40,135,40135,Oklahoma,Sequoyah,Yes,06, , , , , , ,1743771857,105840320, , ,01101855,0500000US40135,2.090371051,2.090371051,0.183727118,40135,538,1,285870,1352,Sequoyah,Oklahoma,40,135,40135,714.9,94,1320,20244,0.222348588,0.00203769
330,770,40,141,40141,Oklahoma,Tillman,Yes,06, , , , , , ,2256226793,20894330, , ,01101858,0500000US40141,2.488889862,2.488889859,0.223171718,40141,336,1,288610,1142,Tillman,Oklahoma,40,141,40141,879.4,73,1110,18131,0.188377234,0.001799756
331,771,40,145,40145,Oklahoma,Wagoner,Yes,06, , , , , , ,1454425260,75403467, , ,01101860,0500000US40145,2.09596474,2.095964741,0.152833141,40145,285,1,287014,1091,Wagoner,Oklahoma,40,145,40145,590.7,55,1059,23263,0.209164784,0.002354419
332,775,41,065,41065,Oregon,Wasco,Yes,06, , , , , , ,6168174850,35950032, , ,01155136,0500000US41065,5.433836539,5.433836545,0.710012571,41065,8,1,299049,80,Wasco,Oregon,41,065,41065,2395.3,15,48,36574,0.295024985,0.004210682
333,778,42,033,42033,Pennsylvania,Clearfield,Yes,06, , , , , , ,2964817863,23932295, , ,01209175,0500000US42033,2.819738916,2.81973892,0.319892554,42033,0,0,0,0, , , , , ,0,0,0,0,0,0
334,787,45,009,45009,South Carolina,Bamberg,Yes,06, , , , , , ,1018815582,5685839, , ,01247982,0500000US45009,1.675961029,1.675961027,0.099071619,45009,852,1,315545,1900,Bamberg,South Carolina,45,009,45009,395.3,43,1868,25095,0.340578183,0.002461613
335,788,45,013,45013,South Carolina,Beaufort,Yes,06, , , , , , ,1492521278,899064423, , ,01247984,0500000US45013,2.966181293,2.96618129,0.175677872,45013,893,1,313316,2729,Beaufort,South Carolina,45,013,45013,615.2,23,2697,32025,0.428564017,0.003113754
336,789,45,015,45015,South Carolina,Berkeley,Yes,06, , , , , , ,2846196280,337556517, , ,01247985,0500000US45015,3.179929653,3.179929649,0.307860831,45015,889,1,314145,2725,Berkeley,South Carolina,45,015,45015,1228.3,113,2693,165142,0.534345686,0.01621789
337,790,45,019,45019,South Carolina,Charleston,Yes,06, , , , , , ,2372842384,1144346091, , ,01252740,0500000US45019,4.667946067,4.667946066,0.255693471,45019,892,1,313348,2728,Charleston,South Carolina,45,019,45019,986.2,58,2696,31766,0.239074558,0.003012445
338,791,45,025,45025,South Carolina,Chesterfield,Yes,06, , , , , , ,2069616280,17254083, , ,01247989,0500000US45025,2.369188233,2.369188239,0.205209994,45025,897,0,314596,2733,Chesterfield,South Carolina,45,025,45025,806,7,2701,27940,0.371500221,0.002781907
339,792,45,029,45029,South Carolina,Colleton,Yes,06, , , , , , ,2736303083,198896903, , ,01247991,0500000US45029,3.679260802,3.679260801,0.268413321,45029,891,1,315775,2727,Colleton,South Carolina,45,029,45029,1075.1,74,2695,25535,0.265575396,0.002497897
340,793,45,043,45043,South Carolina,Georgetown,Yes,06, , , , , , ,2107094107,572624628, , ,01248002,0500000US45043,2.471102404,2.471102406,0.218894045,45043,888,1,314297,2724,Georgetown,South Carolina,45,043,45043,847.2,69,2692,29210,0.396808062,0.002860034
341,794,45,045,45045,South Carolina,Greenville,Yes,06, , , , , , ,2033442807,25236131, , ,01245489,0500000US45045,2.948566756,2.948566761,0.203055856,45045,763,1,312889,1811,Greenville,South Carolina,45,045,45045,794.6,28,1779,16546,0.095318956,0.00047235
342,795,45,053,45053,South Carolina,Jasper,Yes,06, , , , , , ,1697265755,114074622, , ,01248006,0500000US45053,2.903170477,2.903170484,0.166983226,45053,854,1,312875,1902,Jasper,South Carolina,45,053,45053,666.8,59,1870,42348,0.35348842,0.001523999
343,796,45,055,45055,South Carolina,Kershaw,Yes,06, , , , , , ,1881777521,35709176, , ,01248007,0500000US45055,2.484651541,2.48465155,0.187846284,45055,901,0,314914,2737,Kershaw,South Carolina,45,055,45055,740.2,12,2705,12458,0.216073496,0.001238505
344,797,45,063,45063,South Carolina,Lexington,Yes,06, , , , , , ,1810452405,152054774, , ,01244251,0500000US45063,2.25225023,2.252250232,0.191296781,45063,805,1,313884,1853,Lexington,South Carolina,45,063,45063,757.2,14,1821,26994,0.311050036,0.002666657
345,798,45,065,45065,South Carolina,McCormick,Yes,06, , , , , , ,930141767,89983096, , ,01248012,0500000US45065,2.064544099,2.064544102,0.099428806,45065,770,1,312835,1818,McCormick,South Carolina,45,065,45065,394,64,1786,53723,0.137843909,0.000809173
346,799,45,083,45083,South Carolina,Spartanburg,Yes,06, , , , , , ,2092612119,29216508, , ,01248592,0500000US45083,2.040496661,2.040496661,0.20934755,45083,797,1,313029,1845,Spartanburg,South Carolina,45,083,45083,819.2,16,1813,29716,0.136694823,0.000323577
347,800,45,089,45089,South Carolina,Williamsburg,Yes,06, , , , , , ,2419464643,7469541, , ,01248018,0500000US45089,2.466110603,2.466110599,0.235795431,45089,885,0,314153,2721,Williamsburg,South Carolina,45,089,45089,937.4,48,2689,24818,0.25335916,0.002437764
348,808,47,013,47013,Tennessee,Campbell,Yes,06, , , , , , ,1243580269,46494626, , ,01639728,0500000US47013,2.027891082,2.027891085,0.129618918,47013,658,1,326153,1684,Campbell,Tennessee,47,013,47013,498.3,29,1652,31808,0.286494368,0.003239765
349,812,47,059,47059,Tennessee,Greene,Yes,06, , , , , , ,1611346172,5099643, , ,01639747,0500000US47059,2.003332053,2.003332052,0.161940157,47059,638,0,326453,1664,Greene,Tennessee,47,059,47059,624.3,32,1632,16187,0.174219334,0.000389981
350,814,47,073,47073,Tennessee,Hawkins,Yes,06, , , , , , ,1261443222,32545384, , ,01639752,0500000US47073,2.169280209,2.169280202,0.130080087,47073,659,1,326586,1685,Hawkins,Tennessee,47,073,47073,499.4,12,1653,7054,0.161890562,0.00071813
351,817,47,107,47107,Tennessee,McMinn,Yes,06, , , , , , ,1114009044,5340544, , ,01639773,0500000US47107,1.715719229,1.715719233,0.111102162,47107,600,1,326801,1516,McMinn,Tennessee,47,107,47107,432.3,52,1484,38859,0.320547121,0.003913142
352,820,47,123,47123,Tennessee,Monroe,Yes,06, , , , , , ,1646119133,44007149, , ,01639776,0500000US47123,2.551180316,2.551180321,0.167810706,47123,645,1,326423,1671,Monroe,Tennessee,47,123,47123,652.6,78,1639,20916,0.114809338,0.000319486
353,821,47,143,47143,Tennessee,Rhea,Yes,06, , , , , , ,816822919,54463447, , ,01639784,0500000US47143,1.750053068,1.750053065,0.086674096,47143,611,1,330238,1546,Rhea,Tennessee,47,143,47143,336.4,9,1514,39485,0.303553101,0.003987297
354,827,48,003,48003,Texas,Andrews,Yes,06, , , , , , ,3886769981,957039, , ,01383787,0500000US48003,2.578747581,2.578747582,0.372281197,48003,229,1,330273,946,Andrews,Texas,48,003,48003,1501,148,914,21461,0.22807018,0.002078326
355,828,48,037,48037,Texas,Bowie,Yes,06, , , , , , ,2292153890,98319882, , ,01383804,0500000US48037,3.890247146,3.890247146,0.231807326,48037,436,1,330520,1244,Bowie,Texas,48,037,48037,922.8,120,1212,21212,0.221941163,0.002079746
356,829,48,043,48043,Texas,Brewster,Yes,06, , , , , , ,16015915648,22063636, , ,01383807,0500000US48043,5.981086635,5.981086637,1.496708741,48043,19,1,330284,329,Brewster,Texas,48,043,48043,6192.8,637,297,28455,0.248095564,0.002690518
357,830,48,047,48047,Texas,Brooks,Yes,06, , , , , , ,2443273798,741627, , ,01383809,0500000US48047,2.055811624,2.055811623,0.222256639,48047,121,1,331083,431,Brooks,Texas,48,047,48047,943.6,44,399,15784,0.210082143,0.001455198
358,831,48,053,48053,Texas,Burnet,Yes,06, , , , , , ,2575116256,69940832, , ,01383812,0500000US48053,2.491226044,2.491226045,0.24928919,48053,88,1,330370,398,Burnet,Texas,48,053,48053,1021.4,130,366,39289,0.286945724,0.003753389
359,832,48,057,48057,Texas,Calhoun,Yes,06, , , , , , ,1312707157,1361903489, , ,01383814,0500000US48057,3.583669883,3.583669886,0.178315369,48057,133,1,331289,443,Calhoun,Texas,48,057,48057,530.9,27,411,220064,1.319649387,0.02028903
360,833,48,067,48067,Texas,Cass,Yes,06, , , , , , ,2426723565,60499733, , ,01383819,0500000US48067,2.653066002,2.653066001,0.240198437,48067,441,1,331084,1249,Cass,Texas,48,067,48067,960.3,113,1217,9554,0.144743341,0.000933093
361,841,20,019,20019,Kansas,Chautauqua,Yes,06, , , , , , ,1654693638,15243752, , ,00484979,0500000US20019,1.726068034,1.726068033,0.169394203,20019,263,1,156507,1068,Chautauqua,Kansas,20,019,20019,644.8,20,1036,40088,0.268919556,0.002992471
362,847,21,071,21071,Kentucky,Floyd,Yes,06, , , , , , ,1018762993,6108925, , ,00516882,0500000US21071,1.99199032,1.991990315,0.10451485,21071,626,1,163036,1624,Floyd,Kentucky,21,071,21071,395.5,44,1592,24273,0.253578346,0.002504039
363,860,01,003,01003,Alabama,Baldwin,Yes,06, , , , , , ,4117583653,1133130093, , ,00161527,0500000US01003,4.277985358,4.277985361,0.409937682,01003,1058,1,69,3016,Baldwin,Alabama,01,003,01003,1654.5,178,2984,8968,0.195452711,0.00085771
364,861,01,009,01009,Alabama,Blount,Yes,06, , , , , , ,1670041814,15077461, , ,00161530,0500000US01009,2.392305126,2.392305126,0.164403709,01009,743,1,4619,1788,Blount,Alabama,01,009,01009,650.6,6,1756,44449,0.327045179,0.004382088
365,862,01,025,01025,Alabama,Clarke,Yes,06, , , , , , ,3207612199,36542657, , ,00161538,0500000US01025,3.777185781,3.777185783,0.308576293,01025,972,1,3831,2928,Clarke,Alabama,01,025,01025,1252.5,141,2896,19515,0.20582942,0.001884769
366,863,01,035,01035,Alabama,Conecuh,Yes,06, , , , , , ,2201896148,6643478, , ,00161543,0500000US01035,2.563523034,2.563523037,0.209553543,01035,1086,1,1368,3044,Conecuh,Alabama,01,035,01035,852.9,126,3012,42635,0.331902745,0.004082191
367,864,01,071,01071,Alabama,Jackson,Yes,06, , , , , , ,2791664974,126657151, , ,00161561,0500000US01071,2.653247688,2.653247695,0.287465416,01071,728,1,317,1773,Jackson,Alabama,01,071,01071,1126.7,27,1741,17242,0.187629102,0.001717504
368,865,01,097,01097,Alabama,Mobile,Yes,06, , , , , , ,3184112222,1073860915, , ,00161575,0500000US01097,3.680644392,3.680644388,0.309645967,01097,1028,1,129,2984,Mobile,Alabama,01,097,01097,1252.7,77,2952,12394,0.252379836,0.001181519
369,866,01,109,01109,Alabama,Pike,Yes,06, , , , , , ,1740741440,2336918, , ,00161581,0500000US01109,2.138860281,2.138860272,0.166013255,01109,1087,1,913,3045,Pike,Alabama,01,109,01109,672.1,70,3013,19709,0.213198045,0.001900317
370,867,01,119,01119,Alabama,Sumter,Yes,06, , , , , , ,2341060545,24433134, , ,00161585,0500000US01119,3.062334783,3.062334785,0.227133562,01119,511,1,2116,1321,Sumter,Alabama,01,119,01119,913.3,128,1289,20069,0.261335274,0.001959856
371,868,01,121,01121,Alabama,Talladega,Yes,06, , , , , , ,1908244350,60939131, , ,00161586,0500000US01121,2.721628214,2.721628211,0.190806812,01121,696,0,2374,1739,Talladega,Alabama,01,121,01121,760.2,31,1707,37666,0.310896341,0.003701119
372,869,01,129,01129,Alabama,Washington,Yes,06, , , , , , ,2797722215,21650837, , ,00161590,0500000US01129,2.628512217,2.628512216,0.267440581,01129,1019,1,221,2975,Washington,Alabama,01,129,01129,1088.5,112,2943,26545,0.274768599,0.002544949
373,877,05,001,05001,Arkansas,Arkansas,Yes,06, , , , , , ,2560983561,116414546, , ,00063755,0500000US05001,3.08929047,3.089290466,0.262150643,05001,407,1,74010,1215,Arkansas,Arkansas,05,001,05001,1033.8,113,1183,32294,0.261823171,0.00318718
374,878,05,003,05003,Arkansas,Ashley,Yes,06, , , , , , ,2396641855,39310622, , ,00063756,0500000US05003,2.377187202,2.377187194,0.235536494,05003,443,1,73989,1251,Ashley,Arkansas,05,003,05003,939.1,116,1219,22492,0.254065225,0.001035877
375,879,05,011,05011,Arkansas,Bradley,Yes,06, , , , , , ,1681514451,9532926, , ,00063757,0500000US05011,2.39860537,2.39860536,0.164009913,05011,442,1,74067,1250,Bradley,Arkansas,05,011,05011,654.4,90,1218,19815,0.247216264,0.001945328
376,880,05,019,05019,Arkansas,Clark,Yes,06, , , , , , ,2243121926,43395969, , ,00066845,0500000US05019,2.995927393,2.995927395,0.223268967,05019,456,1,74009,1264,Clark,Arkansas,05,019,05019,882.6,125,1232,29619,0.235343621,0.002919887
377,881,05,021,05021,Arkansas,Clay,Yes,06, , , , , , ,1656162436,5149697, , ,00063759,0500000US05021,2.28444567,2.28444567,0.166922381,05021,591,0,74427,1474,Clay,Arkansas,05,021,05021,641.4,4,1442,27223,0.440393253,0.002615194
378,882,05,073,05073,Arkansas,Lafayette,Yes,06, , , , , , ,1368208572,43539042, , ,00066864,0500000US05073,2.386395551,2.386395549,0.136564024,05073,438,1,74032,1246,Lafayette,Arkansas,05,073,05073,545.1,78,1214,23879,0.243366868,0.002336848
379,883,05,099,05099,Arkansas,Nevada,Yes,06, , , , , , ,1600189832,7257493, , ,00069169,0500000US05099,1.95239801,1.952398014,0.156287922,05099,413,1,73992,1221,Nevada,Arkansas,05,099,05099,620.8,86,1189,12405,0.217242315,0.001220905
380,884,05,121,05121,Arkansas,Randolph,Yes,06, , , , , , ,1689275585,9858841, , ,00069178,0500000US05121,2.222250602,2.222250603,0.170554218,05121,592,1,74012,1475,Randolph,Arkansas,05,121,05121,656,59,1443,29536,0.27245792,0.002995486
381,885,05,131,05131,Arkansas,Sebastian,Yes,06, , , , , , ,1377549293,39702896, , ,00069181,0500000US05131,2.097312882,2.097312879,0.140281621,05131,402,1,73995,1210,Sebastian,Arkansas,05,131,05131,545.9,85,1178,26791,0.249359763,0.002682325
382,886,05,145,05145,Arkansas,White,Yes,06, , , , , , ,2680817964,18326633, , ,00069906,0500000US05145,3.33257092,3.332570914,0.26734884,05145,399,1,74243,1207,White,Arkansas,05,145,05145,1042.2,72,1175,26889,0.33593069,0.002690297
383,887,06,001,06001,California,Alameda,Yes,06, , , , , , ,1914240897,212981773, , ,01675839,0500000US06001,2.752699475,2.752699476,0.199046906,06001,170,1,80454,490,Alameda,California,06,001,06001,744,107,458,20910,0.2187066,0.002157952
384,888,06,013,06013,California,Contra Costa,Yes,06, , , , , , ,1871894611,209855218, , ,01675903,0500000US06013,2.709349652,2.709349655,0.201833714,06013,168,1,81158,488,Contra Costa,California,06,013,06013,750,101,456,10382,0.152844949,0.001074549
385,889,06,017,06017,California,El Dorado,Yes,06, , , , , , ,4423442486,203356347, , ,00277273,0500000US06017,3.751860807,3.751860811,0.479625886,06017,196,1,84783,544,El Dorado,California,06,017,06017,1790,178,512,33678,0.282349651,0.003521952
386,890,06,023,06023,California,Humboldt,Yes,06, , , , , , ,9241050191,1254256517, , ,01681908,0500000US06023,4.974610162,4.974610162,0.996460854,06023,2,1,85183,17,Humboldt,California,06,023,06023,3586.5,402,12,38593,0.339117835,0.004166555
387,891,06,039,06039,California,Madera,Yes,06, , , , , , ,5535058234,41957135, , ,00277284,0500000US06039,4.829252483,4.829252478,0.566060627,06039,157,1,82068,477,Madera,California,06,039,06039,2153.7,225,445,37030,0.290968203,0.003818108
388,892,06,043,06043,California,Mariposa,Yes,06, , , , , , ,3752425638,36268140, , ,00277286,0500000US06043,3.410019849,3.410019847,0.386530753,06043,171,1,80297,491,Mariposa,California,06,043,06043,1458.2,204,459,9576,0.165200879,0.000985019
389,893,06,057,06057,California,Nevada,Yes,06, , , , , , ,2480638586,41513176, , ,01682927,0500000US06057,3.518561163,3.518561154,0.263450096,06057,193,1,93478,540,Nevada,California,06,057,06057,974.8,85,508,24689,0.238979234,0.00261556
390,894,06,061,06061,California,Placer,Yes,06, , , , , , ,3644346108,246376805, , ,00277295,0500000US06061,4.319944586,4.319944582,0.404984485,06061,195,1,81956,542,Placer,California,06,061,06061,1500.5,147,510,14483,0.184696786,0.001520652
391,895,06,071,06071,California,San Bernardino,Yes,06, , , , , , ,51947497395,123929658, , ,00277300,0500000US06071,10.4329815,10.4329815,5.132193491,06071,147,1,80630,466,San Bernardino,California,06,071,06071,20106,322,434,23260,0.216814066,0.002303311
392,896,06,073,06073,California,San Diego,Yes,06, , , , , , ,10895213672,826296339, , ,00277301,0500000US06073,4.637788847,4.637788845,1.064849838,06073,153,1,82411,472,San Diego,California,06,073,06073,4238.6,268,440,22893,0.321343297,0.002245215
393,897,06,079,06079,California,San Luis Obispo,Yes,06, , , , , , ,8543720566,820409436, , ,00277304,0500000US06079,5.890753648,5.890753647,0.853982488,06079,148,1,85393,467,San Luis Obispo,California,06,079,06079,3319.5,446,435,14060,0.166044348,0.001404975
394,898,06,083,06083,California,Santa Barbara,Yes,06, , , , , , ,7083926262,2729818040, , ,00277306,0500000US06083,6.349540417,6.34954041,0.700942988,06083,151,1,92681,470,Santa Barbara,California,06,083,06083,2748.8,337,438,25066,0.261350113,0.002495234
395,899,06,089,06089,California,Shasta,Yes,06, , , , , , ,9778188425,186530226, , ,01682610,0500000US06089,5.639409601,5.639409603,1.062691633,06089,185,1,80038,527,Shasta,California,06,089,06089,3847.4,524,495,12470,0.184118455,0.001338251
396,900,06,099,06099,California,Stanislaus,Yes,06, , , , , , ,3870792979,51176484, , ,00277314,0500000US06099,3.762588755,3.762588757,0.399936364,06099,169,1,80322,489,Stanislaus,California,06,099,06099,1513.8,173,457,19497,0.354759495,0.002001332
397,901,06,113,06113,California,Yolo,Yes,06, , , , , , ,2628233454,22752699, , ,00277321,0500000US06113,3.34203554,3.342035547,0.274396715,06113,183,1,81996,524,Yolo,California,06,113,06113,1023.3,110,492,55674,0.364743401,0.005833117
398,908,12,001,12001,Florida,Alachua,Yes,06, , , , , , ,2266378742,242823260, , ,00308548,0500000US12001,2.529615372,2.52961537,0.233872947,12001,1141,1,113412,3099,Alachua,Florida,12,001,12001,969,100,3067,84741,0.501117083,0.007973604
399,909,12,009,12009,Florida,Brevard,Yes,06, , , , , , ,2629961987,1402786291, , ,00295749,0500000US12009,2.996358253,2.996358256,0.308504383,12009,1176,1,112027,3134,Brevard,Florida,12,009,12009,1055.3,94,3102,14999,0.204435301,0.00139147
400,910,12,033,12033,Florida,Escambia,Yes,06, , , , , , ,1701333078,564141123, , ,00295737,0500000US12033,3.746102381,3.74610238,0.181886497,12033,1079,1,110939,3037,Escambia,Florida,12,033,12033,668.1,55,3005,14036,0.153813585,0.001341169
401,911,12,037,12037,Florida,Franklin,Yes,06, , , , , , ,1411918787,1275526882, , ,00306911,0500000US12037,4.128572683,4.128572678,0.137212391,12037,1073,1,111234,3031,Franklin,Florida,12,037,12037,554.4,70,2999,19288,0.17597751,0.001819609
402,912,12,051,12051,Florida,Hendry,Yes,06, , , , , , ,2985561175,96568463, , ,00307626,0500000US12051,2.751996288,2.751996287,0.279131113,12051,1173,1,112503,3131,Hendry,Florida,12,051,12051,1189.6,79,3099,445393,0.916329882,0.040984417
403,913,12,075,12075,Florida,Levy,Yes,06, , , , , , ,2896185668,762933532, , ,00295724,0500000US12075,3.104272852,3.104272847,0.278444879,12075,1145,1,113382,3103,Levy,Florida,12,075,12075,1132.4,117,3071,157490,0.756780974,0.01479745
404,914,12,077,12077,Florida,Liberty,Yes,06, , , , , , ,2164095621,19582533, , ,00308549,0500000US12077,2.988386138,2.988386144,0.204676365,12077,1065,1,111236,3023,Liberty,Florida,12,077,12077,843.1,137,2991,19288,0.269739653,0.001819609
405,915,12,107,12107,Florida,Putnam,Yes,06, , , , , , ,1885200241,256515550, , ,00306910,0500000US12107,2.235655686,2.235655685,0.199471414,12107,1142,1,113135,3100,Putnam,Florida,12,107,12107,827.1,96,3068,19360,0.203816067,0.00182241
406,916,12,117,12117,Florida,Seminole,Yes,06, , , , , , ,801155809,93184977, , ,00303665,0500000US12117,1.531953247,1.531953244,0.082593903,12117,1159,1,112822,3117,Seminole,Florida,12,117,12117,344.7,30,3085,36102,0.301797279,0.003372678
407,917,12,123,12123,Florida,Taylor,Yes,06, , , , , , ,2702176292,489261991, , ,00295728,0500000US12123,2.471453976,2.471453976,0.255221236,12123,1149,1,114212,3107,Taylor,Florida,12,123,12123,1049.7,112,3075,31922,0.281375286,0.00302832
408,918,12,129,12129,Florida,Wakulla,Yes,06, , , , , , ,1570618861,334903846, , ,00306912,0500000US12129,2.312390943,2.31239095,0.152948244,12129,1070,1,115298,3028,Wakulla,Florida,12,129,12129,617.4,96,2996,16293,0.187602282,0.001543797
409,919,12,133,12133,Florida,Washington,Yes,06, , , , , , ,1509528113,85786027, , ,00295762,0500000US12133,2.323718028,2.323718032,0.150071181,12133,1102,1,111267,3060,Washington,Florida,12,133,12133,616.4,89,3028,21297,0.277266636,0.002019339
410,920,13,019,13019,Georgia,Berrien,Yes,06, , , , , , ,1170431620,15479200, , ,00326638,0500000US13019,1.822278542,1.822278542,0.112280616,13019,1107,1,118011,3065,Berrien,Georgia,13,019,13019,457.8,59,3033,29200,0.338604741,0.002802783
411,921,13,033,13033,Georgia,Burke,Yes,06, , , , , , ,2141836293,20758798, , ,00347944,0500000US13033,2.418080388,2.418080389,0.208723889,13033,815,1,118975,1863,Burke,Georgia,13,033,13033,835.3,124,1831,25929,0.247997922,0.002539982
412,922,13,073,13073,Georgia,Columbia,Yes,06, , , , , , ,751324424,45372335, , ,00348865,0500000US13073,1.353034718,1.353034715,0.077332427,13073,848,1,118935,1896,Columbia,Georgia,13,073,13073,307.8,34,1864,28137,0.350541234,0.002768349
413,923,13,103,13103,Georgia,Effingham,Yes,06, , , , , , ,1237246268,13537765, , ,00350219,0500000US13103,1.973456869,1.97345688,0.119873433,13103,856,1,119083,1904,Effingham,Georgia,13,103,13103,482.8,45,1872,30597,0.249855562,0.002974218
414,924,13,113,13113,Georgia,Fayette,Yes,06, , , , , , ,503398787,12846928, , ,01687740,0500000US13113,1.0838103,1.083810307,0.050039983,13113,712,1,121473,1755,Fayette,Georgia,13,113,13113,198.8,3,1723,32869,0.283458993,0.003218771
415,925,13,123,13123,Georgia,Gilmer,Yes,06, , , , , , ,1103983746,12186867, , ,00351260,0500000US13123,1.6658873,1.665887304,0.109801304,13123,731,1,119486,1776,Gilmer,Georgia,13,123,13123,431.8,106,1744,13097,0.167772899,0.001303041
416,926,13,133,13133,Georgia,Greene,Yes,06, , , , , , ,1003451809,48629723, , ,00348672,0500000US13133,1.612966014,1.612966015,0.10218169,13133,809,1,118571,1857,Greene,Georgia,13,133,13133,406.1,75,1825,22330,0.207679054,0.002197292
417,927,13,157,13157,Georgia,Jackson,Yes,06, , , , , , ,879716466,8906623, , ,00349570,0500000US13157,1.453955562,1.453955563,0.086843499,13157,776,1,118452,1824,Jackson,Georgia,13,157,13157,343.1,37,1792,25037,0.248199493,0.00247947
418,928,13,185,13185,Georgia,Lowndes,Yes,06, , , , , , ,1284858727,37525425, , ,00326720,0500000US13185,2.111750927,2.111750925,0.124634208,13185,1120,1,117895,3078,Lowndes,Georgia,13,185,13185,510.6,61,3046,40530,0.283254221,0.003464269
419,929,13,201,13201,Georgia,Miller,Yes,06, , , , , , ,731466840,3216290, , ,00344088,0500000US13201,1.168097206,1.168097207,0.069463082,13201,1096,1,117101,3054,Miller,Georgia,13,201,13201,283.6,65,3022,40519,0.407427441,0.003869818
420,930,13,233,13233,Georgia,Polk,Yes,06, , , , , , ,803773281,4667495, , ,00343585,0500000US13233,1.35991779,1.359917787,0.07889622,13233,758,1,116281,1805,Polk,Georgia,13,233,13233,312.2,58,1773,27022,0.271547507,0.002651927
421,931,13,289,13289,Georgia,Twiggs,Yes,06, , , , , , ,928284560,10933790, , ,00345456,0500000US13289,1.635527674,1.635527675,0.090287674,13289,826,1,116629,1874,Twiggs,Georgia,13,289,13289,362.7,42,1842,63827,0.472774495,0.006211207
422,932,13,291,13291,Georgia,Union,Yes,06, , , , , , ,833828527,18289699, , ,00353193,0500000US13291,1.640645075,1.640645077,0.083991468,13291,792,1,118879,1840,Union,Georgia,13,291,13291,329.6,59,1808,14301,0.184970845,0.001423575
423,933,13,301,13301,Georgia,Warren,Yes,06, , , , , , ,736332081,6185998, , ,00347777,0500000US13301,1.622217096,1.622217101,0.071961612,13301,811,1,118599,1859,Warren,Georgia,13,301,13301,286.8,49,1827,39642,0.26819087,0.003894753
424,934,13,303,13303,Georgia,Washington,Yes,06, , , , , , ,1757188473,15284496, , ,00348428,0500000US13303,2.10858379,2.108583787,0.17093734,13303,816,1,117001,1864,Washington,Georgia,13,303,13303,684.7,122,1832,22506,0.214475256,0.002194238
425,935,13,311,13311,Georgia,White,Yes,06, , , , , , ,623402111,3912826, , ,00326781,0500000US13311,1.201510989,1.201510989,0.061676432,13311,793,1,118879,1841,White,Georgia,13,311,13311,242.3,32,1809,14301,0.184970845,0.001423575
426,936,13,319,13319,Georgia,Wilkinson,Yes,06, , , , , , ,1158541222,12003358, , ,00346824,0500000US13319,1.658608219,1.658608217,0.11269069,13319,820,1,122763,1868,Wilkinson,Georgia,13,319,13319,452.1,75,1836,9003,0.244351381,0.000878436
427,960,33,007,33007,New Hampshire,Coos,Yes,06, , , , , , ,4648216798,90773891, , ,00873177,0500000US33007,4.346557091,4.346557093,0.538203344,33007,0,0,0,0, , , , , ,0,0,0,0,0,0
428,968,35,015,35015,New Mexico,Eddy,Yes,06, , , , , , ,10815082211,56440121, , ,00936829,0500000US35015,4.183519089,4.183519091,1.042661017,35015,225,0,247889,942,Eddy,New Mexico,35,015,35015,4197.5,111,910,30414,0.282246121,0.002952107
429,984,40,013,40013,Oklahoma,Bryan,Yes,06, , , , , , ,2342540740,102255858, , ,01101794,0500000US40013,3.095120275,3.095120274,0.238442486,40013,369,1,288390,1175,Bryan,Oklahoma,40,013,40013,943.4,121,1143,30664,0.218931087,0.001934816
430,985,40,023,40023,Oklahoma,Choctaw,Yes,06, , , , , , ,1995215087,75666981, , ,01101799,0500000US40023,2.495878381,2.495878383,0.202172122,40023,370,1,288742,1176,Choctaw,Oklahoma,40,023,40023,800.7,112,1144,30103,0.282405197,0.00200723
431,987,40,101,40101,Oklahoma,Muskogee,Yes,06, , , , , , ,2099052975,75966902, , ,01101838,0500000US40101,2.64861269,2.648612688,0.216366666,40101,286,1,287049,1092,Muskogee,Oklahoma,40,101,40101,839,117,1060,16872,0.165790072,0.001702721
432,992,42,027,42027,Pennsylvania,Centre,Yes,06, , , , , , ,2874687282,7878537, , ,01214720,0500000US42027,3.668856335,3.668856336,0.308125372,42027,0,0,0,0, , , , , ,0,0,0,0,0,0
433,1001,45,005,45005,South Carolina,Allendale,Yes,06, , , , , , ,1056948589,11208070, , ,01247980,0500000US45005,1.881496672,1.881496667,0.103099213,45005,817,1,312859,1865,Allendale,South Carolina,45,005,45005,412.3,63,1833,39245,0.146919911,0.000672543
434,1002,45,017,45017,South Carolina,Calhoun,Yes,06, , , , , , ,987179097,29350914, , ,01247986,0500000US45017,2.314077675,2.31407768,0.09880957,45017,886,0,314064,2722,Calhoun,South Carolina,45,017,45017,392.9,29,2690,23398,0.242893761,0.002304538
435,1003,45,041,45041,South Carolina,Florence,Yes,06, , , , , , ,2071892000,9746224, , ,01248001,0500000US45041,2.635620521,2.63562052,0.203212459,45041,905,0,314794,2741,Florence,South Carolina,45,041,45041,803.4,26,2709,18780,0.234175879,0.001860947
436,1004,45,057,45057,South Carolina,Lancaster,Yes,06, , , , , , ,1422314559,15444736, , ,01248008,0500000US45057,2.508339852,2.50833986,0.141436204,45057,912,1,316044,2748,Lancaster,South Carolina,45,057,45057,555.6,1,2716,36198,0.472369253,0.003602074
437,1005,45,071,45071,South Carolina,Newberry,Yes,06, , , , , , ,1631805559,44657899, , ,01248013,0500000US45071,2.190589326,2.190589326,0.164140247,45071,802,1,313089,1850,Newberry,South Carolina,45,071,45071,647.6,37,1818,25210,0.389802084,0.002496963
438,1006,45,075,45075,South Carolina,Orangeburg,Yes,06, , , , , , ,2864676327,56530741, , ,01248014,0500000US45075,3.522470708,3.522470707,0.283278133,45075,887,0,314144,2723,Orangeburg,South Carolina,45,075,45075,1127.8,34,2691,165142,0.656400424,0.01621789
439,1013,37,013,37013,North Carolina,Beaufort,Yes,06, , , , , , ,2143054135,338699325, , ,01026333,0500000US37013,3.747657453,3.747657455,0.220306117,37013,955,1,269735,2906,Beaufort,North Carolina,37,013,37013,853.6,21,2874,21302,0.241358787,0.002147464
440,1014,37,021,37021,North Carolina,Buncombe,Yes,06, , , , , , ,1700784134,8968972, , ,01008538,0500000US37021,2.417641562,2.41764156,0.170072045,37021,644,1,269901,1670,Buncombe,North Carolina,37,021,37021,659.9,10,1638,20437,0.206121167,0.002051988
441,1015,37,027,37027,North Carolina,Caldwell,Yes,06, , , , , , ,1221349793,7115676, , ,01008541,0500000US37027,1.662048703,1.662048704,0.122702745,37027,667,1,268428,1705,Caldwell,North Carolina,37,027,37027,475.3,46,1673,26796,0.272655345,0.00271253
442,1016,37,031,37031,North Carolina,Carteret,Yes,06, , , , , , ,1311157666,2160963597, , ,01026337,0500000US37031,6.377753638,6.377753635,0.143924882,37031,921,1,269747,2758,Carteret,North Carolina,37,031,37031,505.5,25,2726,35299,0.266660359,0.003522165
443,1017,37,051,37051,North Carolina,Cumberland,Yes,06, , , , , , ,1689893572,15269685, , ,01026124,0500000US37051,2.134078775,2.134078775,0.168468901,37051,915,1,267021,2751,Cumberland,North Carolina,37,051,37051,658.8,16,2719,12657,0.168835689,0.001267215
444,1018,37,053,37053,North Carolina,Currituck,Yes,06, , , , , , ,678206315,685661623, , ,01026125,0500000US37053,3.016677111,3.016677109,0.076064377,37053,952,1,266589,2902,Currituck,North Carolina,37,053,37053,257.8,17,2870,12699,0.172365112,0.001292744
445,1019,37,061,37061,North Carolina,Duplin,Yes,06, , , , , , ,2113896535,14230328, , ,01026132,0500000US37061,2.020572342,2.020572343,0.209973891,37061,916,1,268077,2752,Duplin,North Carolina,37,061,37061,818.8,38,2720,14548,0.214030616,0.001451652
446,1020,37,083,37083,North Carolina,Halifax,Yes,06, , , , , , ,1875375035,18371235, , ,01008559,0500000US37083,2.676758305,2.67675831,0.189903358,37083,931,1,268633,2783,Halifax,North Carolina,37,083,37083,731.8,10,2751,15058,0.203747857,0.001526816
447,1021,37,091,37091,North Carolina,Hertford,Yes,06, , , , , , ,914421009,18891657, , ,01026127,0500000US37091,1.822165665,1.822165668,0.093267688,37091,959,1,265621,2913,Hertford,North Carolina,37,091,37091,357.3,26,2881,19692,0.21759702,0.002001123
448,1022,37,101,37101,North Carolina,Johnston,Yes,06, , , , , , ,2048950493,11395647, , ,01026327,0500000US37101,2.001023671,2.001023678,0.204725281,37101,935,1,266197,2792,Johnston,North Carolina,37,101,37101,795.3,27,2760,22758,0.331203945,0.002288523
449,1023,37,107,37107,North Carolina,Lenoir,Yes,06, , , , , , ,1037491853,5802398, , ,01008568,0500000US37107,1.640313694,1.640313695,0.103308846,37107,894,1,267503,2730,Lenoir,North Carolina,37,107,37107,402.8,6,2698,31867,0.265995371,0.003193209
450,1024,37,115,37115,North Carolina,Madison,Yes,06, , , , , , ,1164217417,4836813, , ,01025834,0500000US37115,1.969374869,1.969374867,0.11665588,37115,642,0,269969,1668,Madison,North Carolina,37,115,37115,451.5,22,1636,14806,0.166871479,0.001494655
451,1025,37,123,37123,North Carolina,Montgomery,Yes,06, , , , , , ,1273731539,25909686, , ,01008572,0500000US37123,1.825862882,1.825862882,0.128842142,37123,881,1,271900,2717,Montgomery,North Carolina,37,123,37123,501.6,32,2685,15414,0.203959303,0.001548959
452,1026,37,125,37125,North Carolina,Moore,Yes,06, , , , , , ,1807460587,20689548, , ,01008573,0500000US37125,2.234205952,2.234205949,0.181191621,37125,879,1,266485,2715,Moore,North Carolina,37,125,37125,705.6,12,2683,11214,0.175793655,0.001120952
453,1027,37,137,37137,North Carolina,Pamlico,Yes,06, , , , , , ,871732166,596143843, , ,01023355,0500000US37137,2.036202313,2.036202312,0.093813662,37137,919,1,269766,2756,Pamlico,North Carolina,37,137,37137,347,6,2724,26415,0.222453687,0.002643256
454,1028,37,193,37193,North Carolina,Wilkes,Yes,06, , , , , , ,1953561346,6851512, , ,01008595,0500000US37193,2.210332222,2.210332226,0.196440186,37193,637,1,270638,1663,Wilkes,North Carolina,37,193,37193,759.7,24,1631,21149,0.287140977,0.002141336
455,1029,37,199,37199,North Carolina,Yancey,Yes,06, , , , , , ,809619099,1458701, , ,01008598,0500000US37199,1.599406572,1.599406575,0.080981578,37199,668,1,270293,1706,Yancey,North Carolina,37,199,37199,313.1,8,1674,15765,0.184843075,0.001591742
456,1032,21,115,21115,Kentucky,Johnson,Yes,06, , , , , , ,678468220,5639177, , ,00516904,0500000US21115,1.524407358,1.524407365,0.070041847,21115,621,1,166855,1613,Johnson,Kentucky,21,115,21115,263.9,32,1581,25608,0.262631048,0.002647807
457,1041,22,009,22009,Louisiana,Avoyelles,Yes,15, , , , , , ,2156226395,85990258, , ,00558424,0500000US22009,2.561401628,2.561401627,0.211928058,22009,1004,1,168156,2960,Avoyelles,Louisiana,22,009,22009,865.7,91,2928,20537,0.218082663,0.00196747
458,1042,22,015,22015,Louisiana,Bossier,Yes,15, , , , , , ,2176181964,70514283, , ,00558453,0500000US22015,3.784144598,3.784144599,0.215994211,22015,425,1,167522,1233,Bossier,Louisiana,22,015,22015,867.2,106,1201,22922,0.103371337,0.00056538
459,1043,22,025,22025,Louisiana,Catahoula,Yes,15, , , , , , ,1833783010,81308574, , ,00558495,0500000US22025,3.464962155,3.464962158,0.182104017,22025,1011,1,168083,2967,Catahoula,Louisiana,22,025,22025,739.4,126,2935,15735,0.189194589,0.001516232
460,1044,22,031,22031,Louisiana,De Soto,Yes,15, , , , , , ,2267751115,49221850, , ,00558521,0500000US22031,2.349674678,2.349674677,0.22122142,22031,421,1,168427,1229,De Soto,Louisiana,22,031,22031,894.6,125,1197,25858,0.267012061,0.00250039
461,1045,22,041,22041,Louisiana,Franklin,Yes,15, , , , , , ,1617667695,28107882, , ,00558557,0500000US22041,2.856049849,2.856049854,0.157294318,22041,419,1,170193,1227,Franklin,Louisiana,22,041,22041,635.4,83,1195,21233,0.245649572,0.00205955
462,1046,22,057,22057,Louisiana,Lafourche,Yes,15, , , , , , ,2766815307,1037704618, , ,00558065,0500000US22057,4.131613713,4.131613712,0.299394479,22057,1048,1,168610,3004,Lafourche,Louisiana,22,057,22057,1190.9,17,2972,43581,0.353227519,0.004109233
463,1047,22,071,22071,Louisiana,Orleans,Yes,15, , , , , , ,438789340,467309770, , ,00558113,0500000US22071,1.850821167,1.850821169,0.084367948,22071,1053,1,168641,3011,Orleans,Louisiana,22,071,22071,349.7,28,2979,23830,0.215492347,0.002248787
464,1048,22,075,22075,Louisiana,Plaquemines,Yes,15, , , , , , ,2020765000,4628251897, , ,00558125,0500000US22075,6.438678119,6.438678121,0.287249961,22075,1049,1,167848,3005,Plaquemines,Louisiana,22,075,22075,1039.8,132,2973,39336,0.586413314,0.003631361
465,1049,22,085,22085,Louisiana,Sabine,Yes,15, , , , , , ,2244617079,375416821, , ,00559489,0500000US22085,2.944876965,2.944876962,0.248812207,22085,1010,1,168655,2966,Sabine,Louisiana,22,085,22085,1011.5,130,2934,38767,0.282866775,0.00373671
466,1050,22,097,22097,Louisiana,St. Landry,Yes,15, , , , , , ,2392904240,39047379, , ,01629479,0500000US22097,2.824091509,2.824091504,0.228741387,22097,1005,1,169419,2961,St. Landry,Louisiana,22,097,22097,938.8,87,2929,12797,0.310847336,0.00122163
467,1051,22,105,22105,Louisiana,Tangipahoa,Yes,15, , , , , , ,2049505024,136674078, , ,00559500,0500000US22105,2.341259907,2.34125991,0.205657643,22105,975,1,168179,2931,Tangipahoa,Louisiana,22,105,22105,823.1,25,2899,23400,0.212682931,0.002223448
468,1052,22,107,22107,Louisiana,Tensas,Yes,15, , , , , , ,1561204566,99471069, , ,00559509,0500000US22107,2.665063021,2.665063022,0.158464859,22107,967,1,169620,2923,Tensas,Louisiana,22,107,22107,641.2,69,2891,114612,0.793325876,0.009206957
469,1053,22,115,22115,Louisiana,Vernon,Yes,15, , , , , , ,3439276086,35153811, , ,00559548,0500000US22115,2.835947473,2.835947474,0.328523467,22115,1003,1,168715,2959,Vernon,Louisiana,22,115,22115,1341.5,175,2927,12223,0.158644638,0.001171448
470,1054,22,123,22123,Louisiana,West. Carroll,Yes,15, , , , , , ,931478639,2386193, , ,00559578,0500000US22123,1.693412094,1.693412094,0.089851789,22123,430,1,167503,1238,West Carroll,Louisiana,22,123,22123,360.3,20,1206,29887,0.170604674,0.000866947
471,1077,28,055,28055,Mississippi,Issaquena,Yes,06, , , , , , ,1069782955,73507441, , ,00695751,0500000US28055,2.862237325,2.862237322,0.110042576,28055,509,1,200746,1319,Issaquena,Mississippi,28,055,28055,441.4,62,1287,27038.85642,0.21204414,0.002640028
472,1078,28,057,28057,Mississippi,Itawamba,Yes,06, , , , , , ,1379914862,19843929, , ,00695752,0500000US28057,1.483813453,1.483813454,0.137043555,28057,497,2,195800,1307,Itawamba,Mississippi,28,057,28057,540.4,44,1275,24367,0.262020868,0.002408051
473,1079,28,087,28087,Mississippi,Lowndes,Yes,06, , , , , , ,1309077257,28560540, , ,00695767,0500000US28087,1.948921457,1.948921454,0.129729236,28087,502,1,195821,1312,Lowndes,Mississippi,28,087,28087,516.5,13,1280,18360,0.234804029,0.001805182
474,1080,28,105,28105,Mississippi,Oktibbeha,Yes,06, , , , , , ,1186750564,9649672, , ,00695775,0500000US28105,1.405918101,1.405918099,0.115960093,28105,526,1,196206,1336,Oktibbeha,Mississippi,28,105,28105,461.9,32,1304,14898,0.18841111,0.001463
475,1081,28,163,28163,Mississippi,Yazoo,Yes,06, , , , , , ,2390421582,29316444, , ,00695802,0500000US28163,2.992623483,2.992623485,0.232889965,28163,508,1,196403,1318,Yazoo,Mississippi,28,163,28163,934.1,103,1286,23166,0.241885091,0.002257772
476,1084,29,057,29057,Missouri,Dade,Yes,06, , , , , , ,1269125074,42068699, , ,00758483,0500000US29057,1.499771826,1.499771826,0.133464825,29057,0,0,0,0, , , , , ,0,0,0,0,0,0
477,1091,29,181,29181,Missouri,Ripley,Yes,06, , , , , , ,1630498239,5443028, , ,00758545,0500000US29181,1.74101095,1.741010952,0.164854216,29181,590,0,201819,1473,Ripley,Missouri,29,181,29181,631.7,39,1441,5127,0.107033596,0.000523191
478,1109,01,051,01051,Alabama,Elmore,Yes,06, , , , , , ,1601877327,99852764, , ,00161551,0500000US01051,2.25428046,2.254280455,0.163466171,01051,702,1,2843,1745,Elmore,Alabama,01,051,01051,657.2,65,1713,25064,0.245398804,0.002439954
479,1111,05,109,05109,Arkansas,Pike,Yes,06, , , , , , ,1555595986,34992289, , ,00069173,0500000US05109,2.237735233,2.237735235,0.155507826,05109,458,1,74087,1266,Pike,Arkansas,05,109,05109,613.9,89,1234,15143,0.258357262,0.001496246
480,1112,06,005,06005,California,Amador,Yes,06, , , , , , ,1539947591,29470575, , ,01675841,0500000US06005,2.874785087,2.87478509,0.161969174,06005,165,1,84751,485,Amador,California,06,005,06005,604.6,95,453,15040,0.21784741,0.001572561
481,1113,06,033,06033,California,Lake,Yes,06, , , , , , ,3254241507,188959508, , ,00277281,0500000US06033,3.653993235,3.65399324,0.358523545,06033,5,1,82020,20,Lake,California,06,033,06033,1329.9,197,15,13649,0.174041272,0.001429769
482,1114,06,103,06103,California,Tehama,Yes,06, , , , , , ,7639716083,32276053, , ,01692767,0500000US06103,5.087489,5.087489007,0.810876754,06103,187,1,80038,532,Tehama,California,06,103,06103,2962.1,393,500,12470,0.184118455,0.001338251
483,1117,12,041,12041,Florida,Gilchrist,Yes,06, , , , , , ,905705535,14362140, , ,00303633,0500000US12041,1.418573813,1.418573809,0.085768219,12041,1151,1,114008,3109,Gilchrist,Florida,12,041,12041,355.5,43,3077,65461,0.480025726,0.006175196
484,1118,12,105,12105,Florida,Polk,Yes,06, , , , , , ,4656138685,550912147, , ,00295747,0500000US12105,3.715545652,3.715545644,0.477554747,12105,1161,1,111084,3119,Polk,Florida,12,105,12105,2010,240,3087,31831,0.238827879,0.002958536
485,1119,13,195,13195,Georgia,Madison,Yes,06, , , , , , ,731184757,8484185, , ,01688004,0500000US13195,1.427444067,1.427444066,0.072288405,13195,778,1,118463,1826,Madison,Georgia,13,195,13195,285.3,44,1794,17015,0.171603257,0.001683759
486,1120,13,269,13269,Georgia,Taylor,Yes,06, , , , , , ,975612223,7803624, , ,00344156,0500000US13269,1.908682883,1.908682883,0.094416255,13269,827,1,120586,1875,Taylor,Georgia,13,269,13269,379.8,65,1843,17154,0.214962879,0.001662374
487,1124,22,001,22001,Louisiana,Acadia,Yes,15, , , , , , ,1696777739,6021531, , ,00558389,0500000US22001,2.305158776,2.30515878,0.159677691,22001,984,1,167822,2940,Acadia,Louisiana,22,001,22001,657.6,56,2908,41595,0.379249192,0.003943132
488,1127,28,061,28061,Mississippi,Jasper,Yes,06, , , , , , ,1751444087,3181586, , ,00695754,0500000US28061,1.638419776,1.638419776,0.167516725,28061,968,1,197901,2924,Jasper,Mississippi,28,061,28061,677.4,36,2892,26131,0.255258622,0.002528992
489,1132,37,007,37007,North Carolina,Anson,Yes,06, , , , , , ,1376453020,14612922, , ,01008534,0500000US37007,1.729179178,1.729179177,0.13729964,37007,909,1,265774,2745,Anson,North Carolina,37,007,37007,537.4,78,2713,26878,0.2693619,0.002688754
490,1134,45,085,45085,South Carolina,Sumter,Yes,06, , , , , , ,1722537916,44054032, , ,01244717,0500000US45085,2.806601113,2.806601116,0.172256104,45085,907,1,314146,2743,Sumter,South Carolina,45,085,45085,681.6,22,2711,165142,0.809055152,0.01621789
491,1135,45,087,45087,South Carolina,Union,Yes,06, , , , , , ,1331696530,4805060, , ,01248017,0500000US45087,1.798075299,1.798075305,0.131475489,45087,800,1,313230,1848,Union,South Carolina,45,087,45087,516.4,12,1816,35576,0.306663791,0.003544941
492,1139,47,001,47001,Tennessee,Anderson,Yes,06, , , , , , ,873246834,19770458, , ,01639722,0500000US47001,1.832441387,1.832441393,0.089394845,47001,639,1,326673,1665,Anderson,Tennessee,47,001,47001,344.8,14,1633,31559,0.292432855,0.003194915
493,1140,47,025,47025,Tennessee,Claiborne,Yes,06, , , , , , ,1125572473,18099507, , ,01639733,0500000US47025,1.924917691,1.924917692,0.115019571,47025,657,1,326151,1683,Claiborne,Tennessee,47,025,47025,441.5,18,1651,35993,0.244504449,0.002381091
494,1145,47,141,47141,Tennessee,Putnam,Yes,06, , , , , , ,1038860636,3777672, , ,01639783,0500000US47141,2.461688942,2.461688942,0.104393445,47141,598,1,328720,1512,Putnam,Tennessee,47,141,47141,402.5,26,1480,19668,0.247923085,0.001991939
495,1147,47,155,47155,Tennessee,Sevier,Yes,06, , , , , , ,1534597677,13491710, , ,01639789,0500000US47155,2.088291106,2.088291111,0.154375548,47155,650,1,329934,1676,Sevier,Tennessee,47,155,47155,597.7,78,1644,17169,0.304591581,0.001734265
496,1148,47,157,47157,Tennessee,Shelby,Yes,06, , , , , , ,1976691250,56497880, , ,01639790,0500000US47157,2.390820166,2.390820165,0.201206481,47157,400,0,326018,1208,Shelby,Tennessee,47,157,47157,783.7,19,1176,22679,0.236626523,0.001502715
497,1150,47,167,47167,Tennessee,Tipton,Yes,06, , , , , , ,1187267307,38609155, , ,01639795,0500000US47167,2.572488697,2.572488703,0.121780622,47167,588,1,326027,1471,Tipton,Tennessee,47,167,47167,474.7,13,1439,20930,0.245120266,0.001803669
498,1152,48,005,48005,Texas,Angelina,Yes,06, , , , , , ,2066240115,173369515, , ,01383788,0500000US48005,3.237653556,3.237653559,0.212060455,48005,1000,1,330729,2956,Angelina,Texas,48,005,48005,864.5,110,2924,30237,0.324322,0.002893995
499,1153,48,007,48007,Texas,Aransas,Yes,06, , , , , , ,652895392,714592744, , ,01383789,0500000US48007,3.676643098,3.676643101,0.069337635,48007,135,1,331480,445,Aransas,Texas,48,007,48007,242.6,35,413,18599,0.173233984,0.001731105
500,1154,48,029,48029,Texas,Bexar,Yes,06, , , , , , ,3211275984,41946755, , ,01383800,0500000US48029,2.706737081,2.706737079,0.302546118,48029,50,1,330475,360,Bexar,Texas,48,029,48029,1256.1,151,328,28348,0.29691558,0.002671828
501,1155,48,035,48035,Texas,Bosque,Yes,06, , , , , , ,2545904290,50670023, , ,01383803,0500000US48035,2.550461148,2.550461146,0.247531245,48035,34,1,330302,344,Bosque,Texas,48,035,48035,1002.6,122,312,13209,0.209030163,0.001276397
502,1156,48,039,48039,Texas,Brazoria,Yes,06, , , , , , ,3516508364,649748089, , ,01383805,0500000US48039,3.111362654,3.111362652,0.350460317,48039,117,1,330372,427,Brazoria,Texas,48,039,48039,1442.5,76,395,27518,0.260335232,0.002582202
503,1157,48,061,48061,Texas,Cameron,Yes,06, , , , , , ,2307835357,998174223, , ,01383816,0500000US48061,4.363278879,4.363278885,0.235701566,48061,140,1,333297,450,Cameron,Texas,48,061,48061,943.5,25,418,289851,1.283487638,0.026503251
504,1158,48,075,48075,Texas,Childress,Yes,06, , , , , , ,1803680240,44835067, , ,01383823,0500000US48075,1.70698268,1.706982679,0.181442074,48075,334,1,330361,1140,Childress,Texas,48,075,48075,713.6,78,1108,26743,0.254087672,0.002656689
505,1159,48,105,48105,Texas,Crockett,Yes,06, , , , , , ,7270834102,53329, , ,01383838,0500000US48105,5.015271112,5.015271105,0.685038702,48105,13,1,330340,322,Crockett,Texas,48,105,48105,2807.4,293,290,35759,0.288060793,0.003407169
506,1160,48,155,48155,Texas,Foard,Yes,06, , , , , , ,1824378195,8514737, , ,01383863,0500000US48155,2.338649398,2.338649399,0.17884602,48155,349,1,330471,1155,Foard,Texas,48,155,48155,707.7,87,1123,26917,0.288925953,0.002658386
507,1161,48,191,48191,Texas,Hall,Yes,06, , , , , , ,2288233522,53366393, , ,01383881,0500000US48191,1.927278096,1.927278096,0.229900815,48191,335,1,330397,1141,Hall,Texas,48,191,48191,904.1,98,1109,29581,0.244031303,0.002943524
508,1163,48,225,48225,Texas,Houston,Yes,06, , , , , , ,3188287908,14426317, , ,01383898,0500000US48225,3.114417201,3.114417207,0.30345853,48225,82,1,330578,392,Houston,Texas,48,225,48225,1236.8,134,360,33533,0.273594393,0.003216334
509,1164,48,235,48235,Texas,Irion,Yes,06, , , , , , ,2723486074,176317, , ,01383903,0500000US48235,2.047802608,2.047802609,0.257973191,48235,62,1,330420,372,Irion,Texas,48,235,48235,1051.6,121,340,17135,0.1707931,0.001644489
510,1165,48,263,48263,Texas,Kent,Yes,06, , , , , , ,2337522503,1065234, , ,01383917,0500000US48263,1.903174604,1.903174605,0.226004851,48263,322,1,330371,1128,Kent,Texas,48,263,48263,902.9,128,1096,21429,0.207251835,0.002100001
511,1166,48,273,48273,Texas,Kleberg,Yes,06, , , , , , ,2282585635,541039916, , ,01383922,0500000US48273,3.732020769,3.732020781,0.214638776,48273,138,1,330510,448,Kleberg,Texas,48,273,48273,886.5,106,416,29493,0.252812001,0.002726141
512,1167,48,313,48313,Texas,Madison,Yes,06, , , , , , ,1207103348,16493026, , ,01383939,0500000US48313,1.911464426,1.911464428,0.115499009,48313,97,1,330506,407,Madison,Texas,48,313,48313,472.4,64,375,18728,0.223147965,0.001786667
513,1168,48,319,48319,Texas,Mason,Yes,06, , , , , , ,2405589753,8833353, , ,01383942,0500000US48319,1.923493744,1.923493743,0.227291769,48319,75,1,330543,385,Mason,Texas,48,319,48319,932.5,108,353,26132,0.248750365,0.002484259
514,1169,48,333,48333,Texas,Mills,Yes,06, , , , , , ,1937987410,3902624, , ,01383952,0500000US48333,2.426349879,2.42634988,0.184325923,48333,73,1,331156,383,Mills,Texas,48,333,48333,749.9,93,351,15242,0.186192049,0.001463562
515,1170,48,349,48349,Texas,Navarro,Yes,06, , , , , , ,2614935908,197625977, , ,01383960,0500000US48349,2.465457372,2.465457379,0.268579963,48349,310,1,330358,1116,Navarro,Texas,48,349,48349,1086.3,150,1084,12306,0.146186529,0.001188311
516,1171,48,373,48373,Texas,Polk,Yes,06, , , , , , ,2737855951,136149575, , ,01383972,0500000US48373,2.748659863,2.748659866,0.270857014,48373,87,1,330429,397,Polk,Texas,48,373,48373,1109.8,128,365,27213,0.226103831,0.002597054
517,1172,48,389,48389,Texas,Reeves,Yes,06, , , , , , ,6825586500,17396692, , ,01383980,0500000US48389,4.477211351,4.477211348,0.648455746,48389,23,1,330430,333,Reeves,Texas,48,389,48389,2642,263,301,33180,0.320138093,0.003187755
518,1173,48,403,48403,Texas,Sabine,Yes,06, , , , , , ,1272694544,220771184, , ,01383987,0500000US48403,1.985782073,1.985782073,0.141623248,48403,999,1,330928,2955,Sabine,Texas,48,403,48403,576.6,83,2923,38669,0.286712288,0.003704007
519,1174,48,411,48411,Texas,San Saba,Yes,06, , , , , , ,2940486378,8072066, , ,01383991,0500000US48411,3.103485731,3.103485725,0.278908646,48411,64,1,330294,374,San Saba,Texas,48,411,48411,1138.8,128,342,25371,0.234461926,0.002431944
520,1175,48,443,48443,Texas,Terrell,Yes,06, , , , , , ,6107208798,105936, , ,01384007,0500000US48443,3.825066693,3.825066689,0.57220978,48443,20,1,330295,330,Terrell,Texas,48,443,48443,2357.7,286,298,26722,0.224608132,0.002529844
521,1176,48,459,48459,Texas,Upshur,Yes,06, , , , , , ,1509791525,24997418, , ,01384015,0500000US48459,1.785888186,1.78588819,0.147659149,48459,392,1,330760,1198,Upshur,Texas,48,459,48459,592.8,82,1166,21974,0.248039004,0.002140959
522,1177,48,461,48461,Texas,Upton,Yes,06, , , , , , ,3215010633,464309, , ,01384016,0500000US48461,2.204378905,2.204378905,0.304341564,48461,26,1,330313,336,Upton,Texas,48,461,48461,1241.8,114,304,29161,0.252565833,0.00280084
523,1178,48,469,48469,Texas,Victoria,Yes,06, , , , , , ,2284737040,17334129, , ,01384020,0500000US48469,2.71833515,2.718335145,0.212747659,48469,15,1,330304,324,Victoria,Texas,48,469,48469,888.9,118,292,26424,0.219216074,0.002469154
524,1179,48,481,48481,Texas,Wharton,Yes,06, , , , , , ,2813116078,21288312, , ,01384026,0500000US48481,2.443128432,2.443128428,0.263127913,48481,105,1,330379,415,Wharton,Texas,48,481,48481,1094.4,107,383,35455,0.269283084,0.003336737
525,1180,48,491,48491,Texas,Williamson,Yes,06, , , , , , ,2896386997,41717737, , ,01384031,0500000US48491,2.476278196,2.476278196,0.276476637,48491,93,1,330339,403,Williamson,Texas,48,491,48491,1133.9,122,371,20809,0.203127978,0.001976813
526,1181,48,499,48499,Texas,Wood,Yes,06, , , , , , ,1671154592,130748438, , ,01384035,0500000US48499,2.149628305,2.149628302,0.173431895,48499,373,1,330434,1179,Wood,Texas,48,499,48499,695.8,96,1147,38200,0.262862901,0.00371917
527,1195,51,105,51105,Virginia,Lee,Yes,06, , , , , , ,1127987891,4897069, , ,01496538,0500000US51105,2.160714617,2.160714619,0.114254639,51105,655,1,366200,1681,Lee,Virginia,51,105,51105,437.3,20,1649,32004,0.140079742,0.000400483
528,1200,51,137,51137,Virginia,Orange,Yes,06, , , , , , ,882616887,6431031, , ,01494761,0500000US51137,1.845957222,1.845957221,0.091483313,51137,950,1,367180,2851,Orange,Virginia,51,137,51137,343.5,8,2819,17869,0.188985535,0.001862333
529,1215,54,005,54005,West Virginia,Boone,Yes,06, , , , , , ,1298993377,4284428, , ,01550009,0500000US54005,2.593733133,2.593733143,0.133710245,54005,633,1,380533,1651,Boone,West Virginia,54,005,54005,503.2,56,1619,22534,0.226352881,0.002339487
530,1216,54,019,54019,West Virginia,Fayette,Yes,06, , , , , , ,1713490116,17522440, , ,01560095,0500000US54019,2.340756024,2.340756021,0.177615502,54019,632,0,380371,1650,Fayette,West Virginia,54,019,54019,668.4,32,1618,24553,0.220813534,0.002551709
531,1217,54,027,54027,West Virginia,Hampshire,Yes,06, , , , , , ,1658559589,10969263, , ,01718644,0500000US54027,1.954017879,1.954017873,0.174383543,54027,0,0,0,0, , , , , ,0,0,0,0,0,0
532,1218,54,039,54039,West Virginia,Kanawha,Yes,06, , , , , , ,2335938864,23334425, , ,01550026,0500000US54039,3.092093521,3.09209353,0.243124915,54039,630,1,380525,1646,Kanawha,West Virginia,54,039,54039,911,27,1614,22586,0.264431161,0.002344888
533,1235,01,041,01041,Alabama,Crenshaw,Yes,06, , , , , , ,1576887981,5376388, , ,00161546,0500000US01041,2.272259993,2.27226,0.150586865,01041,1083,1,7,3041,Crenshaw,Alabama,01,041,01041,610.9,65,3009,37030,0.303106654,0.003553502
534,1237,05,039,05039,Arkansas,Dallas,Yes,06, , , , , , ,1728522953,1864048, , ,00066849,0500000US05039,2.428916365,2.428916366,0.168760299,05039,469,1,74086,1277,Dallas,Arkansas,05,039,05039,668.2,97,1245,23706,0.320541917,0.002338303
535,1238,06,003,06003,California,Alpine,Yes,06, , , , , , ,1912243146,12557256, , ,01675840,0500000US06003,2.157639806,2.15763981,0.19899918,06003,184,1,83735,525,Alpine,California,06,003,06003,743.2,6,493,27918,0.259284283,0.002915488
536,1239,06,053,06053,California,Monterey,Yes,06, , , , , , ,8496777466,1270701096, , ,00277291,0500000US06053,6.053417821,6.053417825,0.860707105,06053,163,1,88547,483,Monterey,California,06,053,06053,3314.6,427,451,34842,0.318368182,0.003538587
537,1241,12,131,12131,Florida,Walton,Yes,06, , , , , , ,2687633082,522902349, , ,00295727,0500000US12131,2.647844664,2.647844667,0.279804545,12131,1059,1,110903,3017,Walton,Florida,12,131,12131,1069.6,147,2985,24506,0.335925513,0.002340672
538,1242,13,263,13263,Georgia,Talbot,Yes,06, , , , , , ,1013691767,8737051, , ,00326757,0500000US13263,1.640812738,1.640812738,0.098310957,13263,720,1,120520,1763,Talbot,Georgia,13,263,13263,394.7,64,1731,7978,0.129754389,0.000774653
539,1253,01,059,01059,Alabama,Franklin,Yes,06, , , , , , ,1641580723,32904833, , ,00161555,0500000US01059,1.780051938,1.780051938,0.164303438,01059,406,1,1097,1214,Franklin,Alabama,01,059,01059,646.5,16,1182,31143,0.289635383,0.003092795
540,1255,05,007,05007,Arkansas,Benton,Yes,06, , , , , , ,2194725342,94581599, , ,00069896,0500000US05007,2.613682543,2.613682547,0.229838395,05007,556,1,74049,1373,Benton,Arkansas,05,007,05007,880.3,110,1341,13660,0.210866608,0.001388897
541,1256,06,069,06069,California,San Benito,Yes,06, , , , , , ,3596741910,4555000, , ,00277299,0500000US06069,3.625579517,3.62557951,0.362765247,06069,162,1,85661,482,San Benito,California,06,069,06069,1390.8,197,450,13444,0.212323092,0.001368399
542,1262,22,065,22065,Louisiana,Madison,Yes,15, , , , , , ,1617282458,68539570, , ,00558088,0500000US22065,3.043995879,3.043995879,0.161505302,22065,516,1,169622,1326,Madison,Louisiana,22,065,22065,650.5,41,1294,114612,0.543439807,0.002219393
543,1263,22,125,22125,Louisiana,West. Feliciana,Yes,15, , , , , , ,1044342169,58999710, , ,00559584,0500000US22125,2.287028262,2.287028261,0.104101129,22125,1015,1,168779,2971,West Feliciana,Louisiana,22,125,22125,426,48,2939,29418,0.246233077,0.002812212
544,1266,13,271,13271,Georgia,Telfair,Yes,06, , , , , , ,1132610536,17366938, , ,00356958,0500000US13271,1.922301685,1.922301687,0.109679741,13271,1104,1,116785,3062,Telfair,Georgia,13,271,13271,444.1,44,3030,49128,0.402996376,0.004739076
545,1273,28,043,28043,Mississippi,Grenada,Yes,06, , , , , , ,1093252416,70698222, , ,00695746,0500000US28043,1.698371471,1.69837147,0.113308903,28043,486,1,200214,1296,Grenada,Mississippi,28,043,28043,449.4,49,1264,20899,0.260691339,0.002061292
546,1276,48,107,48107,Texas,Crosby,Yes,06, , , , , , ,2331504894,3873555, , ,01383839,0500000US48107,1.912738871,1.912738871,0.22683223,48107,305,1,330374,1111,Crosby,Texas,48,107,48107,901.7,97,1079,39863,0.345591633,0.003916373
547,1284,37,023,37023,North Carolina,Burke,Yes,06, , , , , , ,1313431687,20607543, , ,01008539,0500000US37023,1.945360959,1.945360969,0.132939644,37023,669,1,268405,1708,Burke,North Carolina,37,023,37023,513.4,45,1676,28375,0.260972014,0.002870845
548,1285,37,113,37113,North Carolina,Macon,Yes,06, , , , , , ,1335302100,10722138, , ,01025833,0500000US37113,2.019813503,2.019813508,0.133091464,37113,787,1,265582,1835,Macon,North Carolina,37,113,37113,519.7,71,1803,19726,0.228472711,0.001346419
549,1286,40,003,40003,Oklahoma,Alfalfa,Yes,06, , , , , , ,2244106942,38546675, , ,01101789,0500000US40003,1.951465582,1.951465583,0.230321533,40003,240,1,286891,1001,Alfalfa,Oklahoma,40,003,40003,881.4,7,969,20442,0.292556103,0.002078243
550,1287,40,089,40089,Oklahoma,McCurtain,Yes,06, , , , , , ,4793135333,133993396, , ,01101835,0500000US40089,3.966960795,3.966960797,0.481309814,40089,295,1,285945,1101,McCurtain,Oklahoma,40,089,40089,1901.3,243,1069,23352,0.230876997,0.002299532
551,1289,45,047,45047,South Carolina,Greenwood,Yes,06, , , , , , ,1177746760,21226295, , ,01248003,0500000US45047,1.743268408,1.74326841,0.117199307,45047,804,1,313507,1852,Greenwood,South Carolina,45,047,45047,462.4,44,1820,19984,0.191532367,0.001976159
552,1290,47,065,47065,Tennessee,Hamilton,Yes,06, , , , , , ,1404937888,86585701, , ,01639749,0500000US47065,1.97261358,1.972613583,0.147596196,47065,674,1,326989,1715,Hamilton,Tennessee,47,065,47065,575.7,1,1683,22863,0.245992661,0.002293307
553,1291,48,065,48065,Texas,Carson,Yes,06, , , , , , ,2383359714,10064086, , ,01383818,0500000US48065,1.957659375,1.957659374,0.2374235,48065,236,1,330541,997,Carson,Texas,48,065,48065,924.1,101,965,38741,0.332794704,0.003881589
554,1292,48,245,48245,Texas,Jefferson,Yes,06, , , , , , ,2269596798,612149048, , ,01383908,0500000US48245,2.672464064,2.67246407,0.238392883,48245,990,1,330293,2946,Jefferson,Texas,48,245,48245,990.3,37,2914,18456,0.204109297,0.001748041
555,1293,48,339,48339,Texas,Montgomery,Yes,06, , , , , , ,2698498541,90609972, , ,01383955,0500000US48339,2.576794645,2.576794645,0.261556579,48339,38,1,331079,348,Montgomery,Texas,48,339,48339,1076.7,135,316,31537,0.314372364,0.002996491
556,1304,45,067,45067,South Carolina,Marion,Yes,06, , , , , , ,1267162776,12643194, , ,01248010,0500000US45067,2.641439772,2.641439764,0.12500948,45067,906,1,312950,2742,Marion,South Carolina,45,067,45067,494.1,50,2710,21401,0.250792073,0.002119277
557,1308,47,185,47185,Tennessee,White,Yes,06, , , , , , ,975592264,7113326, , ,01639800,0500000US47185,1.848669487,1.848669481,0.098132786,47185,615,1,329056,1551,White,Tennessee,47,185,47185,379.4,30,1519,9774,0.164284858,0.000985771
558,1309,48,055,48055,Texas,Caldwell,Yes,06, , , , , , ,1412148358,4969087, , ,01383813,0500000US48055,1.845559936,1.845559933,0.132280274,48055,114,1,330701,424,Caldwell,Texas,48,055,48055,546.9,69,392,31303,0.29486526,0.002951449
559,1310,48,161,48161,Texas,Freestone,Yes,06, , , , , , ,2273333042,36915816, , ,01383866,0500000US48161,2.479960213,2.479960208,0.219760612,48161,96,1,330352,406,Freestone,Texas,48,161,48161,892.1,101,374,40418,0.405368177,0.003887127
560,1311,48,289,48289,Texas,Leon,Yes,06, , , , , , ,2779463157,19328347, , ,01383930,0500000US48289,2.856665167,2.856665164,0.265155143,48289,81,1,330352,391,Leon,Texas,48,289,48289,1080.4,126,359,40418,0.405368177,0.003887127
561,1312,48,423,48423,Texas,Smith,Yes,06, , , , , , ,2386636134,73131217, , ,01383997,0500000US48423,2.786865922,2.786865928,0.235698065,48423,395,1,330309,1201,Smith,Texas,48,423,48423,949.9,106,1169,24450,0.223498585,0.002372743
562,1322,01,085,01085,Alabama,Lowndes,Yes,06, , , , , , ,1854201994,23721056, , ,00161568,0500000US01085,2.306675908,2.306675911,0.179525869,01085,704,1,3351,1747,Lowndes,Alabama,01,085,01085,725,81,1715,46965,0.400505587,0.004537837
563,1324,05,015,05015,Arkansas,Carroll,Yes,06, , , , , , ,1631639595,22384372, , ,00066975,0500000US05015,2.119396516,2.119396522,0.166021828,05015,557,1,74026,1374,Carroll,Arkansas,05,015,05015,638.8,103,1342,15865,0.163574627,0.00160809
564,1325,06,041,06041,California,Marin,Yes,06, , , , , , ,1348041348,796972746, , ,00277285,0500000US06041,2.489927248,2.489927249,0.144648966,06041,7,1,86657,22,Marin,California,06,041,06041,525,89,17,19864,0.266821695,0.002066633
565,1326,06,085,06085,California,Santa Clara,Yes,06, , , , , , ,3341632767,35844480, , ,00277307,0500000US06085,3.446119423,3.446119429,0.342180906,06085,172,1,80322,492,Santa Clara,California,06,085,06085,1298,181,460,19497,0.354759495,0.002001332
566,1332,22,053,22053,Louisiana,Jefferson Davis,Yes,15, , , , , , ,1687025280,18718193, , ,00558039,0500000US22053,2.541694447,2.54169445,0.15987538,22053,983,1,167801,2939,Jefferson Davis,Louisiana,22,053,22053,658.6,48,2907,35957,0.304910699,0.003412485
567,1333,22,091,22091,Louisiana,St. Helena,Yes,15, , , , , , ,1057772656,2796218, , ,01629457,0500000US22091,1.602399691,1.602399688,0.099979554,22091,1034,1,169669,2990,St. Helena,Louisiana,22,091,22091,409.5,32,2958,35190,0.133317452,0.000529318
568,1338,12,089,12089,Florida,Nassau,Yes,06, , , , , , ,1679963361,200158799, , ,00295730,0500000US12089,2.715033857,2.715033859,0.163251511,12089,1060,1,111074,3018,Nassau,Florida,12,089,12089,667.1,75,2986,32830,0.250798962,0.00311643
569,1339,13,079,13079,Georgia,Crawford,Yes,06, , , , , , ,841521487,3989489, , ,00342918,0500000US13079,1.604781085,1.604781082,0.081335891,13079,835,1,116593,1883,Crawford,Georgia,13,079,13079,326.5,63,1851,23483,0.227121882,0.002285861
570,1340,13,265,13265,Georgia,Taliaferro,Yes,06, , , , , , ,504031777,1915722, , ,00347654,0500000US13265,1.36188274,1.361882744,0.049137441,13265,837,1,118575,1885,Taliaferro,Georgia,13,265,13265,195.5,31,1853,23682,0.249821226,0.002329821
571,1343,37,019,37019,North Carolina,Brunswick,Yes,06, , , , , , ,2199318070,520213617, , ,01026340,0500000US37019,2.602993654,2.602993646,0.225778134,37019,918,0,267361,2755,Brunswick,North Carolina,37,019,37019,864.2,64,2723,18229,0.192651768,0.001806298
572,1345,37,111,37111,North Carolina,McDowell,Yes,06, , , , , , ,1141169585,13956755, , ,01025836,0500000US37111,1.78443752,1.78443752,0.114994923,37111,670,1,268401,1709,McDowell,North Carolina,37,111,37111,447,7,1677,36054,0.441018962,0.003639229
573,1354,48,103,48103,Texas,Crane,Yes,06, , , , , , ,2033318914,1695904, , ,01383837,0500000US48103,2.335382814,2.335382822,0.193483288,48103,25,1,330476,335,Crane,Texas,48,103,48103,785.6,77,303,15142,0.251754862,0.001449046
574,1355,48,173,48173,Texas,Glasscock,Yes,06, , , , , , ,2331552812,2245298, , ,01383872,0500000US48173,1.892453434,1.892453435,0.22251886,48173,69,1,330665,379,Glasscock,Texas,48,173,48173,900.9,97,347,36098,0.292691074,0.003483535
575,1356,48,223,48223,Texas,Hopkins,Yes,06, , , , , , ,1987018485,66250918, , ,01383897,0500000US48223,2.192319353,2.192319359,0.198435699,48223,389,1,330306,1195,Hopkins,Texas,48,223,48223,793.1,99,1163,20918,0.231915951,0.002045288
576,1357,48,321,48321,Texas,Matagorda,Yes,06, , , , , , ,2849704446,1326675922, , ,01383943,0500000US48321,2.938478029,2.938478027,0.331023002,48321,14,1,331221,323,Matagorda,Texas,48,321,48321,1144.9,46,291,39774,0.323632311,0.003728271
577,1363,48,391,48391,Texas,Refugio,Yes,06, , , , , , ,1995524314,123702940, , ,01383981,0500000US48391,3.036873526,3.036873528,0.187197302,48391,132,1,330575,442,Refugio,Texas,48,391,48391,778.5,93,410,34393,0.407768533,0.003206825
578,1364,48,437,48437,Texas,Swisher,Yes,06, , , , , , ,2305502706,27277988, , ,01384004,0500000US48437,1.9237126,1.923712599,0.229106804,48437,332,1,330831,1138,Swisher,Texas,48,437,48437,900.7,86,1106,27317,0.226675853,0.00271588
579,1369,42,099,42099,Pennsylvania,Perry,Yes,06, , , , , , ,1428123189,10589714, , ,01213682,0500000US42099,2.503212422,2.503212424,0.152632046,42099,0,0,0,0, , , , , ,0,0,0,0,0,0
580,1370,45,003,45003,South Carolina,Aiken,Yes,06, , , , , , ,2774063158,24666140, , ,01247979,0500000US45003,2.655203224,2.655203227,0.271703155,45003,684,1,312852,1727,Aiken,South Carolina,45,003,45003,1080.3,79,1695,71034,0.221937257,0.001956522
581,1371,45,035,45035,South Carolina,Dorchester,Yes,06, , , , , , ,1484680986,6655427, , ,01247998,0500000US45035,2.64585044,2.645850443,0.144008084,45035,890,0,314492,2726,Dorchester,South Carolina,45,035,45035,576.2,28,2694,32790,0.298046413,0.003205475
582,1372,45,069,45069,South Carolina,Marlboro,Yes,06, , , , , , ,1242378725,14475689, , ,01248011,0500000US45069,1.906733867,1.906733871,0.12351656,45069,898,0,314637,2734,Marlboro,South Carolina,45,069,45069,485.4,22,2702,37483,0.427014299,0.003727741
583,1374,47,029,47029,Tennessee,Cocke,Yes,06, , , , , , ,1125578014,22116574, , ,01639734,0500000US47029,1.865093945,1.865093947,0.114597089,47029,649,1,326397,1675,Cocke,Tennessee,47,029,47029,443.1,54,1643,23266,0.26712999,0.000545542
584,1376,47,129,47129,Tennessee,Morgan,Yes,06, , , , , , ,1352427834,823000, , ,01639778,0500000US47129,1.869323018,1.869323018,0.135486401,47129,597,1,326694,1509,Morgan,Tennessee,47,129,47129,522.4,64,1477,31816,0.276102612,0.003218119
585,1377,47,173,47173,Tennessee,Union,Yes,06, , , , , , ,578990147,61092970, , ,01648583,0500000US47173,1.361894196,1.3618942,0.064206684,47173,660,1,326668,1686,Union,Tennessee,47,173,47173,247.2,1,1654,35411,0.268406769,0.003590708
586,1378,01,061,01061,Alabama,Geneva,Yes,06, , , , , , ,1487710550,11765163, , ,00161556,0500000US01061,1.833362903,1.833362902,0.141748677,01061,1097,1,453,3055,Geneva,Alabama,01,061,01061,578.9,100,3023,25501,0.268217733,0.002441412
587,1379,01,067,01067,Alabama,Henry,Yes,06, , , , , , ,1454926264,16986823, , ,00161559,0500000US01067,1.617981102,1.617981101,0.139768994,01067,1091,1,369,3049,Henry,Alabama,01,067,01067,568.3,73,3017,20988,0.210800717,0.002020649
588,1381,05,009,05009,Arkansas,Boone,Yes,06, , , , , , ,1528950316,30222256, , ,00069897,0500000US05009,1.698588007,1.698588004,0.15646187,05009,545,1,74061,1361,Boone,Arkansas,05,009,05009,601.8,95,1329,18790,0.240688162,0.001907517
589,1382,05,023,05023,Arkansas,Cleburne,Yes,06, , , , , , ,1434052317,99015212, , ,00066983,0500000US05023,1.607821508,1.607821507,0.152367936,05023,564,1,74046,1381,Cleburne,Arkansas,05,023,05023,591.9,70,1349,26323,0.243941772,0.002647589
590,1383,05,053,05053,Arkansas,Grant,Yes,06, , , , , , ,1636383583,2897701, , ,00066856,0500000US05053,1.864254861,1.864254859,0.160505762,05053,466,1,74051,1274,Grant,Arkansas,05,053,05053,633,79,1242,31207,0.283671903,0.003094657
591,1384,48,361,48361,Texas,Orange,Yes,06, , , , , , ,864487693,118489795, , ,01383966,0500000US48361,1.794357433,1.794357438,0.092024923,48361,989,1,330293,2945,Orange,Texas,48,361,48361,379.5,39,2913,18456,0.204109297,0.001748041
592,1385,48,407,48407,Texas,San Jacinto,Yes,06, , , , , , ,1474332235,151948261, , ,01383989,0500000US48407,2.168733573,2.168733576,0.152921291,48407,90,1,330362,400,San Jacinto,Texas,48,407,48407,627.9,70,368,21805,0.217478832,0.002074698
593,1386,48,467,48467,Texas,Van Zandt,Yes,06, , , , , , ,2182212672,44165861, , ,01384019,0500000US48467,2.328323987,2.32832399,0.213779801,48467,394,1,330426,1200,Van Zandt,Texas,48,467,48467,859.4,97,1168,26331,0.213239321,0.002552596
594,1387,40,011,40011,Oklahoma,Blaine,Yes,06, , , , , , ,2404605144,26851758, , ,01101793,0500000US40011,2.085425956,2.085425956,0.242649689,40011,251,1,286881,1014,Blaine,Oklahoma,40,011,40011,938.9,129,982,36034,0.33755761,0.003655406
595,1388,40,067,40067,Oklahoma,Jefferson,Yes,06, , , , , , ,1965365199,39497494, , ,01101821,0500000US40067,2.377309507,2.377309506,0.195887651,40067,359,1,289340,1165,Jefferson,Oklahoma,40,067,40067,773.8,103,1133,15953,0.179822845,0.001580884
596,1391,45,079,45079,South Carolina,Richland,Yes,06, , , , , , ,1960986744,37865567, , ,01249299,0500000US45079,3.051884919,3.051884912,0.195115832,45079,677,1,313164,1720,Richland,South Carolina,45,079,45079,771.2,31,1688,34661,0.357504588,0.003425948
597,1392,47,019,47019,Tennessee,Carter,Yes,06, , , , , , ,883711431,16656912, , ,01639730,0500000US47019,1.636547211,1.636547209,0.090295828,47019,663,1,326401,1697,Carter,Tennessee,47,019,47019,347.7,12,1665,29438,0.15126573,0.000369902
598,1393,47,049,47049,Tennessee,Fentress,Yes,06, , , , , , ,1291420953,829336, , ,01639743,0500000US47049,1.867972525,1.867972522,0.1297852,47049,608,1,326201,1541,Fentress,Tennessee,47,049,47049,499,77,1509,40088,0.33023289,0.00406227
599,1394,47,097,47097,Tennessee,Lauderdale,Yes,06, , , , , , ,1222389221,92233928, , ,01639763,0500000US47097,2.776665478,2.776665486,0.131022475,47097,584,1,326024,1465,Lauderdale,Tennessee,47,097,47097,507.1,8,1433,51086,0.562690277,0.003020965
600,1395,48,023,48023,Texas,Baylor,Yes,06, , , , , , ,2246765495,86991860, , ,01383797,0500000US48023,1.912563556,1.912563556,0.226782794,48023,308,1,330281,1114,Baylor,Texas,48,023,48023,901,108,1082,33043,0.249894838,0.003241971
601,1397,06,007,06007,California,Butte,Yes,06, , , , , , ,4238422629,105325735, , ,01675842,0500000US06007,4.176021835,4.176021833,0.455945589,06007,190,1,81030,536,Butte,California,06,007,06007,1677.7,217,504,34050,0.299503721,0.003624911
602,1399,12,053,12053,Florida,Hernando,Yes,06, , , , , , ,1224610707,300943399, , ,00295751,0500000US12053,1.909727137,1.909727136,0.119054105,12053,1168,1,113628,3126,Hernando,Florida,12,053,12053,488.2,60,3094,18019,0.297762832,0.001683667
603,1400,13,075,13075,Georgia,Cook,Yes,06, , , , , , ,588431545,15561211, , ,00343878,0500000US13075,1.270811348,1.270811349,0.057141021,13075,1112,1,118135,3070,Cook,Georgia,13,075,13075,233.2,36,3038,17737,0.184485582,0.001699819
604,1401,13,219,13219,Georgia,Oconee,Yes,06, , , , , , ,477395755,5305653, , ,00356774,0500000US13219,1.202900641,1.202900637,0.047009998,13219,781,1,121365,1829,Oconee,Georgia,13,219,13219,186.3,44,1797,12540,0.172971115,0.001237016
605,1404,35,011,35011,New Mexico,De Baca,Yes,06, , , , , , ,6015540562,29159485, , ,00933054,0500000US35011,3.455053684,3.455053682,0.592140938,35011,212,1,255672,929,De Baca,New Mexico,35,011,35011,2333.8,49,897,29439,0.280416819,0.002916134
606,1406,40,027,40027,Oklahoma,Cleveland,Yes,06, , , , , , ,1395495697,49941359, , ,01101801,0500000US40027,1.915894538,1.91589454,0.143065541,40027,351,0,288867,1157,Cleveland,Oklahoma,40,027,40027,558.7,55,1125,29779,0.27117268,0.002989139
607,1408,45,027,45027,South Carolina,Clarendon,Yes,06, , , , , , ,1571964200,229760801, , ,01247990,0500000US45027,2.289854379,2.289854377,0.175142414,45027,884,0,314144,2720,Clarendon,South Carolina,45,027,45027,695.6,19,2688,165142,0.656400424,0.01621789
608,1409,37,153,37153,North Carolina,Richmond,Yes,06, , , , , , ,1227297998,15684090, , ,01008581,0500000US37153,2.059540413,2.059540412,0.122747043,37153,911,1,265822,2747,Richmond,North Carolina,37,153,37153,479.6,25,2715,24944,0.244845123,0.002493709
609,1411,22,083,22083,Louisiana,Richland,Yes,15, , , , , , ,1448537000,13551776, , ,00559481,0500000US22083,2.582581295,2.582581306,0.140168682,22083,447,1,169736,1255,Richland,Louisiana,22,083,22083,564.5,80,1223,19346,0.25955396,0.001882246
610,1414,28,157,28157,Mississippi,Wilkinson,Yes,06, , , , , , ,1756260364,25019052, , ,00695799,0500000US28157,2.100488838,2.10048884,0.168489404,28157,1002,1,196089,2958,Wilkinson,Mississippi,28,157,28157,687.7,105,2926,68075,0.371853273,0.002396377
611,1416,48,091,48091,Texas,Comal,Yes,06, , , , , , ,1449044656,39882603, , ,01383831,0500000US48091,1.937435496,1.937435492,0.138970046,48091,49,1,330673,359,Comal,Texas,48,091,48091,574.7,77,327,31431,0.259733345,0.002967411
612,1417,48,179,48179,Texas,Gray,Yes,06, , , , , , ,2398261555,8700793, , ,01383875,0500000US48179,1.966474494,1.966474494,0.238811644,48179,237,1,330387,998,Gray,Texas,48,179,48179,929.3,111,966,18026,0.221771436,0.001812006
613,1419,48,483,48483,Texas,Wheeler,Yes,06, , , , , , ,2368603538,2481266, , ,01384027,0500000US48483,1.95100283,1.951002831,0.235142016,48483,238,1,330736,999,Wheeler,Texas,48,483,48483,915.3,103,967,28752,0.240915795,0.002884764
614,1420,51,047,51047,Virginia,Culpeper,Yes,06, , , , , , ,982217895,8564962, , ,01497831,0500000US51047,2.096798058,2.096798055,0.102315283,51047,947,1,366977,2817,Culpeper,Virginia,51,047,51047,382.3,11,2785,30916,0.2802148,0.003229071
615,1424,01,007,01007,Alabama,Bibb,Yes,06, , , , , , ,1612481756,9287967, , ,00161529,0500000US01007,1.886957391,1.886957392,0.156525098,01007,711,1,3475,1754,Bibb,Alabama,01,007,01007,626.1,41,1722,23293,0.216147843,0.002269922
616,1425,01,011,01011,Alabama,Bullock,Yes,06, , , , , , ,1613058451,6055020, , ,00161531,0500000US01011,2.045636482,2.045636481,0.154681953,01011,691,1,889,1734,Bullock,Alabama,01,011,01011,626.1,84,1702,27377,0.266442252,0.002645763
617,1426,01,021,01021,Alabama,Chilton,Yes,06, , , , , , ,1794483668,20586275, , ,00161536,0500000US01021,2.084802531,2.084802533,0.174812055,01021,700,1,2771,1743,Chilton,Alabama,01,021,01021,700.8,40,1711,28859,0.36368717,0.00281909
618,1427,01,027,01027,Alabama,Clay,Yes,06, , , , , , ,1564252220,5284585, , ,00161539,0500000US01027,2.022650326,2.022650324,0.151835492,01027,715,1,2382,1758,Clay,Alabama,01,027,01027,606,18,1726,37944,0.305827276,0.003722403
619,1428,01,029,01029,Alabama,Cleburne,Yes,06, , , , , , ,1450663481,2354898, , ,00161540,0500000US01029,2.173216434,2.17321643,0.141308061,01029,682,1,1676,1725,Cleburne,Alabama,01,029,01029,561,69,1693,27022,0.109111709,0.000559691
620,1429,01,037,01037,Alabama,Coosa,Yes,06, , , , , , ,1685891146,39946546, , ,00161544,0500000US01037,1.741613992,1.741613989,0.166421865,01037,699,1,2731,1742,Coosa,Alabama,01,037,01037,666.4,43,1710,29433,0.303247954,0.002878227
621,1430,01,039,01039,Alabama,Covington,Yes,06, , , , , , ,2668869603,34526168, , ,00161545,0500000US01039,2.348780171,2.348780174,0.256013863,01039,1075,1,1,3033,Covington,Alabama,01,039,01039,1043.9,137,3001,12663,0.1546438,0.001214646
622,1431,05,079,05079,Arkansas,Lincoln,Yes,06, , , , , , ,1454438320,27514936, , ,00066873,0500000US05079,1.9569096,1.956909598,0.144543079,05079,468,1,74072,1276,Lincoln,Arkansas,05,079,05079,572.2,73,1244,23082,0.213427023,0.002280342
623,1432,05,083,05083,Arkansas,Logan,Yes,06, , , , , , ,1834025084,60692560, , ,00082850,0500000US05083,2.654721528,2.654721531,0.187572721,05083,449,1,74027,1257,Logan,Arkansas,05,083,05083,731.5,102,1225,26269,0.269020764,0.002629373
624,1433,06,015,06015,California,Del Norte,Yes,06, , , , , , ,2606517997,578525673, , ,01682074,0500000US06015,2.948494305,2.948494304,0.284583237,06015,1,1,85111,16,Del Norte,California,06,015,06015,1014.4,148,11,17514,0.20124257,0.001921095
625,1435,06,063,06063,California,Plumas,Yes,06, , , , , , ,6612371925,156389419, , ,00277296,0500000US06063,5.250310671,5.250310661,0.713889909,06063,188,1,80976,533,Plumas,California,06,063,06063,2613.8,149,501,19508,0.312254012,0.002089867
626,1436,06,077,06077,California,San Joaquin,Yes,06, , , , , , ,3603647052,91127746, , ,00277303,0500000US06077,3.206278077,3.206278082,0.378621859,06077,167,1,80416,487,San Joaquin,California,06,077,06077,1431.5,173,455,23341,0.245953817,0.002403951
627,1437,05,125,05125,Arkansas,Saline,Yes,06, , , , , , ,1874122935,17837083, , ,00067102,0500000US05125,2.622386133,2.622386134,0.186001373,05125,451,1,73991,1259,Saline,Arkansas,05,125,05125,730.5,93,1227,25940,0.2584537,0.002576653
628,1438,06,031,06031,California,Kings,Yes,06, , , , , , ,3598582246,5468555, , ,00277280,0500000US06031,2.873578708,2.87357871,0.360588076,06031,164,1,86441,484,Kings,California,06,031,06031,1391.6,152,452,60364,0.391581012,0.006086584
629,1439,06,107,06107,California,Tulare,Yes,06, , , , , , ,12494776168,37391591, , ,00277318,0500000US06107,5.347919266,5.347919269,1.256134547,06107,161,1,83307,481,Tulare,California,06,107,06107,4838.8,597,449,16288,0.18726816,0.001659187
630,1448,12,003,12003,Florida,Baker,Yes,06, , , , , , ,1515741210,9686120, , ,00306920,0500000US12003,1.713377317,1.713377312,0.143024953,12003,1067,1,111026,3025,Baker,Florida,12,003,12003,588.8,83,2993,39086,0.302553148,0.003708571
631,1449,12,015,12015,Florida,Charlotte,Yes,06, , , , , , ,1764034378,458806314, , ,00295742,0500000US12015,2.560903926,2.560903929,0.175710644,12015,1172,1,111138,3130,Charlotte,Florida,12,015,12015,716.2,76,3098,23472,0.219636099,0.002158836
632,1450,12,047,12047,Florida,Hamilton,Yes,06, , , , , , ,1330689616,13659747, , ,00295736,0500000US12047,2.260554926,2.260554924,0.126274587,12047,1115,1,112713,3073,Hamilton,Florida,12,047,12047,519.3,74,3041,18324,0.233037133,0.001743645
633,1451,12,071,12071,Florida,Lee,Yes,06, , , , , , ,2031314797,1108735941, , ,00295758,0500000US12071,3.364351947,3.364351948,0.208527919,12071,1174,1,111391,3132,Lee,Florida,12,071,12071,810.1,59,3100,40982,0.293130241,0.003764884
634,1452,12,086,12086,Florida,Miami-Dade,Yes,06, , , , , , ,4915222406,1381496821, , ,00295755,0500000US12086,4.591494851,4.591494847,0.470060932,12086,1182,1,112555,3140,Miami-Dade,Florida,12,086,12086,1985.2,38,3108,491553,0.972242431,0.044902985
635,1453,12,109,12109,Florida,St. Johns,Yes,06, , , , , , ,1555737144,572005083, , ,00308371,0500000US12109,2.042740875,2.042740874,0.162914072,12109,1152,1,113540,3110,St. Johns,Florida,12,109,12109,660.6,74,3078,43365,0.620684663,0.004089776
636,1454,12,115,12115,Florida,Sarasota,Yes,06, , , , , , ,1439454673,439001065, , ,00295741,0500000US12115,1.888818712,1.888818712,0.142844914,12115,1158,1,111144,3116,Sarasota,Florida,12,115,12115,579.2,57,3084,26351,0.340545699,0.002175417
637,1455,13,003,13003,Georgia,Atkinson,Yes,06, , , , , , ,879043391,13294251, , ,00345784,0500000US13003,1.627448153,1.627448146,0.084597706,13003,1129,1,117237,3087,Atkinson,Georgia,13,003,13003,343.5,42,3055,29789,0.250775638,0.002859449
638,1456,13,023,13023,Georgia,Bleckley,Yes,06, , , , , , ,559100207,8447345, , ,00347451,0500000US13023,1.120447626,1.120447625,0.054414464,13023,830,1,116649,1878,Bleckley,Georgia,13,023,13023,218.6,36,1846,23509,0.220452732,0.002279828
639,1457,13,051,13051,Georgia,Chatham,Yes,06, , , , , , ,1110293853,527257510, , ,01694477,0500000US13051,2.362163333,2.362163337,0.121882768,13051,1057,1,120215,3015,Chatham,Georgia,13,051,13051,482.2,41,2983,25565,0.307947996,0.002472148
640,1458,13,055,13055,Georgia,Chattooga,Yes,06, , , , , , ,811512405,570807, , ,00352213,0500000US13055,1.287159466,1.287159463,0.079687923,13055,737,1,116291,1782,Chattooga,Georgia,13,055,13055,313.5,74,1750,8005,0.098773823,0.000574553
641,1459,13,071,13071,Georgia,Colquitt,Yes,06, , , , , , ,1409383645,32304997, , ,00343936,0500000US13071,1.676003086,1.676003088,0.136393656,13071,1113,1,116730,3071,Colquitt,Georgia,13,071,13071,556.6,93,3039,13596,0.169352592,0.001302254
642,1464,13,085,13085,Georgia,Dawson,Yes,06, , , , , , ,546043427,9271905, , ,00351312,0500000US13085,1.301934244,1.301934245,0.054482507,13085,768,1,119339,1816,Dawson,Georgia,13,085,13085,214.5,26,1784,17012,0.195109272,0.001686363
643,1465,13,095,13095,Georgia,Dougherty,Yes,06, , , , , , ,851140267,15396049, , ,00351259,0500000US13095,1.435653552,1.43565355,0.08234456,13095,1127,1,116709,3085,Dougherty,Georgia,13,095,13095,334.7,59,3053,12559,0.174144685,0.001204284
644,1466,13,111,13111,Georgia,Fannin,Yes,06, , , , , , ,1002370118,13560697, , ,00351094,0500000US13111,1.852812637,1.852812637,0.100119564,13111,729,1,119524,1774,Fannin,Georgia,13,111,13111,391.1,71,1742,13189,0.152898194,0.001309985
645,1467,13,155,13155,Georgia,Irwin,Yes,06, , , , , , ,917744030,21807457, , ,00352302,0500000US13155,1.583802194,1.583802194,0.089340665,13155,1126,1,116777,3084,Irwin,Georgia,13,155,13155,362.8,59,3052,25114,0.254407606,0.002419031
646,1468,13,171,13171,Georgia,Lamar,Yes,06, , , , , , ,475262679,6046028, , ,00326713,0500000US13171,1.011905038,1.011905037,0.046499595,13171,846,1,116513,1894,Lamar,Georgia,13,171,13171,185.9,37,1862,31745,0.283873346,0.003101554
647,1469,13,223,13223,Georgia,Paulding,Yes,06, , , , , , ,808832022,5309333, , ,00349912,0500000US13223,1.203231743,1.203231741,0.079372438,13223,759,1,119897,1806,Paulding,Georgia,13,223,13223,315.3,56,1774,35685,0.353098639,0.003506158
648,1470,13,227,13227,Georgia,Pickens,Yes,06, , , , , , ,601027685,1693936, , ,01673011,0500000US13227,1.265707569,1.265707568,0.059121164,13227,753,1,119539,1800,Pickens,Georgia,13,227,13227,232.7,69,1768,16005,0.195801571,0.001588403
649,1471,13,239,13239,Georgia,Quitman,Yes,06, , , , , , ,391703077,24158294, , ,00350547,0500000US13239,0.963933216,0.963933217,0.039658669,13239,1088,1,116241,3046,Quitman,Georgia,13,239,13239,160.5,30,3014,30928,0.180983463,0.001755333
650,1472,13,249,13249,Georgia,Schley,Yes,06, , , , , , ,432283920,2376372, , ,00344129,0500000US13249,1.131884598,1.131884598,0.041643017,13249,832,1,122029,1880,Schley,Georgia,13,249,13249,167.8,38,1848,20563,0.210626615,0.001991448
651,1473,13,253,13253,Georgia,Seminole,Yes,06, , , , , , ,609245340,55231534, , ,00351263,0500000US13253,1.249360642,1.249360648,0.06271217,13253,1099,1,116169,3057,Seminole,Georgia,13,253,13253,256.5,42,3025,34216,0.216114609,0.001297853
652,1474,13,293,13293,Georgia,Upson,Yes,06, , , , , , ,837697122,10663317, , ,00346759,0500000US13293,1.449095212,1.44909521,0.081749686,13293,821,1,116591,1869,Upson,Georgia,13,293,13293,327.7,65,1837,22147,0.255476228,0.002157399
653,1476,13,299,13299,Georgia,Ware,Yes,06, , , , , , ,2311481407,40196544, , ,00357722,0500000US13299,3.318815363,3.318815362,0.221887583,13299,1108,1,117260,3066,Ware,Georgia,13,299,13299,906.7,66,3034,49105,0.403920643,0.004703083
654,1528,20,107,20107,Kansas,Linn,Yes,06, , , , , , ,1538618725,31937639, , ,00485018,0500000US20107,1.630936855,1.630936855,0.161555309,20107,255,1,154506,1044,Linn,Kansas,20,107,20107,606.3,9,1012,33897,0.287873721,0.003520225
655,1558,20,099,20099,Kansas,Labette,Yes,06, , , , , , ,1671305796,20261091, , ,00485014,0500000US20099,1.664409599,1.6644096,0.171687814,20099,262,1,154569,1067,Labette,Kansas,20,099,20099,653.3,17,1035,22926,0.322175143,0.002349984
656,1559,29,187,29187,Missouri,St. Francois,Yes,06, , , , , , ,1170281586,7316532, , ,00758548,0500000US29187,2.033768136,2.033768137,0.120478666,29187,571,1,204483,1414,St. Francois,Missouri,29,187,29187,451.2,4,1382,26777,0.224854552,0.002772389
657,1561,29,221,29221,Missouri,Washington,Yes,06, , , , , , ,1968056337,6778977, , ,00758563,0500000US29221,1.831810361,1.831810362,0.202444211,29221,577,0,201981,1434,Washington,Missouri,29,221,29221,762.2,17,1402,29613,0.244900887,0.003072266
658,1567,45,081,45081,South Carolina,Saluda,Yes,06, , , , , , ,1172690664,23419224, , ,01248016,0500000US45081,1.578821289,1.578821288,0.116718841,45081,806,0,313652,1854,Saluda,South Carolina,45,081,45081,462.2,13,1822,30540,0.240552763,0.003011521
659,1575,35,059,35059,New Mexico,Union,Yes,06, , , , , , ,9903448669,18467862, , ,00929115,0500000US35059,4.552651135,4.552651135,0.997771899,35059,232,0,246888,985,Union,New Mexico,35,059,35059,3830.8,118,953,18082,0.217144017,0.001851894
660,1603,39,079,39079,Ohio,Jackson,Yes,06, , , , , , ,1088581998,3184785, , ,01074052,0500000US39079,1.430646023,1.430646026,0.113531625,39079,868,1,284422,2403,Jackson,Ohio,39,079,39079,421.5,6,2371,31604,0.322212078,0.003319502
661,1640,40,009,40009,Oklahoma,Beckham,Yes,06, , , , , , ,2335665035,5527161, , ,01101792,0500000US40009,2.25399553,2.253995529,0.231936434,40009,290,1,288552,1096,Beckham,Oklahoma,40,009,40009,904.1,45,1064,26068,0.370147724,0.002611215
662,1645,28,005,28005,Mississippi,Amite,Yes,06, , , , , , ,1890950938,3877870, , ,00695727,0500000US28005,1.807257611,1.80725761,0.179253747,28005,1025,1,196119,2981,Amite,Mississippi,28,005,28005,731.6,94,2949,35190,0.224186931,0.002835375
663,1647,37,033,37033,North Carolina,Caswell,Yes,06, , , , , , ,1100481886,8623004, , ,01008542,0500000US37033,1.344581978,1.344581976,0.11137786,37033,940,1,269335,2803,Caswell,North Carolina,37,033,37033,428.6,37,2771,25982,0.218119634,0.002643453
664,1648,40,019,40019,Oklahoma,Carter,Yes,06, , , , , , ,2129425400,30015492, , ,01101797,0500000US40019,2.143102333,2.143102333,0.211343366,40019,358,1,289708,1164,Carter,Oklahoma,40,019,40019,833.7,106,1132,23553,0.213095491,0.002329808
665,1649,40,033,40033,Oklahoma,Cotton,Yes,06, , , , , , ,1638566872,24095201, , ,01101804,0500000US40033,1.936321816,1.936321814,0.162871654,40033,347,1,288614,1153,Cotton,Oklahoma,40,033,40033,641.9,106,1121,20576,0.233607539,0.002042675
666,1650,40,049,40049,Oklahoma,Garvin,Yes,06, , , , , , ,2077502830,29941710, , ,01101812,0500000US40049,2.343005957,2.343005957,0.207356168,40049,365,1,288647,1171,Garvin,Oklahoma,40,049,40049,813.7,107,1139,23010,0.21957411,0.002296013
667,1653,28,025,28025,Mississippi,Clay,Yes,06, , , , , , ,1062066229,15393026, , ,00695737,0500000US28025,1.883993404,1.883993404,0.104747953,28025,417,1,197276,1225,Clay,Mississippi,28,025,28025,416,56,1193,20347,0.212857393,0.00200242
668,1654,28,035,28035,Mississippi,Forrest,Yes,06, , , , , , ,1207037264,10878481, , ,00695742,0500000US28035,1.676441456,1.676441458,0.115239744,28035,1022,1,198217,2978,Forrest,Mississippi,28,035,28035,470.2,59,2946,27019,0.329205656,0.002594102
669,1655,28,067,28067,Mississippi,Jones,Yes,06, , , , , , ,1799558859,12676822, , ,00695757,0500000US28067,1.668463986,1.668463985,0.172254703,28067,1044,1,198184,3000,Jones,Mississippi,28,067,28067,699.7,31,2968,22750,0.239536004,0.002189635
670,1657,37,077,37077,North Carolina,Granville,Yes,06, , , , , , ,1374998246,14526331, , ,01008556,0500000US37077,1.694247665,1.694247664,0.139389738,37077,930,1,272223,2782,Granville,North Carolina,37,077,37077,535.9,1,2750,9528,0.184658693,0.00153157
671,1658,37,157,37157,North Carolina,Rockingham,Yes,06, , , , , , ,1464773741,18526392, , ,01008582,0500000US37157,1.607001618,1.607001619,0.148982903,37157,941,1,269331,2804,Rockingham,North Carolina,37,157,37157,573.1,11,2772,18156,0.222089166,0.001845312
672,1659,40,059,40059,Oklahoma,Harper,Yes,06, , , , , , ,2691041295,5259446, , ,01101817,0500000US40059,2.160463794,2.160463794,0.272138742,40059,249,1,286137,1012,Harper,Oklahoma,40,059,40059,1041,11,980,14401,0.127581013,0.00060445
673,1660,40,063,40063,Oklahoma,Hughes,Yes,06, , , , , , ,2084025738,26504780, , ,01101819,0500000US40063,2.079681352,2.079681357,0.208540644,40063,367,1,288787,1173,Hughes,Oklahoma,40,063,40063,814.6,115,1141,36501,0.355488262,0.003641836
674,1661,40,073,40073,Oklahoma,Kingfisher,Yes,06, , , , , , ,2326224193,20348783, , ,01101824,0500000US40073,1.950556271,1.95055627,0.23441098,40073,272,1,287088,1077,Kingfisher,Oklahoma,40,073,40073,905.9,54,1045,17364,0.172999719,0.001756762
675,1664,28,077,28077,Mississippi,Lawrence,Yes,06, , , , , , ,1115424221,13213419, , ,00695762,0500000US28077,1.42115959,1.421159588,0.107195257,28077,1040,1,199427,2996,Lawrence,Mississippi,28,077,28077,435.7,31,2964,11679,0.172244172,0.001124153
676,1665,28,081,28081,Mississippi,Lee,Yes,06, , , , , , ,1165367655,8349362, , ,00695764,0500000US28081,1.43634291,1.436342909,0.114937088,28081,496,1,197166,1306,Lee,Mississippi,28,081,28081,453.1,21,1274,21553,0.239901289,0.002140398
677,1666,28,091,28091,Mississippi,Marion,Yes,06, , , , , , ,1404769467,16149942, , ,00695769,0500000US28091,1.656182479,1.656182481,0.134519313,28091,1020,1,196040,2976,Marion,Mississippi,28,091,28091,548.6,43,2944,33678,0.362096839,0.002342206
678,1667,28,097,28097,Mississippi,Montgomery,Yes,06, , , , , , ,1054075010,2352281, , ,00711757,0500000US28097,1.638623691,1.638623688,0.10243988,28097,503,1,196239,1313,Montgomery,Mississippi,28,097,28097,407.9,27,1281,26655,0.29978333,0.002617564
679,1668,37,187,37187,North Carolina,Washington,Yes,06, , , , , , ,901664364,196093082, , ,01026331,0500000US37187,1.453464357,1.453464362,0.097331606,37187,957,1,265656,2908,Washington,North Carolina,37,187,37187,377.5,23,2876,24765,0.214514263,0.002499281
680,1672,40,103,40103,Oklahoma,Noble,Yes,06, , , , , , ,1895593665,27552298, , ,01101839,0500000US40103,2.194717316,2.194717316,0.193161603,40103,278,1,287290,1084,Noble,Oklahoma,40,103,40103,742.4,44,1052,25075,0.265622684,0.002556379
681,1673,40,119,40119,Oklahoma,Payne,Yes,06, , , , , , ,1773393766,31771389, , ,01101847,0500000US40119,2.103243477,2.103243477,0.180621697,40119,271,1,287513,1076,Payne,Oklahoma,40,119,40119,697.1,64,1044,28637,0.30600782,0.002904973
682,1676,21,221,21221,Kentucky,Trigg,Yes,06, , , , , , ,1143307644,103330288, , ,00516957,0500000US21221,1.49386008,1.493860079,0.125819683,21221,579,1,166739,1454,Trigg,Kentucky,21,221,21221,481.1,6,1422,49241,0.235300324,0.001439291
683,1677,22,021,22021,Louisiana,Caldwell,Yes,15, , , , , , ,1371203771,29277274, , ,00558477,0500000US22021,1.966759352,1.966759355,0.133761958,22021,433,1,168075,1241,Caldwell,Louisiana,22,021,22021,540.7,79,1209,25325,0.241121896,0.00245342
684,1678,22,077,22077,Louisiana,Pointe Coupee,Yes,15, , , , , , ,1443519859,86418205, , ,00559449,0500000US22077,2.392429317,2.39242932,0.144072094,22077,1014,1,168505,2970,Pointe Coupee,Louisiana,22,077,22077,590.7,38,2938,43114,0.330030483,0.004106622
685,1679,28,111,28111,Mississippi,Perry,Yes,06, , , , , , ,1676259567,7754374, , ,00695778,0500000US28111,1.669716791,1.66971679,0.159310771,28111,1023,1,198360,2979,Perry,Mississippi,28,111,28111,650.2,68,2947,17404,0.209043924,0.001668007
686,1680,28,161,28161,Mississippi,Yalobusha,Yes,06, , , , , , ,1209858231,72197100, , ,00695801,0500000US28161,1.494038222,1.494038222,0.125173411,28161,484,1,200078,1294,Yalobusha,Mississippi,28,161,28161,495,46,1262,34998,0.275407065,0.003460692
687,1686,40,129,40129,Oklahoma,Roger Mills,Yes,06, , , , , , ,2955528344,13695143, , ,01101852,0500000US40129,2.611395305,2.611395307,0.295687658,40129,253,1,287053,1016,Roger Mills,Oklahoma,40,129,40129,1146.6,75,984,17309,0.241339622,0.00174859
688,1687,40,153,40153,Oklahoma,Woodward,Yes,06, , , , , , ,3217817678,9693400, , ,01101864,0500000US40153,2.520255811,2.52025581,0.324364382,40153,250,1,286432,1013,Woodward,Oklahoma,40,153,40153,1246,57,981,29978,0.30934523,0.003060861
689,1688,22,007,22007,Louisiana,Assumption,Yes,15, , , , , , ,877123530,67006149, , ,00558414,0500000US22007,1.464575967,1.464575967,0.088185067,22007,1055,1,169032,3013,Assumption,Louisiana,22,007,22007,364.6,30,2981,30917,0.227822197,0.002926846
690,1689,22,023,22023,Louisiana,Cameron,Yes,15, , , , , , ,3327839655,1688122427, , ,00558488,0500000US22023,3.3503471,3.350347101,0.396441514,22023,985,1,167817,2941,Cameron,Louisiana,22,023,22023,1651.8,86,2909,43760,0.342862859,0.004144722
691,1691,29,009,29009,Missouri,Barry,Yes,06, , , , , , ,2015659380,32942022, , ,00758459,0500000US29009,1.845182917,1.845182917,0.206620459,29009,554,1,203115,1371,Barry,Missouri,29,009,29009,790.9,7,1339,43405,0.435970376,0.004421349
692,1700,22,061,22061,Louisiana,Lincoln,Yes,15, , , , , , ,1221806077,1897710, , ,00558077,0500000US22061,1.557452575,1.557452576,0.117581489,22061,445,1,167641,1253,Lincoln,Louisiana,22,061,22061,472.3,64,1221,23338,0.223270493,0.002272934
693,1701,22,087,22087,Louisiana,St. Bernard,Yes,15, , , , , , ,977743222,4604214955, , ,01629542,0500000US22087,5.897065928,5.897065927,0.149393523,22087,1047,1,167829,3003,St. Bernard,Louisiana,22,087,22087,481.6,52,2971,30025,0.17376928,0.000465509
694,1706,29,067,29067,Missouri,Douglas,Yes,06, , , , , , ,2107296277,2498264, , ,00758488,0500000US29067,2.152391305,2.152391305,0.213404835,29067,0,0,0,0, , , , , ,0,0,0,0,0,0
695,1708,39,001,39001,Ohio,Adams,Yes,06, , , , , , ,1512208955,6165939, , ,01074014,0500000US39001,1.731411815,1.731411814,0.157471913,39001,869,1,279935,2409,Adams,Ohio,39,001,39001,585.8,16,2377,29754,0.172733343,0.001165053
696,1715,29,093,29093,Missouri,Iron,Yes,06, , , , , , ,1425176120,4664163, , ,00758501,0500000US29093,2.202317326,2.202317329,0.145784723,29093,572,1,201590,1425,Iron,Missouri,29,093,29093,552.6,70,1393,35818,0.288854684,0.003698826
697,1739,29,153,29153,Missouri,Ozark,Yes,06, , , , , , ,1929467530,26574821, , ,00758531,0500000US29153,1.908567116,1.908567116,0.197119562,29153,558,1,201628,1375,Ozark,Missouri,29,153,29153,755.1,11,1343,27064,0.273876688,0.002760648
698,1744,45,011,45011,South Carolina,Barnwell,Yes,06, , , , , , ,1420294949,23008123, , ,01247983,0500000US45011,1.728159914,1.728159917,0.139661232,45011,851,1,312855,1899,Barnwell,South Carolina,45,011,45011,557.5,52,1867,34914,0.25012084,0.001466989
699,1745,45,037,45037,South Carolina,Edgefield,Yes,06, , , , , , ,1296025445,16321044, , ,01247999,0500000US45037,1.686599753,1.686599755,0.127738853,45037,681,1,312848,1724,Edgefield,South Carolina,45,037,45037,506.6,26,1692,31892,0.34793182,0.002969031
700,1746,05,087,05087,Arkansas,Madison,Yes,06, , , , , , ,2160711712,7314801, , ,00069165,0500000US05087,2.131620084,2.131620085,0.216729115,05087,546,1,73997,1362,Madison,Arkansas,05,087,05087,837.1,132,1330,20657,0.207191079,0.002087305
701,1747,05,097,05097,Arkansas,Montgomery,Yes,06, , , , , , ,2019883335,52856397, , ,00069168,0500000US05097,1.874210816,1.874210815,0.203537277,05097,453,1,74034,1261,Montgomery,Arkansas,05,097,05097,800.3,104,1229,19959,0.200995295,0.001988568
702,1748,05,101,05101,Arkansas,Newton,Yes,06, , , , , , ,2126135120,5931453, , ,00069900,0500000US05101,2.011111513,2.011111512,0.212900795,05101,551,1,74055,1367,Newton,Arkansas,05,101,05101,823.2,114,1335,23973,0.241070356,0.002417751
703,1749,05,113,05113,Arkansas,Polk,Yes,06, , , , , , ,2221380630,12384831, , ,00069175,0500000US05113,2.154498703,2.154498704,0.219182893,05113,454,1,74008,1262,Polk,Arkansas,05,113,05113,862.4,109,1230,34712,0.320032269,0.00344399
704,1750,47,011,47011,Tennessee,Bradley,Yes,06, , , , , , ,851489172,6959128, , ,01639727,0500000US47011,1.379312034,1.379312042,0.084927098,47011,746,1,326054,1792,Bradley,Tennessee,47,011,47011,331.6,16,1760,15771,0.235182023,0.001573029
705,1757,05,127,05127,Arkansas,Scott,Yes,06, , , , , , ,2311096567,14900915, , ,00069179,0500000US05127,2.379499864,2.379499864,0.229268961,05127,461,1,74016,1269,Scott,Arkansas,05,127,05127,898.2,126,1237,24534,0.243915763,0.002325268
706,1758,05,137,05137,Arkansas,Stone,Yes,06, , , , , , ,1570579412,7842206, , ,00069902,0500000US05137,2.091646315,2.091646315,0.157512513,05137,561,1,74073,1378,Stone,Arkansas,05,137,05137,609.4,89,1346,32106,0.274350044,0.003242962
707,1760,47,061,47061,Tennessee,Grundy,Yes,06, , , , , , ,933549105,1752172, , ,01639748,0500000US47061,1.459418527,1.459418525,0.09278556,47061,0,0,0,0, , , , , ,0,0,0,0,0,0
708,1767,05,143,05143,Arkansas,Washington,Yes,06, , , , , , ,2439770221,26958668, , ,00069905,0500000US05143,2.287862232,2.287862229,0.246504662,05143,548,1,73988,1364,Washington,Arkansas,05,143,05143,956,144,1332,21581,0.226520244,0.00217837
709,1768,06,075,06075,California,San Francisco,Yes,06, , , , , , ,121451664,479139414, , ,00277302,0500000US06075,0.629921978,0.629921976,0.013035827,06075,174,1,86711,494,San Francisco,California,06,075,06075,47.2,10,462,6258,0.134001502,0.000583719
710,1783,47,171,47171,Tennessee,Unicoi,Yes,06, , , , , , ,482165198,850687, , ,01648582,0500000US47171,1.215573582,1.215573583,0.048328938,47171,641,1,326406,1667,Unicoi,Tennessee,47,171,47171,186.5,3,1635,25985,0.131285866,0.000504449
711,1796,47,175,47175,Tennessee,Van Buren,Yes,06, , , , , , ,708142409,2893455, , ,01648584,0500000US47175,1.365726086,1.365726086,0.070807516,47175,612,1,329048,1547,Van Buren,Tennessee,47,175,47175,274.6,22,1515,25827,0.281769094,0.002601827
712,1797,48,031,48031,Texas,Blanco,Yes,06, , , , , , ,1836947988,10818336, , ,01383801,0500000US48031,1.683193591,1.68319359,0.173243864,48031,46,1,330368,356,Blanco,Texas,48,031,48031,713.4,93,324,20538,0.243244786,0.001950332
713,1798,48,081,48081,Texas,Coke,Yes,06, , , , , , ,2360705418,42789288, , ,01383826,0500000US48081,1.956103202,1.956103202,0.229111136,48081,70,1,330327,380,Coke,Texas,48,081,48081,928,116,348,34663,0.322387931,0.003336073
714,1809,48,085,48085,Texas,Collin,Yes,06, , , , , , ,2178873794,116137249, , ,01383828,0500000US48085,1.931802638,1.931802638,0.221922132,48085,372,1,330366,1178,Collin,Texas,48,085,48085,886.2,120,1146,18376,0.239187724,0.001797007
715,1810,48,095,48095,Texas,Concho,Yes,06, , , , , , ,2548139848,25740029, , ,01383833,0500000US48095,2.162292299,2.162292301,0.243797791,48095,61,1,330472,371,Concho,Texas,48,095,48095,993.6,111,339,36256,0.263741057,0.003470653
716,1811,48,101,48101,Texas,Cottle,Yes,06, , , , , , ,2332448562,2723996, , ,01383836,0500000US48101,2.0213107,2.021310702,0.228089688,48101,339,1,330386,1145,Cottle,Texas,48,101,48101,901.6,108,1113,38929,0.301226537,0.003836139
717,1812,48,129,48129,Texas,Donley,Yes,06, , , , , , ,2400623376,15954004, , ,01383850,0500000US48129,1.966875843,1.966875842,0.238515374,48129,343,1,330808,1149,Donley,Texas,48,129,48129,933,118,1117,38267,0.367555019,0.003815235
718,1823,48,121,48121,Texas,Denton,Yes,06, , , , , , ,2275263691,192824021, , ,01383847,0500000US48121,1.969773571,1.96977357,0.23866732,48121,384,1,330411,1190,Denton,Texas,48,121,48121,958.2,126,1158,37047,0.363010137,0.003622494
719,1824,48,145,48145,Texas,Falls,Yes,06, , , , , , ,1982592813,21645985, , ,01383858,0500000US48145,1.79605362,1.79605362,0.189768602,48145,83,1,330649,393,Falls,Texas,48,145,48145,773.8,92,361,12757,0.158270091,0.001224637
720,1837,48,147,48147,Texas,Fannin,Yes,06, , , , , , ,2307244943,20853011, , ,01383859,0500000US48147,2.22736793,2.227367929,0.2261572,48147,302,1,330534,1108,Fannin,Texas,48,147,48147,899.2,101,1076,25377,0.256539945,0.002495906
721,1838,48,151,48151,Texas,Fisher,Yes,06, , , , , , ,2328246152,7283888, , ,01383861,0500000US48151,1.901216535,1.901216534,0.224697987,48151,314,1,330452,1120,Fisher,Texas,48,151,48151,901.7,98,1088,20952,0.242270065,0.002038438
722,1839,48,153,48153,Texas,Floyd,Yes,06, , , , , , ,2569637294,983737, , ,01383862,0500000US48153,2.006715798,2.006715797,0.251053336,48153,340,1,330549,1146,Floyd,Texas,48,153,48153,992.5,102,1114,19945,0.216590933,0.001972595
723,1840,48,163,48163,Texas,Frio,Yes,06, , , , , , ,2935753045,2193631, , ,01383867,0500000US48163,2.111104351,2.111104352,0.271679094,48163,44,1,330461,354,Frio,Texas,48,163,48163,1134.3,153,322,29788,0.244696369,0.002788473
724,1841,48,175,48175,Texas,Goliad,Yes,06, , , , , , ,2206695417,19049508, , ,01383873,0500000US48175,2.145501992,2.145501993,0.205407676,48175,118,1,330575,428,Goliad,Texas,48,175,48175,859.1,112,396,34393,0.407768533,0.003206825
725,1842,48,189,48189,Texas,Hale,Yes,06, , , , , , ,2602115660,246678, , ,01383880,0500000US48189,2.018281018,2.018281018,0.25413838,48189,216,1,331254,933,Hale,Texas,48,189,48189,1004.8,23,901,32178,0.312582291,0.00317309
726,1847,01,045,01045,Alabama,Dale,Yes,06, , , , , , ,1453371192,4016457, , ,00161548,0500000US01045,1.637444804,1.637444806,0.138198774,01045,1095,1,379,3053,Dale,Alabama,01,045,01045,562.7,74,3021,22479,0.226794398,0.002161183
727,1848,01,075,01075,Alabama,Lamar,Yes,06, , , , , , ,1566544626,1600679, , ,00161563,0500000US01075,1.640428542,1.640428542,0.152716366,01075,410,1,2049,1218,Lamar,Alabama,01,075,01075,605.5,51,1186,32795,0.227415047,0.002751271
728,1853,48,205,48205,Texas,Hartley,Yes,06, , , , , , ,3786647727,3024077, , ,01383888,0500000US48205,2.617223525,2.617223525,0.378068644,48205,234,1,330537,991,Hartley,Texas,48,205,48205,1463.2,92,959,37310,0.313329282,0.003754768
729,1854,48,255,48255,Texas,Karnes,Yes,06, , , , , , ,1936189540,15490408, , ,01383913,0500000US48255,1.96648555,1.96648555,0.180588929,48255,108,1,330337,418,Karnes,Texas,48,255,48255,753.7,94,386,36569,0.308145339,0.003431759
730,1855,48,259,48259,Texas,Kendall,Yes,06, , , , , , ,1715732933,1496797, , ,01383915,0500000US48259,1.603672295,1.603672292,0.160396411,48259,55,1,330330,365,Kendall,Texas,48,259,48259,663.1,76,333,31499,0.253312953,0.00297885
731,1856,48,269,48269,Texas,King,Yes,06, , , , , , ,2359146844,6398046, , ,01383920,0500000US48269,1.925169282,1.925169283,0.229739839,48269,303,1,330800,1109,King,Texas,48,269,48269,913.3,100,1077,34215,0.358659457,0.003373619
732,1863,01,079,01079,Alabama,Lawrence,Yes,06, , , , , , ,1788847700,68687348, , ,00161565,0500000US01079,1.906141032,1.906141036,0.182312589,01079,732,1,735,1777,Lawrence,Alabama,01,079,01079,718.1,46,1745,31150,0.346472383,0.00308832
733,1864,01,083,01083,Alabama,Limestone,Yes,06, , , , , , ,1450233464,122374530, , ,00161567,0500000US01083,1.692013803,1.692013803,0.154939564,01083,744,1,677,1790,Limestone,Alabama,01,083,01083,607.1,30,1758,17456,0.316791145,0.001737779
734,1871,48,275,48275,Texas,Knox,Yes,06, , , , , , ,2203098321,12577618, , ,01383923,0500000US48275,2.130976406,2.130976407,0.215217648,48275,307,1,330281,1113,Knox,Texas,48,275,48275,855.4,99,1081,33043,0.249894838,0.003241971
735,1872,48,285,48285,Texas,Lavaca,Yes,06, , , , , , ,2511535317,1882216, , ,01383928,0500000US48285,1.92499043,1.924990434,0.233630218,48285,109,1,331335,419,Lavaca,Texas,48,285,48285,970.6,125,387,38819,0.437251642,0.003641691
736,1876,01,093,01093,Alabama,Marion,Yes,06, , , , , , ,1922526820,3313144, , ,00161573,0500000US01093,1.89924316,1.89924316,0.188206251,01093,481,1,1173,1291,Marion,Alabama,01,093,01093,743.6,64,1259,26334,0.262823143,0.002611125
737,1877,01,105,01105,Alabama,Perry,Yes,06, , , , , , ,1863920367,10918481, , ,00161579,0500000US01105,2.137440816,2.137440812,0.180197226,01105,706,1,3635,1749,Perry,Alabama,01,105,01105,724.1,62,1717,27534,0.357796966,0.002684267
738,1878,01,125,01125,Alabama,Tuscaloosa,Yes,06, , , , , , ,3423104097,76620463, , ,00161588,0500000US01125,2.892710618,2.892710612,0.338844532,01125,709,1,3613,1752,Tuscaloosa,Alabama,01,125,01125,1351.2,131,1720,25856,0.27980326,0.002527601
739,1881,48,299,48299,Texas,Llano,Yes,06, , , , , , ,2419183859,82373098, , ,01383935,0500000US48299,2.317869532,2.317869533,0.235619211,48299,76,1,330296,386,Llano,Texas,48,299,48299,965.6,121,354,32963,0.347763032,0.003142231
740,1882,48,309,48309,Texas,McLennan,Yes,06, , , , , , ,2686101855,59883846, , ,01383946,0500000US48309,2.08866739,2.088667389,0.260834859,48309,94,1,330283,404,McLennan,Texas,48,309,48309,1060.2,130,372,25015,0.250006588,0.002401456
741,1883,48,325,48325,Texas,Medina,Yes,06, , , , , , ,3432663283,23762571, , ,01383948,0500000US48325,2.491592484,2.491592484,0.321131986,48325,51,1,330435,361,Medina,Texas,48,325,48325,1334.5,152,329,24594,0.222623722,0.002311923
742,1886,01,133,01133,Alabama,Winston,Yes,06, , , , , , ,1587615096,48922725, , ,00161592,0500000US01133,1.679863905,1.679863906,0.160041741,01133,742,1,1177,1787,Winston,Alabama,01,133,01133,631.8,36,1755,43186,0.315408487,0.004279784
743,1895,48,363,48363,Texas,Palo Pinto,Yes,06, , , , , , ,2465126930,87327892, , ,01383967,0500000US48363,2.013388206,2.013388205,0.245562736,48363,311,1,330338,1117,Palo Pinto,Texas,48,363,48363,985.8,124,1085,11296,0.186375539,0.001096922
744,1896,48,369,48369,Texas,Parmer,Yes,06, , , , , , ,2281212377,11355752, , ,01383970,0500000US48369,1.904478552,1.90447855,0.225057605,48369,213,1,330469,930,Parmer,Texas,48,369,48369,885.2,95,898,35547,0.257321884,0.003542135
745,1897,48,393,48393,Texas,Roberts,Yes,06, , , , , , ,2393298484,346846, , ,01383982,0500000US48393,1.967019651,1.967019651,0.238590967,48393,245,1,330507,1008,Roberts,Texas,48,393,48393,924.2,109,976,26408,0.29221295,0.00266496
746,1898,48,399,48399,Texas,Runnels,Yes,06, , , , , , ,2721933918,15930085, , ,01383985,0500000US48399,2.039179132,2.039179132,0.260816241,48399,58,1,330719,368,Runnels,Texas,48,399,48399,1057.1,122,336,40095,0.31018274,0.003876511
747,1899,48,439,48439,Texas,Tarrant,Yes,06, , , , , , ,2236745964,100212568, , ,01384005,0500000US48439,1.903859211,1.903859211,0.224898647,48439,375,1,330347,1181,Tarrant,Texas,48,439,48439,897.6,130,1149,38016,0.273723108,0.003713463
748,1903,04,003,04003,Arizona,Cochise,Yes,06, , , , , , ,15968982271,137024899, , ,00025442,0500000US04003,5.020732716,5.020732712,1.535219912,04003,12,1,66120,320,Cochise,Arizona,04,003,04003,6219.2,7,288,175404,0.703313671,0.017002505
749,1908,48,463,48463,Texas,Uvalde,Yes,06, , , , , , ,4019520918,17321957, , ,01384017,0500000US48463,2.471165986,2.471165987,0.375187687,48463,52,1,330394,362,Uvalde,Texas,48,463,48463,1558.6,191,330,32424,0.285403666,0.003044445
750,1909,48,489,48489,Texas,Willacy,Yes,06, , , , , , ,1529529770,501714610, , ,01384030,0500000US48489,2.638575361,2.638575365,0.148416252,48489,139,1,333891,449,Willacy,Texas,48,489,48489,600.2,11,417,289851,1.887908676,0.026503251
751,1910,48,501,48501,Texas,Yoakum,Yes,06, , , , , , ,2071235914,34329, , ,01384036,0500000US48501,1.790578118,1.790578118,0.200289967,48501,224,1,330529,941,Yoakum,Texas,48,501,48501,799.8,93,909,16748,0.210991117,0.001639975
752,1911,48,503,48503,Texas,Young,Yes,06, , , , , , ,2368463974,42447734, , ,01384037,0500000US48503,1.941603719,1.94160372,0.233069728,48503,327,1,330544,1133,Young,Texas,48,503,48503,930.8,115,1101,39843,0.37678315,0.003904566
753,1914,05,005,05005,Arkansas,Baxter,Yes,06, , , , , , ,1435587413,84022300, , ,00069895,0500000US05005,2.135835201,2.135835203,0.152458548,05005,542,1,74095,1358,Baxter,Arkansas,05,005,05005,586.7,42,1326,26071,0.275598073,0.00264099
754,1915,05,027,05027,Arkansas,Columbia,Yes,06, , , , , , ,1984077019,1803419, , ,00063761,0500000US05027,1.860583806,1.860583804,0.192103352,05027,439,1,74000,1247,Columbia,Arkansas,05,027,05027,766.9,96,1215,16300,0.190253258,0.001595002
755,1918,48,507,48507,Texas,Zavala,Yes,06, , , , , , ,3360267515,11209428, , ,01384039,0500000US48507,2.292288565,2.292288565,0.31176465,48507,43,1,330360,353,Zavala,Texas,48,507,48507,1301.7,149,321,32248,0.33289427,0.003016913
756,1923,05,035,05035,Arkansas,Crittenden,Yes,06, , , , , , ,1579530155,68675461, , ,00069162,0500000US05035,2.479908295,2.479908295,0.163152782,05035,471,1,74594,1279,Crittenden,Arkansas,05,035,05035,636.7,30,1247,18679,0.185482029,0.001870762
757,1924,05,037,05037,Arkansas,Cross,Yes,06, , , , , , ,1596418461,15348593, , ,00066848,0500000US05037,1.69244552,1.692445519,0.159701044,05037,403,1,74138,1211,Cross,Arkansas,05,037,05037,622.3,27,1179,35408,0.325118547,0.003543106
758,1936,05,047,05047,Arkansas,Franklin,Yes,06, , , , , , ,1576935154,27931280, , ,00066853,0500000US05047,2.187041383,2.187041384,0.159466374,05047,549,1,73999,1365,Franklin,Arkansas,05,047,05047,619.7,106,1333,10483,0.142626751,0.001056314
759,1937,05,051,05051,Arkansas,Garland,Yes,06, , , , , , ,1755499338,147165437, , ,00066855,0500000US05051,2.009292558,2.009292555,0.186947148,05051,452,1,73985,1260,Garland,Arkansas,05,051,05051,734.6,86,1228,27968,0.283015821,0.002785891
760,1946,05,055,05055,Arkansas,Greene,Yes,06, , , , , , ,1496270637,4789563, , ,00066857,0500000US05055,1.986762233,1.986762231,0.150164547,05055,582,0,75853,1461,Greene,Arkansas,05,055,05055,579.6,8,1429,6774,0.160688568,0.000477753
761,1947,05,065,05065,Arkansas,Izard,Yes,06, , , , , , ,1503685426,8912363, , ,00066860,0500000US05065,1.901216812,1.901216813,0.151364415,05065,547,1,74017,1363,Izard,Arkansas,05,065,05065,584,97,1331,22620,0.216959179,0.002287497
762,1948,13,035,13035,Georgia,Butts,Yes,06, , , , , , ,475937599,11086881, , ,00352295,0500000US13035,1.197690202,1.197690204,0.047131351,13035,843,1,116409,1891,Butts,Georgia,13,035,13035,190.1,31,1859,30177,0.288276496,0.002957621
763,1949,13,037,13037,Georgia,Calhoun,Yes,06, , , , , , ,726147295,8315728, , ,00344074,0500000US13037,1.491342993,1.491342998,0.069763415,13037,1093,1,117501,3051,Calhoun,Georgia,13,037,13037,283.8,44,3019,18670,0.264131204,0.001792612
764,1950,13,089,13089,Georgia,DeKalb,Yes,06, , , , , , ,693054595,9199499, , ,01687424,0500000US13089,1.231759212,1.23175921,0.068349274,13089,782,1,123250,1830,DeKalb,Georgia,13,089,13089,270.5,1,1798,24317,0.255255081,0.002386435
765,1951,13,097,13097,Georgia,Douglas,Yes,06, , , , , , ,518292854,2485429, , ,01686467,0500000US13097,1.042595267,1.042595269,0.050645123,13097,740,1,119891,1785,Douglas,Georgia,13,097,13097,200.1,5,1753,15117,0.187792452,0.001485535
766,1952,37,079,37079,North Carolina,Greene,Yes,06, , , , , , ,688750821,1220439, , ,01008557,0500000US37079,1.20855058,1.208550584,0.06852614,37079,946,1,268267,2816,Greene,North Carolina,37,079,37079,265.7,3,2784,34360,0.286948296,0.003455278
767,1958,13,043,13043,Georgia,Candler,Yes,06, , , , , , ,629495406,15043715, , ,00342852,0500000US13043,1.034711964,1.034711967,0.06177773,13043,857,1,117162,1905,Candler,Georgia,13,043,13043,248.8,51,1873,41816,0.2972057,0.004058588
768,1959,13,255,13255,Georgia,Spalding,Yes,06, , , , , , ,507334070,9602574, , ,00353055,0500000US13255,1.26591096,1.265910959,0.050007533,13255,812,1,116502,1860,Spalding,Georgia,13,255,13255,199.6,16,1828,24096,0.286267486,0.002357077
769,1960,13,099,13099,Georgia,Early,Yes,06, , , , , , ,1327612226,9717177, , ,00345041,0500000US13099,1.88968742,1.889687419,0.126732299,13099,1076,1,116263,3034,Early,Georgia,13,099,13099,516.6,104,3002,22813,0.290799031,0.001749864
770,1963,37,145,37145,North Carolina,Person,Yes,06, , , , , , ,1015342899,31216347, , ,01008577,0500000US37145,1.299621591,1.299621592,0.105089088,37145,942,1,269601,2810,Person,North Carolina,37,145,37145,404.1,23,2778,15959,0.207786684,0.001622289
771,1968,13,257,13257,Georgia,Stephens,Yes,06, , , , , , ,463948108,13121937, , ,00350028,0500000US13257,0.992266622,0.992266623,0.046842337,13257,794,1,118320,1842,Stephens,Georgia,13,257,13257,184.3,26,1810,21089,0.246408282,0.002097792
772,1969,13,275,13275,Georgia,Thomas,Yes,06, , , , , , ,1410508592,19729671, , ,00343835,0500000US13275,1.605050632,1.605050634,0.13489217,13275,1118,1,117663,3076,Thomas,Georgia,13,275,13275,552.1,78,3044,18293,0.280058215,0.001744018
773,1970,13,277,13277,Georgia,Tift,Yes,06, , , , , , ,670826488,25333971, , ,00344090,0500000US13277,1.154826391,1.154826389,0.066069667,13277,1128,1,117995,3086,Tift,Georgia,13,277,13277,268.8,48,3054,23891,0.216945364,0.00229631
774,1974,37,151,37151,North Carolina,Randolph,Yes,06, , , , , , ,2024583667,19823294, , ,01008580,0500000US37151,1.817026967,1.817026968,0.203611627,37151,938,1,266773,2796,Randolph,North Carolina,37,151,37151,789.8,26,2764,36006,0.316965661,0.003636665
775,1979,13,281,13281,Georgia,Towns,Yes,06, , , , , , ,431395511,14037940, , ,00351252,0500000US13281,1.193913815,1.193913815,0.043928639,13281,791,1,118277,1839,Towns,Georgia,13,281,13281,171.7,34,1807,12819,0.166895728,0.00127831
776,1980,13,285,13285,Georgia,Troup,Yes,06, , , , , , ,1072232599,82803340, , ,01673298,0500000US13285,1.422996574,1.422996575,0.111481086,13285,718,1,116189,1761,Troup,Georgia,13,285,13285,446.3,71,1729,17262,0.157810394,0.00061284
777,1981,13,287,13287,Georgia,Turner,Yes,06, , , , , , ,739164632,11881236, , ,00343238,0500000US13287,1.287071171,1.287071171,0.071434173,13287,1123,1,117747,3081,Turner,Georgia,13,287,13287,289.8,45,3049,21631,0.206315367,0.002084053
778,1985,13,117,13117,Georgia,Forsyth,Yes,06, , , , , , ,580420212,59743171, , ,01673358,0500000US13117,1.220511686,1.220511691,0.062629219,13117,775,1,120695,1823,Forsyth,Georgia,13,117,13117,247.1,2,1791,9570,0.13452292,0.000947269
779,1986,13,119,13119,Georgia,Franklin,Yes,06, , , , , , ,677301790,12803546, , ,00349324,0500000US13119,1.239283909,1.23928391,0.067648346,13119,773,1,118328,1821,Franklin,Georgia,13,119,13119,266.3,43,1789,22650,0.242046725,0.002249348
780,1987,13,149,13149,Georgia,Heard,Yes,06, , , , , , ,766718873,13112095, , ,00347067,0500000US13149,1.193914761,1.193914762,0.075519726,13149,716,1,116185,1759,Heard,Georgia,13,149,13149,300.8,6,1727,11606,0.146091446,0.001121782
781,1992,13,295,13295,Georgia,Walker,Yes,06, , , , , , ,1156146479,1672676, , ,00354216,0500000US13295,1.683921153,1.683921149,0.113976083,13295,752,1,116311,1799,Walker,Georgia,13,295,13295,447.3,87,1767,9134,0.19187971,0.000904601
782,1993,13,307,13307,Georgia,Webster,Yes,06, , , , , , ,541613467,2965864, , ,00352287,0500000US13307,1.158708754,1.158708757,0.052031041,13307,694,1,117470,1737,Webster,Georgia,13,307,13307,210.2,45,1705,14078,0.199935406,0.001355324
783,1998,13,159,13159,Georgia,Jasper,Yes,06, , , , , , ,953541453,13727203, , ,00346144,0500000US13159,1.416714766,1.416714766,0.093780651,13159,840,1,116453,1888,Jasper,Georgia,13,159,13159,373.7,73,1856,22492,0.223223839,0.002206233
784,1999,13,193,13193,Georgia,Macon,Yes,06, , , , , , ,1037654085,13859174, , ,00346957,0500000US13193,1.661841194,1.661841191,0.100752898,13193,831,1,116661,1879,Macon,Georgia,13,193,13193,405.9,79,1847,43120,0.290370994,0.004181312
785,2009,13,199,13199,Georgia,Meriwether,Yes,06, , , , , , ,1298161654,10834130, , ,00346892,0500000US13199,1.614443484,1.614443486,0.126361377,13199,717,1,120440,1760,Meriwether,Georgia,13,199,13199,505.1,72,1728,28742,0.344191624,0.002803369
786,2010,13,211,13211,Georgia,Morgan,Yes,06, , , , , , ,899646113,18817202, , ,00346008,0500000US13211,1.337008558,1.337008559,0.089141341,13211,687,1,121825,1730,Morgan,Georgia,13,211,13211,354.6,74,1698,15695,0.18371327,0.001541952
787,2020,13,235,13235,Georgia,Pulaski,Yes,06, , , , , , ,645061880,5560191, , ,00347593,0500000US13235,1.194483635,1.194483636,0.062240532,13235,833,1,116658,1881,Pulaski,Georgia,13,235,13235,250,31,1849,42965,0.392575873,0.004168481
788,2021,13,247,13247,Georgia,Rockdale,Yes,06, , , , , , ,336205250,5926395, , ,00357592,0500000US13247,0.975844076,0.975844077,0.033255479,13247,808,1,116379,1856,Rockdale,Georgia,13,247,13247,132.4,3,1824,19346,0.229644618,0.001901035
789,2094,12,005,12005,Florida,Bay,Yes,06, , , , , , ,1964402052,711451615, , ,00295738,0500000US12005,2.250997158,2.250997159,0.214249881,12005,1069,1,111267,3027,Bay,Florida,12,005,12005,778.2,94,2995,21297,0.277266636,0.002019339
790,2095,12,029,12029,Florida,Dixie,Yes,06, , , , , , ,1826212220,410631204, , ,00295725,0500000US12029,2.178564169,2.178564168,0.1736949,12029,1143,1,114312,3101,Dixie,Florida,12,029,12029,712.3,72,3069,28865,0.293316557,0.002723611
791,2096,12,055,12055,Florida,Highlands,Yes,06, , , , , , ,2632923653,231677881, , ,00295756,0500000US12055,2.817985772,2.817985763,0.261229417,12055,1165,1,111130,3123,Highlands,Florida,12,055,12055,1106.4,136,3091,34251,0.361961009,0.003171899
792,2097,13,057,13057,Georgia,Cherokee,Yes,06, , , , , , ,1092168440,32960717, , ,01685718,0500000US13057,1.518704223,1.518704226,0.110116955,13057,756,1,120051,1803,Cherokee,Georgia,13,057,13057,434.1,42,1771,14772,0.179217568,0.001462494
793,2098,13,059,13059,Georgia,Clarke,Yes,06, , , , , , ,308738468,4741271, , ,01672699,0500000US13059,0.909393089,0.909393086,0.030577001,13059,785,1,118499,1833,Clarke,Georgia,13,059,13059,121.4,29,1801,23306,0.199693911,0.00230196
794,2104,12,059,12059,Florida,Holmes,Yes,06, , , , , , ,1239970321,26656194, , ,00295735,0500000US12059,1.750541588,1.750541588,0.119469605,12059,1101,1,110982,3059,Holmes,Florida,12,059,12059,488.7,68,3027,21231,0.272398415,0.002028074
795,2105,12,079,12079,Florida,Madison,Yes,06, , , , , , ,1802873925,50729938, , ,00295731,0500000US12079,2.156320233,2.156320238,0.174121619,12079,1063,1,112687,3021,Madison,Florida,12,079,12079,715.8,82,2989,24573,0.182236665,0.001149501
796,2106,12,081,12081,Florida,Manatee,Yes,06, , , , , , ,1924779584,387447289, , ,00295744,0500000US12081,2.242932286,2.242932286,0.188166711,12081,1170,1,111154,3128,Manatee,Florida,12,081,12081,761.9,102,3096,18315,0.225364067,0.001692796
797,2107,13,063,13063,Georgia,Clayton,Yes,06, , , , , , ,366856381,7063431, , ,01672399,0500000US13063,1.124236737,1.124236738,0.036302163,13063,838,1,121479,1886,Clayton,Georgia,13,063,13063,144.8,1,1854,15345,0.189970185,0.001501899
798,2108,13,067,13067,Georgia,Cobb,Yes,06, , , , , , ,879709449,12589870, , ,01686112,0500000US13067,1.294208964,1.294208963,0.087012726,13067,757,1,119907,1804,Cobb,Georgia,13,067,13067,344.4,7,1772,18021,0.213151931,0.001773162
799,2109,37,001,37001,North Carolina,Alamance,Yes,06, , , , , , ,1098038815,27933337, , ,01008531,0500000US37001,1.418093819,1.418093821,0.1125813,37001,934,1,266326,2788,Alamance,North Carolina,37,001,37001,435.8,1,2756,20794,0.330515178,0.002102026
800,2112,22,049,22049,Louisiana,Jackson,Yes,15, , , , , , ,1474195950,28714921, , ,00558592,0500000US22049,1.693297425,1.693297428,0.143888778,22049,448,1,167681,1256,Jackson,Louisiana,22,049,22049,580.3,79,1224,33325,0.314096116,0.003234088
801,2113,22,089,22089,Louisiana,St. Charles,Yes,15, , , , , , ,719650835,308357041, , ,01629449,0500000US22089,1.472601333,1.47260133,0.096037791,22089,1054,1,168612,3012,St. Charles,Louisiana,22,089,22089,409.9,24,2980,11257,0.142576391,0.001062283
802,2114,12,087,12087,Florida,Monroe,Yes,06, , , , , , ,2546078824,7133346900, , ,00295759,0500000US12087,9.718813285,9.718813299,0.319551223,12087,0,1,112563,1,Monroe,Florida,12,087,12087,997.2,11,1,566006,1.040437333,0.051453118
803,2115,13,015,13015,Georgia,Bartow,Yes,06, , , , , , ,1190219071,27368338, , ,00351604,0500000US13015,1.551804746,1.551804742,0.119147194,13015,755,1,120055,1802,Bartow,Georgia,13,015,13015,469.8,95,1770,19545,0.251076758,0.001934917
804,2116,13,017,13017,Georgia,Ben Hill,Yes,06, , , , , , ,647809281,9807002, , ,00351606,0500000US13017,1.432134058,1.43213406,0.062602156,13017,1124,1,116777,3082,Ben Hill,Georgia,13,017,13017,254,39,3050,25114,0.254407606,0.002419031
805,2117,13,069,13069,Georgia,Coffee,Yes,06, , , , , , ,1490017303,70839527, , ,00347456,0500000US13069,2.058631913,2.05863191,0.148220598,13069,1125,1,116813,3083,Coffee,Georgia,13,069,13069,602.9,80,3051,58846,0.340609932,0.005667784
806,2118,13,087,13087,Georgia,Decatur,Yes,06, , , , , , ,1546584786,67412745, , ,00352234,0500000US13087,1.728970132,1.728970135,0.152224287,13087,1098,1,117081,3056,Decatur,Georgia,13,087,13087,623.2,82,3024,62836,0.372230754,0.006
807,2119,37,025,37025,North Carolina,Cabarrus,Yes,06, , , , , , ,936894773,7036958, , ,01008540,0500000US37025,1.357016386,1.357016384,0.093633983,37025,928,2,272080,2776,Cabarrus,North Carolina,37,025,37025,364.2,6,2744,23836,0.289811168,0.002392301
808,2120,37,035,37035,North Carolina,Catawba,Yes,06, , , , , , ,1032688173,38052683, , ,01008543,0500000US37035,1.550364779,1.550364779,0.106576018,37035,671,1,268853,1710,Catawba,North Carolina,37,035,37035,413.6,1,1678,27909,0.270311418,0.002808356
809,2121,35,037,35037,New Mexico,Quay,Yes,06, , , , , , ,7444354959,18734852, , ,00929110,0500000US35037,4.384259712,4.384259713,0.737840645,35037,204,0,247067,910,Quay,New Mexico,35,037,35037,2881.8,136,878,32015,0.256569043,0.003187318
810,2122,35,047,35047,New Mexico,San Miguel,Yes,06, , , , , , ,12213735014,51380194, , ,00929114,0500000US35047,5.759451176,5.759451176,1.218071603,35047,203,0,254511,909,San Miguel,New Mexico,35,047,35047,4735.6,46,877,16111,0.199838911,0.0016156
811,2123,48,069,48069,Texas,Castro,Yes,06, , , , , , ,2316573410,12584398, , ,01383820,0500000US48069,1.924204871,1.924204871,0.228649972,48069,214,1,330554,931,Castro,Texas,48,069,48069,899.3,66,899,38084,0.260783551,0.003782705
812,2127,28,059,28059,Mississippi,Jackson,Yes,06, , , , , , ,1871922335,830478545, , ,00695753,0500000US28059,2.499998435,2.49999844,0.181831379,28059,1030,1,195966,2986,Jackson,Mississippi,28,059,28059,738,80,2954,20686,0.206092498,0.001972075
813,2128,28,069,28069,Mississippi,Kemper,Yes,06, , , , , , ,1984361021,2182350, , ,00695758,0500000US28069,1.795376597,1.795376596,0.191156851,28069,514,1,195855,1324,Kemper,Mississippi,28,069,28069,767,59,1292,23879,0.230637015,0.002324976
814,2129,28,073,28073,Mississippi,Lamar,Yes,06, , , , , , ,1287573226,8621800, , ,00695760,0500000US28073,1.536672476,1.536672476,0.122656818,28073,1021,1,196041,2977,Lamar,Mississippi,28,073,28073,500.4,52,2945,33678,0.25469381,0.003217632
815,2133,48,077,48077,Texas,Clay,Yes,06, , , , , , ,2819780757,72591173, , ,01383824,0500000US48077,2.445403304,2.445403303,0.281489875,48077,296,1,330289,1102,Clay,Texas,48,077,48077,1116.2,123,1070,18608,0.200995294,0.001828371
816,2137,38,079,38079,North Dakota,Rolette,Yes,06, , , , , , ,2338953789,93938154, , ,01034228,0500000US38079,2.28862188,2.288621882,0.297672332,38079,9,1,272298,189,Rolette,North Dakota,38,079,38079,939.3,3,157,24436,0.299840223,0.003035582
817,2139,28,079,28079,Mississippi,Leake,Yes,06, , , , , , ,1509966890,6411188, , ,00695763,0500000US28079,1.532614406,1.532614404,0.145902122,28079,513,1,198990,1323,Leake,Mississippi,28,079,28079,585.4,49,1291,32163,0.254748899,0.003133929
818,2140,28,093,28093,Mississippi,Marshall,Yes,06, , , , , , ,1828989885,9195190, , ,00695770,0500000US28093,2.073822806,2.073822803,0.181015855,28093,475,0,197090,1285,Marshall,Mississippi,28,093,28093,709.8,63,1253,38579,0.300995397,0.003853603
819,2141,28,099,28099,Mississippi,Neshoba,Yes,06, , , , , , ,1476640970,3830967, , ,00695772,0500000US28099,1.533528845,1.533528845,0.142455021,28099,512,1,197796,1322,Neshoba,Mississippi,28,099,28099,571.6,40,1290,28250,0.25271238,0.002746066
820,2146,51,550,51550,Virginia,Chesapeake,Yes,25, , , , , , ,882629343,26096592, , ,01498558,0500000US51550,1.451685551,1.451685551,0.091603585,51550,962,1,366363,2917,Chesapeake,Virginia,51,550,51550,350.1,2,2885,29185,0.236826841,0.002919564
821,2150,28,119,28119,Mississippi,Quitman,Yes,06, , , , , , ,1048975456,3676001, , ,00695780,0500000US28119,1.485012718,1.485012718,0.103040732,28119,483,1,200370,1293,Quitman,Mississippi,28,119,28119,406.5,49,1261,14003,0.233771867,0.001388255
822,2151,28,123,28123,Mississippi,Scott,Yes,06, , , , , , ,1577902058,3001527, , ,00695782,0500000US28123,1.692353723,1.692353721,0.151548875,28123,515,0,198100,1325,Scott,Mississippi,28,123,28123,610.4,41,1293,23011,0.24558267,0.002228525
823,2152,28,125,28125,Mississippi,Sharkey,Yes,06, , , , , , ,1118149645,8806465, , ,00695783,0500000US28125,1.756114712,1.756114709,0.108547915,28125,507,1,200682,1317,Sharkey,Mississippi,28,125,28125,434.9,49,1285,23889.4188,1.042933139,0.002340307
824,2160,39,053,39053,Ohio,Gallia,Yes,06, , , , , , ,1208307625,12085303, , ,01074039,0500000US39053,1.835117751,1.835117752,0.126604982,39053,874,1,284382,2433,Gallia,Ohio,39,053,39053,471.1,8,2401,13970,0.195329848,0.001467817
825,2163,28,135,28135,Mississippi,Tallahatchie,Yes,06, , , , , , ,1671109478,17929641, , ,00695788,0500000US28135,2.243545869,2.243545869,0.16468178,28135,485,1,200122,1295,Tallahatchie,Mississippi,28,135,28135,652.1,84,1263,17651,0.295678325,0.001746053
826,2164,28,139,28139,Mississippi,Tippah,Yes,06, , , , , , ,1185725883,5551259, , ,00695790,0500000US28139,1.535706882,1.535706879,0.117280049,28139,493,1,197079,1303,Tippah,Mississippi,28,139,28139,460,16,1271,30045,0.278794928,0.003000035
827,2165,28,149,28149,Mississippi,Warren,Yes,06, , , , , , ,1524248589,77800851, , ,00695795,0500000US28149,4.118948072,4.118948067,0.15352112,28149,518,1,196078,1328,Warren,Mississippi,28,149,28149,618.8,70,1296,114612,0.740797007,0.004940551
828,2166,28,153,28153,Mississippi,Wayne,Yes,06, , , , , , ,2099745463,7255504, , ,00695797,0500000US28153,1.822692573,1.822692574,0.200320323,28153,1043,1,195913,2999,Wayne,Mississippi,28,153,28153,813.5,99,2967,20945,0.254121267,0.002019274
829,2170,48,087,48087,Texas,Collingsworth,Yes,06, , , , , , ,2378750624,2279193, , ,01383829,0500000US48087,1.950827312,1.95082731,0.235081536,48087,342,1,330511,1148,Collingsworth,Texas,48,087,48087,919.4,108,1116,28781,0.241636157,0.002875876
830,2171,48,093,48093,Texas,Comanche,Yes,06, , , , , , ,2428770634,25718000, , ,01383832,0500000US48093,2.087767163,2.087767164,0.23414864,48093,33,1,330628,343,Comanche,Texas,48,093,48093,947.7,117,311,33112,0.265362021,0.003198615
831,2172,48,097,48097,Texas,Cooke,Yes,06, , , , , , ,2265616179,61333858, , ,01383834,0500000US48097,2.857491859,2.857491857,0.226202983,48097,300,1,330300,1106,Cooke,Texas,48,097,48097,898.7,127,1074,14379,0.195743619,0.001411134
832,2173,48,099,48099,Texas,Coryell,Yes,06, , , , , , ,2725136378,11847519, , ,01383835,0500000US48099,2.053552897,2.053552898,0.259548245,48099,80,1,330617,390,Coryell,Texas,48,099,48099,1056.7,132,358,17731,0.254129823,0.001702936
833,2176,28,155,28155,Mississippi,Webster,Yes,06, , , , , , ,1090223314,5935286, , ,00695798,0500000US28155,1.541554754,1.541554756,0.106506089,28155,525,1,196196,1335,Webster,Mississippi,28,155,28155,423.3,36,1303,14109,0.181928166,0.001387141
834,2177,29,035,29035,Missouri,Carter,Yes,06, , , , , , ,1314039248,4305248, , ,00758472,0500000US29035,1.686156492,1.68615649,0.133368915,29035,535,1,201464,1347,Carter,Missouri,29,035,29035,509,48,1315,17698,0.310387538,0.001814335
835,2178,29,039,29039,Missouri,Cedar,Yes,06, , , , , , ,1228906570,62602362, , ,00758474,0500000US29039,1.561974338,1.561974337,0.131979572,29039,0,0,0,0, , , , , ,0,0,0,0,0,0
836,2182,48,113,48113,Texas,Dallas,Yes,06, , , , , , ,2260316403,92982988, , ,01383842,0500000US48113,1.908705233,1.908705232,0.226466537,48113,376,1,330485,1182,Dallas,Texas,48,113,48113,907.7,123,1150,21201,0.207629031,0.002070199
837,2183,48,117,48117,Texas,Deaf Smith,Yes,06, , , , , , ,3876867125,3926564, , ,01383845,0500000US48117,2.621409393,2.621409393,0.383077798,48117,218,1,330287,935,Deaf Smith,Texas,48,117,48117,1498.3,126,903,33109,0.279978871,0.00331271
838,2184,48,123,48123,Texas,DeWitt,Yes,06, , , , , , ,2354237548,3919938, , ,01383844,0500000US48123,2.059223354,2.059223355,0.218486591,48123,110,1,330481,420,DeWitt,Texas,48,123,48123,910.6,115,388,23609,0.232099324,0.002211684
839,2185,48,171,48171,Texas,Gillespie,Yes,06, , , , , , ,2740756206,8982781, , ,01383871,0500000US48171,2.152071864,2.152071863,0.257890118,48171,45,1,330335,355,Gillespie,Texas,48,171,48171,1061.8,124,323,26921,0.266059644,0.002559994
840,2194,48,177,48177,Texas,Gonzales,Yes,06, , , , , , ,2762705150,8204141, , ,01383874,0500000US48177,2.117540861,2.117540864,0.257735062,48177,104,1,330701,414,Gonzales,Texas,48,177,48177,1069.8,132,382,31303,0.29486526,0.002951449
841,2195,48,183,48183,Texas,Gregg,Yes,06, , , , , , ,708031522,6226934, , ,01383877,0500000US48183,1.345306217,1.345306219,0.068519011,48183,378,1,331571,1184,Gregg,Texas,48,183,48183,276.3,43,1152,24066,0.218583497,0.002337212
842,2196,48,193,48193,Texas,Hamilton,Yes,06, , , , , , ,2165008461,1238628, , ,01383882,0500000US48193,1.979286478,1.979286478,0.206078923,48193,78,1,330292,388,Hamilton,Texas,48,193,48193,836.4,95,356,35086,0.266104299,0.003385116
843,2198,26,025,26025,Michigan,Calhoun,Yes,06, , , , , , ,1829145297,31380282, , ,01622955,0500000US26025,1.864598628,1.864598629,0.202976824,26025,861,0,180040,2208,Calhoun,Michigan,26,025,26025,718.4,1,2176,11094,0.161705906,0.001222299
844,2200,29,055,29055,Missouri,Crawford,Yes,06, , , , , , ,1923109166,3203505, , ,00758482,0500000US29055,1.904242715,1.904242714,0.197545225,29055,565,1,202435,1385,Crawford,Missouri,29,055,29055,744.4,14,1353,12734,0.189419068,0.001318651
845,2202,29,065,29065,Missouri,Dent,Yes,06, , , , , , ,1949642871,4519379, , ,00758487,0500000US29065,2.253086529,2.253086529,0.199401737,29065,569,1,201566,1392,Dent,Missouri,29,065,29065,754.5,33,1360,11701,0.170728068,0.001205491
846,2207,48,217,48217,Texas,Hill,Yes,06, , , , , , ,2483455132,69547418, , ,01383894,0500000US48217,2.566705622,2.566705621,0.243623218,48217,32,1,330336,342,Hill,Texas,48,217,48217,986.3,134,310,36639,0.295634878,0.003533957
847,2208,48,227,48227,Texas,Howard,Yes,06, , , , , , ,2333038504,8841705, , ,01383899,0500000US48227,1.899945761,1.89994576,0.224241968,48227,319,1,330288,1125,Howard,Texas,48,227,48227,904.2,101,1093,16352,0.192081332,0.00158156
848,2209,48,233,48233,Texas,Hutchinson,Yes,06, , , , , , ,2298404018,19511582, , ,01383902,0500000US48233,1.935855148,1.935855149,0.231287659,48233,247,1,330501,1010,Hutchinson,Texas,48,233,48233,894.9,93,978,28201,0.256685519,0.002848962
849,2210,48,237,48237,Texas,Jack,Yes,06, , , , , , ,2358603736,24512198, , ,01383904,0500000US48237,1.933209546,1.933209545,0.230559936,48237,371,1,330693,1177,Jack,Texas,48,237,48237,920.1,120,1145,14805,0.25329457,0.001450407
850,2211,48,247,48247,Texas,Jim Hogg,Yes,06, , , , , , ,2942597225,92565, , ,01383909,0500000US48247,2.271402898,2.271402899,0.267719657,48247,119,1,331318,429,Jim Hogg,Texas,48,247,48247,1136.2,69,397,23316,0.203140679,0.002150556
851,2212,26,043,26043,Michigan,Dickinson,Yes,06, , , , , , ,1972018116,40533093, , ,01622964,0500000US26043,2.156110566,2.156110563,0.233759676,26043,10,1,179437,297,Dickinson,Michigan,26,043,26043,777.1,3,265,16764,0.22903908,0.001974552
852,2220,48,251,48251,Texas,Johnson,Yes,06, , , , , , ,1877184502,25041334, , ,01383911,0500000US48251,1.829359532,1.829359531,0.182278712,48251,379,1,331552,1185,Johnson,Texas,48,251,48251,733.8,80,1153,28785,0.250629438,0.002790315
853,2221,48,281,48281,Texas,Lampasas,Yes,06, , , , , , ,1846249229,2833428, , ,01383927,0500000US48281,1.996055195,1.996055192,0.174966427,48281,35,1,330403,345,Lampasas,Texas,48,281,48281,713.5,83,313,13284,0.162682757,0.001270877
854,2222,48,291,48291,Texas,Liberty,Yes,06, , , , , , ,3000361037,46356339, , ,01383931,0500000US48291,2.337835343,2.337835343,0.285305053,48291,40,1,330450,350,Liberty,Texas,48,291,48291,1176.4,146,318,14039,0.155421214,0.001329558
855,2234,48,297,48297,Texas,Live Oak,Yes,06, , , , , , ,2692796849,101483782, , ,01383934,0500000US48297,2.304053532,2.304053532,0.257194945,48297,130,1,330416,440,Live Oak,Texas,48,297,48297,1078.9,147,408,20227,0.261221314,0.001883375
856,2235,48,307,48307,Texas,McCulloch,Yes,06, , , , , , ,2759887288,20284678, , ,01383945,0500000US48307,2.427558783,2.427558783,0.263168162,48307,63,1,330294,373,McCulloch,Texas,48,307,48307,1073.4,125,341,25371,0.234461926,0.002431944
857,2236,48,317,48317,Texas,Martin,Yes,06, , , , , , ,2369894743,1931849, , ,01383941,0500000US48317,1.912736691,1.91273669,0.227067631,48317,228,1,330273,945,Martin,Texas,48,317,48317,915.6,108,913,21461,0.22807018,0.002078326
858,2240,29,119,29119,Missouri,McDonald,Yes,06, , , , , , ,1397247243,520251, , ,00758518,0500000US29119,1.609541518,1.609541518,0.140806278,29119,555,1,202288,1372,McDonald,Missouri,29,119,29119,539.7,5,1340,35609,0.283327211,0.002756091
859,2255,32,017,32017,Nevada,Lincoln,Yes,06, , , , , , ,27540221717,9802724, , ,00863992,0500000US32017,7.380804131,7.38080413,2.812532117,32017,178,0,235087,498,Lincoln,Nevada,32,017,32017,10637.4,30,466,38561,0.418228136,0.003956748
860,2292,37,189,37189,North Carolina,Watauga,Yes,06, , , , , , ,809496243,2345383, , ,01008594,0500000US37189,1.372337829,1.372337828,0.08138869,37189,665,1,268430,1699,Watauga,North Carolina,37,189,37189,312.4,18,1667,26796,0.257677185,0.002712529
861,2293,37,195,37195,North Carolina,Wilson,Yes,06, , , , , , ,953483161,14477181, , ,01008596,0500000US37195,1.344606644,1.344606645,0.096400342,37195,945,1,267923,2815,Wilson,North Carolina,37,195,37195,375.6,4,2783,25534,0.260464794,0.002568607
862,2298,29,223,29223,Missouri,Wayne,Yes,06, , , , , , ,1966257835,38558996, , ,00758564,0500000US29223,2.125291812,2.125291812,0.203238866,29223,576,1,201529,1429,Wayne,Missouri,29,223,29223,774.1,73,1397,19963,0.222679199,0.002052264
863,2306,28,009,28009,Mississippi,Benton,Yes,06, , , , , , ,1053131340,5279201, , ,00695729,0500000US28009,1.491493855,1.491493856,0.104285867,28009,494,1,197088,1304,Benton,Mississippi,28,009,28009,408.6,25,1272,23366,0.267874179,0.001754926
864,2307,28,017,28017,Mississippi,Chickasaw,Yes,06, , , , , , ,1299609282,6380769, , ,00695733,0500000US28017,1.615226056,1.615226056,0.127340357,28017,501,1,197341,1311,Chickasaw,Mississippi,28,017,28017,504.3,39,1279,10911,0.203988755,0.001078644
865,2308,28,029,28029,Mississippi,Copiah,Yes,06, , , , , , ,2013052659,5751003, , ,00695739,0500000US28029,2.124013415,2.124013414,0.192371129,28029,1037,1,196579,2993,Copiah,Mississippi,28,029,28029,779.4,69,2961,12546,0.17147242,0.00120903
866,2309,28,039,28039,Mississippi,George,Yes,06, , , , , , ,1239817223,12838142, , ,00695744,0500000US28039,1.459754661,1.459754661,0.118157537,28039,1045,1,195952,3001,George,Mississippi,28,039,28039,483.6,69,2969,18118,0.213185242,0.001730362
867,2315,35,023,35023,New Mexico,Hidalgo,Yes,06, , , , , , ,8901447356,23652065, , ,00929106,0500000US35023,4.570405152,4.570405153,0.85094518,35023,142,1,246584,457,Hidalgo,New Mexico,35,023,35023,3445.9,25,425,14489,0.221189858,0.001210384
868,2317,40,045,40045,Oklahoma,Ellis,Yes,06, , , , , , ,3189616644,952235, , ,01101810,0500000US40045,2.823737659,2.82373766,0.319748993,40045,241,1,287053,1003,Ellis,Oklahoma,40,045,40045,1231.7,39,971,17309,0.241339622,0.00174859
869,2318,40,051,40051,Oklahoma,Grady,Yes,06, , , , , , ,2850272691,11403868, , ,01101813,0500000US40051,2.346997859,2.346997861,0.282620353,40051,362,1,288634,1168,Grady,Oklahoma,40,051,40051,1105.2,91,1136,21028,0.218899593,0.002096857
870,2319,40,151,40151,Oklahoma,Woods,Yes,06, , , , , , ,3331900548,9091699, , ,01101863,0500000US40151,2.827340775,2.827340774,0.337205871,40151,248,1,286138,1011,Woods,Oklahoma,40,151,40151,1290.1,41,979,15333,0.180908793,0.001569847
871,2327,40,085,40085,Oklahoma,Love,Yes,06, , , , , , ,1331241141,47651564, , ,01101830,0500000US40085,2.366167267,2.366167268,0.134410894,40085,361,1,288361,1167,Love,Oklahoma,40,085,40085,531.9,78,1135,35240,0.146238451,0.000985166
872,2328,40,097,40097,Oklahoma,Mayes,Yes,06, , , , , , ,1697432116,72855353, , ,01101833,0500000US40097,1.738806193,1.738806194,0.177616829,40097,269,1,286681,1074,Mayes,Oklahoma,40,097,40097,683.5,49,1042,24058,0.216085327,0.002449273
873,2330,47,133,47133,Tennessee,Overton,Yes,06, , , , , , ,1122721295,3492726, , ,01639780,0500000US47133,1.571744732,1.571744734,0.113054582,47133,606,1,326205,1536,Overton,Tennessee,47,133,47133,434.8,58,1504,28763,0.269766619,0.002929321
874,2331,47,139,47139,Tennessee,Polk,Yes,06, , , , , , ,1125794471,19834176, , ,01639782,0500000US47139,1.485254218,1.485254221,0.113302642,47139,747,1,326043,1794,Polk,Tennessee,47,139,47139,442.3,58,1762,35317,0.190928149,0.001453819
875,2335,20,125,20125,Kansas,Montgomery,Yes,06, , , , , , ,1666728673,20601457, , ,00485027,0500000US20125,1.658015166,1.658015165,0.171251429,20125,261,1,156678,1066,Montgomery,Kansas,20,125,20125,651.4,5,1034,16175,0.275354133,0.001333381
876,2337,48,331,48331,Texas,Milam,Yes,06, , , , , , ,2633655683,12720745, , ,01383951,0500000US48331,2.308616416,2.308616416,0.249401566,48331,92,1,330488,402,Milam,Texas,48,331,48331,1021.8,128,370,12426,0.161239379,0.001186153
877,2338,48,335,48335,Texas,Mitchell,Yes,06, , , , , , ,2359711636,12489784, , ,01383953,0500000US48335,1.913357156,1.913357156,0.227258063,48335,320,1,330668,1126,Mitchell,Texas,48,335,48335,915.9,110,1094,13860,0.209409578,0.001345957
878,2339,48,337,48337,Texas,Montague,Yes,06, , , , , , ,2411034702,19087287, , ,01383954,0500000US48337,2.136107601,2.136107599,0.236304317,48337,297,1,330404,1103,Montague,Texas,48,337,48337,938.4,122,1071,25663,0.292400513,0.002523221
879,2343,47,179,47179,Tennessee,Washington,Yes,06, , , , , , ,845537323,8635253, , ,01639797,0500000US47179,1.526649268,1.526649265,0.085713435,47179,664,1,329813,1698,Washington,Tennessee,47,179,47179,329.2,1,1666,33310,0.263192322,0.003385792
880,2344,48,009,48009,Texas,Archer,Yes,06, , , , , , ,2339055476,57765516, , ,01383790,0500000US48009,1.939162946,1.939162946,0.232882688,48009,306,1,330363,1112,Archer,Texas,48,009,48009,925.8,108,1080,27162,0.269879396,0.002674122
881,2350,48,345,48345,Texas,Motley,Yes,06, , , , , , ,2562949315,642795, , ,01383958,0500000US48345,2.004164049,2.004164048,0.250401937,48345,338,1,330480,1144,Motley,Texas,48,345,48345,989.8,122,1112,20769,0.238408863,0.002046804
882,2351,48,355,48355,Texas,Nueces,Yes,06, , , , , , ,2171223448,847212531, , ,01383963,0500000US48355,4.293516671,4.293516676,0.206683955,48355,137,1,330510,447,Nueces,Texas,48,355,48355,841.3,99,415,29493,0.252812001,0.002726141
883,2352,48,365,48365,Texas,Panola,Yes,06, , , , , , ,2076521423,50644741, , ,01383968,0500000US48365,2.043098464,2.043098461,0.203415058,48365,432,1,330278,1240,Panola,Texas,48,365,48365,821.3,109,1208,29708,0.342803921,0.002867936
884,2353,48,367,48367,Texas,Parker,Yes,06, , , , , , ,2339994942,17138771, , ,01383969,0500000US48367,1.912330844,1.912330845,0.226855036,48367,374,1,330390,1180,Parker,Texas,48,367,48367,909.5,117,1148,13132,0.184867216,0.001278459
885,2354,48,375,48375,Texas,Potter,Yes,06, , , , , , ,2352679660,35262253, , ,01383973,0500000US48375,1.958509353,1.958509351,0.236937808,48375,230,1,330325,955,Potter,Texas,48,375,48375,922,118,923,33076,0.27841093,0.003312631
886,2356,45,023,45023,South Carolina,Chester,Yes,06, , , , , , ,1503893086,14261767, , ,01247988,0500000US45023,1.800649373,1.800649373,0.149360292,45023,801,1,316016,1849,Chester,South Carolina,45,023,45023,586.5,15,1817,11843,0.193173803,0.001178306
887,2357,45,049,45049,South Carolina,Hampton,Yes,06, , , , , , ,1450122572,7276755, , ,01248004,0500000US45049,2.112618589,2.112618593,0.140232838,45049,819,1,312867,1867,Hampton,South Carolina,45,049,45049,562.6,69,1835,48265,0.293667552,0.004172643
888,2358,45,059,45059,South Carolina,Laurens,Yes,06, , , , , , ,1848789847,25942543, , ,01248009,0500000US45059,2.200939963,2.200939967,0.183985303,45059,766,1,313281,1814,Laurens,South Carolina,45,059,45059,723.8,24,1782,32961,0.291260174,0.003281102
889,2359,45,073,45073,South Carolina,Oconee,Yes,06, , , , , , ,1622113914,122274893, , ,01244832,0500000US45073,2.586206852,2.586206855,0.171719108,45073,789,1,312798,1837,Oconee,South Carolina,45,073,45073,673.6,50,1805,24591,0.13463709,0.000756136
890,2360,48,013,48013,Texas,Atascosa,Yes,06, , , , , , ,3158592885,4995706, , ,01383792,0500000US48013,2.269450615,2.269450613,0.292660176,48013,42,1,330446,352,Atascosa,Texas,48,013,48013,1235.6,161,320,13073,0.149634958,0.001227524
891,2361,48,017,48017,Texas,Bailey,Yes,06, , , , , , ,2141566434,1771772, , ,01383794,0500000US48017,1.836633317,1.836633317,0.209286,48017,220,1,330444,937,Bailey,Texas,48,017,48017,827.4,86,905,39903,0.303893389,0.003933054
892,2362,48,027,48027,Texas,Bell,Yes,06, , , , , , ,2722149942,95333454, , ,01383799,0500000US48027,2.181053006,2.181053006,0.266181124,48027,86,1,330291,396,Bell,Texas,48,027,48027,1088.3,138,364,17157,0.217095937,0.001639179
893,2363,48,063,48063,Texas,Camp,Yes,06, , , , , , ,507188399,19183333, , ,01383817,0500000US48063,1.277203205,1.277203203,0.050770257,48063,390,1,331220,1196,Camp,Texas,48,063,48063,203.2,31,1164,11152,0.166251401,0.001089315
894,2368,48,381,48381,Texas,Randall,Yes,06, , , , , , ,2360924170,28154779, , ,01383976,0500000US48381,1.955536731,1.955536729,0.235869803,48381,217,1,330307,934,Randall,Texas,48,381,48381,922.4,103,902,30075,0.306150401,0.00299846
895,2369,48,385,48385,Texas,Real,Yes,06, , , , , , ,1810772048,2346285, , ,01383978,0500000US48385,1.860619755,1.860619755,0.169264845,48385,56,1,330275,366,Real,Texas,48,385,48385,700,94,334,15644,0.185739879,0.001480866
896,2370,48,397,48397,Texas,Rockwall,Yes,06, , , , , , ,329201376,56080775, , ,01383984,0500000US48397,0.778093585,0.778093584,0.03712916,48397,391,1,331419,1197,Rockwall,Texas,48,397,48397,148.8,23,1165,15497,0.156502102,0.001510144
897,2371,48,417,48417,Texas,Shackelford,Yes,06, , , , , , ,2367989903,3268209, , ,01383994,0500000US48417,1.916598288,1.916598287,0.228123279,48417,312,1,330642,1118,Shackelford,Texas,48,417,48417,915.5,109,1086,22721,0.232222182,0.002214333
898,2372,48,425,48425,Texas,Somervell,Yes,06, , , , , , ,482937100,14222749, , ,01383998,0500000US48425,0.912474391,0.912474391,0.047578937,48425,382,1,331168,1188,Somervell,Texas,48,425,48425,192,28,1156,36557,0.271902014,0.003537718
899,2373,45,039,45039,South Carolina,Fairfield,Yes,06, , , , , , ,1777449501,61135007, , ,01248000,0500000US45039,1.920251576,1.920251574,0.180241062,45039,769,0,313094,1817,Fairfield,South Carolina,45,039,45039,710.2,11,1785,37924,0.408841991,0.003761375
900,2381,42,009,42009,Pennsylvania,Bedford,Yes,06, , , , , , ,2621836477,11935904, , ,01209171,0500000US42009,2.342262552,2.342262552,0.277823508,42009,875,1,306186,2451,Bedford,Pennsylvania,42,009,42009,1017,11,2419,17913,0.241704609,0.001901708
901,2382,42,013,42013,Pennsylvania,Blair,Yes,06, , , , , , ,1361815255,3285515, , ,01213659,0500000US42013,2.037005304,2.037005303,0.144980448,42013,0,0,0,0, , , , , ,0,0,0,0,0,0
902,2383,48,445,48445,Texas,Terry,Yes,06, , , , , , ,2302083285,5443852, , ,01384008,0500000US48445,1.897367195,1.897367194,0.223062624,48445,223,1,330840,940,Terry,Texas,48,445,48445,890.9,97,908,34056,0.298635479,0.003328366
903,2384,48,447,48447,Texas,Throckmorton,Yes,06, , , , , , ,2363499415,7586189, , ,01384009,0500000US48447,1.921573295,1.921573295,0.229217571,48447,326,1,330277,1132,Throckmorton,Texas,48,447,48447,915.5,104,1100,29899,0.26991062,0.002922434
904,2385,48,487,48487,Texas,Wilbarger,Yes,06, , , , , , ,2514474406,18257915, , ,01384029,0500000US48487,2.46013283,2.460132833,0.247416069,48487,348,1,330437,1154,Wilbarger,Texas,48,487,48487,978.1,114,1122,37742,0.358205663,0.003729831
905,2412,47,009,47009,Tennessee,Blount,Yes,06, , , , , , ,1447032109,20307896, , ,01639726,0500000US47009,2.210852247,2.210852249,0.146117226,47009,651,1,326482,1677,Blount,Tennessee,47,009,47009,566.6,70,1645,31602,0.257023631,0.003176635
906,2436,47,067,47067,Tennessee,Hancock,Yes,06, , , , , , ,575820588,2984310, , ,01648577,0500000US47067,1.629303514,1.62930351,0.058194475,47067,656,1,326586,1682,Hancock,Tennessee,47,067,47067,223.5,18,1650,7054,0.161890562,0.00071813
907,2443,51,810,51810,Virginia,Virginia Beach,Yes,25, , , , , , ,646755922,641362601, , ,01498559,0500000US51810,1.457362617,1.457362615,0.080135342,51810,961,1,366378,2916,Virginia Beach,Virginia,51,810,51810,257.9,1,2884,39450,0.117843357,0.00053314
908,2459,47,087,47087,Tennessee,Jackson,Yes,06, , , , , , ,799337800,28227506, , ,01639758,0500000US47087,1.407702615,1.407702616,0.083105012,47087,607,1,328792,1537,Jackson,Tennessee,47,087,47087,319.6,10,1505,16701,0.192447769,0.001698223
909,2473,47,109,47109,Tennessee,McNairy,Yes,06, , , , , , ,1457754785,1994987, , ,01639774,0500000US47109,1.67784966,1.677849659,0.144405487,47109,473,1,326317,1283,McNairy,Tennessee,47,109,47109,560.8,7,1251,28485,0.199294379,0.002050274
910,2481,40,001,40001,Oklahoma,Adair,Yes,06, , , , , , ,1485305051,9254775, , ,01101788,0500000US40001,1.633157727,1.633157728,0.149180188,40001,550,1,285851,1366,Adair,Oklahoma,40,001,40001,577,73,1334,17644,0.05790578,0.000214425
911,2482,40,105,40105,Oklahoma,Nowata,Yes,06, , , , , , ,1465358296,38869447, , ,01101840,0500000US40105,1.608890009,1.608890009,0.151870402,40105,281,1,286246,1087,Nowata,Oklahoma,40,105,40105,580.9,45,1055,22056,0.15403761,0.000439035
912,2483,40,107,40107,Oklahoma,Okfuskee,Yes,06, , , , , , ,1602086548,26680172, , ,01101841,0500000US40107,2.281847101,2.281847101,0.16174241,40107,288,1,289575,1094,Okfuskee,Oklahoma,40,107,40107,628.8,98,1062,23090,0.25403093,0.002314828
913,2484,40,115,40115,Oklahoma,Ottawa,Yes,06, , , , , , ,1219467406,35708892, , ,01101845,0500000US40115,1.50121962,1.50121962,0.126799409,40115,264,1,286065,1069,Ottawa,Oklahoma,40,115,40115,484.7,62,1037,21822,0.20827036,0.001590988
914,2490,54,089,54089,West Virginia,Summers,Yes,06, , , , , , ,933640349,18767786, , ,01557805,0500000US54089,1.576369794,1.576369794,0.097254322,54089,948,0,380096,2825,Summers,West Virginia,54,089,54089,367.7,4,2793,26157,0.276694855,0.002697451
915,2491,40,005,40005,Oklahoma,Atoka,Yes,06, , , , , , ,2526578264,37283820, , ,01101790,0500000US40005,2.519065007,2.519065007,0.251292814,40005,354,1,288690,1160,Atoka,Oklahoma,40,005,40005,990,142,1128,16330,0.175811898,0.001624146
916,2492,40,015,40015,Oklahoma,Caddo,Yes,06, , , , , , ,3310745135,30820561, , ,01101795,0500000US40015,2.459847338,2.45984734,0.330619762,40015,289,1,290264,1095,Caddo,Oklahoma,40,015,40015,1290.3,164,1063,21389,0.223770108,0.002150702
917,2493,40,021,40021,Oklahoma,Cherokee,Yes,06, , , , , , ,1940958390,69624054, , ,01101798,0500000US40021,2.043909319,2.043909319,0.200771909,40021,283,1,286982,1089,Cherokee,Oklahoma,40,021,40021,776.4,81,1057,33605,0.309316487,0.003405316
918,2494,40,121,40121,Oklahoma,Pittsburg,Yes,06, , , , , , ,3381152566,187399162, , ,01101848,0500000US40121,2.90966228,2.909662282,0.352019866,40121,366,1,288422,1172,Pittsburg,Oklahoma,40,121,40121,1377.9,175,1140,11887,0.160428392,0.001186293
919,2495,40,127,40127,Oklahoma,Pushmataha,Yes,06, , , , , , ,3615200496,69981927, , ,01101851,0500000US40127,2.732444382,2.732444382,0.36140494,40127,353,1,288682,1159,Pushmataha,Oklahoma,40,127,40127,1422.8,197,1127,12874,0.156214883,0.00128077
920,2496,20,011,20011,Kansas,Bourbon,Yes,06, , , , , , ,1645861887,9377511, , ,00484975,0500000US20011,1.669595051,1.669595051,0.169404641,20011,256,1,154943,1048,Bourbon,Kansas,20,011,20011,638.8,13,1016,22533,0.213402522,0.002336822
921,2497,20,021,20021,Kansas,Cherokee,Yes,06, , , , , , ,1521793575,8948874, , ,00484980,0500000US20021,1.593133039,1.59313304,0.155278224,20021,257,1,155090,1052,Cherokee,Kansas,20,021,20021,591,15,1020,17337,0.183064717,0.001568133
922,2503,40,031,40031,Oklahoma,Comanche,Yes,06, , , , , , ,2769447426,37331131, , ,01101803,0500000US40031,2.372111845,2.372111844,0.276027834,40031,330,1,288590,1136,Comanche,Oklahoma,40,031,40031,1083.8,173,1104,11998,0.176140332,0.001191964
923,2504,40,041,40041,Oklahoma,Delaware,Yes,06, , , , , , ,1911820111,140253626, , ,01101808,0500000US40041,1.861666785,1.861666785,0.206164671,40041,266,1,285831,1071,Delaware,Oklahoma,40,041,40041,792.3,85,1039,22099,0.262958478,0.001860738
924,2505,40,131,40131,Oklahoma,Rogers,Yes,06, , , , , , ,1749916310,92853209, , ,01101853,0500000US40131,2.095917137,2.095917137,0.185057805,40131,267,1,286508,1072,Rogers,Oklahoma,40,131,40131,711.8,34,1040,39025,0.334414885,0.003953697
925,2506,40,137,40137,Oklahoma,Stephens,Yes,06, , , , , , ,2253926810,54694872, , ,01101856,0500000US40137,1.943353066,1.943353065,0.226559747,40137,355,1,288955,1161,Stephens,Oklahoma,40,137,40137,891.1,124,1129,21945,0.235969304,0.002185253
926,2507,40,147,40147,Oklahoma,Washington,Yes,06, , , , , , ,1076019804,22829385, , ,01101861,0500000US40147,1.580595385,1.580595384,0.110836235,40147,282,1,286286,1088,Washington,Oklahoma,40,147,40147,424.2,61,1056,35756,0.19218289,0.001658014
927,2518,06,049,06049,California,Modoc,Yes,06, , , , , , ,10140841147,745929078, , ,00277289,0500000US06049,4.538440099,4.5384401,1.175641641,06049,198,1,79998,547,Modoc,California,06,049,06049,4203.4,201,515,21167,0.260063497,0.002303126
928,2519,06,097,06097,California,Sonoma,Yes,06, , , , , , ,4081401375,497545782, , ,01657246,0500000US06097,3.714169381,3.714169377,0.425942951,06097,6,1,82020,21,Sonoma,California,06,097,06097,1590.5,199,16,13649,0.174041272,0.001429769
929,2520,06,111,06111,California,Ventura,Yes,06, , , , , , ,4773381212,945947858, , ,00277320,0500000US06111,3.512848983,3.512848982,0.471969931,06111,150,1,84507,469,Ventura,California,06,111,06111,1857.3,227,437,38660,0.33053288,0.003853709
930,2524,13,321,13321,Georgia,Worth,Yes,06, , , , , , ,1478117729,10491753, , ,00343365,0500000US13321,1.96997295,1.969972944,0.141406918,13321,1122,1,116709,3080,Worth,Georgia,13,321,13321,574.5,110,3048,12559,0.174144685,0.001204284
931,2528,40,069,40069,Oklahoma,Johnston,Yes,06, , , , , , ,1665207047,39638175, , ,01101822,0500000US40069,1.87014437,1.870144372,0.167007342,40069,357,1,290504,1163,Johnston,Oklahoma,40,069,40069,658.3,82,1131,31498,0.321350282,0.00312204
932,2529,40,071,40071,Oklahoma,Kay,Yes,06, , , , , , ,2382084814,65369699, , ,01101823,0500000US40071,2.261236616,2.261236615,0.247187765,40071,277,1,286150,1082,Kay,Oklahoma,40,071,40071,945.1,48,1050,27937,0.223800817,0.002827706
933,2538,40,081,40081,Oklahoma,Lincoln,Yes,06, , , , , , ,2466485355,34612290, , ,01101828,0500000US40081,1.994253755,1.994253754,0.249052932,40081,274,1,288062,1079,Lincoln,Oklahoma,40,081,40081,965.6,90,1047,32030,0.279646941,0.003236402
934,2539,40,083,40083,Oklahoma,Logan,Yes,06, , , , , , ,1926521271,12926640, , ,01101829,0500000US40083,1.975094452,1.975094452,0.193647502,40083,273,1,287650,1078,Logan,Oklahoma,40,083,40083,748.8,101,1046,31272,0.30743655,0.003153972
935,2549,40,091,40091,Oklahoma,McIntosh,Yes,06, , , , , , ,1601898112,242913883, , ,01101836,0500000US40091,2.149445415,2.149445416,0.183004399,40091,239,1,289108,1000,McIntosh,Oklahoma,40,091,40091,712.5,112,968,32965,0.316146263,0.003308299
936,2550,40,093,40093,Oklahoma,Major,Yes,06, , , , , , ,2473407889,7651194, , ,01101831,0500000US40093,2.468584179,2.468584179,0.24899305,40093,242,1,286622,1004,Major,Oklahoma,40,093,40093,957.9,110,972,39720,0.301326657,0.004040914
937,2554,12,011,12011,Florida,Broward,Yes,06, , , , , , ,3126165260,300048048, , ,00295753,0500000US12011,2.339864822,2.339864821,0.28644911,12011,1181,1,112531,3139,Broward,Florida,12,011,12011,1221.1,20,3107,105893,0.45478671,0.009691933
938,2563,12,019,12019,Florida,Clay,Yes,06, , , , , , ,1566445340,100334003, , ,00295726,0500000US12019,1.775284051,1.77528405,0.155807956,12019,1153,1,113868,3111,Clay,Florida,12,019,12019,643.7,77,3079,30111,0.309435807,0.002844411
939,2564,12,021,12021,Florida,Collier,Yes,06, , , , , , ,5176626926,793233726, , ,00295754,0500000US12021,3.372304864,3.372304865,0.491782868,12021,1175,1,112547,3133,Collier,Florida,12,021,12021,2029,123,3101,71713,0.431754015,0.006561496
940,2565,12,043,12043,Florida,Glades,Yes,06, , , , , , ,2087858356,468345889, , ,00295743,0500000US12043,2.281844355,2.281844357,0.232364106,12043,1171,1,111542,3129,Glades,Florida,12,043,12043,986.3,93,3097,16576,0.180246519,0.001528687
941,2575,12,061,12061,Florida,Indian River,Yes,06, , , , , , ,1302337265,295575883, , ,00307624,0500000US12061,1.611787567,1.611787566,0.128019341,12061,1177,1,111986,3135,Indian River,Florida,12,061,12061,513.4,62,3103,28674,0.233512731,0.002654094
942,2576,12,063,12063,Florida,Jackson,Yes,06, , , , , , ,2376988243,95321518, , ,00295734,0500000US12063,2.214143116,2.214143115,0.233008563,12063,1100,1,110882,3058,Jackson,Florida,12,063,12063,954.6,126,3026,23775,0.219477933,0.002271398
943,2586,12,085,12085,Florida,Martin,Yes,06, , , , , , ,1408245159,542261306, , ,00308550,0500000US12085,2.035729313,2.035729313,0.159835094,12085,1179,1,111554,3137,Martin,Florida,12,085,12085,657,41,3105,53506,0.388648508,0.004935713
944,2587,12,091,12091,Florida,Okaloosa,Yes,06, , , , , , ,2409333450,393236330, , ,00306915,0500000US12091,2.029246233,2.029246233,0.24250713,12091,1081,1,110894,3039,Okaloosa,Florida,12,091,12091,939.5,137,3007,23822,0.239132646,0.002276065
945,2588,12,101,12101,Florida,Pasco,Yes,06, , , , , , ,1936579911,312705136, , ,00295739,0500000US12101,2.192863488,2.192863491,0.183254241,12101,1160,1,112985,3118,Pasco,Florida,12,101,12101,765.2,83,3086,22769,0.214295519,0.002118386
946,2599,12,111,12111,Florida,St. Lucie,Yes,06, , , , , , ,1480639165,300860806, , ,00308372,0500000US12111,1.578603632,1.578603633,0.144494047,12111,1178,1,111554,3136,St. Lucie,Florida,12,111,12111,575.5,27,3104,53506,0.388648508,0.004935713
947,2600,13,005,13005,Georgia,Bacon,Yes,06, , , , , , ,670556263,69720506, , ,00344784,0500000US13005,1.290934198,1.2909342,0.07031439,13005,1136,1,117301,3094,Bacon,Georgia,13,005,13005,285.9,40,3062,31925,0.332005559,0.003070051
948,2601,13,045,13045,Georgia,Carroll,Yes,06, , , , , , ,1292492434,12284897, , ,00326650,0500000US13045,1.745667548,1.745667548,0.126721238,13045,686,1,119897,1729,Carroll,Georgia,13,045,13045,504,7,1697,35685,0.353098639,0.003506158
949,2608,01,013,01013,Alabama,Butler,Yes,06, , , , , , ,2011976221,2727475, , ,00161532,0500000US01013,1.818307054,1.818307057,0.191692125,01013,1084,1,1430,3042,Butler,Alabama,01,013,01013,777.9,62,3010,20215,0.258480826,0.001944589
950,2609,13,061,13061,Georgia,Clay,Yes,06, , , , , , ,506035695,56603701, , ,00344805,0500000US13061,1.317245784,1.317245786,0.053476899,13061,1092,1,116252,3050,Clay,Georgia,13,061,13061,216.6,36,3018,28722,0.149273855,0.000813002
951,2610,13,083,13083,Georgia,Dade,Yes,06, , , , , , ,450605017,467844, , ,00347465,0500000US13083,1.025676288,1.025676288,0.044453813,13083,751,1,116316,1798,Dade,Georgia,13,083,13083,174.2,25,1766,15806,0.10877052,0.00057132
952,2611,13,091,13091,Georgia,Dodge,Yes,06, , , , , , ,1284365348,18692929, , ,00348116,0500000US13091,2.012443587,2.01244359,0.124595985,13091,689,1,116693,1732,Dodge,Georgia,13,091,13091,503.3,56,1700,37220,0.278750396,0.003604172
953,2614,39,145,39145,Ohio,Scioto,Yes,06, , , , , , ,1580450239,15365089, , ,01074085,0500000US39145,2.26850624,2.268506241,0.165451649,39145,870,1,284474,2410,Scioto,Ohio,39,145,39145,616.1,8,2378,20674,0.228557272,0.002169638
954,2616,39,163,39163,Ohio,Vinton,Yes,06, , , , , , ,1068008686,6781196, , ,01074093,0500000US39163,1.700941646,1.700941648,0.112191004,39163,867,1,283032,2402,Vinton,Ohio,39,163,39163,415,26,2370,40152,0.355927088,0.004240169
955,2617,01,019,01019,Alabama,Cherokee,Yes,06, , , , , , ,1434128008,119806814, , ,00161535,0500000US01019,1.886070168,1.886070171,0.151938799,01019,754,1,1676,1801,Cherokee,Alabama,01,019,01019,600,48,1769,27022,0.109111709,0.000559691
956,2618,01,057,01057,Alabama,Fayette,Yes,06, , , , , , ,1625693532,4330882, , ,00161554,0500000US01057,1.837525022,1.837525021,0.158567914,01057,683,1,4047,1726,Fayette,Alabama,01,057,01057,629.3,70,1694,28298,0.268504231,0.00279378
957,2619,01,081,01081,Alabama,Lee,Yes,06, , , , , , ,1573552207,21488919, , ,00161566,0500000US01081,2.022082935,2.022082934,0.153212382,01081,722,1,1595,1765,Lee,Alabama,01,081,01081,615.5,36,1733,14210,0.172313767,0.001021647
958,2620,13,093,13093,Georgia,Dooly,Yes,06, , , , , , ,1015120099,13841083, , ,00351608,0500000US13093,1.387340524,1.387340519,0.098344224,13093,834,1,116701,1882,Dooly,Georgia,13,093,13093,397.1,68,1850,26811,0.24131013,0.002595946
959,2621,13,101,13101,Georgia,Echols,Yes,06, , , , , , ,1074571686,15087403, , ,00348092,0500000US13101,1.571785735,1.571785736,0.102668418,13101,1121,1,117711,3079,Echols,Georgia,13,101,13101,420.8,46,3047,60162,0.360962979,0.005744785
960,2627,01,111,01111,Alabama,Randolph,Yes,06, , , , , , ,1503616627,9285272, , ,00161582,0500000US01111,1.583632719,1.58363272,0.146417191,01111,714,1,2920,1757,Randolph,Alabama,01,111,01111,584.1,4,1725,34658,0.468098312,0.00340019
961,2634,13,115,13115,Georgia,Floyd,Yes,06, , , , , , ,1320694720,22123870, , ,00353665,0500000US13115,1.94221775,1.942217742,0.131447038,13115,736,1,116287,1781,Floyd,Georgia,13,115,13115,518.5,96,1749,14915,0.227312082,0.001468943
962,2635,13,131,13131,Georgia,Grady,Yes,06, , , , , , ,1177231856,14846262, , ,00351261,0500000US13131,1.386257661,1.386257663,0.1124216,13131,1117,1,117081,3075,Grady,Georgia,13,131,13131,460.3,71,3043,62836,0.372230754,0.006
963,2636,13,147,13147,Georgia,Hart,Yes,06, , , , , , ,601903609,63588437, , ,01687995,0500000US13147,1.098020697,1.098020699,0.065178966,13147,784,1,118335,1832,Hart,Georgia,13,147,13147,256.2,31,1800,18965,0.217706326,0.001881321
964,2641,40,017,40017,Oklahoma,Canadian,Yes,06, , , , , , ,2322255323,23239194, , ,01101796,0500000US40017,2.160143907,2.160143908,0.233119826,40017,275,1,287433,1080,Canadian,Oklahoma,40,017,40017,905.4,47,1048,18777,0.219374255,0.001893481
965,2642,40,037,40037,Oklahoma,Creek,Yes,06, , , , , , ,2460877240,50957833, , ,01101806,0500000US40037,2.231089282,2.231089283,0.250794892,40037,284,1,288134,1090,Creek,Oklahoma,40,037,40037,969.8,139,1058,35373,0.295458341,0.003575533
966,2643,04,017,04017,Arizona,Navajo,Yes,06, , , , , , ,25771504209,24078098, , ,00042808,0500000US04017,8.745112432,8.745112432,2.559733744,04017,144,1,66152,460,Navajo,Arizona,04,017,04017,9959.5,49,428,14996,0.191827592,0.001491936
967,2645,13,161,13161,Georgia,Jeff Davis,Yes,06, , , , , , ,856624687,12052221, , ,01687999,0500000US13161,1.55860298,1.55860298,0.082788993,13161,1106,1,116814,3064,Jeff Davis,Georgia,13,161,13161,335.5,42,3032,58846,0.376460394,0.005667784
968,2646,13,167,13167,Georgia,Johnson,Yes,06, , , , , , ,784793431,9278547, , ,00346664,0500000US13167,1.624996269,1.624996272,0.076370325,13167,824,1,117005,1872,Johnson,Georgia,13,167,13167,306.4,47,1840,28048,0.289477229,0.002730606
969,2651,40,039,40039,Oklahoma,Custer,Yes,06, , , , , , ,2561032882,34321688, , ,01101807,0500000US40039,2.202264921,2.202264921,0.258301168,40039,254,1,289872,1017,Custer,Oklahoma,40,039,40039,1002,127,985,42504,0.347528526,0.004291663
970,2652,40,047,40047,Oklahoma,Garfield,Yes,06, , , , , , ,2741478922,4075930, , ,01101811,0500000US40047,2.144782665,2.144782666,0.275742805,40047,279,1,287160,1085,Garfield,Oklahoma,40,047,40047,1059.9,41,1053,25235,0.288249024,0.002557252
971,2653,40,061,40061,Oklahoma,Haskell,Yes,06, , , , , , ,1493228367,126266430, , ,01101818,0500000US40061,2.175599993,2.175599992,0.160324809,40061,293,1,289100,1099,Haskell,Oklahoma,40,061,40061,625.3,99,1067,22518,0.290248063,0.002254338
972,2654,05,031,05031,Arkansas,Craighead,Yes,06, , , , , , ,1831693609,14141167, , ,00066847,0500000US05031,2.107650322,2.107650317,0.18410968,05031,586,0,74006,1469,Craighead,Arkansas,05,031,05031,713,14,1437,33205,0.303471132,0.003347506
973,2655,05,033,05033,Arkansas,Crawford,Yes,06, , , , , , ,1531186174,31078638, , ,00069161,0500000US05033,2.225639327,2.225639328,0.155332775,05033,553,1,74013,1369,Crawford,Arkansas,05,033,05033,604.2,104,1337,13318,0.215810316,0.00133697
974,2656,13,175,13175,Georgia,Laurens,Yes,06, , , , , , ,2090902614,28925881, , ,00346568,0500000US13175,1.986409809,1.986409809,0.20331692,13175,828,1,116842,1876,Laurens,Georgia,13,175,13175,818.9,125,1844,23230,0.225164865,0.002250643
975,2657,13,177,13177,Georgia,Lee,Yes,06, , , , , , ,921723009,15318711, , ,00343390,0500000US13177,1.57799166,1.577991665,0.089230365,13177,1131,1,117039,3089,Lee,Georgia,13,177,13177,361.8,69,3057,12438,0.159694294,0.001193875
976,2666,05,049,05049,Arkansas,Fulton,Yes,06, , , , , , ,1601113655,5527453, , ,00066854,0500000US05049,1.892932475,1.892932475,0.16135056,05049,559,1,74088,1376,Fulton,Arkansas,05,049,05049,620.3,36,1344,22214,0.239109219,0.002253319
977,2667,05,089,05089,Arkansas,Marion,Yes,06, , , , , , ,1546245413,112149478, , ,00069898,0500000US05089,2.153223317,2.15322332,0.16631252,05089,544,1,74124,1360,Marion,Arkansas,05,089,05089,640.3,81,1328,17647,0.208537589,0.001789279
978,2668,05,111,05111,Arkansas,Poinsett,Yes,06, , , , , , ,1964196920,13522937, , ,00069174,0500000US05111,2.039912724,2.039912724,0.196659109,05111,587,1,74321,1470,Poinsett,Arkansas,05,111,05111,763.4,12,1438,49439,0.442680202,0.004977893
979,2669,13,187,13187,Georgia,Lumpkin,Yes,06, , , , , , ,732793119,3273366, , ,00357196,0500000US13187,1.34551182,1.34551182,0.072319049,13187,767,1,119287,1815,Lumpkin,Georgia,13,187,13187,284.3,28,1783,15885,0.204507983,0.001575712
980,2670,13,197,13197,Georgia,Marion,Yes,06, , , , , , ,947978211,3791368, , ,00344107,0500000US13197,1.48189033,1.481890335,0.091178717,13197,725,1,120579,1768,Marion,Georgia,13,197,13197,367.4,71,1736,15961,0.193788869,0.001547712
981,2675,05,115,05115,Arkansas,Pope,Yes,06, , , , , , ,2104499434,47197873, , ,00069901,0500000US05115,2.107841441,2.107841443,0.213607017,05115,537,1,74043,1351,Pope,Arkansas,05,115,05115,830.8,107,1319,19827,0.197226476,0.001985225
982,2676,05,129,05129,Arkansas,Searcy,Yes,06, , , , , , ,1725177056,6256643, , ,00069180,0500000US05129,1.860752122,1.860752121,0.172889238,05129,560,1,74096,1377,Searcy,Arkansas,05,129,05129,668.5,86,1345,36800,0.326306229,0.003705624
983,2677,05,141,05141,Arkansas,Van Buren,Yes,06, , , , , , ,1838266668,37621422, , ,00069904,0500000US05141,2.050191876,2.050191877,0.186524299,05141,563,1,74112,1380,Van Buren,Arkansas,05,141,05141,724.3,99,1348,15294,0.187822195,0.001539651
984,2678,13,207,13207,Georgia,Monroe,Yes,06, , , , , , ,1025912958,5603396, , ,00343073,0500000US13207,1.44944144,1.449441441,0.099535913,13207,847,1,116489,1895,Monroe,Georgia,13,207,13207,397.3,59,1863,16616,0.229770094,0.001624214
985,2679,13,243,13243,Georgia,Randolph,Yes,06, , , , , , ,1109127074,6830055, , ,00352242,0500000US13243,1.614140841,1.614140844,0.10620154,13243,1090,1,117469,3048,Randolph,Georgia,13,243,13243,431,74,3016,14078,0.190941339,0.001355324
986,2680,13,259,13259,Georgia,Stewart,Yes,06, , , , , , ,1188113774,12636844, , ,00347360,0500000US13259,1.654816136,1.654816139,0.114691301,13259,705,1,116235,1748,Stewart,Georgia,13,259,13259,463.5,82,1716,22462,0.253388981,0.001790537
987,2686,06,029,06029,California,Kern,Yes,06, , , , , , ,21061724395,79488702, , ,02054176,0500000US06029,7.280656148,7.280656149,2.095972516,06029,146,1,80710,465,Kern,California,06,029,06029,8161,928,433,11495,0.193654076,0.001150235
988,2687,06,035,06035,California,Lassen,Yes,06, , , , , , ,11761622251,463440332, , ,01693324,0500000US06035,5.972668021,5.972668015,1.302232714,06035,186,1,83869,528,Lassen,California,06,035,06035,4720.4,104,496,28939,0.280098201,0.003140444
989,2688,13,273,13273,Georgia,Terrell,Yes,06, , , , , , ,868785067,5861858, , ,00352238,0500000US13273,1.420092002,1.420092004,0.083205148,13273,1089,1,117474,3047,Terrell,Georgia,13,273,13273,337.8,67,3015,19247,0.239507644,0.00185259
990,2690,35,025,35025,New Mexico,Lea,Yes,06, , , , , , ,11372050898,8468365, , ,01702365,0500000US35025,4.650069202,4.650069202,1.095631198,35025,221,0,247053,938,Lea,New Mexico,35,025,35025,4394,146,906,35442,0.109254779,0.000573055
991,2691,35,027,35027,New Mexico,Lincoln,Yes,06, , , , , , ,12512499304,564271, , ,00929116,0500000US35027,5.412325861,5.412325859,1.217447988,35027,205,1,250685,916,Lincoln,New Mexico,35,027,35027,4831.3,62,884,14416,0.17816695,0.001416171
992,2693,22,121,22121,Louisiana,West Baton Rouge,Yes,15, , , , , , ,498293839,29602282, , ,00559570,0500000US22121,1.398912191,1.398912193,0.049583982,22121,1006,1,168515,2962,West Baton Rouge,Louisiana,22,121,22121,203.6,17,2930,47846,0.345241284,0.00455052
993,2709,01,017,01017,Alabama,Chambers,Yes,06, , , , , , ,1545009295,17048126, , ,00161534,0500000US01017,1.714193295,1.714193295,0.150586857,01017,697,1,1577,1740,Chambers,Alabama,01,017,01017,603.1,10,1708,28257,0.260479997,0.002750749
994,2710,01,127,01127,Alabama,Walker,Yes,06, , , , , , ,2049182266,36258741, , ,00161589,0500000US01127,2.381156356,2.381156357,0.203022728,01127,679,1,4266,1722,Walker,Alabama,01,127,01127,805.3,31,1690,17749,0.208333954,0.001749103
995,2713,45,001,45001,South Carolina,Abbeville,Yes,06, , , , , , ,1270343708,53119990, , ,01245666,0500000US45001,1.671484204,1.671484204,0.129522483,45001,803,1,312819,1851,Abbeville,South Carolina,45,001,45001,511.1,64,1819,28156,0.288390363,0.002786503
996,2719,05,043,05043,Arkansas,Drew,Yes,06, , , , , , ,2145506687,18920694, , ,00066851,0500000US05043,1.942486201,1.942486199,0.210224876,05043,423,1,74001,1231,Drew,Arkansas,05,043,05043,835.7,94,1199,29351,0.235139762,0.002880054
997,2720,13,065,13065,Georgia,Clinch,Yes,06, , , , , , ,2072566658,61565581, , ,00351285,0500000US13065,2.183578956,2.183578955,0.201442458,13065,1114,1,117257,3072,Clinch,Georgia,13,065,13065,824.5,60,3040,49105,0.415156627,0.004703083
998,2727,29,203,29203,Missouri,Shannon,Yes,06, , , , , , ,2599881259,464011, , ,00758554,0500000US29203,2.36400617,2.364006172,0.263744538,29203,533,1,201566,1345,Shannon,Missouri,29,203,29203,1004,62,1313,11701,0.170728068,0.001205491
999,2734,28,003,28003,Mississippi,Alcorn,Yes,06, , , , , , ,1036100625,3417857, , ,00711755,0500000US28003,1.396057235,1.396057234,0.102549514,28003,491,1,197052,1301,Alcorn,Mississippi,28,003,28003,401.4,27,1269,28485,0.25911754,0.002845128
1000,2735,28,013,28013,Mississippi,Calhoun,Yes,06, , , , , , ,1519218224,3590395, , ,00695731,0500000US28013,1.617580989,1.617580989,0.148457949,28013,499,1,200042,1309,Calhoun,Mississippi,28,013,28013,588,54,1277,24056,0.265187499,0.002380629
1001,2736,28,015,28015,Mississippi,Carroll,Yes,06, , , , , , ,1627140767,16426891, , ,00695732,0500000US28015,2.014742386,2.014742385,0.159382064,28015,521,0,196264,1331,Carroll,Mississippi,28,015,28015,634.5,36,1299,20313,0.216946517,0.00199301
1002,2737,29,215,29215,Missouri,Texas,Yes,06, , , , , , ,3049104602,5071087, , ,00758560,0500000US29215,2.303094058,2.303094058,0.310450717,29215,570,1,201566,1407,Texas,Missouri,29,215,29215,1179.2,24,1375,11701,0.170728068,0.001205491
1003,2746,28,027,28027,Mississippi,Coahoma,Yes,06, , , , , , ,1430818349,79539460, , ,00695738,0500000US28027,2.514629866,2.514629866,0.147796939,28027,482,1,200290,1292,Coahoma,Mississippi,28,027,28027,583.1,42,1260,133125,0.587383587,0.00660659
1004,2747,28,031,28031,Mississippi,Covington,Yes,06, , , , , , ,1071727828,2937796, , ,00695740,0500000US28031,1.390060848,1.390060847,0.102165218,28031,1018,1,198156,2974,Covington,Mississippi,28,031,28031,414.9,38,2942,39090,0.357274579,0.003766613
1005,2748,28,037,28037,Mississippi,Franklin,Yes,06, , , , , , ,1460181284,7728339, , ,00695743,0500000US28037,1.656619647,1.656619649,0.139341677,28037,1042,1,196744,2998,Franklin,Mississippi,28,037,28037,566.7,97,2966,29355,0.246453319,0.002822258
1006,2753,37,041,37041,North Carolina,Chowan,Yes,06, , , , , , ,446701257,157537230, , ,01025822,0500000US37041,1.293617606,1.293617603,0.04582373,37041,953,1,265653,2904,Chowan,North Carolina,37,041,37041,174,4,2872,13554,0.165124805,0.001336085
1007,2755,28,045,28045,Mississippi,Hancock,Yes,06, , , , , , ,1227506907,204149867, , ,00711756,0500000US28045,1.674112353,1.674112353,0.118028055,28045,978,1,196063,2934,Hancock,Mississippi,28,045,28045,484.5,76,2902,11888,0.182446678,0.001112413
1008,2756,28,047,28047,Mississippi,Harrison,Yes,06, , , , , , ,1486633638,1063698169, , ,00695747,0500000US28047,2.185040548,2.185040547,0.143568519,28047,1032,1,198705,2988,Harrison,Mississippi,28,047,28047,584.2,52,2956,18949,0.192258913,0.001801913
1009,2763,37,081,37081,North Carolina,Guilford,Yes,06, , , , , , ,1672459307,30780147, , ,01008558,0500000US37081,1.688664551,1.688664551,0.170413802,37081,933,1,266326,2787,Guilford,North Carolina,37,081,37081,655.9,1,2755,20794,0.330515178,0.002102026
1010,2764,37,097,37097,North Carolina,Iredell,Yes,06, , , , , , ,1487206094,59953037, , ,01008565,0500000US37097,1.913758496,1.913758494,0.154278049,37097,643,1,271380,1669,Iredell,North Carolina,37,097,37097,597.2,11,1637,22624,0.221594161,0.002286567
1011,2766,28,071,28071,Mississippi,Lafayette,Yes,06, , , , , , ,1636141949,123084030, , ,00695759,0500000US28071,1.858769517,1.858769514,0.172407814,28071,479,1,199868,1289,Lafayette,Mississippi,28,071,28071,679.3,51,1257,25005,0.231385635,0.002478213
1012,2767,28,075,28075,Mississippi,Lauderdale,Yes,06, , , , , , ,1822446691,29792143, , ,00695761,0500000US28075,1.714253555,1.714253555,0.17753007,28075,531,0,195872,1341,Lauderdale,Mississippi,28,075,28075,715.3,62,1309,38272,0.093884665,0.000386728
1013,2768,28,085,28085,Mississippi,Lincoln,Yes,06, , , , , , ,1518059596,5305564, , ,00695766,0500000US28085,1.740956633,1.740956634,0.144701331,28085,1041,1,196592,2997,Lincoln,Mississippi,28,085,28085,588.1,34,2965,20081,0.188336751,0.001932438
1014,2771,40,111,40111,Oklahoma,Okmulgee,Yes,06, , , , , , ,1806123253,12915777, , ,01101843,0500000US40111,1.918351996,1.918351997,0.181002239,40111,287,1,288530,1093,Okmulgee,Oklahoma,40,111,40111,702.3,117,1061,17669,0.20429153,0.001783369
1015,2772,40,123,40123,Oklahoma,Pontotoc,Yes,06, , , , , , ,1865888458,12404234, , ,01101849,0500000US40123,2.206202872,2.206202875,0.184847489,40123,364,1,289767,1170,Pontotoc,Oklahoma,40,123,40123,725.5,98,1138,38550,0.319797152,0.003830322
1016,2774,37,177,37177,North Carolina,Tyrrell,Yes,06, , , , , , ,1007595113,531422451, , ,01026332,0500000US37177,1.655552458,1.65555246,0.105332461,37177,958,0,265967,2909,Tyrrell,North Carolina,37,177,37177,398.9,28,2877,18456,0.18007941,0.001861001
1017,2777,28,095,28095,Mississippi,Monroe,Yes,06, , , , , , ,1981577562,18141243, , ,00695771,0500000US28095,1.98377831,1.983778306,0.194872951,28095,500,1,195793,1310,Monroe,Mississippi,28,095,28095,772,62,1278,32795,0.154541172,0.000625594
1018,2778,28,101,28101,Mississippi,Newton,Yes,06, , , , , , ,1496636734,4525338, , ,00695773,0500000US28101,1.523052694,1.523052694,0.143865054,28101,532,1,197796,1342,Newton,Mississippi,28,101,28101,579.6,21,1310,28250,0.25271238,0.002746066
1019,2779,28,115,28115,Mississippi,Pontotoc,Yes,06, , , , , , ,1289142769,8496482, , ,00695803,0500000US28115,1.451254462,1.451254462,0.126952503,28115,498,1,197344,1308,Pontotoc,Mississippi,28,115,28115,501,14,1276,18136,0.224748478,0.001792714
1020,2783,40,149,40149,Oklahoma,Washita,Yes,06, , , , , , ,2598189805,14579002, , ,01101862,0500000US40149,2.333411454,2.333411451,0.258895586,40149,291,1,288930,1097,Washita,Oklahoma,40,149,40149,1009.1,40,1065,23017,0.30844855,0.002302245
1021,2790,28,117,28117,Mississippi,Prentiss,Yes,06, , , , , , ,1074778155,8353573, , ,00695779,0500000US28117,1.396721943,1.396721942,0.1064706,28117,495,1,197120,1305,Prentiss,Mississippi,28,117,28117,418.2,29,1273,28188,0.244267556,0.002802422
1022,2791,28,127,28127,Mississippi,Simpson,Yes,06, , , , , , ,1525930830,3378534, , ,00695784,0500000US28127,1.919796728,1.919796726,0.145832483,28127,1036,1,198220,2992,Simpson,Mississippi,28,127,28127,590.5,50,2960,26804,0.246190046,0.00258607
1023,2792,28,141,28141,Mississippi,Tishomingo,Yes,06, , , , , , ,1098939131,52359824, , ,00695791,0500000US28141,1.487976685,1.487976686,0.113313403,28141,492,1,195989,1302,Tishomingo,Mississippi,28,141,28141,444.5,23,1270,25526,0.133106276,0.000715705
1024,2793,28,159,28159,Mississippi,Winston,Yes,06, , , , , , ,1572731699,7383417, , ,00695800,0500000US28159,1.744238566,1.744238568,0.152592927,28159,530,1,197597,1340,Winston,Mississippi,28,159,28159,610.1,14,1308,21533,0.208702353,0.002109587
1025,2802,29,017,29017,Missouri,Bollinger,Yes,06, , , , , , ,1600366956,8527783, , ,00758463,0500000US29017,1.843154693,1.843154693,0.163549835,29017,575,0,201934,1428,Bollinger,Missouri,29,017,29017,621.4,19,1396,22379,0.29348481,0.002298792
1026,2826,42,057,42057,Pennsylvania,Fulton,Yes,06, , , , , , ,1133252797,1305486, , ,01213671,0500000US42057,1.57314121,1.57314121,0.119535261,42057,876,1,306186,2481,Fulton,Pennsylvania,42,057,42057,438.2,10,2449,17913,0.241704609,0.001901708
1027,2845,22,003,22003,Louisiana,Allen,Yes,15, , , , , , ,1973084276,10634069, , ,00558397,0500000US22003,2.077100116,2.077100118,0.186773918,22003,1017,1,169514,2973,Allen,Louisiana,22,003,22003,765.7,104,2941,34798,0.260712994,0.003322713
1028,2846,22,019,22019,Louisiana,Calcasieu,Yes,15, , , , , , ,2754925005,79221991, , ,00558468,0500000US22019,2.885511652,2.885511657,0.265592051,22019,982,1,167810,2938,Calcasieu,Louisiana,22,019,22019,1094.3,94,2906,35955,0.316121534,0.003411215
1029,2849,26,075,26075,Michigan,Jackson,Yes,06, , , , , , ,1817308253,56538562, , ,01622980,0500000US26075,1.872052754,1.872052754,0.204408024,26075,860,0,180020,2196,Jackson,Michigan,26,075,26075,723.6,5,2164,16119,0.283493539,0.001776716
1030,2858,47,007,47007,Tennessee,Bledsoe,Yes,06, , , , , , ,1052635741,838360, , ,01639725,0500000US47007,1.732075035,1.732075026,0.104771643,47007,613,1,326732,1548,Bledsoe,Tennessee,47,007,47007,406.7,24,1516,30234,0.301301881,0.003051189
1031,2867,47,027,47027,Tennessee,Clay,Yes,06, , , , , , ,612626569,59071056, , ,01648573,0500000US47027,1.572977018,1.572977022,0.06760811,47027,603,1,326177,1533,Clay,Tennessee,47,027,47027,259.3,28,1501,19298,0.178038315,0.000994147
1032,2873,01,103,01103,Alabama,Morgan,Yes,06, , , , , , ,1500535114,51006068, , ,00161578,0500000US01103,1.804474016,1.804474016,0.152206962,01103,733,1,711,1778,Morgan,Alabama,01,103,01103,599,24,1746,36189,0.421047436,0.003596037
1033,2877,47,071,47071,Tennessee,Hardin,Yes,06, , , , , , ,1495289737,49111063, , ,01639751,0500000US47071,1.735842038,1.735842035,0.152829129,47071,472,1,326316,1281,Hardin,Tennessee,47,071,47071,596.3,2,1249,20409,0.076004374,0.000304151
1034,2882,05,077,05077,Arkansas,Lee,Yes,06, , , , , , ,1560781798,43720896, , ,00066866,0500000US05077,2.511698248,2.511698249,0.157980925,05077,489,1,74074,1299,Lee,Arkansas,05,077,05077,619.5,35,1267,28194,0.25425682,0.002812353
1035,2883,05,123,05123,Arkansas,St. Francis,Yes,06, , , , , , ,1644111286,20050005, , ,00083331,0500000US05123,2.073130166,2.073130167,0.164357453,05123,487,1,73998,1297,St. Francis,Arkansas,05,123,05123,642.4,55,1265,19740,0.252944798,0.001973665
1036,2888,47,137,47137,Tennessee,Pickett,Yes,06, , , , , , ,422113343,29822850, , ,01648580,0500000US47137,1.526253358,1.526253357,0.045515505,47137,604,1,326201,1534,Pickett,Tennessee,47,137,47137,174.6,21,1502,40088,0.33023289,0.00406227
1037,2889,51,169,51169,Virginia,Scott,Yes,06, , , , , , ,1387009046,8060238, , ,01498172,0500000US51169,1.793976095,1.793976097,0.14070102,51169,636,1,366580,1662,Scott,Virginia,51,169,51169,538.6,12,1630,26188,0.263025057,0.002763417
1038,2895,01,015,01015,Alabama,Calhoun,Yes,06, , , , , , ,1569245771,16568584, , ,00161533,0500000US01015,2.194033991,2.19403399,0.154328663,01015,739,1,1950,1784,Calhoun,Alabama,01,015,01015,612.3,38,1752,17883,0.21387906,0.001762521
1039,2896,22,027,22027,Louisiana,Claiborne,Yes,15, , , , , , ,1955125188,32473222, , ,00558505,0500000US22027,1.947978554,1.947978551,0.19138522,22027,427,1,167481,1235,Claiborne,Louisiana,22,027,22027,767.5,88,1203,28685,0.238516807,0.00141317
1040,2903,01,077,01077,Alabama,Lauderdale,Yes,06, , , , , , ,1729334656,134420368, , ,00161564,0500000US01077,2.418795633,2.418795632,0.183854081,01077,675,1,1063,1718,Lauderdale,Alabama,01,077,01077,718.8,40,1686,15187,0.179645725,0.001513045
1041,2904,05,135,05135,Arkansas,Sharp,Yes,06, , , , , , ,1565489406,5172583, , ,00069183,0500000US05135,2.162358353,2.162358355,0.157301257,05135,543,1,74012,1359,Sharp,Arkansas,05,135,05135,606.4,104,1327,29536,0.27245792,0.002995486
1042,2909,48,019,48019,Texas,Bandera,Yes,06, , , , , , ,2048649404,17288358, , ,01383795,0500000US48019,2.119487739,2.119487739,0.192652916,48019,57,1,331080,367,Bandera,Texas,48,019,48019,797.5,108,335,25112,0.245938333,0.002369133
1043,2910,48,021,48021,Texas,Bastrop,Yes,06, , , , , , ,2300343758,19109823, , ,01383796,0500000US48021,1.831202431,1.831202431,0.21708624,48021,111,1,330806,421,Bastrop,Texas,48,021,48021,895.9,114,389,20601,0.19664201,0.001947266
1044,2915,28,131,28131,Mississippi,Stone,Yes,06, , , , , , ,1153800131,6712362, , ,00695786,0500000US28131,1.43784066,1.437840657,0.109374766,28131,1046,1,198604,3002,Stone,Mississippi,28,131,28131,448.1,54,2970,20720,0.239026547,0.001978974
1045,2918,48,045,48045,Texas,Briscoe,Yes,06, , , , , , ,2330991166,4068667, , ,01383808,0500000US48045,1.922844515,1.922844514,0.22931527,48045,333,1,330500,1139,Briscoe,Texas,48,045,48045,901.6,109,1107,26559,0.252532138,0.002633277
1046,2919,48,049,48049,Texas,Brown,Yes,06, , , , , , ,2446081954,32417676, , ,01383810,0500000US48049,2.078295099,2.078295097,0.235972361,48049,72,1,330997,382,Brown,Texas,48,049,48049,956.9,112,350,16374,0.172212049,0.001582628
1047,2920,48,059,48059,Texas,Callahan,Yes,06, , , , , , ,2329363181,4898780, , ,01383815,0500000US48059,1.89698963,1.896989632,0.223473039,48059,329,1,330464,1135,Callahan,Texas,48,059,48059,901.3,107,1103,34978,0.253269438,0.003385619
1048,2921,48,115,48115,Texas,Dawson,Yes,06, , , , , , ,2331781566,4720705, , ,01383843,0500000US48115,1.903588671,1.903588671,0.224823967,48115,226,1,330392,943,Dawson,Texas,48,115,48115,902.1,107,911,20895,0.224305315,0.002038421
1049,2922,48,127,48127,Texas,Dimmit,Yes,06, , , , , , ,3441794565,14576509, , ,01383849,0500000US48127,2.325726304,2.325726302,0.318407866,48127,127,1,330315,437,Dimmit,Texas,48,127,48127,1334.5,144,405,40505,0.364037573,0.00376752
1050,2923,48,131,48131,Texas,Duval,Yes,06, , , , , , ,4645082968,5478267, , ,01383851,0500000US48131,2.769183323,2.769183324,0.42541127,48131,129,1,330344,439,Duval,Texas,48,131,48131,1795.6,221,407,21508,0.265910003,0.001991802
1051,2927,12,067,12067,Florida,Lafayette,Yes,06, , , , , , ,1407428358,11646265, , ,00295732,0500000US12067,1.868298689,1.868298684,0.132649073,12067,1150,1,114231,3108,Lafayette,Florida,12,067,12067,547.9,65,3076,19799,0.189303536,0.001876135
1052,2928,13,081,13081,Georgia,Crisp,Yes,06, , , , , , ,706002591,21657684, , ,00351607,0500000US13081,1.18576538,1.185765375,0.069438497,13081,1130,1,117735,3088,Crisp,Georgia,13,081,13081,281.1,51,3056,26521,0.229705059,0.002558795
1053,2932,48,137,48137,Texas,Edwards,Yes,06, , , , , , ,5485227753,5199754, , ,01383854,0500000US48137,3.360500072,3.360500071,0.513385494,48137,47,1,330367,357,Edwards,Texas,48,137,48137,2119.9,227,325,18204,0.208131203,0.001725348
1054,2933,48,143,48143,Texas,Erath,Yes,06, , , , , , ,2805141498,17445007, , ,01383857,0500000US48143,2.112610014,2.112610015,0.270056548,48143,309,1,330953,1115,Erath,Texas,48,143,48143,1089.8,130,1083,26138,0.300638624,0.002531506
1055,2934,48,149,48149,Texas,Fayette,Yes,06, , , , , , ,2460509643,25381859, , ,01383860,0500000US48149,2.037718133,2.037718135,0.232127031,48149,113,1,330318,423,Fayette,Texas,48,149,48149,959.5,102,391,21848,0.212954361,0.002068759
1056,2937,13,165,13165,Georgia,Jenkins,Yes,06, , , , , , ,899449086,13452205, , ,00342985,0500000US13165,1.212967637,1.212967636,0.087883788,13165,823,1,119051,1871,Jenkins,Georgia,13,165,13165,352.1,60,1839,21075,0.241009622,0.002057652
1057,2943,48,159,48159,Texas,Franklin,Yes,06, , , , , , ,736570298,26874745, , ,01383865,0500000US48159,1.354909113,1.354909108,0.073808506,48159,388,1,330789,1194,Franklin,Texas,48,159,48159,294.8,44,1162,21738,0.222996985,0.002129797
1058,2944,48,165,48165,Texas,Gaines,Yes,06, , , , , , ,3891129663,1262946, , ,01383868,0500000US48165,2.590878943,2.590878944,0.374453563,48165,227,0,330861,944,Gaines,Texas,48,165,48165,1502.8,147,912,14481,0.083509136,0.000421324
1059,2951,35,035,35035,New Mexico,Otero,Yes,06, , , , , , ,17128141980,37012198, , ,00929104,0500000US35035,5.918988597,5.918988597,1.648972648,35035,210,1,247401,921,Otero,New Mexico,35,035,35035,6627.3,193,889,21202,0.204110072,0.002073547
1060,2954,48,181,48181,Texas,Grayson,Yes,06, , , , , , ,2415989281,120124550, , ,01383876,0500000US48181,2.359789336,2.359789334,0.246377327,48181,299,1,330515,1105,Grayson,Texas,48,181,48181,978.6,125,1073,32684,0.146708411,0.001238365
1061,2955,48,201,48201,Texas,Harris,Yes,06, , , , , , ,4413768182,189887116, , ,01383886,0500000US48201,3.847057563,3.847057558,0.428488434,48201,100,1,330290,410,Harris,Texas,48,201,48201,1773.5,180,378,24205,0.261408757,0.002286016
1062,2956,48,209,48209,Texas,Hays,Yes,06, , , , , , ,1755978828,5037783, , ,01383890,0500000US48209,1.800970838,1.800970839,0.16474341,48209,112,1,330399,422,Hays,Texas,48,209,48209,678.9,86,390,23749,0.21335226,0.002251952
1063,2957,48,211,48211,Texas,Hemphill,Yes,06, , , , , , ,2347272205,15205579, , ,01383891,0500000US48211,1.953427422,1.953427421,0.235827063,48211,246,1,330819,1009,Hemphill,Texas,48,211,48211,912.1,99,977,18014,0.197940363,0.00181671
1064,2965,37,073,37073,North Carolina,Gates,Yes,06, , , , , , ,881747778,13578051, , ,01026126,0500000US37073,1.382095729,1.382095729,0.090001474,37073,960,1,271033,2914,Gates,North Carolina,37,073,37073,344,3,2882,15090,0.244501825,0.001535201
1065,2969,48,221,48221,Texas,Hood,Yes,06, , , , , , ,1089485222,41921585, , ,01383896,0500000US48221,1.388563712,1.388563713,0.108499378,48221,380,1,331552,1186,Hood,Texas,48,221,48221,437,52,1154,28785,0.250629438,0.002790315
1066,2970,48,231,48231,Texas,Hunt,Yes,06, , , , , , ,2176415377,108013745, , ,01383901,0500000US48231,2.035866636,2.03586664,0.220696309,48231,386,1,330768,1192,Hunt,Texas,48,231,48231,881.8,104,1160,28296,0.264838428,0.002772425
1067,2971,48,249,48249,Texas,Jim Wells,Yes,06, , , , , , ,2240777929,8739520, , ,01383910,0500000US48249,2.422928797,2.422928796,0.205875994,48249,136,1,330849,446,Jim Wells,Texas,48,249,48249,868.3,111,414,36320,0.345905522,0.003362235
1068,2972,48,253,48253,Texas,Jones,Yes,06, , , , , , ,2404946440,22227355, , ,01383912,0500000US48253,1.952387365,1.952387363,0.233547055,48253,313,1,330886,1119,Jones,Texas,48,253,48253,937.1,107,1087,26902,0.237786992,0.002613098
1069,2976,22,047,22047,Louisiana,Iberville,Yes,15, , , , , , ,1602209073,88655982, , ,00558582,0500000US22047,2.160217084,2.160217084,0.158500658,22047,979,1,168515,2935,Iberville,Louisiana,22,047,22047,652.9,71,2903,47846,0.345241284,0.00455052
1070,2981,48,265,48265,Texas,Kerr,Yes,06, , , , , , ,2857583488,10247290, , ,01383918,0500000US48265,2.590062661,2.59006266,0.268302371,48265,54,1,330322,364,Kerr,Texas,48,265,48265,1107.7,130,332,30340,0.230003124,0.00286681
1071,2982,48,279,48279,Texas,Lamb,Yes,06, , , , , , ,2631897571,3973764, , ,01383926,0500000US48279,2.030734613,2.030734612,0.257413383,48279,219,1,330444,936,Lamb,Texas,48,279,48279,1017.7,72,904,39903,0.303893389,0.003933054
1072,2983,48,283,48283,Texas,La Salle,Yes,06, , , , , , ,3850512384,19537514, , ,01383924,0500000US48283,2.38251865,2.382518649,0.355910752,48283,125,1,331124,435,La Salle,Texas,48,283,48283,1494.2,173,403,20532,0.191494789,0.001913691
1073,2984,48,293,48293,Texas,Limestone,Yes,06, , , , , , ,2344685581,72197698, , ,01383932,0500000US48293,1.940461736,1.940461735,0.229554384,48293,79,1,330525,389,Limestone,Texas,48,293,48293,933.2,114,357,49521,0.336858508,0.004762277
1074,2985,48,295,48295,Texas,Lipscomb,Yes,06, , , , , , ,2414327233,298741, , ,01383933,0500000US48295,1.97912093,1.97912093,0.242187606,48295,243,1,330651,1005,Lipscomb,Texas,48,295,48295,932.2,87,973,19068,0.266098566,0.001936101
1075,2986,48,303,48303,Texas,Lubbock,Yes,06, , , , , , ,2319591805,13210576, , ,01383937,0500000US48303,1.912283637,1.912283638,0.226643219,48303,207,1,330596,918,Lubbock,Texas,48,303,48303,900.7,69,886,30493,0.289985594,0.002994782
1076,2987,48,305,48305,Texas,Lynn,Yes,06, , , , , , ,2309924845,4169719, , ,01383938,0500000US48305,1.901567627,1.901567626,0.223674908,48305,222,1,330378,939,Lynn,Texas,48,305,48305,893.5,93,907,29522,0.364158325,0.002885166
1077,2992,28,041,28041,Mississippi,Greene,Yes,06, , , , , , ,1846034045,15380532, , ,00695745,0500000US28041,1.68381125,1.683811251,0.176232387,28041,1024,1,195931,2980,Greene,Mississippi,28,041,28041,718.7,89,2948,14331,0.206803283,0.001373365
1078,2993,28,147,28147,Mississippi,Walthall,Yes,06, , , , , , ,1046210307,1195913, , ,00695794,0500000US28147,1.561023169,1.561023169,0.099076356,28147,1027,1,196075,2983,Walthall,Mississippi,28,147,28147,404.4,18,2951,32768,0.228994573,0.002387433
1079,2999,48,359,48359,Texas,Oldham,Yes,06, , , , , , ,3886363376,2338010, , ,01383965,0500000US48359,2.637535121,2.637535121,0.385746236,48359,231,1,330332,956,Oldham,Texas,48,359,48359,1501.4,168,924,27314,0.225136734,0.002737133
1080,3000,48,401,48401,Texas,Rusk,Yes,06, , , , , , ,2393244736,37217200, , ,01383986,0500000US48401,2.368843707,2.368843705,0.232232753,48401,420,1,330491,1228,Rusk,Texas,48,401,48401,938.6,112,1196,35002,0.268649702,0.003386341
1081,3001,48,413,48413,Texas,Schleicher,Yes,06, , , , , , ,3394564132,87401, , ,01383992,0500000US48413,2.445476949,2.44547695,0.320124828,48413,67,1,330299,377,Schleicher,Texas,48,413,48413,1310.7,145,345,15022,0.165332818,0.001431814
1082,3002,48,429,48429,Texas,Stephens,Yes,06, , , , , , ,2322492655,64132913, , ,01384000,0500000US48429,1.921737081,1.921737079,0.22958158,48429,317,1,330321,1123,Stephens,Texas,48,429,48429,921.5,120,1091,39686,0.329059636,0.003855388
1083,3003,48,431,48431,Texas,Sterling,Yes,06, , , , , , ,2391739045,167451, , ,01384001,0500000US48431,1.946364087,1.946364088,0.227802162,48431,68,1,330433,378,Sterling,Texas,48,431,48431,923.5,107,346,24655,0.202325851,0.002376375
1084,3004,48,441,48441,Texas,Taylor,Yes,06, , , , , , ,2371267533,9721167, , ,01384006,0500000US48441,1.917155394,1.917155393,0.227950927,48441,318,1,330276,1124,Taylor,Texas,48,441,48441,919.3,102,1092,36580,0.306993586,0.003546018
1085,3005,48,451,48451,Texas,Tom Green,Yes,06, , , , , , ,3941920460,48104950, , ,01384011,0500000US48451,3.511781363,3.511781363,0.378541087,48451,59,1,330327,369,Tom Green,Texas,48,451,48451,1540.5,189,337,34663,0.322387931,0.003336073
1086,3006,48,471,48471,Texas,Walker,Yes,06, , , , , , ,2031020090,44865483, , ,01384021,0500000US48471,2.090525212,2.090525213,0.195551681,48471,98,1,330489,408,Walker,Texas,48,471,48471,801.4,92,376,15116,0.179999818,0.001439008
1087,3007,48,495,48495,Texas,Winkler,Yes,06, , , , , , ,2178493443,414369, , ,01384033,0500000US48495,1.926133079,1.926133081,0.207488261,48495,29,1,330571,339,Winkler,Texas,48,495,48495,841.2,60,307,39381,0.299496652,0.003793003
1088,3011,40,109,40109,Oklahoma,Oklahoma,Yes,06, , , , , , ,1835854556,24721986, , ,01101842,0500000US40109,1.761586649,1.761586648,0.184938309,40109,276,1,288864,1081,Oklahoma,Oklahoma,40,109,40109,718.4,32,1049,29525,0.260753248,0.002967061
1089,3012,13,125,13125,Georgia,Glascock,Yes,06, , , , , , ,372283963,1847844, , ,00345642,0500000US13125,0.938182237,0.938182241,0.036185137,13125,813,1,119003,1861,Glascock,Georgia,13,125,13125,144.4,33,1829,15664,0.179542028,0.001535406
1090,3017,48,505,48505,Texas,Zapata,Yes,06, , , , , , ,2585875921,154370983, , ,01384038,0500000US48505,2.245839674,2.245839676,0.249104143,48505,120,1,330573,430,Zapata,Texas,48,505,48505,1058.1,133,398,30431,0.269985093,0.002801463
1091,3028,49,053,49053,Utah,Washington,Yes,06, , , , , , ,6285555571,9250776, , ,01448040,0500000US49053,3.591503073,3.591503074,0.639531116,49053,181,1,355518,505,Washington,Utah,49,053,49053,2429.6,5,473,11800,0.216122933,0.000954849
1092,3029,49,055,49055,Utah,Wayne,Yes,06, , , , , , ,6373816299,15049793, , ,01448041,0500000US49055,4.900576734,4.900576733,0.658163318,49055,179,1,363683,500,Wayne,Utah,49,055,49055,2466.5,37,468,35581,0.326029823,0.003715681
1093,3044,47,115,47115,Tennessee,Marion,Yes,06, , , , , , ,1290227323,36501980, , ,01639770,0500000US47115,1.618021379,1.618021379,0.131229173,47115,0,0,0,0, , , , , ,0,0,0,0,0,0
1094,3045,48,133,48133,Texas,Eastland,Yes,06, , , , , , ,2399587729,14047794, , ,01383852,0500000US48133,1.984147707,1.984147707,0.23118368,48133,328,1,330321,1134,Eastland,Texas,48,133,48133,931.9,111,1102,39686,0.329059636,0.003855388
1095,3046,48,219,48219,Texas,Hockley,Yes,06, , , , , , ,2352723869,446119, , ,01383895,0500000US48219,1.921015339,1.921015339,0.228620677,48219,208,1,330740,919,Hockley,Texas,48,219,48219,908.6,109,887,41689,0.27553587,0.004109284
1096,3047,48,353,48353,Texas,Nolan,Yes,06, , , , , , ,2362061401,5052652, , ,01383962,0500000US48353,1.907929132,1.907929131,0.226543917,48353,321,1,330286,1127,Nolan,Texas,48,353,48353,913.9,106,1095,25597,0.277697168,0.002477878
1097,3051,37,045,37045,North Carolina,Cleveland,Yes,06, , , , , , ,1202562622,10201818, , ,01008547,0500000US37045,1.551608546,1.551608547,0.120230897,37045,596,1,269209,1501,Cleveland,North Carolina,37,045,37045,468.5,17,1469,20109,0.200883808,0.002021854
1098,3054,01,123,01123,Alabama,Tallapoosa,Yes,06, , , , , , ,1855779658,128809177, , ,00161587,0500000US01123,2.154548241,2.154548236,0.191219629,01123,698,1,2999,1741,Tallapoosa,Alabama,01,123,01123,766.2,27,1709,26570,0.222836129,0.002594947
1099,3055,48,493,48493,Texas,Wilson,Yes,06, , , , , , ,2081662889,12111324, , ,01384032,0500000US48493,1.91652072,1.916520718,0.194168532,48493,106,1,330337,416,Wilson,Texas,48,493,48493,808.5,101,384,36569,0.308145339,0.003431759
1100,3057,01,031,01031,Alabama,Coffee,Yes,06, , , , , , ,1758565665,3907876, , ,00161541,0500000US01031,1.67861062,1.67861062,0.167191943,01031,1094,1,4,3052,Coffee,Alabama,01,031,01031,680.5,118,3020,12663,0.185969714,0.001214646
1101,3059,05,059,05059,Arkansas,Hot Spring,Yes,06, , , , , , ,1593384272,18035672, , ,00066859,0500000US05059,2.236489271,2.236489267,0.157806268,05059,455,1,73982,1263,Hot Spring,Arkansas,05,059,05059,622.2,93,1231,23455,0.261420116,0.002320426
1102,3063,05,071,05071,Arkansas,Johnson,Yes,06, , , , , , ,1708890241,59408531, , ,00066863,0500000US05071,2.070089564,2.070089565,0.175809734,05071,552,1,74055,1368,Johnson,Arkansas,05,071,05071,682.7,111,1336,23973,0.241070356,0.002417751
1103,3064,05,105,05105,Arkansas,Perry,Yes,06, , , , , , ,1428557969,23206783, , ,00069171,0500000US05105,2.391075483,2.391075484,0.143280307,05105,450,1,74180,1258,Perry,Arkansas,05,105,05105,560.6,87,1226,35151,0.288578316,0.003506679
1104,3067,28,019,28019,Mississippi,Choctaw,Yes,06, , , , , , ,1083088263,4331861, , ,00695734,0500000US28019,1.627461422,1.627461423,0.10532646,28019,528,1,196207,1338,Choctaw,Mississippi,28,019,28019,419.8,14,1306,11704,0.164475945,0.001149695
1105,3069,13,145,13145,Georgia,Harris,Yes,06, , , , , , ,1201461930,23488482, , ,00326700,0500000US13145,1.624724668,1.624724664,0.117798776,13145,721,1,116203,1764,Harris,Georgia,13,145,13145,473,86,1732,12601,0.098258495,0.000405968
1106,3073,28,103,28103,Mississippi,Noxubee,Yes,06, , , , , , ,1800451755,12487975, , ,00695774,0500000US28103,1.695919229,1.69591923,0.175181518,28103,529,1,195853,1339,Noxubee,Mississippi,28,103,28103,700,52,1307,22163,0.086479044,0.000284342
1107,3074,28,129,28129,Mississippi,Smith,Yes,06, , , , , , ,1647926079,2599432, , ,00695785,0500000US28129,1.685903317,1.685903318,0.157557256,28129,970,0,198100,2926,Smith,Mississippi,28,129,28129,637.3,29,2894,23011,0.24558267,0.002228525
1108,3080,28,063,28063,Mississippi,Jefferson,Yes,06, , , , , , ,1346611146,18988100, , ,00695755,0500000US28063,1.989623094,1.989623092,0.130028727,28063,1038,1,196083,2994,Jefferson,Mississippi,28,063,28063,527.2,93,2962,72651,0.409164739,0.002127091
1109,3081,28,113,28113,Mississippi,Pike,Yes,06, , , , , , ,1059349956,4341077, , ,00711758,0500000US28113,1.275420767,1.275420768,0.100653924,28113,1026,1,196075,2982,Pike,Mississippi,28,113,28113,410.8,23,2950,32768,0.228994573,0.002387433
1110,3082,28,133,28133,Mississippi,Sunflower,Yes,06, , , , , , ,1807175449,23758961, , ,00695787,0500000US28133,2.060436962,2.060436964,0.177899323,28133,412,1,200548,1220,Sunflower,Mississippi,28,133,28133,707.2,36,1188,15621.99435,0.242167888,0.001535322
1111,3083,48,497,48497,Texas,Wise,Yes,06, , , , , , ,2342376592,47038669, , ,01384034,0500000US48497,1.93399255,1.93399255,0.231132202,48497,383,1,330347,1189,Wise,Texas,48,497,48497,922.7,113,1157,38016,0.273723108,0.003713463
1112,3088,29,105,29105,Missouri,Laclede,Yes,06, , , , , , ,1980627843,8515315, , ,00758507,0500000US29105,2.086767149,2.086767149,0.20309847,29105,568,1,202959,1391,Laclede,Missouri,29,105,29105,768,10,1359,34975,0.316966247,0.003615175
1113,3091,20,035,20035,Kansas,Cowley,Yes,06, , , , , , ,2915656885,17314093, , ,00484987,0500000US20035,2.2056296,2.2056296,0.297799091,20035,258,1,157909,1054,Cowley,Kansas,20,035,20035,1132.6,5,1022,34098,0.293214327,0.003493768
1114,3103,12,049,12049,Florida,Hardee,Yes,06, , , , , , ,1651878527,1439671, , ,00295746,0500000US12049,1.600673091,1.600673091,0.150983611,12049,1169,1,111157,3127,Hardee,Florida,12,049,12049,638.3,96,3095,18315,0.169638897,0.001692796
1115,3104,13,011,13011,Georgia,Banks,Yes,06, , , , , , ,601112290,4651150, , ,00349230,0500000US13011,1.036200879,1.036200879,0.059369564,13011,774,1,118400,1822,Banks,Georgia,13,011,13011,233.9,29,1790,24803,0.270686049,0.002462209
1116,3108,33,019,33019,New Hampshire,Sullivan,Yes,06, , , , , , ,1391587566,38070546, , ,00873183,0500000US33019,2.134630587,2.134630588,0.158742023,33019,877,1,244648,2652,Sullivan,New Hampshire,33,019,33019,552.1,36,2620,20342,0.270091398,0.002286195
1117,3113,13,047,13047,Georgia,Catoosa,Yes,06, , , , , , ,419999389,771159, , ,00353230,0500000US13047,1.004431305,1.004431299,0.041503893,13047,750,1,122103,1797,Catoosa,Georgia,13,047,13047,162.4,27,1765,20710,0.266655196,0.002057554
1118,3114,13,129,13129,Georgia,Gordon,Yes,06, , , , , , ,921538873,5787657, , ,00356672,0500000US13129,1.582830632,1.582830629,0.091031902,13129,734,1,119515,1779,Gordon,Georgia,13,129,13129,358.3,88,1747,11021,0.159489304,0.001093463
1119,3115,13,173,13173,Georgia,Lanier,Yes,06, , , , , , ,479903180,37546551, , ,00348102,0500000US13173,1.178607422,1.178607425,0.048852022,13173,1116,1,117707,3074,Lanier,Georgia,13,173,13173,199.9,38,3042,57775,0.359563003,0.005525422
1120,3116,35,005,35005,New Mexico,Chaves,Yes,06, , , , , , ,15708999673,25504229, , ,01702364,0500000US35005,7.007292021,7.007292017,1.524504167,35005,206,0,247562,917,Chaves,New Mexico,35,005,35005,6075,98,885,27108,0.241978374,0.00263829
1121,3117,48,271,48271,Texas,Kinney,Yes,06, , , , , , ,3522534691,13124947, , ,01383921,0500000US48271,2.419635546,2.419635549,0.32855757,48271,53,1,330272,363,Kinney,Texas,48,271,48271,1365.3,160,331,16387,0.19579723,0.00153959
1122,3119,01,053,01053,Alabama,Escambia,Yes,06, , , , , , ,2447747109,20872958, , ,00161552,0500000US01053,2.486294489,2.486294487,0.233343803,01053,1080,1,53,3038,Escambia,Alabama,01,053,01053,953,142,3006,15976,0.196627496,0.001528089
1123,3121,35,041,35041,New Mexico,Roosevelt,Yes,06, , , , , , ,6339211619,18703747, , ,01702369,0500000US35041,3.875142333,3.875142333,0.620626807,35041,215,0,247696,932,Roosevelt,New Mexico,35,041,35041,2454.7,58,900,23192,0.314514545,0.00228297
1124,3122,13,231,13231,Georgia,Pike,Yes,06, , , , , , ,559659446,8596796, , ,00346482,0500000US13231,1.118609195,1.118609193,0.054881524,13231,719,1,121541,1762,Pike,Georgia,13,231,13231,219.3,39,1730,9948,0.140406741,0.00097098
1125,3123,13,297,13297,Georgia,Walton,Yes,06, , , , , , ,843525625,11170124, , ,00351264,0500000US13297,1.327060996,1.327060997,0.083185744,13297,772,1,116425,1820,Walton,Georgia,13,297,13297,329.7,47,1788,22581,0.279054877,0.002224025
1126,3130,48,197,48197,Texas,Hardeman,Yes,06, , , , , , ,1800337387,4548860, , ,01383884,0500000US48197,1.950630914,1.950630914,0.176720313,48197,337,1,330348,1143,Hardeman,Texas,48,197,48197,697,74,1111,41607,0.316974892,0.004113856
1127,3135,48,357,48357,Texas,Ochiltree,Yes,06, , , , , , ,2376792100,1331778, , ,01383964,0500000US48357,1.962810347,1.962810346,0.238533978,48357,244,1,330795,1007,Ochiltree,Texas,48,357,48357,918.1,46,975,37308,0.25516506,0.003774434
1128,3136,48,485,48485,Texas,Wichita,Yes,06, , , , , , ,1625943378,13820243, , ,01384028,0500000US48485,1.845266061,1.845266061,0.159895265,48485,350,1,330437,1156,Wichita,Texas,48,485,48485,633,74,1124,37742,0.358205663,0.003729831
1129,3139,48,257,48257,Texas,Kaufman,Yes,06, , , , , , ,2022005133,69825458, , ,01383914,0500000US48257,1.993832103,1.993832101,0.200926545,48257,393,1,330323,1199,Kaufman,Texas,48,257,48257,806.4,122,1167,15754,0.208574334,0.001532809
1130,3146,40,035,40035,Oklahoma,Craig,Yes,06, , , , , , ,1971897231,3697828, , ,01101805,0500000US40035,1.903408259,1.90340826,0.199369805,40035,280,1,286259,1086,Craig,Oklahoma,40,035,40035,762.7,60,1054,13687,0.211208662,0.001400687
1131,3147,40,077,40077,Oklahoma,Latimer,Yes,06, , , , , , ,1870181152,18213551, , ,01101826,0500000US40077,1.928000839,1.928000841,0.186177365,40077,368,1,288418,1174,Latimer,Oklahoma,40,077,40077,729.1,132,1142,15834,0.219959598,0.001580919
1132,3161,47,089,47089,Tennessee,Jefferson,Yes,06, , , , , , ,711854928,102190551, , ,01639759,0500000US47089,1.754820653,1.754820649,0.08141384,47089,648,1,329926,1674,Jefferson,Tennessee,47,089,47089,314.3,9,1642,22129,0.266596434,0.002238906
1133,3162,48,033,48033,Texas,Borden,Yes,06, , , , , , ,2324365441,22297627, , ,01383802,0500000US48033,1.908255441,1.90825544,0.225765846,48033,316,1,330342,1122,Borden,Texas,48,033,48033,906,97,1090,34196,0.259181848,0.00333507
1134,3164,12,035,12035,Florida,Flagler,Yes,06, , , , , , ,1257381234,221047055, , ,00308547,0500000US12035,1.567589294,1.567589294,0.122226276,12035,1144,1,113506,3102,Flagler,Florida,12,035,12035,507.9,53,3070,40382,0.372024951,0.003796014
1135,3165,12,099,12099,Florida,Palm Beach,Yes,06, , , , , , ,5101841149,1070124754, , ,00295761,0500000US12099,2.952787302,2.952787297,0.522784915,12099,1180,1,112499,3138,Palm Beach,Florida,12,099,12099,2219.5,63,3106,108468,0.524324941,0.009973519
1136,3167,29,179,29179,Missouri,Reynolds,Yes,06, , , , , , ,2093947113,15372846, , ,00758544,0500000US29179,2.291748288,2.29174829,0.214577295,29179,574,0,201444,1427,Reynolds,Missouri,29,179,29179,814.4,69,1395,36897,0.331917849,0.003805535
1137,3176,13,053,13053,Georgia,Chattahoochee,Yes,06, , , , , , ,644223511,6292716, , ,00351012,0500000US13053,1.393945209,1.3939452,0.062283382,13053,726,1,116223,1769,Chattahoochee,Georgia,13,053,13053,251.2,46,1737,20297,0.12465391,0.000827206
1138,3177,13,109,13109,Georgia,Evans,Yes,06, , , , , , ,473607497,10382489, , ,00345923,0500000US13109,0.980407089,0.980407087,0.046262142,13109,859,1,120299,1907,Evans,Georgia,13,109,13109,186.9,39,1875,14919,0.19680646,0.001445753
1139,3183,39,087,39087,Ohio,Lawrence,Yes,06, , , , , , ,1174224648,10110033, , ,01074056,0500000US39087,1.791036825,1.791036826,0.122502664,39087,862,1,284422,2257,Lawrence,Ohio,39,087,39087,457.3,7,2225,31604,0.322212078,0.003319502
1140,3186,13,169,13169,Georgia,Jones,Yes,06, , , , , , ,1020291728,3832677, , ,00345367,0500000US13169,1.357473486,1.357473485,0.098831262,13169,845,1,116537,1893,Jones,Georgia,13,169,13169,395.5,57,1861,14391,0.175749842,0.001406766
1141,3187,13,225,13225,Georgia,Peach,Yes,06, , , , , , ,389190343,2676549, , ,00343153,0500000US13225,1.157471354,1.15747135,0.037617478,13225,836,1,116609,1884,Peach,Georgia,13,225,13225,151.5,20,1852,35492,0.375441916,0.003450002
1142,3188,37,197,37197,North Carolina,Yadkin,Yes,06, , , , , , ,867203992,6931832, , ,01008597,0500000US37197,1.407210882,1.407210883,0.087541313,37197,932,1,271406,2784,Yadkin,North Carolina,37,197,37197,337.6,2,2752,17536,0.20687396,0.001776436
1143,3189,39,009,39009,Ohio,Athens,Yes,06, , , , , , ,1304383269,12463852, , ,01074018,0500000US39009,1.852161196,1.852161197,0.137540885,39009,866,1,280934,2400,Athens,Ohio,39,009,39009,508.5,10,2368,17481,0.27646671,0.001846986
1144,3194,45,033,45033,South Carolina,Dillon,Yes,06, , , , , , ,1048523519,4545513, , ,01247993,0500000US45033,1.629702128,1.629702127,0.103214747,45033,900,0,312939,2736,Dillon,South Carolina,45,033,45033,406.3,16,2704,8669,0.146886913,0.000859014
1145,3203,40,029,40029,Oklahoma,Coal,Yes,06, , , , , , ,1338200610,12079767, , ,01101802,0500000US40029,1.541614717,1.541614719,0.13268188,40029,352,1,291574,1158,Coal,Oklahoma,40,029,40029,521.3,85,1126,21607,0.260480992,0.002154137
1146,3205,47,153,47153,Tennessee,Sequatchie,Yes,06, , , , , , ,688550850,498314, , ,01652643,0500000US47153,1.462596943,1.462596937,0.068353434,47153,595,1,329119,1500,Sequatchie,Tennessee,47,153,47153,266,1,1468,16586,0.189020328,0.001668478
1147,3210,47,161,47161,Tennessee,Stewart,Yes,06, , , , , , ,1189665080,87232252, , ,01639792,0500000US47161,1.520243402,1.520243401,0.128548607,47161,580,0,326228,1456,Stewart,Tennessee,47,161,47161,493.2,10,1424,36966,0.287427643,0.003767888
1148,3211,48,157,48157,Texas,Fort Bend,Yes,06, , , , , , ,2232018643,61002066, , ,01383864,0500000US48157,2.485690435,2.48569043,0.213379487,48157,103,1,330372,413,Fort Bend,Texas,48,157,48157,884.8,94,381,27518,0.260335232,0.002582202
1149,3212,48,433,48433,Texas,Stonewall,Yes,06, , , , , , ,2373240699,10177391, , ,01384002,0500000US48433,1.929223762,1.929223763,0.230510974,48433,323,1,330548,1129,Stonewall,Texas,48,433,48433,920.2,103,1097,24955,0.27313062,0.002435569
1150,3214,40,099,40099,Oklahoma,Murray,Yes,06, , , , , , ,1078639214,22364973, , ,01101837,0500000US40099,1.84587683,1.845876829,0.108051061,40099,356,1,289752,1162,Murray,Oklahoma,40,099,40099,424.9,59,1130,25525,0.236689196,0.00253466
1151,3217,48,125,48125,Texas,Dickens,Yes,06, , , , , , ,2335454714,9057730, , ,01383848,0500000US48125,1.918032161,1.918032161,0.227880403,48125,304,1,330480,1110,Dickens,Texas,48,125,48125,905.2,106,1078,20769,0.238408863,0.002046804
1152,3223,41,037,41037,Oregon,Lake,Yes,06, , , , , , ,21079921890,567916225, , ,01135854,0500000US41037,7.322007152,7.322007153,2.381850689,41037,199,0,293865,556,Lake,Oregon,41,037,41037,8358.5,7,524,22977,0.215801001,0.002528115
1153,3225,37,011,37011,North Carolina,Avery,Yes,06, , , , , , ,639941325,374186, , ,01008536,0500000US37011,1.284948731,1.284948728,0.064076347,37011,640,1,268402,1666,Avery,North Carolina,37,011,37011,247.3,25,1634,36054,0.415683677,0.003639229
1154,3230,28,001,28001,Mississippi,Adams,Yes,06, , , , , , ,1197468163,65273649, , ,00695726,0500000US28001,2.760336607,2.760336606,0.119846369,28001,997,1,196081,2953,Adams,Mississippi,28,001,28001,486.3,66,2921,72651,0.314553851,0.002932846
1155,3231,28,065,28065,Mississippi,Jefferson Davis,Yes,06, , , , , , ,1057871713,1791496, , ,00695756,0500000US28065,1.510180568,1.510180568,0.100653719,28065,1039,1,198201,2995,Jefferson Davis,Mississippi,28,065,28065,409.1,18,2963,38785,0.347853191,0.003727137
1156,3233,29,161,29161,Missouri,Phelps,Yes,06, , , , , , ,1739898837,6587846, , ,00758535,0500000US29161,2.097295545,2.097295544,0.178824759,29161,566,0,201548,1386,Phelps,Missouri,29,161,29161,674.3,14,1354,13458,0.184769461,0.001389221
1157,3240,48,243,48243,Texas,Jeff Davis,Yes,06, , , , , , ,5865089468,206206, , ,01383907,0500000US48243,3.435001866,3.435001866,0.552146855,48243,27,1,330417,337,Jeff Davis,Texas,48,243,48243,2264.6,231,305,37453,0.306884762,0.00356946
